  0
SECTION
  2
HEADER
  9
$ACADVER
  1
AC1015
  9
$ACADMAINTVER
 70
     6
  9
$DWGCODEPAGE
  3
ANSI_1252
  9
$INSBASE
 10
0.0
 20
0.0
 30
0.0
  9
$EXTMIN
 10
0.0
 20
0.0
 30
0.0
  9
$EXTMAX
 10
215.9
 20
279.4
 30
0.0
  9
$LIMMIN
 10
0.0
 20
0.0
  9
$LIMMAX
 10
215.9
 20
279.4
  9
$ORTHOMODE
 70
     0
  9
$REGENMODE
 70
     1
  9
$FILLMODE
 70
     1
  9
$QTEXTMODE
 70
     0
  9
$MIRRTEXT
 70
     1
  9
$LTSCALE
 40
1.0
  9
$ATTMODE
 70
     1
  9
$TEXTSIZE
 40
2.5
  9
$TRACEWID
 40
1.0
  9
$TEXTSTYLE
  7
Standard
  9
$CLAYER
  8
0
  9
$CELTYPE
  6
ByLayer
  9
$CECOLOR
 62
   256
  9
$CELTSCALE
 40
1.0
  9
$DISPSILH
 70
     0
  9
$DIMSCALE
 40
1.0
  9
$DIMASZ
 40
2.5
  9
$DIMEXO
 40
0.625
  9
$DIMDLI
 40
3.75
  9
$DIMRND
 40
0.0
  9
$DIMDLE
 40
0.0
  9
$DIMEXE
 40
1.25
  9
$DIMTP
 40
0.0
  9
$DIMTM
 40
0.0
  9
$DIMTXT
 40
2.5
  9
$DIMCEN
 40
2.5
  9
$DIMTSZ
 40
0.0
  9
$DIMTOL
 70
     0
  9
$DIMLIM
 70
     0
  9
$DIMTIH
 70
     0
  9
$DIMTOH
 70
     0
  9
$DIMSE1
 70
     0
  9
$DIMSE2
 70
     0
  9
$DIMTAD
 70
     1
  9
$DIMZIN
 70
     8
  9
$DIMBLK
  1

  9
$DIMASO
 70
     1
  9
$DIMSHO
 70
     1
  9
$DIMPOST
  1

  9
$DIMAPOST
  1

  9
$DIMALT
 70
     0
  9
$DIMALTD
 70
     3
  9
$DIMALTF
 40
0.0393700787
  9
$DIMLFAC
 40
1.0
  9
$DIMTOFL
 70
     1
  9
$DIMTVP
 40
0.0
  9
$DIMTIX
 70
     0
  9
$DIMSOXD
 70
     0
  9
$DIMSAH
 70
     0
  9
$DIMBLK1
  1

  9
$DIMBLK2
  1

  9
$DIMSTYLE
  2
ISO-25
  9
$DIMCLRD
 70
     0
  9
$DIMCLRE
 70
     0
  9
$DIMCLRT
 70
     0
  9
$DIMTFAC
 40
1.0
  9
$DIMGAP
 40
0.625
  9
$DIMJUST
 70
     0
  9
$DIMSD1
 70
     0
  9
$DIMSD2
 70
     0
  9
$DIMTOLJ
 70
     0
  9
$DIMTZIN
 70
     8
  9
$DIMALTZ
 70
     0
  9
$DIMALTTZ
 70
     0
  9
$DIMUPT
 70
     0
  9
$DIMDEC
 70
     2
  9
$DIMTDEC
 70
     2
  9
$DIMALTU
 70
     2
  9
$DIMALTTD
 70
     3
  9
$DIMTXSTY
  7
Standard
  9
$DIMAUNIT
 70
     0
  9
$DIMADEC
 70
     0
  9
$DIMALTRND
 40
0.0
  9
$DIMAZIN
 70
     0
  9
$DIMDSEP
 70
    44
  9
$DIMATFIT
 70
     3
  9
$DIMFRAC
 70
     0
  9
$DIMLDRBLK
  1

  9
$DIMLUNIT
 70
     2
  9
$DIMLWD
 70
    -2
  9
$DIMLWE
 70
    -2
  9
$DIMTMOVE
 70
     0
  9
$LUNITS
 70
     2
  9
$LUPREC
 70
     4
  9
$SKETCHINC
 40
1.0
  9
$FILLETRAD
 40
10.0
  9
$AUNITS
 70
     0
  9
$AUPREC
 70
     0
  9
$MENU
  1
.
  9
$ELEVATION
 40
0.0
  9
$PELEVATION
 40
0.0
  9
$THICKNESS
 40
0.0
  9
$LIMCHECK
 70
     0
  9
$CHAMFERA
 40
0.0
  9
$CHAMFERB
 40
0.0
  9
$CHAMFERC
 40
0.0
  9
$CHAMFERD
 40
0.0
  9
$SKPOLY
 70
     0
  9
$TDCREATE
 40
2457652.531331759
  9
$TDUCREATE
 40
2457652.447998426
  9
$TDUPDATE
 40
2457652.531333692
  9
$TDUUPDATE
 40
2457652.448000359
  9
$TDINDWG
 40
0.0000000116
  9
$TDUSRTIMER
 40
0.0000000116
  9
$USRTIMER
 70
     1
  9
$ANGBASE
 50
0.0
  9
$ANGDIR
 70
     0
  9
$PDMODE
 70
     0
  9
$PDSIZE
 40
0.0
  9
$PLINEWID
 40
0.0
  9
$SPLFRAME
 70
     0
  9
$SPLINETYPE
 70
     6
  9
$SPLINESEGS
 70
     8
  9
$HANDSEED
  5
685
  9
$SURFTAB1
 70
     6
  9
$SURFTAB2
 70
     6
  9
$SURFTYPE
 70
     6
  9
$SURFU
 70
     6
  9
$SURFV
 70
     6
  9
$UCSBASE
  2

  9
$UCSNAME
  2

  9
$UCSORG
 10
0.0
 20
0.0
 30
0.0
  9
$UCSXDIR
 10
1.0
 20
0.0
 30
0.0
  9
$UCSYDIR
 10
0.0
 20
1.0
 30
0.0
  9
$UCSORTHOREF
  2

  9
$UCSORTHOVIEW
 70
     0
  9
$UCSORGTOP
 10
0.0
 20
0.0
 30
0.0
  9
$UCSORGBOTTOM
 10
0.0
 20
0.0
 30
0.0
  9
$UCSORGLEFT
 10
0.0
 20
0.0
 30
0.0
  9
$UCSORGRIGHT
 10
0.0
 20
0.0
 30
0.0
  9
$UCSORGFRONT
 10
0.0
 20
0.0
 30
0.0
  9
$UCSORGBACK
 10
0.0
 20
0.0
 30
0.0
  9
$PUCSBASE
  2

  9
$PUCSNAME
  2

  9
$PUCSORG
 10
0.0
 20
0.0
 30
0.0
  9
$PUCSXDIR
 10
1.0
 20
0.0
 30
0.0
  9
$PUCSYDIR
 10
0.0
 20
1.0
 30
0.0
  9
$PUCSORTHOREF
  2

  9
$PUCSORTHOVIEW
 70
     0
  9
$PUCSORGTOP
 10
0.0
 20
0.0
 30
0.0
  9
$PUCSORGBOTTOM
 10
0.0
 20
0.0
 30
0.0
  9
$PUCSORGLEFT
 10
0.0
 20
0.0
 30
0.0
  9
$PUCSORGRIGHT
 10
0.0
 20
0.0
 30
0.0
  9
$PUCSORGFRONT
 10
0.0
 20
0.0
 30
0.0
  9
$PUCSORGBACK
 10
0.0
 20
0.0
 30
0.0
  9
$USERI1
 70
     0
  9
$USERI2
 70
     0
  9
$USERI3
 70
     0
  9
$USERI4
 70
     0
  9
$USERI5
 70
     0
  9
$USERR1
 40
0.0
  9
$USERR2
 40
0.0
  9
$USERR3
 40
0.0
  9
$USERR4
 40
0.0
  9
$USERR5
 40
0.0
  9
$WORLDVIEW
 70
     1
  9
$SHADEDGE
 70
     3
  9
$SHADEDIF
 70
    70
  9
$TILEMODE
 70
     1
  9
$MAXACTVP
 70
    64
  9
$PINSBASE
 10
0.0
 20
0.0
 30
0.0
  9
$PLIMCHECK
 70
     0
  9
$PEXTMIN
 10
0.0
 20
0.0
 30
0.0
  9
$PEXTMAX
 10
215.9
 20
279.4
 30
0.0
  9
$PLIMMIN
 10
0.0
 20
0.0
  9
$PLIMMAX
 10
215.9
 20
279.4
  9
$UNITMODE
 70
     0
  9
$VISRETAIN
 70
     1
  9
$PLINEGEN
 70
     0
  9
$PSLTSCALE
 70
     1
  9
$TREEDEPTH
 70
  3020
  9
$CMLSTYLE
  2
Standard
  9
$CMLJUST
 70
     0
  9
$CMLSCALE
 40
20.0
  9
$PROXYGRAPHICS
 70
     1
  9
$MEASUREMENT
 70
     1
  9
$CELWEIGHT
370
    -1
  9
$ENDCAPS
280
     0
  9
$JOINSTYLE
280
     0
  9
$LWDISPLAY
290
     0
  9
$INSUNITS
 70
     4
  9
$HYPERLINKBASE
  1

  9
$STYLESHEET
  1

  9
$XEDIT
290
     1
  9
$CEPSNTYPE
380
     0
  9
$PSTYLEMODE
290
     1
  9
$FINGERPRINTGUID
  2
{B93910F6-C15F-46A7-8A69-735768C48853}
  9
$VERSIONGUID
  2
{FAEB1C32-E019-11D5-929B-00C0DF256EC4}
  9
$EXTNAMES
290
     1
  9
$PSVPSCALE
 40
0.0
  9
$OLESTARTUP
290
     0
  0
ENDSEC
  0
SECTION
  2
CLASSES
  0
CLASS
  1
ACDBDICTIONARYWDFLT
  2
AcDbDictionaryWithDefault
  3
ObjectDBX Classes
 90
        0
280
     0
281
     0
  0
CLASS
  1
VISUALSTYLE
  2
AcDbVisualStyle
  3
ObjectDBX Classes
 90
     4095
280
     0
281
     0
  0
CLASS
  1
MATERIAL
  2
AcDbMaterial
  3
ObjectDBX Classes
 90
     1153
280
     0
281
     0
  0
CLASS
  1
SCALE
  2
AcDbScale
  3
ObjectDBX Classes
 90
     1153
280
     0
281
     0
  0
CLASS
  1
SUN
  2
AcDbSun
  3
SCENEOE
 90
     1153
280
     0
281
     0
  0
CLASS
  1
DICTIONARYVAR
  2
AcDbDictionaryVar
  3
ObjectDBX Classes
 90
        0
280
     0
281
     0
  0
CLASS
  1
ACDBPLACEHOLDER
  2
AcDbPlaceHolder
  3
ObjectDBX Classes
 90
        0
280
     0
281
     0
  0
CLASS
  1
LAYOUT
  2
AcDbLayout
  3
ObjectDBX Classes
 90
        0
280
     0
281
     0
  0
ENDSEC
  0
SECTION
  2
TABLES
  0
TABLE
  2
VPORT
  5
8
330
0
100
AcDbSymbolTable
 70
     1
  0
VPORT
  5
29
330
8
100
AcDbSymbolTableRecord
100
AcDbViewportTableRecord
  2
*Active
 70
     0
 10
0.0
 20
0.0
 11
1.0
 21
1.0
 12
344.1869158879
 22
148.5
 13
0.0
 23
0.0
 14
10.0
 24
10.0
 15
10.0
 25
10.0
 16
0.0
 26
0.0
 36
1.0
 17
0.0
 27
0.0
 37
0.0
 40
297.0
 41
1.9729729729
 42
50.0
 43
0.0
 44
0.0
 50
0.0
 51
0.0
 71
     0
 72
   100
 73
     1
 74
     3
 75
     0
 76
     0
 77
     0
 78
     0
281
     0
 65
     1
110
0.0
120
0.0
130
0.0
111
1.0
121
0.0
131
0.0
112
0.0
122
1.0
132
0.0
 79
     0
146
0.0
  0
ENDTAB
  0
TABLE
  2
LTYPE
  5
5
330
0
100
AcDbSymbolTable
 70
     1
  0
LTYPE
  5
14
330
5
100
AcDbSymbolTableRecord
100
AcDbLinetypeTableRecord
  2
ByBlock
 70
     0
  3

 72
    65
 73
     0
 40
0.0
  0
LTYPE
  5
15
330
5
100
AcDbSymbolTableRecord
100
AcDbLinetypeTableRecord
  2
ByLayer
 70
     0
  3

 72
    65
 73
     0
 40
0.0
  0
LTYPE
  5
16
330
5
100
AcDbSymbolTableRecord
100
AcDbLinetypeTableRecord
  2
Continuous
 70
     0
  3
Solid line
 72
    65
 73
     0
 40
0.0
  0
ENDTAB
  0
TABLE
  2
LAYER
  5
2
330
0
100
AcDbSymbolTable
 70
     3
  0
LAYER
  5
10
330
2
100
AcDbSymbolTableRecord
100
AcDbLayerTableRecord
  2
0
 70
     0
 62
     7
  6
Continuous
370
    -3
390
F
  0
LAYER
  5
6A
330
2
100
AcDbSymbolTableRecord
100
AcDbLayerTableRecord
  2
20
 70
     0
 62
     7
  6
Continuous
370
    -3
390
F
  0
LAYER
  5
45B
330
2
100
AcDbSymbolTableRecord
100
AcDbLayerTableRecord
  2
32
 70
     0
 62
     7
  6
Continuous
370
    -3
390
F
  0
ENDTAB
  0
TABLE
  2
STYLE
  5
3
330
0
100
AcDbSymbolTable
 70
     1
  0
STYLE
  5
11
330
3
100
AcDbSymbolTableRecord
100
AcDbTextStyleTableRecord
  2
Standard
 70
     0
 40
0.0
 41
1.0
 50
0.0
 71
     0
 42
2.5
  3
txt
  4

  0
ENDTAB
  0
TABLE
  2
VIEW
  5
6
330
0
100
AcDbSymbolTable
 70
     0
  0
ENDTAB
  0
TABLE
  2
UCS
  5
7
330
0
100
AcDbSymbolTable
 70
     0
  0
ENDTAB
  0
TABLE
  2
APPID
  5
9
330
0
100
AcDbSymbolTable
 70
     1
  0
APPID
  5
12
330
9
100
AcDbSymbolTableRecord
100
AcDbRegAppTableRecord
  2
ACAD
 70
     0
  0
ENDTAB
  0
TABLE
  2
DIMSTYLE
  5
A
330
0
100
AcDbSymbolTable
 70
     1
100
AcDbDimStyleTable
  0
DIMSTYLE
105
27
330
A
100
AcDbSymbolTableRecord
100
AcDbDimStyleTableRecord
  2
ISO-25
 70
     0
 41
2.5
 42
0.625
 43
3.75
 44
1.25
 73
     0
 74
     0
 77
     1
 78
     8
140
2.5
141
2.5
143
0.0393700787
147
0.625
171
     3
172
     1
178
     0
271
     2
272
     2
274
     3
278
    44
283
     0
284
     8
340
11
  0
ENDTAB
  0
TABLE
  2
BLOCK_RECORD
  5
1
330
0
100
AcDbSymbolTable
 70
   161
  0
BLOCK_RECORD
  5
1F
330
1
100
AcDbSymbolTableRecord
100
AcDbBlockTableRecord
  2
*Model_Space
340
22
  0
BLOCK_RECORD
  5
1B
330
1
100
AcDbSymbolTableRecord
100
AcDbBlockTableRecord
  2
*Paper_Space
340
1E
  0
BLOCK_RECORD
  5
6F
330
1
100
AcDbSymbolTableRecord
100
AcDbBlockTableRecord
  2
SE
340
0
102
{BLKREFS
331
70
102
}
  0
BLOCK_RECORD
  5
77
330
1
100
AcDbSymbolTableRecord
100
AcDbBlockTableRecord
  2
SE1
340
0
102
{BLKREFS
331
78
102
}
  0
BLOCK_RECORD
  5
7F
330
1
100
AcDbSymbolTableRecord
100
AcDbBlockTableRecord
  2
SE2
340
0
102
{BLKREFS
331
80
102
}
  0
BLOCK_RECORD
  5
87
330
1
100
AcDbSymbolTableRecord
100
AcDbBlockTableRecord
  2
SE3
340
0
102
{BLKREFS
331
88
102
}
  0
BLOCK_RECORD
  5
8F
330
1
100
AcDbSymbolTableRecord
100
AcDbBlockTableRecord
  2
SE4
340
0
102
{BLKREFS
331
90
102
}
  0
BLOCK_RECORD
  5
97
330
1
100
AcDbSymbolTableRecord
100
AcDbBlockTableRecord
  2
SE5
340
0
102
{BLKREFS
331
98
102
}
  0
BLOCK_RECORD
  5
9F
330
1
100
AcDbSymbolTableRecord
100
AcDbBlockTableRecord
  2
SE6
340
0
102
{BLKREFS
331
A0
102
}
  0
BLOCK_RECORD
  5
A7
330
1
100
AcDbSymbolTableRecord
100
AcDbBlockTableRecord
  2
SE7
340
0
102
{BLKREFS
331
A8
102
}
  0
BLOCK_RECORD
  5
AF
330
1
100
AcDbSymbolTableRecord
100
AcDbBlockTableRecord
  2
SE8
340
0
102
{BLKREFS
331
B0
102
}
  0
BLOCK_RECORD
  5
B7
330
1
100
AcDbSymbolTableRecord
100
AcDbBlockTableRecord
  2
SE9
340
0
102
{BLKREFS
331
B8
102
}
  0
BLOCK_RECORD
  5
BF
330
1
100
AcDbSymbolTableRecord
100
AcDbBlockTableRecord
  2
SE10
340
0
102
{BLKREFS
331
C0
102
}
  0
BLOCK_RECORD
  5
C7
330
1
100
AcDbSymbolTableRecord
100
AcDbBlockTableRecord
  2
SE11
340
0
102
{BLKREFS
331
C8
102
}
  0
BLOCK_RECORD
  5
CF
330
1
100
AcDbSymbolTableRecord
100
AcDbBlockTableRecord
  2
SE12
340
0
102
{BLKREFS
331
D0
102
}
  0
BLOCK_RECORD
  5
D7
330
1
100
AcDbSymbolTableRecord
100
AcDbBlockTableRecord
  2
SE13
340
0
102
{BLKREFS
331
D8
102
}
  0
BLOCK_RECORD
  5
DF
330
1
100
AcDbSymbolTableRecord
100
AcDbBlockTableRecord
  2
SE14
340
0
102
{BLKREFS
331
E0
102
}
  0
BLOCK_RECORD
  5
E7
330
1
100
AcDbSymbolTableRecord
100
AcDbBlockTableRecord
  2
SE15
340
0
102
{BLKREFS
331
E8
102
}
  0
BLOCK_RECORD
  5
EF
330
1
100
AcDbSymbolTableRecord
100
AcDbBlockTableRecord
  2
SE16
340
0
102
{BLKREFS
331
F0
102
}
  0
BLOCK_RECORD
  5
F7
330
1
100
AcDbSymbolTableRecord
100
AcDbBlockTableRecord
  2
SE17
340
0
102
{BLKREFS
331
F8
102
}
  0
BLOCK_RECORD
  5
FF
330
1
100
AcDbSymbolTableRecord
100
AcDbBlockTableRecord
  2
SE18
340
0
102
{BLKREFS
331
100
102
}
  0
BLOCK_RECORD
  5
107
330
1
100
AcDbSymbolTableRecord
100
AcDbBlockTableRecord
  2
SE19
340
0
102
{BLKREFS
331
108
102
}
  0
BLOCK_RECORD
  5
10F
330
1
100
AcDbSymbolTableRecord
100
AcDbBlockTableRecord
  2
SE20
340
0
102
{BLKREFS
331
110
102
}
  0
BLOCK_RECORD
  5
117
330
1
100
AcDbSymbolTableRecord
100
AcDbBlockTableRecord
  2
SE21
340
0
102
{BLKREFS
331
118
102
}
  0
BLOCK_RECORD
  5
11F
330
1
100
AcDbSymbolTableRecord
100
AcDbBlockTableRecord
  2
SE22
340
0
102
{BLKREFS
331
120
102
}
  0
BLOCK_RECORD
  5
127
330
1
100
AcDbSymbolTableRecord
100
AcDbBlockTableRecord
  2
SE23
340
0
102
{BLKREFS
331
128
102
}
  0
BLOCK_RECORD
  5
12F
330
1
100
AcDbSymbolTableRecord
100
AcDbBlockTableRecord
  2
SE24
340
0
102
{BLKREFS
331
130
102
}
  0
BLOCK_RECORD
  5
137
330
1
100
AcDbSymbolTableRecord
100
AcDbBlockTableRecord
  2
SE25
340
0
102
{BLKREFS
331
138
102
}
  0
BLOCK_RECORD
  5
13F
330
1
100
AcDbSymbolTableRecord
100
AcDbBlockTableRecord
  2
SE26
340
0
102
{BLKREFS
331
140
102
}
  0
BLOCK_RECORD
  5
147
330
1
100
AcDbSymbolTableRecord
100
AcDbBlockTableRecord
  2
SE27
340
0
102
{BLKREFS
331
148
102
}
  0
BLOCK_RECORD
  5
14F
330
1
100
AcDbSymbolTableRecord
100
AcDbBlockTableRecord
  2
SE28
340
0
102
{BLKREFS
331
150
102
}
  0
BLOCK_RECORD
  5
157
330
1
100
AcDbSymbolTableRecord
100
AcDbBlockTableRecord
  2
SE29
340
0
102
{BLKREFS
331
158
102
}
  0
BLOCK_RECORD
  5
15F
330
1
100
AcDbSymbolTableRecord
100
AcDbBlockTableRecord
  2
SE30
340
0
102
{BLKREFS
331
160
102
}
  0
BLOCK_RECORD
  5
167
330
1
100
AcDbSymbolTableRecord
100
AcDbBlockTableRecord
  2
SE31
340
0
102
{BLKREFS
331
168
102
}
  0
BLOCK_RECORD
  5
16F
330
1
100
AcDbSymbolTableRecord
100
AcDbBlockTableRecord
  2
SE32
340
0
102
{BLKREFS
331
170
102
}
  0
BLOCK_RECORD
  5
177
330
1
100
AcDbSymbolTableRecord
100
AcDbBlockTableRecord
  2
SE33
340
0
102
{BLKREFS
331
178
102
}
  0
BLOCK_RECORD
  5
17F
330
1
100
AcDbSymbolTableRecord
100
AcDbBlockTableRecord
  2
SE34
340
0
102
{BLKREFS
331
180
102
}
  0
BLOCK_RECORD
  5
187
330
1
100
AcDbSymbolTableRecord
100
AcDbBlockTableRecord
  2
SE35
340
0
102
{BLKREFS
331
188
102
}
  0
BLOCK_RECORD
  5
18F
330
1
100
AcDbSymbolTableRecord
100
AcDbBlockTableRecord
  2
SE36
340
0
102
{BLKREFS
331
190
102
}
  0
BLOCK_RECORD
  5
197
330
1
100
AcDbSymbolTableRecord
100
AcDbBlockTableRecord
  2
SE37
340
0
102
{BLKREFS
331
198
102
}
  0
BLOCK_RECORD
  5
19F
330
1
100
AcDbSymbolTableRecord
100
AcDbBlockTableRecord
  2
SE38
340
0
102
{BLKREFS
331
1A0
102
}
  0
BLOCK_RECORD
  5
1A7
330
1
100
AcDbSymbolTableRecord
100
AcDbBlockTableRecord
  2
SE39
340
0
102
{BLKREFS
331
1A8
102
}
  0
BLOCK_RECORD
  5
1AF
330
1
100
AcDbSymbolTableRecord
100
AcDbBlockTableRecord
  2
SE40
340
0
102
{BLKREFS
331
1B0
102
}
  0
BLOCK_RECORD
  5
1B7
330
1
100
AcDbSymbolTableRecord
100
AcDbBlockTableRecord
  2
SE41
340
0
102
{BLKREFS
331
1B8
102
}
  0
BLOCK_RECORD
  5
1BF
330
1
100
AcDbSymbolTableRecord
100
AcDbBlockTableRecord
  2
SE42
340
0
102
{BLKREFS
331
1C0
102
}
  0
BLOCK_RECORD
  5
1C7
330
1
100
AcDbSymbolTableRecord
100
AcDbBlockTableRecord
  2
SE43
340
0
102
{BLKREFS
331
1C8
102
}
  0
BLOCK_RECORD
  5
1CF
330
1
100
AcDbSymbolTableRecord
100
AcDbBlockTableRecord
  2
SE44
340
0
102
{BLKREFS
331
1D0
102
}
  0
BLOCK_RECORD
  5
1D7
330
1
100
AcDbSymbolTableRecord
100
AcDbBlockTableRecord
  2
SE45
340
0
102
{BLKREFS
331
1D8
102
}
  0
BLOCK_RECORD
  5
1DF
330
1
100
AcDbSymbolTableRecord
100
AcDbBlockTableRecord
  2
SE46
340
0
102
{BLKREFS
331
1E0
102
}
  0
BLOCK_RECORD
  5
1E7
330
1
100
AcDbSymbolTableRecord
100
AcDbBlockTableRecord
  2
SE47
340
0
102
{BLKREFS
331
1E8
102
}
  0
BLOCK_RECORD
  5
1EF
330
1
100
AcDbSymbolTableRecord
100
AcDbBlockTableRecord
  2
SE48
340
0
102
{BLKREFS
331
1F0
102
}
  0
BLOCK_RECORD
  5
1F7
330
1
100
AcDbSymbolTableRecord
100
AcDbBlockTableRecord
  2
SE49
340
0
102
{BLKREFS
331
1F8
102
}
  0
BLOCK_RECORD
  5
1FF
330
1
100
AcDbSymbolTableRecord
100
AcDbBlockTableRecord
  2
SE50
340
0
102
{BLKREFS
331
200
102
}
  0
BLOCK_RECORD
  5
207
330
1
100
AcDbSymbolTableRecord
100
AcDbBlockTableRecord
  2
SE51
340
0
102
{BLKREFS
331
208
102
}
  0
BLOCK_RECORD
  5
20F
330
1
100
AcDbSymbolTableRecord
100
AcDbBlockTableRecord
  2
SE52
340
0
102
{BLKREFS
331
210
102
}
  0
BLOCK_RECORD
  5
217
330
1
100
AcDbSymbolTableRecord
100
AcDbBlockTableRecord
  2
SE53
340
0
102
{BLKREFS
331
218
102
}
  0
BLOCK_RECORD
  5
21F
330
1
100
AcDbSymbolTableRecord
100
AcDbBlockTableRecord
  2
SE54
340
0
102
{BLKREFS
331
220
102
}
  0
BLOCK_RECORD
  5
227
330
1
100
AcDbSymbolTableRecord
100
AcDbBlockTableRecord
  2
SE55
340
0
102
{BLKREFS
331
228
102
}
  0
BLOCK_RECORD
  5
22F
330
1
100
AcDbSymbolTableRecord
100
AcDbBlockTableRecord
  2
SE56
340
0
102
{BLKREFS
331
230
102
}
  0
BLOCK_RECORD
  5
237
330
1
100
AcDbSymbolTableRecord
100
AcDbBlockTableRecord
  2
SE57
340
0
102
{BLKREFS
331
238
102
}
  0
BLOCK_RECORD
  5
23F
330
1
100
AcDbSymbolTableRecord
100
AcDbBlockTableRecord
  2
SE58
340
0
102
{BLKREFS
331
240
102
}
  0
BLOCK_RECORD
  5
247
330
1
100
AcDbSymbolTableRecord
100
AcDbBlockTableRecord
  2
SE59
340
0
102
{BLKREFS
331
248
102
}
  0
BLOCK_RECORD
  5
24F
330
1
100
AcDbSymbolTableRecord
100
AcDbBlockTableRecord
  2
SE60
340
0
102
{BLKREFS
331
250
102
}
  0
BLOCK_RECORD
  5
257
330
1
100
AcDbSymbolTableRecord
100
AcDbBlockTableRecord
  2
SE61
340
0
102
{BLKREFS
331
258
102
}
  0
BLOCK_RECORD
  5
25F
330
1
100
AcDbSymbolTableRecord
100
AcDbBlockTableRecord
  2
SE62
340
0
102
{BLKREFS
331
260
102
}
  0
BLOCK_RECORD
  5
267
330
1
100
AcDbSymbolTableRecord
100
AcDbBlockTableRecord
  2
SE63
340
0
102
{BLKREFS
331
268
102
}
  0
BLOCK_RECORD
  5
26F
330
1
100
AcDbSymbolTableRecord
100
AcDbBlockTableRecord
  2
SE64
340
0
102
{BLKREFS
331
270
102
}
  0
BLOCK_RECORD
  5
277
330
1
100
AcDbSymbolTableRecord
100
AcDbBlockTableRecord
  2
SE65
340
0
102
{BLKREFS
331
278
102
}
  0
BLOCK_RECORD
  5
27F
330
1
100
AcDbSymbolTableRecord
100
AcDbBlockTableRecord
  2
SE66
340
0
102
{BLKREFS
331
280
102
}
  0
BLOCK_RECORD
  5
287
330
1
100
AcDbSymbolTableRecord
100
AcDbBlockTableRecord
  2
SE67
340
0
102
{BLKREFS
331
288
102
}
  0
BLOCK_RECORD
  5
28F
330
1
100
AcDbSymbolTableRecord
100
AcDbBlockTableRecord
  2
SE68
340
0
102
{BLKREFS
331
290
102
}
  0
BLOCK_RECORD
  5
297
330
1
100
AcDbSymbolTableRecord
100
AcDbBlockTableRecord
  2
SE69
340
0
102
{BLKREFS
331
298
102
}
  0
BLOCK_RECORD
  5
29F
330
1
100
AcDbSymbolTableRecord
100
AcDbBlockTableRecord
  2
SE70
340
0
102
{BLKREFS
331
2A0
102
}
  0
BLOCK_RECORD
  5
2A7
330
1
100
AcDbSymbolTableRecord
100
AcDbBlockTableRecord
  2
SE71
340
0
102
{BLKREFS
331
2A8
102
}
  0
BLOCK_RECORD
  5
2AF
330
1
100
AcDbSymbolTableRecord
100
AcDbBlockTableRecord
  2
SE72
340
0
102
{BLKREFS
331
2B0
102
}
  0
BLOCK_RECORD
  5
2B7
330
1
100
AcDbSymbolTableRecord
100
AcDbBlockTableRecord
  2
SE73
340
0
102
{BLKREFS
331
2B8
102
}
  0
BLOCK_RECORD
  5
2BF
330
1
100
AcDbSymbolTableRecord
100
AcDbBlockTableRecord
  2
SE74
340
0
102
{BLKREFS
331
2C0
102
}
  0
BLOCK_RECORD
  5
2C7
330
1
100
AcDbSymbolTableRecord
100
AcDbBlockTableRecord
  2
SE75
340
0
102
{BLKREFS
331
2C8
102
}
  0
BLOCK_RECORD
  5
2CF
330
1
100
AcDbSymbolTableRecord
100
AcDbBlockTableRecord
  2
SE76
340
0
102
{BLKREFS
331
2D0
102
}
  0
BLOCK_RECORD
  5
2D7
330
1
100
AcDbSymbolTableRecord
100
AcDbBlockTableRecord
  2
SE77
340
0
102
{BLKREFS
331
2D8
102
}
  0
BLOCK_RECORD
  5
2DF
330
1
100
AcDbSymbolTableRecord
100
AcDbBlockTableRecord
  2
SE78
340
0
102
{BLKREFS
331
2E0
102
}
  0
BLOCK_RECORD
  5
2E7
330
1
100
AcDbSymbolTableRecord
100
AcDbBlockTableRecord
  2
SE79
340
0
102
{BLKREFS
331
2E8
102
}
  0
BLOCK_RECORD
  5
2EF
330
1
100
AcDbSymbolTableRecord
100
AcDbBlockTableRecord
  2
SE80
340
0
102
{BLKREFS
331
2F0
102
}
  0
BLOCK_RECORD
  5
2F7
330
1
100
AcDbSymbolTableRecord
100
AcDbBlockTableRecord
  2
SE81
340
0
102
{BLKREFS
331
2F8
102
}
  0
BLOCK_RECORD
  5
2FF
330
1
100
AcDbSymbolTableRecord
100
AcDbBlockTableRecord
  2
SE82
340
0
102
{BLKREFS
331
300
102
}
  0
BLOCK_RECORD
  5
307
330
1
100
AcDbSymbolTableRecord
100
AcDbBlockTableRecord
  2
SE83
340
0
102
{BLKREFS
331
308
102
}
  0
BLOCK_RECORD
  5
30F
330
1
100
AcDbSymbolTableRecord
100
AcDbBlockTableRecord
  2
SE84
340
0
102
{BLKREFS
331
310
102
}
  0
BLOCK_RECORD
  5
317
330
1
100
AcDbSymbolTableRecord
100
AcDbBlockTableRecord
  2
SE85
340
0
102
{BLKREFS
331
318
102
}
  0
BLOCK_RECORD
  5
31F
330
1
100
AcDbSymbolTableRecord
100
AcDbBlockTableRecord
  2
SE86
340
0
102
{BLKREFS
331
320
102
}
  0
BLOCK_RECORD
  5
327
330
1
100
AcDbSymbolTableRecord
100
AcDbBlockTableRecord
  2
SE87
340
0
102
{BLKREFS
331
328
102
}
  0
BLOCK_RECORD
  5
32F
330
1
100
AcDbSymbolTableRecord
100
AcDbBlockTableRecord
  2
SE88
340
0
102
{BLKREFS
331
330
102
}
  0
BLOCK_RECORD
  5
337
330
1
100
AcDbSymbolTableRecord
100
AcDbBlockTableRecord
  2
SE89
340
0
102
{BLKREFS
331
338
102
}
  0
BLOCK_RECORD
  5
33F
330
1
100
AcDbSymbolTableRecord
100
AcDbBlockTableRecord
  2
SE90
340
0
102
{BLKREFS
331
340
102
}
  0
BLOCK_RECORD
  5
347
330
1
100
AcDbSymbolTableRecord
100
AcDbBlockTableRecord
  2
SE91
340
0
102
{BLKREFS
331
348
102
}
  0
BLOCK_RECORD
  5
34F
330
1
100
AcDbSymbolTableRecord
100
AcDbBlockTableRecord
  2
SE92
340
0
102
{BLKREFS
331
350
102
}
  0
BLOCK_RECORD
  5
357
330
1
100
AcDbSymbolTableRecord
100
AcDbBlockTableRecord
  2
SE93
340
0
102
{BLKREFS
331
358
102
}
  0
BLOCK_RECORD
  5
35F
330
1
100
AcDbSymbolTableRecord
100
AcDbBlockTableRecord
  2
SE94
340
0
102
{BLKREFS
331
360
102
}
  0
BLOCK_RECORD
  5
367
330
1
100
AcDbSymbolTableRecord
100
AcDbBlockTableRecord
  2
SE95
340
0
102
{BLKREFS
331
368
102
}
  0
BLOCK_RECORD
  5
36F
330
1
100
AcDbSymbolTableRecord
100
AcDbBlockTableRecord
  2
SE96
340
0
102
{BLKREFS
331
370
102
}
  0
BLOCK_RECORD
  5
377
330
1
100
AcDbSymbolTableRecord
100
AcDbBlockTableRecord
  2
SE97
340
0
102
{BLKREFS
331
378
102
}
  0
BLOCK_RECORD
  5
37F
330
1
100
AcDbSymbolTableRecord
100
AcDbBlockTableRecord
  2
SE98
340
0
102
{BLKREFS
331
380
102
}
  0
BLOCK_RECORD
  5
387
330
1
100
AcDbSymbolTableRecord
100
AcDbBlockTableRecord
  2
SE99
340
0
102
{BLKREFS
331
388
102
}
  0
BLOCK_RECORD
  5
38F
330
1
100
AcDbSymbolTableRecord
100
AcDbBlockTableRecord
  2
SE100
340
0
102
{BLKREFS
331
390
102
}
  0
BLOCK_RECORD
  5
397
330
1
100
AcDbSymbolTableRecord
100
AcDbBlockTableRecord
  2
SE101
340
0
102
{BLKREFS
331
398
102
}
  0
BLOCK_RECORD
  5
39F
330
1
100
AcDbSymbolTableRecord
100
AcDbBlockTableRecord
  2
SE102
340
0
102
{BLKREFS
331
3A0
102
}
  0
BLOCK_RECORD
  5
3A7
330
1
100
AcDbSymbolTableRecord
100
AcDbBlockTableRecord
  2
SE103
340
0
102
{BLKREFS
331
3A8
102
}
  0
BLOCK_RECORD
  5
3AF
330
1
100
AcDbSymbolTableRecord
100
AcDbBlockTableRecord
  2
SE104
340
0
102
{BLKREFS
331
3B0
102
}
  0
BLOCK_RECORD
  5
3B7
330
1
100
AcDbSymbolTableRecord
100
AcDbBlockTableRecord
  2
SE105
340
0
102
{BLKREFS
331
3B8
102
}
  0
BLOCK_RECORD
  5
3BF
330
1
100
AcDbSymbolTableRecord
100
AcDbBlockTableRecord
  2
SE106
340
0
102
{BLKREFS
331
3C0
102
}
  0
BLOCK_RECORD
  5
3C7
330
1
100
AcDbSymbolTableRecord
100
AcDbBlockTableRecord
  2
SE107
340
0
102
{BLKREFS
331
3C8
102
}
  0
BLOCK_RECORD
  5
3CF
330
1
100
AcDbSymbolTableRecord
100
AcDbBlockTableRecord
  2
SE108
340
0
102
{BLKREFS
331
3D0
102
}
  0
BLOCK_RECORD
  5
3D7
330
1
100
AcDbSymbolTableRecord
100
AcDbBlockTableRecord
  2
SE109
340
0
102
{BLKREFS
331
3D8
102
}
  0
BLOCK_RECORD
  5
3DF
330
1
100
AcDbSymbolTableRecord
100
AcDbBlockTableRecord
  2
SE110
340
0
102
{BLKREFS
331
3E0
102
}
  0
BLOCK_RECORD
  5
3E7
330
1
100
AcDbSymbolTableRecord
100
AcDbBlockTableRecord
  2
SE111
340
0
102
{BLKREFS
331
3E8
102
}
  0
BLOCK_RECORD
  5
3EF
330
1
100
AcDbSymbolTableRecord
100
AcDbBlockTableRecord
  2
SE112
340
0
102
{BLKREFS
331
3F0
102
}
  0
BLOCK_RECORD
  5
3F7
330
1
100
AcDbSymbolTableRecord
100
AcDbBlockTableRecord
  2
SE113
340
0
102
{BLKREFS
331
3F8
102
}
  0
BLOCK_RECORD
  5
3FF
330
1
100
AcDbSymbolTableRecord
100
AcDbBlockTableRecord
  2
SE114
340
0
102
{BLKREFS
331
400
102
}
  0
BLOCK_RECORD
  5
407
330
1
100
AcDbSymbolTableRecord
100
AcDbBlockTableRecord
  2
SE115
340
0
102
{BLKREFS
331
408
102
}
  0
BLOCK_RECORD
  5
40F
330
1
100
AcDbSymbolTableRecord
100
AcDbBlockTableRecord
  2
SE116
340
0
102
{BLKREFS
331
410
102
}
  0
BLOCK_RECORD
  5
417
330
1
100
AcDbSymbolTableRecord
100
AcDbBlockTableRecord
  2
SE117
340
0
102
{BLKREFS
331
418
102
}
  0
BLOCK_RECORD
  5
41F
330
1
100
AcDbSymbolTableRecord
100
AcDbBlockTableRecord
  2
SE118
340
0
102
{BLKREFS
331
420
102
}
  0
BLOCK_RECORD
  5
427
330
1
100
AcDbSymbolTableRecord
100
AcDbBlockTableRecord
  2
SE119
340
0
102
{BLKREFS
331
428
102
}
  0
BLOCK_RECORD
  5
42F
330
1
100
AcDbSymbolTableRecord
100
AcDbBlockTableRecord
  2
SE120
340
0
102
{BLKREFS
331
430
102
}
  0
BLOCK_RECORD
  5
437
330
1
100
AcDbSymbolTableRecord
100
AcDbBlockTableRecord
  2
SE121
340
0
102
{BLKREFS
331
438
102
}
  0
BLOCK_RECORD
  5
43F
330
1
100
AcDbSymbolTableRecord
100
AcDbBlockTableRecord
  2
SE122
340
0
102
{BLKREFS
331
440
102
}
  0
BLOCK_RECORD
  5
447
330
1
100
AcDbSymbolTableRecord
100
AcDbBlockTableRecord
  2
SE123
340
0
102
{BLKREFS
331
448
102
}
  0
BLOCK_RECORD
  5
44F
330
1
100
AcDbSymbolTableRecord
100
AcDbBlockTableRecord
  2
RECT162560X223520R25_View_1
340
0
102
{BLKREFS
331
45C
331
45D
102
}
  0
BLOCK_RECORD
  5
45E
330
1
100
AcDbSymbolTableRecord
100
AcDbBlockTableRecord
  2
RECT162560X223520R25_View_2
340
0
102
{BLKREFS
331
46A
331
46B
102
}
  0
BLOCK_RECORD
  5
46C
330
1
100
AcDbSymbolTableRecord
100
AcDbBlockTableRecord
  2
RECT162560X223520R25_View_3
340
0
102
{BLKREFS
331
478
331
479
102
}
  0
BLOCK_RECORD
  5
47A
330
1
100
AcDbSymbolTableRecord
100
AcDbBlockTableRecord
  2
RECT162560X223520R25_View_4
340
0
102
{BLKREFS
331
486
331
487
102
}
  0
BLOCK_RECORD
  5
488
330
1
100
AcDbSymbolTableRecord
100
AcDbBlockTableRecord
  2
RECT162560X223520R25_View_5
340
0
102
{BLKREFS
331
494
331
495
102
}
  0
BLOCK_RECORD
  5
496
330
1
100
AcDbSymbolTableRecord
100
AcDbBlockTableRecord
  2
RECT162560X223520R25_View_6
340
0
102
{BLKREFS
331
4A2
331
4A3
102
}
  0
BLOCK_RECORD
  5
4A4
330
1
100
AcDbSymbolTableRecord
100
AcDbBlockTableRecord
  2
RECT162560X223520R25_View_7
340
0
102
{BLKREFS
331
4B0
331
4B1
102
}
  0
BLOCK_RECORD
  5
4B2
330
1
100
AcDbSymbolTableRecord
100
AcDbBlockTableRecord
  2
RECT325120X584000R75_View_8
340
0
102
{BLKREFS
331
4BD
331
4BE
102
}
  0
BLOCK_RECORD
  5
4BF
330
1
100
AcDbSymbolTableRecord
100
AcDbBlockTableRecord
  2
RECT325120X584000R75_View_9
340
0
102
{BLKREFS
331
4CA
331
4CB
102
}
  0
BLOCK_RECORD
  5
4CC
330
1
100
AcDbSymbolTableRecord
100
AcDbBlockTableRecord
  2
RECT325120X584000R75_View_10
340
0
102
{BLKREFS
331
4D7
102
}
  0
BLOCK_RECORD
  5
4D8
330
1
100
AcDbSymbolTableRecord
100
AcDbBlockTableRecord
  2
RECT162560X223520R25_View_11
340
0
102
{BLKREFS
331
4E4
331
4E5
102
}
  0
BLOCK_RECORD
  5
4E6
330
1
100
AcDbSymbolTableRecord
100
AcDbBlockTableRecord
  2
RECT162560X223520R25_View_12
340
0
102
{BLKREFS
331
4F2
331
4F3
102
}
  0
BLOCK_RECORD
  5
4F4
330
1
100
AcDbSymbolTableRecord
100
AcDbBlockTableRecord
  2
RECT162560X223520R25_View_13
340
0
102
{BLKREFS
331
500
331
501
102
}
  0
BLOCK_RECORD
  5
502
330
1
100
AcDbSymbolTableRecord
100
AcDbBlockTableRecord
  2
RECT162560X223520R25_View_15
340
0
102
{BLKREFS
331
50E
331
50F
102
}
  0
BLOCK_RECORD
  5
510
330
1
100
AcDbSymbolTableRecord
100
AcDbBlockTableRecord
  2
RECT162560X223520R25_View_16
340
0
102
{BLKREFS
331
51C
331
51D
102
}
  0
BLOCK_RECORD
  5
51E
330
1
100
AcDbSymbolTableRecord
100
AcDbBlockTableRecord
  2
RECT162560X223520R25_View_17
340
0
102
{BLKREFS
331
52A
331
52B
102
}
  0
BLOCK_RECORD
  5
52C
330
1
100
AcDbSymbolTableRecord
100
AcDbBlockTableRecord
  2
RECT162560X223520R25_View_18
340
0
102
{BLKREFS
331
538
331
539
102
}
  0
BLOCK_RECORD
  5
53A
330
1
100
AcDbSymbolTableRecord
100
AcDbBlockTableRecord
  2
RECT162560X223520R25_View_19
340
0
102
{BLKREFS
331
546
331
547
102
}
  0
BLOCK_RECORD
  5
548
330
1
100
AcDbSymbolTableRecord
100
AcDbBlockTableRecord
  2
RECT162560X223520R25_View_20
340
0
102
{BLKREFS
331
554
331
555
102
}
  0
BLOCK_RECORD
  5
556
330
1
100
AcDbSymbolTableRecord
100
AcDbBlockTableRecord
  2
RECT162560X223520R25_View_21
340
0
102
{BLKREFS
331
562
331
563
102
}
  0
BLOCK_RECORD
  5
564
330
1
100
AcDbSymbolTableRecord
100
AcDbBlockTableRecord
  2
RECT162560X223520R25_View_22
340
0
102
{BLKREFS
331
570
331
571
102
}
  0
BLOCK_RECORD
  5
572
330
1
100
AcDbSymbolTableRecord
100
AcDbBlockTableRecord
  2
RECT162560X223520R25_View_23
340
0
102
{BLKREFS
331
57E
331
57F
102
}
  0
BLOCK_RECORD
  5
580
330
1
100
AcDbSymbolTableRecord
100
AcDbBlockTableRecord
  2
RECT162560X223520R25_View_25
340
0
102
{BLKREFS
331
58C
331
58D
102
}
  0
BLOCK_RECORD
  5
58E
330
1
100
AcDbSymbolTableRecord
100
AcDbBlockTableRecord
  2
RECT162560X223520R25_View_26
340
0
102
{BLKREFS
331
59A
331
59B
102
}
  0
BLOCK_RECORD
  5
59C
330
1
100
AcDbSymbolTableRecord
100
AcDbBlockTableRecord
  2
RECT162560X223520R25_View_27
340
0
102
{BLKREFS
331
5A8
331
5A9
102
}
  0
BLOCK_RECORD
  5
5AA
330
1
100
AcDbSymbolTableRecord
100
AcDbBlockTableRecord
  2
RECT162560X223520R25_View_28
340
0
102
{BLKREFS
331
5B6
331
5B7
102
}
  0
BLOCK_RECORD
  5
5B8
330
1
100
AcDbSymbolTableRecord
100
AcDbBlockTableRecord
  2
RECT162560X223520R25_View_30
340
0
102
{BLKREFS
331
5C4
331
5C5
102
}
  0
BLOCK_RECORD
  5
5C6
330
1
100
AcDbSymbolTableRecord
100
AcDbBlockTableRecord
  2
RECT162560X223520R25_View_31
340
0
102
{BLKREFS
331
5D2
331
5D3
102
}
  0
BLOCK_RECORD
  5
5D4
330
1
100
AcDbSymbolTableRecord
100
AcDbBlockTableRecord
  2
RECT162560X223520R25_View_32
340
0
102
{BLKREFS
331
5E0
331
5E1
102
}
  0
BLOCK_RECORD
  5
5E2
330
1
100
AcDbSymbolTableRecord
100
AcDbBlockTableRecord
  2
RECT162560X223520R25_View_34
340
0
102
{BLKREFS
331
5EE
331
5EF
102
}
  0
BLOCK_RECORD
  5
5F0
330
1
100
AcDbSymbolTableRecord
100
AcDbBlockTableRecord
  2
RECT162560X223520R25_View_35
340
0
102
{BLKREFS
331
5FC
331
5FD
102
}
  0
BLOCK_RECORD
  5
5FE
330
1
100
AcDbSymbolTableRecord
100
AcDbBlockTableRecord
  2
RECT162560X223520R25_View_36
340
0
102
{BLKREFS
331
60A
331
60B
102
}
  0
BLOCK_RECORD
  5
60C
330
1
100
AcDbSymbolTableRecord
100
AcDbBlockTableRecord
  2
RECT162560X223520R25_View_37
340
0
102
{BLKREFS
331
618
331
619
102
}
  0
BLOCK_RECORD
  5
61A
330
1
100
AcDbSymbolTableRecord
100
AcDbBlockTableRecord
  2
RECT162560X223520R25_View_38
340
0
102
{BLKREFS
331
626
331
627
102
}
  0
BLOCK_RECORD
  5
628
330
1
100
AcDbSymbolTableRecord
100
AcDbBlockTableRecord
  2
RECT162560X223520R25_View_39
340
0
102
{BLKREFS
331
634
331
635
102
}
  0
BLOCK_RECORD
  5
636
330
1
100
AcDbSymbolTableRecord
100
AcDbBlockTableRecord
  2
RECT162560X223520R25_View_41
340
0
102
{BLKREFS
331
642
331
643
102
}
  0
ENDTAB
  0
ENDSEC
  0
SECTION
  2
BLOCKS
  0
BLOCK
  5
20
330
1F
100
AcDbEntity
  8
0
100
AcDbBlockBegin
  2
*Model_Space
 70
     0
 10
0.0
 20
0.0
 30
0.0
  3
*Model_Space
  1
*Model_Space
  0
ENDBLK
  5
21
330
1F
100
AcDbEntity
  8
0
100
AcDbBlockEnd
  0
BLOCK
  5
1C
330
1B
100
AcDbEntity
 67
     1
  8
0
100
AcDbBlockBegin
  2
*Paper_Space
 70
     0
 10
0.0
 20
0.0
 30
0.0
  3
*Paper_Space
  1
*Paper_Space
  0
ENDBLK
  5
1D
330
1B
100
AcDbEntity
 67
     1
  8
0
100
AcDbBlockEnd
  0
BLOCK
  5
75
330
6F
100
AcDbEntity
  8
0
100
AcDbBlockBegin
  2
SE
 70
     0
 10
0.0
 20
0.0
 30
0.0
  3
SE
  1
SE
  0
LINE
  5
71
330
6F
100
AcDbEntity
  8
0
  6
Continuous
 62
     7
370
    30
100
AcDbLine
 10
114.7201243812
 20
154.8644583584
 30
0.0
 11
117.1975387812
 21
154.8644583584
 31
0.0
  0
LINE
  5
72
330
6F
100
AcDbEntity
  8
0
  6
Continuous
 62
     7
370
    30
100
AcDbLine
 10
117.1975387812
 20
154.8644583584
 30
0.0
 11
117.1975387812
 21
156.4128423584
 31
0.0
  0
LINE
  5
73
330
6F
100
AcDbEntity
  8
0
  6
Continuous
 62
     7
370
    30
100
AcDbLine
 10
117.1975387812
 20
156.4128423584
 30
0.0
 11
114.7201243812
 21
156.4128423584
 31
0.0
  0
LINE
  5
74
330
6F
100
AcDbEntity
  8
0
  6
Continuous
 62
     7
370
    30
100
AcDbLine
 10
114.7201243812
 20
156.4128423584
 30
0.0
 11
114.7201243812
 21
154.8644583584
 31
0.0
  0
ENDBLK
  5
76
330
6F
100
AcDbEntity
  8
0
100
AcDbBlockEnd
  0
BLOCK
  5
7D
330
77
100
AcDbEntity
  8
0
100
AcDbBlockBegin
  2
SE1
 70
     0
 10
0.0
 20
0.0
 30
0.0
  3
SE1
  1
SE1
  0
LINE
  5
79
330
77
100
AcDbEntity
  8
0
  6
Continuous
 62
     7
370
    30
100
AcDbLine
 10
114.7201243812
 20
158.8902567584
 30
0.0
 11
117.1975387812
 21
158.8902567584
 31
0.0
  0
LINE
  5
7A
330
77
100
AcDbEntity
  8
0
  6
Continuous
 62
     7
370
    30
100
AcDbLine
 10
117.1975387812
 20
158.8902567584
 30
0.0
 11
117.1975387812
 21
160.4386407584
 31
0.0
  0
LINE
  5
7B
330
77
100
AcDbEntity
  8
0
  6
Continuous
 62
     7
370
    30
100
AcDbLine
 10
117.1975387812
 20
160.4386407584
 30
0.0
 11
114.7201243812
 21
160.4386407584
 31
0.0
  0
LINE
  5
7C
330
77
100
AcDbEntity
  8
0
  6
Continuous
 62
     7
370
    30
100
AcDbLine
 10
114.7201243812
 20
160.4386407584
 30
0.0
 11
114.7201243812
 21
158.8902567584
 31
0.0
  0
ENDBLK
  5
7E
330
77
100
AcDbEntity
  8
0
100
AcDbBlockEnd
  0
BLOCK
  5
85
330
7F
100
AcDbEntity
  8
0
100
AcDbBlockBegin
  2
SE2
 70
     0
 10
0.0
 20
0.0
 30
0.0
  3
SE2
  1
SE2
  0
LINE
  5
81
330
7F
100
AcDbEntity
  8
0
  6
Continuous
 62
     7
370
    30
100
AcDbLine
 10
119.0555995812
 20
154.8644583584
 30
0.0
 11
121.5330139812
 21
154.8644583584
 31
0.0
  0
LINE
  5
82
330
7F
100
AcDbEntity
  8
0
  6
Continuous
 62
     7
370
    30
100
AcDbLine
 10
121.5330139812
 20
154.8644583584
 30
0.0
 11
121.5330139812
 21
156.4128423584
 31
0.0
  0
LINE
  5
83
330
7F
100
AcDbEntity
  8
0
  6
Continuous
 62
     7
370
    30
100
AcDbLine
 10
121.5330139812
 20
156.4128423584
 30
0.0
 11
119.0555995812
 21
156.4128423584
 31
0.0
  0
LINE
  5
84
330
7F
100
AcDbEntity
  8
0
  6
Continuous
 62
     7
370
    30
100
AcDbLine
 10
119.0555995812
 20
156.4128423584
 30
0.0
 11
119.0555995812
 21
154.8644583584
 31
0.0
  0
ENDBLK
  5
86
330
7F
100
AcDbEntity
  8
0
100
AcDbBlockEnd
  0
BLOCK
  5
8D
330
87
100
AcDbEntity
  8
0
100
AcDbBlockBegin
  2
SE3
 70
     0
 10
0.0
 20
0.0
 30
0.0
  3
SE3
  1
SE3
  0
LINE
  5
89
330
87
100
AcDbEntity
  8
0
  6
Continuous
 62
     7
370
    30
100
AcDbLine
 10
119.0555995812
 20
158.8902567584
 30
0.0
 11
121.5330139812
 21
158.8902567584
 31
0.0
  0
LINE
  5
8A
330
87
100
AcDbEntity
  8
0
  6
Continuous
 62
     7
370
    30
100
AcDbLine
 10
121.5330139812
 20
158.8902567584
 30
0.0
 11
121.5330139812
 21
160.4386407584
 31
0.0
  0
LINE
  5
8B
330
87
100
AcDbEntity
  8
0
  6
Continuous
 62
     7
370
    30
100
AcDbLine
 10
121.5330139812
 20
160.4386407584
 30
0.0
 11
119.0555995812
 21
160.4386407584
 31
0.0
  0
LINE
  5
8C
330
87
100
AcDbEntity
  8
0
  6
Continuous
 62
     7
370
    30
100
AcDbLine
 10
119.0555995812
 20
160.4386407584
 30
0.0
 11
119.0555995812
 21
158.8902567584
 31
0.0
  0
ENDBLK
  5
8E
330
87
100
AcDbEntity
  8
0
100
AcDbBlockEnd
  0
BLOCK
  5
95
330
8F
100
AcDbEntity
  8
0
100
AcDbBlockBegin
  2
SE4
 70
     0
 10
0.0
 20
0.0
 30
0.0
  3
SE4
  1
SE4
  0
LINE
  5
91
330
8F
100
AcDbEntity
  8
0
  6
Continuous
 62
     7
370
    30
100
AcDbLine
 10
146.4906475812
 20
147.6693495584
 30
0.0
 11
149.1728875812
 21
147.6693495584
 31
0.0
  0
LINE
  5
92
330
8F
100
AcDbEntity
  8
0
  6
Continuous
 62
     7
370
    30
100
AcDbLine
 10
149.1728875812
 20
147.6693495584
 30
0.0
 11
149.1728875812
 21
149.8273335584
 31
0.0
  0
LINE
  5
93
330
8F
100
AcDbEntity
  8
0
  6
Continuous
 62
     7
370
    30
100
AcDbLine
 10
149.1728875812
 20
149.8273335584
 30
0.0
 11
146.4906475812
 21
149.8273335584
 31
0.0
  0
LINE
  5
94
330
8F
100
AcDbEntity
  8
0
  6
Continuous
 62
     7
370
    30
100
AcDbLine
 10
146.4906475812
 20
149.8273335584
 30
0.0
 11
146.4906475812
 21
147.6693495584
 31
0.0
  0
ENDBLK
  5
96
330
8F
100
AcDbEntity
  8
0
100
AcDbBlockEnd
  0
BLOCK
  5
9D
330
97
100
AcDbEntity
  8
0
100
AcDbBlockBegin
  2
SE5
 70
     0
 10
0.0
 20
0.0
 30
0.0
  3
SE5
  1
SE5
  0
LINE
  5
99
330
97
100
AcDbEntity
  8
0
  6
Continuous
 62
     7
370
    30
100
AcDbLine
 10
151.9575403812
 20
147.6693495584
 30
0.0
 11
154.6397803812
 21
147.6693495584
 31
0.0
  0
LINE
  5
9A
330
97
100
AcDbEntity
  8
0
  6
Continuous
 62
     7
370
    30
100
AcDbLine
 10
154.6397803812
 20
147.6693495584
 30
0.0
 11
154.6397803812
 21
149.8273335584
 31
0.0
  0
LINE
  5
9B
330
97
100
AcDbEntity
  8
0
  6
Continuous
 62
     7
370
    30
100
AcDbLine
 10
154.6397803812
 20
149.8273335584
 30
0.0
 11
151.9575403812
 21
149.8273335584
 31
0.0
  0
LINE
  5
9C
330
97
100
AcDbEntity
  8
0
  6
Continuous
 62
     7
370
    30
100
AcDbLine
 10
151.9575403812
 20
149.8273335584
 30
0.0
 11
151.9575403812
 21
147.6693495584
 31
0.0
  0
ENDBLK
  5
9E
330
97
100
AcDbEntity
  8
0
100
AcDbBlockEnd
  0
BLOCK
  5
A5
330
9F
100
AcDbEntity
  8
0
100
AcDbBlockBegin
  2
SE6
 70
     0
 10
0.0
 20
0.0
 30
0.0
  3
SE6
  1
SE6
  0
LINE
  5
A1
330
9F
100
AcDbEntity
  8
0
  6
Continuous
 62
     7
370
    30
100
AcDbLine
 10
146.4906475812
 20
142.7145207584
 30
0.0
 11
149.1728875812
 21
142.7145207584
 31
0.0
  0
LINE
  5
A2
330
9F
100
AcDbEntity
  8
0
  6
Continuous
 62
     7
370
    30
100
AcDbLine
 10
149.1728875812
 20
142.7145207584
 30
0.0
 11
149.1728875812
 21
144.8725047584
 31
0.0
  0
LINE
  5
A3
330
9F
100
AcDbEntity
  8
0
  6
Continuous
 62
     7
370
    30
100
AcDbLine
 10
149.1728875812
 20
144.8725047584
 30
0.0
 11
146.4906475812
 21
144.8725047584
 31
0.0
  0
LINE
  5
A4
330
9F
100
AcDbEntity
  8
0
  6
Continuous
 62
     7
370
    30
100
AcDbLine
 10
146.4906475812
 20
144.8725047584
 30
0.0
 11
146.4906475812
 21
142.7145207584
 31
0.0
  0
ENDBLK
  5
A6
330
9F
100
AcDbEntity
  8
0
100
AcDbBlockEnd
  0
BLOCK
  5
AD
330
A7
100
AcDbEntity
  8
0
100
AcDbBlockBegin
  2
SE7
 70
     0
 10
0.0
 20
0.0
 30
0.0
  3
SE7
  1
SE7
  0
LINE
  5
A9
330
A7
100
AcDbEntity
  8
0
  6
Continuous
 62
     7
370
    30
100
AcDbLine
 10
151.9575403812
 20
142.7145207584
 30
0.0
 11
154.6397803812
 21
142.7145207584
 31
0.0
  0
LINE
  5
AA
330
A7
100
AcDbEntity
  8
0
  6
Continuous
 62
     7
370
    30
100
AcDbLine
 10
154.6397803812
 20
142.7145207584
 30
0.0
 11
154.6397803812
 21
144.8725047584
 31
0.0
  0
LINE
  5
AB
330
A7
100
AcDbEntity
  8
0
  6
Continuous
 62
     7
370
    30
100
AcDbLine
 10
154.6397803812
 20
144.8725047584
 30
0.0
 11
151.9575403812
 21
144.8725047584
 31
0.0
  0
LINE
  5
AC
330
A7
100
AcDbEntity
  8
0
  6
Continuous
 62
     7
370
    30
100
AcDbLine
 10
151.9575403812
 20
144.8725047584
 30
0.0
 11
151.9575403812
 21
142.7145207584
 31
0.0
  0
ENDBLK
  5
AE
330
A7
100
AcDbEntity
  8
0
100
AcDbBlockEnd
  0
BLOCK
  5
B5
330
AF
100
AcDbEntity
  8
0
100
AcDbBlockBegin
  2
SE8
 70
     0
 10
0.0
 20
0.0
 30
0.0
  3
SE8
  1
SE8
  0
LINE
  5
B1
330
AF
100
AcDbEntity
  8
0
  6
Continuous
 62
     7
370
    30
100
AcDbLine
 10
146.8003243812
 20
162.5338359584
 30
0.0
 11
149.4825643812
 21
162.5338359584
 31
0.0
  0
LINE
  5
B2
330
AF
100
AcDbEntity
  8
0
  6
Continuous
 62
     7
370
    30
100
AcDbLine
 10
149.4825643812
 20
162.5338359584
 30
0.0
 11
149.4825643812
 21
164.6918199584
 31
0.0
  0
LINE
  5
B3
330
AF
100
AcDbEntity
  8
0
  6
Continuous
 62
     7
370
    30
100
AcDbLine
 10
149.4825643812
 20
164.6918199584
 30
0.0
 11
146.8003243812
 21
164.6918199584
 31
0.0
  0
LINE
  5
B4
330
AF
100
AcDbEntity
  8
0
  6
Continuous
 62
     7
370
    30
100
AcDbLine
 10
146.8003243812
 20
164.6918199584
 30
0.0
 11
146.8003243812
 21
162.5338359584
 31
0.0
  0
ENDBLK
  5
B6
330
AF
100
AcDbEntity
  8
0
100
AcDbBlockEnd
  0
BLOCK
  5
BD
330
B7
100
AcDbEntity
  8
0
100
AcDbBlockBegin
  2
SE9
 70
     0
 10
0.0
 20
0.0
 30
0.0
  3
SE9
  1
SE9
  0
LINE
  5
B9
330
B7
100
AcDbEntity
  8
0
  6
Continuous
 62
     7
370
    30
100
AcDbLine
 10
152.2672171812
 20
162.5338359584
 30
0.0
 11
154.9494571812
 21
162.5338359584
 31
0.0
  0
LINE
  5
BA
330
B7
100
AcDbEntity
  8
0
  6
Continuous
 62
     7
370
    30
100
AcDbLine
 10
154.9494571812
 20
162.5338359584
 30
0.0
 11
154.9494571812
 21
164.6918199584
 31
0.0
  0
LINE
  5
BB
330
B7
100
AcDbEntity
  8
0
  6
Continuous
 62
     7
370
    30
100
AcDbLine
 10
154.9494571812
 20
164.6918199584
 30
0.0
 11
152.2672171812
 21
164.6918199584
 31
0.0
  0
LINE
  5
BC
330
B7
100
AcDbEntity
  8
0
  6
Continuous
 62
     7
370
    30
100
AcDbLine
 10
152.2672171812
 20
164.6918199584
 30
0.0
 11
152.2672171812
 21
162.5338359584
 31
0.0
  0
ENDBLK
  5
BE
330
B7
100
AcDbEntity
  8
0
100
AcDbBlockEnd
  0
BLOCK
  5
C5
330
BF
100
AcDbEntity
  8
0
100
AcDbBlockBegin
  2
SE10
 70
     0
 10
0.0
 20
0.0
 30
0.0
  3
SE10
  1
SE10
  0
LINE
  5
C1
330
BF
100
AcDbEntity
  8
0
  6
Continuous
 62
     7
370
    30
100
AcDbLine
 10
112.8334123812
 20
178.0079223584
 30
0.0
 11
110.1511723812
 21
178.0079223584
 31
0.0
  0
LINE
  5
C2
330
BF
100
AcDbEntity
  8
0
  6
Continuous
 62
     7
370
    30
100
AcDbLine
 10
110.1511723812
 20
178.0079223584
 30
0.0
 11
110.1511723812
 21
175.8499383584
 31
0.0
  0
LINE
  5
C3
330
BF
100
AcDbEntity
  8
0
  6
Continuous
 62
     7
370
    30
100
AcDbLine
 10
110.1511723812
 20
175.8499383584
 30
0.0
 11
112.8334123812
 21
175.8499383584
 31
0.0
  0
LINE
  5
C4
330
BF
100
AcDbEntity
  8
0
  6
Continuous
 62
     7
370
    30
100
AcDbLine
 10
112.8334123812
 20
175.8499383584
 30
0.0
 11
112.8334123812
 21
178.0079223584
 31
0.0
  0
ENDBLK
  5
C6
330
BF
100
AcDbEntity
  8
0
100
AcDbBlockEnd
  0
BLOCK
  5
CD
330
C7
100
AcDbEntity
  8
0
100
AcDbBlockBegin
  2
SE11
 70
     0
 10
0.0
 20
0.0
 30
0.0
  3
SE11
  1
SE11
  0
LINE
  5
C9
330
C7
100
AcDbEntity
  8
0
  6
Continuous
 62
     7
370
    30
100
AcDbLine
 10
107.3665195812
 20
178.0079223584
 30
0.0
 11
104.6842795812
 21
178.0079223584
 31
0.0
  0
LINE
  5
CA
330
C7
100
AcDbEntity
  8
0
  6
Continuous
 62
     7
370
    30
100
AcDbLine
 10
104.6842795812
 20
178.0079223584
 30
0.0
 11
104.6842795812
 21
175.8499383584
 31
0.0
  0
LINE
  5
CB
330
C7
100
AcDbEntity
  8
0
  6
Continuous
 62
     7
370
    30
100
AcDbLine
 10
104.6842795812
 20
175.8499383584
 30
0.0
 11
107.3665195812
 21
175.8499383584
 31
0.0
  0
LINE
  5
CC
330
C7
100
AcDbEntity
  8
0
  6
Continuous
 62
     7
370
    30
100
AcDbLine
 10
107.3665195812
 20
175.8499383584
 30
0.0
 11
107.3665195812
 21
178.0079223584
 31
0.0
  0
ENDBLK
  5
CE
330
C7
100
AcDbEntity
  8
0
100
AcDbBlockEnd
  0
BLOCK
  5
D5
330
CF
100
AcDbEntity
  8
0
100
AcDbBlockBegin
  2
SE12
 70
     0
 10
0.0
 20
0.0
 30
0.0
  3
SE12
  1
SE12
  0
LINE
  5
D1
330
CF
100
AcDbEntity
  8
0
  6
Continuous
 62
     7
370
    30
100
AcDbLine
 10
112.8334123812
 20
183.2724279584
 30
0.0
 11
110.1511723812
 21
183.2724279584
 31
0.0
  0
LINE
  5
D2
330
CF
100
AcDbEntity
  8
0
  6
Continuous
 62
     7
370
    30
100
AcDbLine
 10
110.1511723812
 20
183.2724279584
 30
0.0
 11
110.1511723812
 21
181.1144439584
 31
0.0
  0
LINE
  5
D3
330
CF
100
AcDbEntity
  8
0
  6
Continuous
 62
     7
370
    30
100
AcDbLine
 10
110.1511723812
 20
181.1144439584
 30
0.0
 11
112.8334123812
 21
181.1144439584
 31
0.0
  0
LINE
  5
D4
330
CF
100
AcDbEntity
  8
0
  6
Continuous
 62
     7
370
    30
100
AcDbLine
 10
112.8334123812
 20
181.1144439584
 30
0.0
 11
112.8334123812
 21
183.2724279584
 31
0.0
  0
ENDBLK
  5
D6
330
CF
100
AcDbEntity
  8
0
100
AcDbBlockEnd
  0
BLOCK
  5
DD
330
D7
100
AcDbEntity
  8
0
100
AcDbBlockBegin
  2
SE13
 70
     0
 10
0.0
 20
0.0
 30
0.0
  3
SE13
  1
SE13
  0
LINE
  5
D9
330
D7
100
AcDbEntity
  8
0
  6
Continuous
 62
     7
370
    30
100
AcDbLine
 10
107.3665195812
 20
183.2724279584
 30
0.0
 11
104.6842795812
 21
183.2724279584
 31
0.0
  0
LINE
  5
DA
330
D7
100
AcDbEntity
  8
0
  6
Continuous
 62
     7
370
    30
100
AcDbLine
 10
104.6842795812
 20
183.2724279584
 30
0.0
 11
104.6842795812
 21
181.1144439584
 31
0.0
  0
LINE
  5
DB
330
D7
100
AcDbEntity
  8
0
  6
Continuous
 62
     7
370
    30
100
AcDbLine
 10
104.6842795812
 20
181.1144439584
 30
0.0
 11
107.3665195812
 21
181.1144439584
 31
0.0
  0
LINE
  5
DC
330
D7
100
AcDbEntity
  8
0
  6
Continuous
 62
     7
370
    30
100
AcDbLine
 10
107.3665195812
 20
181.1144439584
 30
0.0
 11
107.3665195812
 21
183.2724279584
 31
0.0
  0
ENDBLK
  5
DE
330
D7
100
AcDbEntity
  8
0
100
AcDbBlockEnd
  0
BLOCK
  5
E5
330
DF
100
AcDbEntity
  8
0
100
AcDbBlockBegin
  2
SE14
 70
     0
 10
0.0
 20
0.0
 30
0.0
  3
SE14
  1
SE14
  0
LINE
  5
E1
330
DF
100
AcDbEntity
  8
0
  6
Continuous
 62
     7
370
    30
100
AcDbLine
 10
146.4906475812
 20
137.7596919584
 30
0.0
 11
149.1728875812
 21
137.7596919584
 31
0.0
  0
LINE
  5
E2
330
DF
100
AcDbEntity
  8
0
  6
Continuous
 62
     7
370
    30
100
AcDbLine
 10
149.1728875812
 20
137.7596919584
 30
0.0
 11
149.1728875812
 21
139.9176759584
 31
0.0
  0
LINE
  5
E3
330
DF
100
AcDbEntity
  8
0
  6
Continuous
 62
     7
370
    30
100
AcDbLine
 10
149.1728875812
 20
139.9176759584
 30
0.0
 11
146.4906475812
 21
139.9176759584
 31
0.0
  0
LINE
  5
E4
330
DF
100
AcDbEntity
  8
0
  6
Continuous
 62
     7
370
    30
100
AcDbLine
 10
146.4906475812
 20
139.9176759584
 30
0.0
 11
146.4906475812
 21
137.7596919584
 31
0.0
  0
ENDBLK
  5
E6
330
DF
100
AcDbEntity
  8
0
100
AcDbBlockEnd
  0
BLOCK
  5
ED
330
E7
100
AcDbEntity
  8
0
100
AcDbBlockBegin
  2
SE15
 70
     0
 10
0.0
 20
0.0
 30
0.0
  3
SE15
  1
SE15
  0
LINE
  5
E9
330
E7
100
AcDbEntity
  8
0
  6
Continuous
 62
     7
370
    30
100
AcDbLine
 10
151.9575403812
 20
137.7596919584
 30
0.0
 11
154.6397803812
 21
137.7596919584
 31
0.0
  0
LINE
  5
EA
330
E7
100
AcDbEntity
  8
0
  6
Continuous
 62
     7
370
    30
100
AcDbLine
 10
154.6397803812
 20
137.7596919584
 30
0.0
 11
154.6397803812
 21
139.9176759584
 31
0.0
  0
LINE
  5
EB
330
E7
100
AcDbEntity
  8
0
  6
Continuous
 62
     7
370
    30
100
AcDbLine
 10
154.6397803812
 20
139.9176759584
 30
0.0
 11
151.9575403812
 21
139.9176759584
 31
0.0
  0
LINE
  5
EC
330
E7
100
AcDbEntity
  8
0
  6
Continuous
 62
     7
370
    30
100
AcDbLine
 10
151.9575403812
 20
139.9176759584
 30
0.0
 11
151.9575403812
 21
137.7596919584
 31
0.0
  0
ENDBLK
  5
EE
330
E7
100
AcDbEntity
  8
0
100
AcDbBlockEnd
  0
BLOCK
  5
F5
330
EF
100
AcDbEntity
  8
0
100
AcDbBlockBegin
  2
SE16
 70
     0
 10
0.0
 20
0.0
 30
0.0
  3
SE16
  1
SE16
  0
LINE
  5
F1
330
EF
100
AcDbEntity
  8
0
  6
Continuous
 62
     7
370
    30
100
AcDbLine
 10
146.4906475812
 20
132.8048631584
 30
0.0
 11
149.1728875812
 21
132.8048631584
 31
0.0
  0
LINE
  5
F2
330
EF
100
AcDbEntity
  8
0
  6
Continuous
 62
     7
370
    30
100
AcDbLine
 10
149.1728875812
 20
132.8048631584
 30
0.0
 11
149.1728875812
 21
134.9628471584
 31
0.0
  0
LINE
  5
F3
330
EF
100
AcDbEntity
  8
0
  6
Continuous
 62
     7
370
    30
100
AcDbLine
 10
149.1728875812
 20
134.9628471584
 30
0.0
 11
146.4906475812
 21
134.9628471584
 31
0.0
  0
LINE
  5
F4
330
EF
100
AcDbEntity
  8
0
  6
Continuous
 62
     7
370
    30
100
AcDbLine
 10
146.4906475812
 20
134.9628471584
 30
0.0
 11
146.4906475812
 21
132.8048631584
 31
0.0
  0
ENDBLK
  5
F6
330
EF
100
AcDbEntity
  8
0
100
AcDbBlockEnd
  0
BLOCK
  5
FD
330
F7
100
AcDbEntity
  8
0
100
AcDbBlockBegin
  2
SE17
 70
     0
 10
0.0
 20
0.0
 30
0.0
  3
SE17
  1
SE17
  0
LINE
  5
F9
330
F7
100
AcDbEntity
  8
0
  6
Continuous
 62
     7
370
    30
100
AcDbLine
 10
151.9575403812
 20
132.8048631584
 30
0.0
 11
154.6397803812
 21
132.8048631584
 31
0.0
  0
LINE
  5
FA
330
F7
100
AcDbEntity
  8
0
  6
Continuous
 62
     7
370
    30
100
AcDbLine
 10
154.6397803812
 20
132.8048631584
 30
0.0
 11
154.6397803812
 21
134.9628471584
 31
0.0
  0
LINE
  5
FB
330
F7
100
AcDbEntity
  8
0
  6
Continuous
 62
     7
370
    30
100
AcDbLine
 10
154.6397803812
 20
134.9628471584
 30
0.0
 11
151.9575403812
 21
134.9628471584
 31
0.0
  0
LINE
  5
FC
330
F7
100
AcDbEntity
  8
0
  6
Continuous
 62
     7
370
    30
100
AcDbLine
 10
151.9575403812
 20
134.9628471584
 30
0.0
 11
151.9575403812
 21
132.8048631584
 31
0.0
  0
ENDBLK
  5
FE
330
F7
100
AcDbEntity
  8
0
100
AcDbBlockEnd
  0
BLOCK
  5
105
330
FF
100
AcDbEntity
  8
0
100
AcDbBlockBegin
  2
SE18
 70
     0
 10
0.0
 20
0.0
 30
0.0
  3
SE18
  1
SE18
  0
LINE
  5
101
330
FF
100
AcDbEntity
  8
0
  6
Continuous
 62
     7
370
    30
100
AcDbLine
 10
112.8334123812
 20
173.3627703584
 30
0.0
 11
110.1511723812
 21
173.3627703584
 31
0.0
  0
LINE
  5
102
330
FF
100
AcDbEntity
  8
0
  6
Continuous
 62
     7
370
    30
100
AcDbLine
 10
110.1511723812
 20
173.3627703584
 30
0.0
 11
110.1511723812
 21
171.2047863584
 31
0.0
  0
LINE
  5
103
330
FF
100
AcDbEntity
  8
0
  6
Continuous
 62
     7
370
    30
100
AcDbLine
 10
110.1511723812
 20
171.2047863584
 30
0.0
 11
112.8334123812
 21
171.2047863584
 31
0.0
  0
LINE
  5
104
330
FF
100
AcDbEntity
  8
0
  6
Continuous
 62
     7
370
    30
100
AcDbLine
 10
112.8334123812
 20
171.2047863584
 30
0.0
 11
112.8334123812
 21
173.3627703584
 31
0.0
  0
ENDBLK
  5
106
330
FF
100
AcDbEntity
  8
0
100
AcDbBlockEnd
  0
BLOCK
  5
10D
330
107
100
AcDbEntity
  8
0
100
AcDbBlockBegin
  2
SE19
 70
     0
 10
0.0
 20
0.0
 30
0.0
  3
SE19
  1
SE19
  0
LINE
  5
109
330
107
100
AcDbEntity
  8
0
  6
Continuous
 62
     7
370
    30
100
AcDbLine
 10
107.3665195812
 20
173.3627703584
 30
0.0
 11
104.6842795812
 21
173.3627703584
 31
0.0
  0
LINE
  5
10A
330
107
100
AcDbEntity
  8
0
  6
Continuous
 62
     7
370
    30
100
AcDbLine
 10
104.6842795812
 20
173.3627703584
 30
0.0
 11
104.6842795812
 21
171.2047863584
 31
0.0
  0
LINE
  5
10B
330
107
100
AcDbEntity
  8
0
  6
Continuous
 62
     7
370
    30
100
AcDbLine
 10
104.6842795812
 20
171.2047863584
 30
0.0
 11
107.3665195812
 21
171.2047863584
 31
0.0
  0
LINE
  5
10C
330
107
100
AcDbEntity
  8
0
  6
Continuous
 62
     7
370
    30
100
AcDbLine
 10
107.3665195812
 20
171.2047863584
 30
0.0
 11
107.3665195812
 21
173.3627703584
 31
0.0
  0
ENDBLK
  5
10E
330
107
100
AcDbEntity
  8
0
100
AcDbBlockEnd
  0
BLOCK
  5
115
330
10F
100
AcDbEntity
  8
0
100
AcDbBlockBegin
  2
SE20
 70
     0
 10
0.0
 20
0.0
 30
0.0
  3
SE20
  1
SE20
  0
LINE
  5
111
330
10F
100
AcDbEntity
  8
0
  6
Continuous
 62
     7
370
    30
100
AcDbLine
 10
146.4906475812
 20
152.6241783584
 30
0.0
 11
149.1728875812
 21
152.6241783584
 31
0.0
  0
LINE
  5
112
330
10F
100
AcDbEntity
  8
0
  6
Continuous
 62
     7
370
    30
100
AcDbLine
 10
149.1728875812
 20
152.6241783584
 30
0.0
 11
149.1728875812
 21
154.7821623584
 31
0.0
  0
LINE
  5
113
330
10F
100
AcDbEntity
  8
0
  6
Continuous
 62
     7
370
    30
100
AcDbLine
 10
149.1728875812
 20
154.7821623584
 30
0.0
 11
146.4906475812
 21
154.7821623584
 31
0.0
  0
LINE
  5
114
330
10F
100
AcDbEntity
  8
0
  6
Continuous
 62
     7
370
    30
100
AcDbLine
 10
146.4906475812
 20
154.7821623584
 30
0.0
 11
146.4906475812
 21
152.6241783584
 31
0.0
  0
ENDBLK
  5
116
330
10F
100
AcDbEntity
  8
0
100
AcDbBlockEnd
  0
BLOCK
  5
11D
330
117
100
AcDbEntity
  8
0
100
AcDbBlockBegin
  2
SE21
 70
     0
 10
0.0
 20
0.0
 30
0.0
  3
SE21
  1
SE21
  0
LINE
  5
119
330
117
100
AcDbEntity
  8
0
  6
Continuous
 62
     7
370
    30
100
AcDbLine
 10
151.9575403812
 20
152.6241783584
 30
0.0
 11
154.6397803812
 21
152.6241783584
 31
0.0
  0
LINE
  5
11A
330
117
100
AcDbEntity
  8
0
  6
Continuous
 62
     7
370
    30
100
AcDbLine
 10
154.6397803812
 20
152.6241783584
 30
0.0
 11
154.6397803812
 21
154.7821623584
 31
0.0
  0
LINE
  5
11B
330
117
100
AcDbEntity
  8
0
  6
Continuous
 62
     7
370
    30
100
AcDbLine
 10
154.6397803812
 20
154.7821623584
 30
0.0
 11
151.9575403812
 21
154.7821623584
 31
0.0
  0
LINE
  5
11C
330
117
100
AcDbEntity
  8
0
  6
Continuous
 62
     7
370
    30
100
AcDbLine
 10
151.9575403812
 20
154.7821623584
 30
0.0
 11
151.9575403812
 21
152.6241783584
 31
0.0
  0
ENDBLK
  5
11E
330
117
100
AcDbEntity
  8
0
100
AcDbBlockEnd
  0
BLOCK
  5
125
330
11F
100
AcDbEntity
  8
0
100
AcDbBlockBegin
  2
SE22
 70
     0
 10
0.0
 20
0.0
 30
0.0
  3
SE22
  1
SE22
  0
LINE
  5
121
330
11F
100
AcDbEntity
  8
0
  6
Continuous
 62
     7
370
    30
100
AcDbLine
 10
110.3267371812
 20
136.2003351584
 30
0.0
 11
108.0102571812
 21
136.2003351584
 31
0.0
  0
LINE
  5
122
330
11F
100
AcDbEntity
  8
0
  6
Continuous
 62
     7
370
    30
100
AcDbLine
 10
108.0102571812
 20
136.2003351584
 30
0.0
 11
108.0102571812
 21
135.2249751584
 31
0.0
  0
LINE
  5
123
330
11F
100
AcDbEntity
  8
0
  6
Continuous
 62
     7
370
    30
100
AcDbLine
 10
108.0102571812
 20
135.2249751584
 30
0.0
 11
110.3267371812
 21
135.2249751584
 31
0.0
  0
LINE
  5
124
330
11F
100
AcDbEntity
  8
0
  6
Continuous
 62
     7
370
    30
100
AcDbLine
 10
110.3267371812
 20
135.2249751584
 30
0.0
 11
110.3267371812
 21
136.2003351584
 31
0.0
  0
ENDBLK
  5
126
330
11F
100
AcDbEntity
  8
0
100
AcDbBlockEnd
  0
BLOCK
  5
12D
330
127
100
AcDbEntity
  8
0
100
AcDbBlockBegin
  2
SE23
 70
     0
 10
0.0
 20
0.0
 30
0.0
  3
SE23
  1
SE23
  0
LINE
  5
129
330
127
100
AcDbEntity
  8
0
  6
Continuous
 62
     7
370
    30
100
AcDbLine
 10
110.3267371812
 20
134.3715351584
 30
0.0
 11
108.4979371812
 21
134.3715351584
 31
0.0
  0
LINE
  5
12A
330
127
100
AcDbEntity
  8
0
  6
Continuous
 62
     7
370
    30
100
AcDbLine
 10
108.4979371812
 20
134.3715351584
 30
0.0
 11
108.4979371812
 21
133.3961751584
 31
0.0
  0
LINE
  5
12B
330
127
100
AcDbEntity
  8
0
  6
Continuous
 62
     7
370
    30
100
AcDbLine
 10
108.4979371812
 20
133.3961751584
 30
0.0
 11
110.3267371812
 21
133.3961751584
 31
0.0
  0
LINE
  5
12C
330
127
100
AcDbEntity
  8
0
  6
Continuous
 62
     7
370
    30
100
AcDbLine
 10
110.3267371812
 20
133.3961751584
 30
0.0
 11
110.3267371812
 21
134.3715351584
 31
0.0
  0
ENDBLK
  5
12E
330
127
100
AcDbEntity
  8
0
100
AcDbBlockEnd
  0
BLOCK
  5
135
330
12F
100
AcDbEntity
  8
0
100
AcDbBlockBegin
  2
SE24
 70
     0
 10
0.0
 20
0.0
 30
0.0
  3
SE24
  1
SE24
  0
LINE
  5
131
330
12F
100
AcDbEntity
  8
0
  6
Continuous
 62
     7
370
    30
100
AcDbLine
 10
110.3267371812
 20
132.5427351584
 30
0.0
 11
108.0102571812
 21
132.5427351584
 31
0.0
  0
LINE
  5
132
330
12F
100
AcDbEntity
  8
0
  6
Continuous
 62
     7
370
    30
100
AcDbLine
 10
108.0102571812
 20
132.5427351584
 30
0.0
 11
108.0102571812
 21
131.5673751584
 31
0.0
  0
LINE
  5
133
330
12F
100
AcDbEntity
  8
0
  6
Continuous
 62
     7
370
    30
100
AcDbLine
 10
108.0102571812
 20
131.5673751584
 30
0.0
 11
110.3267371812
 21
131.5673751584
 31
0.0
  0
LINE
  5
134
330
12F
100
AcDbEntity
  8
0
  6
Continuous
 62
     7
370
    30
100
AcDbLine
 10
110.3267371812
 20
131.5673751584
 30
0.0
 11
110.3267371812
 21
132.5427351584
 31
0.0
  0
ENDBLK
  5
136
330
12F
100
AcDbEntity
  8
0
100
AcDbBlockEnd
  0
BLOCK
  5
13D
330
137
100
AcDbEntity
  8
0
100
AcDbBlockBegin
  2
SE25
 70
     0
 10
0.0
 20
0.0
 30
0.0
  3
SE25
  1
SE25
  0
LINE
  5
139
330
137
100
AcDbEntity
  8
0
  6
Continuous
 62
     7
370
    30
100
AcDbLine
 10
115.2035371812
 20
135.2859351584
 30
0.0
 11
110.8144171812
 21
135.2859351584
 31
0.0
  0
LINE
  5
13A
330
137
100
AcDbEntity
  8
0
  6
Continuous
 62
     7
370
    30
100
AcDbLine
 10
110.8144171812
 20
135.2859351584
 30
0.0
 11
110.8144171812
 21
132.4817751584
 31
0.0
  0
LINE
  5
13B
330
137
100
AcDbEntity
  8
0
  6
Continuous
 62
     7
370
    30
100
AcDbLine
 10
110.8144171812
 20
132.4817751584
 30
0.0
 11
115.2035371812
 21
132.4817751584
 31
0.0
  0
LINE
  5
13C
330
137
100
AcDbEntity
  8
0
  6
Continuous
 62
     7
370
    30
100
AcDbLine
 10
115.2035371812
 20
132.4817751584
 30
0.0
 11
115.2035371812
 21
135.2859351584
 31
0.0
  0
ENDBLK
  5
13E
330
137
100
AcDbEntity
  8
0
100
AcDbBlockEnd
  0
BLOCK
  5
145
330
13F
100
AcDbEntity
  8
0
100
AcDbBlockBegin
  2
SE26
 70
     0
 10
0.0
 20
0.0
 30
0.0
  3
SE26
  1
SE26
  0
LINE
  5
141
330
13F
100
AcDbEntity
  8
0
  6
Continuous
 62
     7
370
    30
100
AcDbLine
 10
68.9344095012
 20
186.4669757984
 30
0.0
 11
66.4569951012
 21
186.4669757984
 31
0.0
  0
LINE
  5
142
330
13F
100
AcDbEntity
  8
0
  6
Continuous
 62
     7
370
    30
100
AcDbLine
 10
66.4569951012
 20
186.4669757984
 30
0.0
 11
66.4569951012
 21
185.6618161184
 31
0.0
  0
LINE
  5
143
330
13F
100
AcDbEntity
  8
0
  6
Continuous
 62
     7
370
    30
100
AcDbLine
 10
66.4569951012
 20
185.6618161184
 30
0.0
 11
68.9344095012
 21
185.6618161184
 31
0.0
  0
LINE
  5
144
330
13F
100
AcDbEntity
  8
0
  6
Continuous
 62
     7
370
    30
100
AcDbLine
 10
68.9344095012
 20
185.6618161184
 30
0.0
 11
68.9344095012
 21
186.4669757984
 31
0.0
  0
ENDBLK
  5
146
330
13F
100
AcDbEntity
  8
0
100
AcDbBlockEnd
  0
BLOCK
  5
14D
330
147
100
AcDbEntity
  8
0
100
AcDbBlockBegin
  2
SE27
 70
     0
 10
0.0
 20
0.0
 30
0.0
  3
SE27
  1
SE27
  0
LINE
  5
149
330
147
100
AcDbEntity
  8
0
  6
Continuous
 62
     7
370
    30
100
AcDbLine
 10
68.9344095012
 20
184.9185917984
 30
0.0
 11
66.4569951012
 21
184.9185917984
 31
0.0
  0
LINE
  5
14A
330
147
100
AcDbEntity
  8
0
  6
Continuous
 62
     7
370
    30
100
AcDbLine
 10
66.4569951012
 20
184.9185917984
 30
0.0
 11
66.4569951012
 21
184.1134321184
 31
0.0
  0
LINE
  5
14B
330
147
100
AcDbEntity
  8
0
  6
Continuous
 62
     7
370
    30
100
AcDbLine
 10
66.4569951012
 20
184.1134321184
 30
0.0
 11
68.9344095012
 21
184.1134321184
 31
0.0
  0
LINE
  5
14C
330
147
100
AcDbEntity
  8
0
  6
Continuous
 62
     7
370
    30
100
AcDbLine
 10
68.9344095012
 20
184.1134321184
 30
0.0
 11
68.9344095012
 21
184.9185917984
 31
0.0
  0
ENDBLK
  5
14E
330
147
100
AcDbEntity
  8
0
100
AcDbBlockEnd
  0
BLOCK
  5
155
330
14F
100
AcDbEntity
  8
0
100
AcDbBlockBegin
  2
SE28
 70
     0
 10
0.0
 20
0.0
 30
0.0
  3
SE28
  1
SE28
  0
LINE
  5
151
330
14F
100
AcDbEntity
  8
0
  6
Continuous
 62
     7
370
    30
100
AcDbLine
 10
68.9344095012
 20
183.3702077984
 30
0.0
 11
66.4569951012
 21
183.3702077984
 31
0.0
  0
LINE
  5
152
330
14F
100
AcDbEntity
  8
0
  6
Continuous
 62
     7
370
    30
100
AcDbLine
 10
66.4569951012
 20
183.3702077984
 30
0.0
 11
66.4569951012
 21
182.5650481184
 31
0.0
  0
LINE
  5
153
330
14F
100
AcDbEntity
  8
0
  6
Continuous
 62
     7
370
    30
100
AcDbLine
 10
66.4569951012
 20
182.5650481184
 30
0.0
 11
68.9344095012
 21
182.5650481184
 31
0.0
  0
LINE
  5
154
330
14F
100
AcDbEntity
  8
0
  6
Continuous
 62
     7
370
    30
100
AcDbLine
 10
68.9344095012
 20
182.5650481184
 30
0.0
 11
68.9344095012
 21
183.3702077984
 31
0.0
  0
ENDBLK
  5
156
330
14F
100
AcDbEntity
  8
0
100
AcDbBlockEnd
  0
BLOCK
  5
15D
330
157
100
AcDbEntity
  8
0
100
AcDbBlockBegin
  2
SE29
 70
     0
 10
0.0
 20
0.0
 30
0.0
  3
SE29
  1
SE29
  0
LINE
  5
159
330
157
100
AcDbEntity
  8
0
  6
Continuous
 62
     7
370
    30
100
AcDbLine
 10
68.9344095012
 20
181.8218237984
 30
0.0
 11
66.4569951012
 21
181.8218237984
 31
0.0
  0
LINE
  5
15A
330
157
100
AcDbEntity
  8
0
  6
Continuous
 62
     7
370
    30
100
AcDbLine
 10
66.4569951012
 20
181.8218237984
 30
0.0
 11
66.4569951012
 21
181.0166641184
 31
0.0
  0
LINE
  5
15B
330
157
100
AcDbEntity
  8
0
  6
Continuous
 62
     7
370
    30
100
AcDbLine
 10
66.4569951012
 20
181.0166641184
 30
0.0
 11
68.9344095012
 21
181.0166641184
 31
0.0
  0
LINE
  5
15C
330
157
100
AcDbEntity
  8
0
  6
Continuous
 62
     7
370
    30
100
AcDbLine
 10
68.9344095012
 20
181.0166641184
 30
0.0
 11
68.9344095012
 21
181.8218237984
 31
0.0
  0
ENDBLK
  5
15E
330
157
100
AcDbEntity
  8
0
100
AcDbBlockEnd
  0
BLOCK
  5
165
330
15F
100
AcDbEntity
  8
0
100
AcDbBlockBegin
  2
SE30
 70
     0
 10
0.0
 20
0.0
 30
0.0
  3
SE30
  1
SE30
  0
LINE
  5
161
330
15F
100
AcDbEntity
  8
0
  6
Continuous
 62
     7
370
    30
100
AcDbLine
 10
68.9344095012
 20
180.2734397984
 30
0.0
 11
66.4569951012
 21
180.2734397984
 31
0.0
  0
LINE
  5
162
330
15F
100
AcDbEntity
  8
0
  6
Continuous
 62
     7
370
    30
100
AcDbLine
 10
66.4569951012
 20
180.2734397984
 30
0.0
 11
66.4569951012
 21
179.4682801184
 31
0.0
  0
LINE
  5
163
330
15F
100
AcDbEntity
  8
0
  6
Continuous
 62
     7
370
    30
100
AcDbLine
 10
66.4569951012
 20
179.4682801184
 30
0.0
 11
68.9344095012
 21
179.4682801184
 31
0.0
  0
LINE
  5
164
330
15F
100
AcDbEntity
  8
0
  6
Continuous
 62
     7
370
    30
100
AcDbLine
 10
68.9344095012
 20
179.4682801184
 30
0.0
 11
68.9344095012
 21
180.2734397984
 31
0.0
  0
ENDBLK
  5
166
330
15F
100
AcDbEntity
  8
0
100
AcDbBlockEnd
  0
BLOCK
  5
16D
330
167
100
AcDbEntity
  8
0
100
AcDbBlockBegin
  2
SE31
 70
     0
 10
0.0
 20
0.0
 30
0.0
  3
SE31
  1
SE31
  0
LINE
  5
169
330
167
100
AcDbEntity
  8
0
  6
Continuous
 62
     7
370
    30
100
AcDbLine
 10
68.9344095012
 20
178.7250557984
 30
0.0
 11
66.4569951012
 21
178.7250557984
 31
0.0
  0
LINE
  5
16A
330
167
100
AcDbEntity
  8
0
  6
Continuous
 62
     7
370
    30
100
AcDbLine
 10
66.4569951012
 20
178.7250557984
 30
0.0
 11
66.4569951012
 21
177.9198961184
 31
0.0
  0
LINE
  5
16B
330
167
100
AcDbEntity
  8
0
  6
Continuous
 62
     7
370
    30
100
AcDbLine
 10
66.4569951012
 20
177.9198961184
 30
0.0
 11
68.9344095012
 21
177.9198961184
 31
0.0
  0
LINE
  5
16C
330
167
100
AcDbEntity
  8
0
  6
Continuous
 62
     7
370
    30
100
AcDbLine
 10
68.9344095012
 20
177.9198961184
 30
0.0
 11
68.9344095012
 21
178.7250557984
 31
0.0
  0
ENDBLK
  5
16E
330
167
100
AcDbEntity
  8
0
100
AcDbBlockEnd
  0
BLOCK
  5
175
330
16F
100
AcDbEntity
  8
0
100
AcDbBlockBegin
  2
SE32
 70
     0
 10
0.0
 20
0.0
 30
0.0
  3
SE32
  1
SE32
  0
LINE
  5
171
330
16F
100
AcDbEntity
  8
0
  6
Continuous
 62
     7
370
    30
100
AcDbLine
 10
68.9344095012
 20
177.1766717984
 30
0.0
 11
66.4569951012
 21
177.1766717984
 31
0.0
  0
LINE
  5
172
330
16F
100
AcDbEntity
  8
0
  6
Continuous
 62
     7
370
    30
100
AcDbLine
 10
66.4569951012
 20
177.1766717984
 30
0.0
 11
66.4569951012
 21
176.3715121184
 31
0.0
  0
LINE
  5
173
330
16F
100
AcDbEntity
  8
0
  6
Continuous
 62
     7
370
    30
100
AcDbLine
 10
66.4569951012
 20
176.3715121184
 30
0.0
 11
68.9344095012
 21
176.3715121184
 31
0.0
  0
LINE
  5
174
330
16F
100
AcDbEntity
  8
0
  6
Continuous
 62
     7
370
    30
100
AcDbLine
 10
68.9344095012
 20
176.3715121184
 30
0.0
 11
68.9344095012
 21
177.1766717984
 31
0.0
  0
ENDBLK
  5
176
330
16F
100
AcDbEntity
  8
0
100
AcDbBlockEnd
  0
BLOCK
  5
17D
330
177
100
AcDbEntity
  8
0
100
AcDbBlockBegin
  2
SE33
 70
     0
 10
0.0
 20
0.0
 30
0.0
  3
SE33
  1
SE33
  0
LINE
  5
179
330
177
100
AcDbEntity
  8
0
  6
Continuous
 62
     7
370
    30
100
AcDbLine
 10
68.9344095012
 20
175.6282877984
 30
0.0
 11
66.4569951012
 21
175.6282877984
 31
0.0
  0
LINE
  5
17A
330
177
100
AcDbEntity
  8
0
  6
Continuous
 62
     7
370
    30
100
AcDbLine
 10
66.4569951012
 20
175.6282877984
 30
0.0
 11
66.4569951012
 21
174.8231281184
 31
0.0
  0
LINE
  5
17B
330
177
100
AcDbEntity
  8
0
  6
Continuous
 62
     7
370
    30
100
AcDbLine
 10
66.4569951012
 20
174.8231281184
 30
0.0
 11
68.9344095012
 21
174.8231281184
 31
0.0
  0
LINE
  5
17C
330
177
100
AcDbEntity
  8
0
  6
Continuous
 62
     7
370
    30
100
AcDbLine
 10
68.9344095012
 20
174.8231281184
 30
0.0
 11
68.9344095012
 21
175.6282877984
 31
0.0
  0
ENDBLK
  5
17E
330
177
100
AcDbEntity
  8
0
100
AcDbBlockEnd
  0
BLOCK
  5
185
330
17F
100
AcDbEntity
  8
0
100
AcDbBlockBegin
  2
SE34
 70
     0
 10
0.0
 20
0.0
 30
0.0
  3
SE34
  1
SE34
  0
LINE
  5
181
330
17F
100
AcDbEntity
  8
0
  6
Continuous
 62
     7
370
    30
100
AcDbLine
 10
76.4285880612
 20
175.6282877984
 30
0.0
 11
73.9511736612
 21
175.6282877984
 31
0.0
  0
LINE
  5
182
330
17F
100
AcDbEntity
  8
0
  6
Continuous
 62
     7
370
    30
100
AcDbLine
 10
73.9511736612
 20
175.6282877984
 30
0.0
 11
73.9511736612
 21
174.8231281184
 31
0.0
  0
LINE
  5
183
330
17F
100
AcDbEntity
  8
0
  6
Continuous
 62
     7
370
    30
100
AcDbLine
 10
73.9511736612
 20
174.8231281184
 30
0.0
 11
76.4285880612
 21
174.8231281184
 31
0.0
  0
LINE
  5
184
330
17F
100
AcDbEntity
  8
0
  6
Continuous
 62
     7
370
    30
100
AcDbLine
 10
76.4285880612
 20
174.8231281184
 30
0.0
 11
76.4285880612
 21
175.6282877984
 31
0.0
  0
ENDBLK
  5
186
330
17F
100
AcDbEntity
  8
0
100
AcDbBlockEnd
  0
BLOCK
  5
18D
330
187
100
AcDbEntity
  8
0
100
AcDbBlockBegin
  2
SE35
 70
     0
 10
0.0
 20
0.0
 30
0.0
  3
SE35
  1
SE35
  0
LINE
  5
189
330
187
100
AcDbEntity
  8
0
  6
Continuous
 62
     7
370
    30
100
AcDbLine
 10
76.4285880612
 20
177.1766717984
 30
0.0
 11
73.9511736612
 21
177.1766717984
 31
0.0
  0
LINE
  5
18A
330
187
100
AcDbEntity
  8
0
  6
Continuous
 62
     7
370
    30
100
AcDbLine
 10
73.9511736612
 20
177.1766717984
 30
0.0
 11
73.9511736612
 21
176.3715121184
 31
0.0
  0
LINE
  5
18B
330
187
100
AcDbEntity
  8
0
  6
Continuous
 62
     7
370
    30
100
AcDbLine
 10
73.9511736612
 20
176.3715121184
 30
0.0
 11
76.4285880612
 21
176.3715121184
 31
0.0
  0
LINE
  5
18C
330
187
100
AcDbEntity
  8
0
  6
Continuous
 62
     7
370
    30
100
AcDbLine
 10
76.4285880612
 20
176.3715121184
 30
0.0
 11
76.4285880612
 21
177.1766717984
 31
0.0
  0
ENDBLK
  5
18E
330
187
100
AcDbEntity
  8
0
100
AcDbBlockEnd
  0
BLOCK
  5
195
330
18F
100
AcDbEntity
  8
0
100
AcDbBlockBegin
  2
SE36
 70
     0
 10
0.0
 20
0.0
 30
0.0
  3
SE36
  1
SE36
  0
LINE
  5
191
330
18F
100
AcDbEntity
  8
0
  6
Continuous
 62
     7
370
    30
100
AcDbLine
 10
76.4285880612
 20
178.7250557984
 30
0.0
 11
73.9511736612
 21
178.7250557984
 31
0.0
  0
LINE
  5
192
330
18F
100
AcDbEntity
  8
0
  6
Continuous
 62
     7
370
    30
100
AcDbLine
 10
73.9511736612
 20
178.7250557984
 30
0.0
 11
73.9511736612
 21
177.9198961184
 31
0.0
  0
LINE
  5
193
330
18F
100
AcDbEntity
  8
0
  6
Continuous
 62
     7
370
    30
100
AcDbLine
 10
73.9511736612
 20
177.9198961184
 30
0.0
 11
76.4285880612
 21
177.9198961184
 31
0.0
  0
LINE
  5
194
330
18F
100
AcDbEntity
  8
0
  6
Continuous
 62
     7
370
    30
100
AcDbLine
 10
76.4285880612
 20
177.9198961184
 30
0.0
 11
76.4285880612
 21
178.7250557984
 31
0.0
  0
ENDBLK
  5
196
330
18F
100
AcDbEntity
  8
0
100
AcDbBlockEnd
  0
BLOCK
  5
19D
330
197
100
AcDbEntity
  8
0
100
AcDbBlockBegin
  2
SE37
 70
     0
 10
0.0
 20
0.0
 30
0.0
  3
SE37
  1
SE37
  0
LINE
  5
199
330
197
100
AcDbEntity
  8
0
  6
Continuous
 62
     7
370
    30
100
AcDbLine
 10
76.4285880612
 20
180.2734397984
 30
0.0
 11
73.9511736612
 21
180.2734397984
 31
0.0
  0
LINE
  5
19A
330
197
100
AcDbEntity
  8
0
  6
Continuous
 62
     7
370
    30
100
AcDbLine
 10
73.9511736612
 20
180.2734397984
 30
0.0
 11
73.9511736612
 21
179.4682801184
 31
0.0
  0
LINE
  5
19B
330
197
100
AcDbEntity
  8
0
  6
Continuous
 62
     7
370
    30
100
AcDbLine
 10
73.9511736612
 20
179.4682801184
 30
0.0
 11
76.4285880612
 21
179.4682801184
 31
0.0
  0
LINE
  5
19C
330
197
100
AcDbEntity
  8
0
  6
Continuous
 62
     7
370
    30
100
AcDbLine
 10
76.4285880612
 20
179.4682801184
 30
0.0
 11
76.4285880612
 21
180.2734397984
 31
0.0
  0
ENDBLK
  5
19E
330
197
100
AcDbEntity
  8
0
100
AcDbBlockEnd
  0
BLOCK
  5
1A5
330
19F
100
AcDbEntity
  8
0
100
AcDbBlockBegin
  2
SE38
 70
     0
 10
0.0
 20
0.0
 30
0.0
  3
SE38
  1
SE38
  0
LINE
  5
1A1
330
19F
100
AcDbEntity
  8
0
  6
Continuous
 62
     7
370
    30
100
AcDbLine
 10
76.4285880612
 20
181.8218237984
 30
0.0
 11
73.9511736612
 21
181.8218237984
 31
0.0
  0
LINE
  5
1A2
330
19F
100
AcDbEntity
  8
0
  6
Continuous
 62
     7
370
    30
100
AcDbLine
 10
73.9511736612
 20
181.8218237984
 30
0.0
 11
73.9511736612
 21
181.0166641184
 31
0.0
  0
LINE
  5
1A3
330
19F
100
AcDbEntity
  8
0
  6
Continuous
 62
     7
370
    30
100
AcDbLine
 10
73.9511736612
 20
181.0166641184
 30
0.0
 11
76.4285880612
 21
181.0166641184
 31
0.0
  0
LINE
  5
1A4
330
19F
100
AcDbEntity
  8
0
  6
Continuous
 62
     7
370
    30
100
AcDbLine
 10
76.4285880612
 20
181.0166641184
 30
0.0
 11
76.4285880612
 21
181.8218237984
 31
0.0
  0
ENDBLK
  5
1A6
330
19F
100
AcDbEntity
  8
0
100
AcDbBlockEnd
  0
BLOCK
  5
1AD
330
1A7
100
AcDbEntity
  8
0
100
AcDbBlockBegin
  2
SE39
 70
     0
 10
0.0
 20
0.0
 30
0.0
  3
SE39
  1
SE39
  0
LINE
  5
1A9
330
1A7
100
AcDbEntity
  8
0
  6
Continuous
 62
     7
370
    30
100
AcDbLine
 10
76.4285880612
 20
183.3702077984
 30
0.0
 11
73.9511736612
 21
183.3702077984
 31
0.0
  0
LINE
  5
1AA
330
1A7
100
AcDbEntity
  8
0
  6
Continuous
 62
     7
370
    30
100
AcDbLine
 10
73.9511736612
 20
183.3702077984
 30
0.0
 11
73.9511736612
 21
182.5650481184
 31
0.0
  0
LINE
  5
1AB
330
1A7
100
AcDbEntity
  8
0
  6
Continuous
 62
     7
370
    30
100
AcDbLine
 10
73.9511736612
 20
182.5650481184
 30
0.0
 11
76.4285880612
 21
182.5650481184
 31
0.0
  0
LINE
  5
1AC
330
1A7
100
AcDbEntity
  8
0
  6
Continuous
 62
     7
370
    30
100
AcDbLine
 10
76.4285880612
 20
182.5650481184
 30
0.0
 11
76.4285880612
 21
183.3702077984
 31
0.0
  0
ENDBLK
  5
1AE
330
1A7
100
AcDbEntity
  8
0
100
AcDbBlockEnd
  0
BLOCK
  5
1B5
330
1AF
100
AcDbEntity
  8
0
100
AcDbBlockBegin
  2
SE40
 70
     0
 10
0.0
 20
0.0
 30
0.0
  3
SE40
  1
SE40
  0
LINE
  5
1B1
330
1AF
100
AcDbEntity
  8
0
  6
Continuous
 62
     7
370
    30
100
AcDbLine
 10
76.4285880612
 20
184.9185917984
 30
0.0
 11
73.9511736612
 21
184.9185917984
 31
0.0
  0
LINE
  5
1B2
330
1AF
100
AcDbEntity
  8
0
  6
Continuous
 62
     7
370
    30
100
AcDbLine
 10
73.9511736612
 20
184.9185917984
 30
0.0
 11
73.9511736612
 21
184.1134321184
 31
0.0
  0
LINE
  5
1B3
330
1AF
100
AcDbEntity
  8
0
  6
Continuous
 62
     7
370
    30
100
AcDbLine
 10
73.9511736612
 20
184.1134321184
 30
0.0
 11
76.4285880612
 21
184.1134321184
 31
0.0
  0
LINE
  5
1B4
330
1AF
100
AcDbEntity
  8
0
  6
Continuous
 62
     7
370
    30
100
AcDbLine
 10
76.4285880612
 20
184.1134321184
 30
0.0
 11
76.4285880612
 21
184.9185917984
 31
0.0
  0
ENDBLK
  5
1B6
330
1AF
100
AcDbEntity
  8
0
100
AcDbBlockEnd
  0
BLOCK
  5
1BD
330
1B7
100
AcDbEntity
  8
0
100
AcDbBlockBegin
  2
SE41
 70
     0
 10
0.0
 20
0.0
 30
0.0
  3
SE41
  1
SE41
  0
LINE
  5
1B9
330
1B7
100
AcDbEntity
  8
0
  6
Continuous
 62
     7
370
    30
100
AcDbLine
 10
76.4285880612
 20
186.4669757984
 30
0.0
 11
73.9511736612
 21
186.4669757984
 31
0.0
  0
LINE
  5
1BA
330
1B7
100
AcDbEntity
  8
0
  6
Continuous
 62
     7
370
    30
100
AcDbLine
 10
73.9511736612
 20
186.4669757984
 30
0.0
 11
73.9511736612
 21
185.6618161184
 31
0.0
  0
LINE
  5
1BB
330
1B7
100
AcDbEntity
  8
0
  6
Continuous
 62
     7
370
    30
100
AcDbLine
 10
73.9511736612
 20
185.6618161184
 30
0.0
 11
76.4285880612
 21
185.6618161184
 31
0.0
  0
LINE
  5
1BC
330
1B7
100
AcDbEntity
  8
0
  6
Continuous
 62
     7
370
    30
100
AcDbLine
 10
76.4285880612
 20
185.6618161184
 30
0.0
 11
76.4285880612
 21
186.4669757984
 31
0.0
  0
ENDBLK
  5
1BE
330
1B7
100
AcDbEntity
  8
0
100
AcDbBlockEnd
  0
BLOCK
  5
1C5
330
1BF
100
AcDbEntity
  8
0
100
AcDbBlockBegin
  2
SE42
 70
     0
 10
0.0
 20
0.0
 30
0.0
  3
SE42
  1
SE42
  0
LINE
  5
1C1
330
1BF
100
AcDbEntity
  8
0
  6
Continuous
 62
     7
370
    30
100
AcDbLine
 10
145.2019531812
 20
173.9577399584
 30
0.0
 11
145.2019531812
 21
176.6399799584
 31
0.0
  0
LINE
  5
1C2
330
1BF
100
AcDbEntity
  8
0
  6
Continuous
 62
     7
370
    30
100
AcDbLine
 10
145.2019531812
 20
176.6399799584
 30
0.0
 11
144.4704331812
 21
176.6399799584
 31
0.0
  0
LINE
  5
1C3
330
1BF
100
AcDbEntity
  8
0
  6
Continuous
 62
     7
370
    30
100
AcDbLine
 10
144.4704331812
 20
176.6399799584
 30
0.0
 11
144.4704331812
 21
173.9577399584
 31
0.0
  0
LINE
  5
1C4
330
1BF
100
AcDbEntity
  8
0
  6
Continuous
 62
     7
370
    30
100
AcDbLine
 10
144.4704331812
 20
173.9577399584
 30
0.0
 11
145.2019531812
 21
173.9577399584
 31
0.0
  0
ENDBLK
  5
1C6
330
1BF
100
AcDbEntity
  8
0
100
AcDbBlockEnd
  0
BLOCK
  5
1CD
330
1C7
100
AcDbEntity
  8
0
100
AcDbBlockBegin
  2
SE43
 70
     0
 10
0.0
 20
0.0
 30
0.0
  3
SE43
  1
SE43
  0
LINE
  5
1C9
330
1C7
100
AcDbEntity
  8
0
  6
Continuous
 62
     7
370
    30
100
AcDbLine
 10
143.6535691812
 20
173.9577399584
 30
0.0
 11
143.6535691812
 21
176.6399799584
 31
0.0
  0
LINE
  5
1CA
330
1C7
100
AcDbEntity
  8
0
  6
Continuous
 62
     7
370
    30
100
AcDbLine
 10
143.6535691812
 20
176.6399799584
 30
0.0
 11
142.9220491812
 21
176.6399799584
 31
0.0
  0
LINE
  5
1CB
330
1C7
100
AcDbEntity
  8
0
  6
Continuous
 62
     7
370
    30
100
AcDbLine
 10
142.9220491812
 20
176.6399799584
 30
0.0
 11
142.9220491812
 21
173.9577399584
 31
0.0
  0
LINE
  5
1CC
330
1C7
100
AcDbEntity
  8
0
  6
Continuous
 62
     7
370
    30
100
AcDbLine
 10
142.9220491812
 20
173.9577399584
 30
0.0
 11
143.6535691812
 21
173.9577399584
 31
0.0
  0
ENDBLK
  5
1CE
330
1C7
100
AcDbEntity
  8
0
100
AcDbBlockEnd
  0
BLOCK
  5
1D5
330
1CF
100
AcDbEntity
  8
0
100
AcDbBlockBegin
  2
SE44
 70
     0
 10
0.0
 20
0.0
 30
0.0
  3
SE44
  1
SE44
  0
LINE
  5
1D1
330
1CF
100
AcDbEntity
  8
0
  6
Continuous
 62
     7
370
    30
100
AcDbLine
 10
142.1051851812
 20
173.9577399584
 30
0.0
 11
142.1051851812
 21
176.6399799584
 31
0.0
  0
LINE
  5
1D2
330
1CF
100
AcDbEntity
  8
0
  6
Continuous
 62
     7
370
    30
100
AcDbLine
 10
142.1051851812
 20
176.6399799584
 30
0.0
 11
141.3736651812
 21
176.6399799584
 31
0.0
  0
LINE
  5
1D3
330
1CF
100
AcDbEntity
  8
0
  6
Continuous
 62
     7
370
    30
100
AcDbLine
 10
141.3736651812
 20
176.6399799584
 30
0.0
 11
141.3736651812
 21
173.9577399584
 31
0.0
  0
LINE
  5
1D4
330
1CF
100
AcDbEntity
  8
0
  6
Continuous
 62
     7
370
    30
100
AcDbLine
 10
141.3736651812
 20
173.9577399584
 30
0.0
 11
142.1051851812
 21
173.9577399584
 31
0.0
  0
ENDBLK
  5
1D6
330
1CF
100
AcDbEntity
  8
0
100
AcDbBlockEnd
  0
BLOCK
  5
1DD
330
1D7
100
AcDbEntity
  8
0
100
AcDbBlockBegin
  2
SE45
 70
     0
 10
0.0
 20
0.0
 30
0.0
  3
SE45
  1
SE45
  0
LINE
  5
1D9
330
1D7
100
AcDbEntity
  8
0
  6
Continuous
 62
     7
370
    30
100
AcDbLine
 10
140.5568011812
 20
173.9577399584
 30
0.0
 11
140.5568011812
 21
176.6399799584
 31
0.0
  0
LINE
  5
1DA
330
1D7
100
AcDbEntity
  8
0
  6
Continuous
 62
     7
370
    30
100
AcDbLine
 10
140.5568011812
 20
176.6399799584
 30
0.0
 11
139.8252811812
 21
176.6399799584
 31
0.0
  0
LINE
  5
1DB
330
1D7
100
AcDbEntity
  8
0
  6
Continuous
 62
     7
370
    30
100
AcDbLine
 10
139.8252811812
 20
176.6399799584
 30
0.0
 11
139.8252811812
 21
173.9577399584
 31
0.0
  0
LINE
  5
1DC
330
1D7
100
AcDbEntity
  8
0
  6
Continuous
 62
     7
370
    30
100
AcDbLine
 10
139.8252811812
 20
173.9577399584
 30
0.0
 11
140.5568011812
 21
173.9577399584
 31
0.0
  0
ENDBLK
  5
1DE
330
1D7
100
AcDbEntity
  8
0
100
AcDbBlockEnd
  0
BLOCK
  5
1E5
330
1DF
100
AcDbEntity
  8
0
100
AcDbBlockBegin
  2
SE46
 70
     0
 10
0.0
 20
0.0
 30
0.0
  3
SE46
  1
SE46
  0
LINE
  5
1E1
330
1DF
100
AcDbEntity
  8
0
  6
Continuous
 62
     7
370
    30
100
AcDbLine
 10
140.5568011812
 20
167.6178999584
 30
0.0
 11
140.5568011812
 21
170.3001399584
 31
0.0
  0
LINE
  5
1E2
330
1DF
100
AcDbEntity
  8
0
  6
Continuous
 62
     7
370
    30
100
AcDbLine
 10
140.5568011812
 20
170.3001399584
 30
0.0
 11
139.8252811812
 21
170.3001399584
 31
0.0
  0
LINE
  5
1E3
330
1DF
100
AcDbEntity
  8
0
  6
Continuous
 62
     7
370
    30
100
AcDbLine
 10
139.8252811812
 20
170.3001399584
 30
0.0
 11
139.8252811812
 21
167.6178999584
 31
0.0
  0
LINE
  5
1E4
330
1DF
100
AcDbEntity
  8
0
  6
Continuous
 62
     7
370
    30
100
AcDbLine
 10
139.8252811812
 20
167.6178999584
 30
0.0
 11
140.5568011812
 21
167.6178999584
 31
0.0
  0
ENDBLK
  5
1E6
330
1DF
100
AcDbEntity
  8
0
100
AcDbBlockEnd
  0
BLOCK
  5
1ED
330
1E7
100
AcDbEntity
  8
0
100
AcDbBlockBegin
  2
SE47
 70
     0
 10
0.0
 20
0.0
 30
0.0
  3
SE47
  1
SE47
  0
LINE
  5
1E9
330
1E7
100
AcDbEntity
  8
0
  6
Continuous
 62
     7
370
    30
100
AcDbLine
 10
142.1051851812
 20
167.6178999584
 30
0.0
 11
142.1051851812
 21
170.3001399584
 31
0.0
  0
LINE
  5
1EA
330
1E7
100
AcDbEntity
  8
0
  6
Continuous
 62
     7
370
    30
100
AcDbLine
 10
142.1051851812
 20
170.3001399584
 30
0.0
 11
141.3736651812
 21
170.3001399584
 31
0.0
  0
LINE
  5
1EB
330
1E7
100
AcDbEntity
  8
0
  6
Continuous
 62
     7
370
    30
100
AcDbLine
 10
141.3736651812
 20
170.3001399584
 30
0.0
 11
141.3736651812
 21
167.6178999584
 31
0.0
  0
LINE
  5
1EC
330
1E7
100
AcDbEntity
  8
0
  6
Continuous
 62
     7
370
    30
100
AcDbLine
 10
141.3736651812
 20
167.6178999584
 30
0.0
 11
142.1051851812
 21
167.6178999584
 31
0.0
  0
ENDBLK
  5
1EE
330
1E7
100
AcDbEntity
  8
0
100
AcDbBlockEnd
  0
BLOCK
  5
1F5
330
1EF
100
AcDbEntity
  8
0
100
AcDbBlockBegin
  2
SE48
 70
     0
 10
0.0
 20
0.0
 30
0.0
  3
SE48
  1
SE48
  0
LINE
  5
1F1
330
1EF
100
AcDbEntity
  8
0
  6
Continuous
 62
     7
370
    30
100
AcDbLine
 10
143.6535691812
 20
167.6178999584
 30
0.0
 11
143.6535691812
 21
170.3001399584
 31
0.0
  0
LINE
  5
1F2
330
1EF
100
AcDbEntity
  8
0
  6
Continuous
 62
     7
370
    30
100
AcDbLine
 10
143.6535691812
 20
170.3001399584
 30
0.0
 11
142.9220491812
 21
170.3001399584
 31
0.0
  0
LINE
  5
1F3
330
1EF
100
AcDbEntity
  8
0
  6
Continuous
 62
     7
370
    30
100
AcDbLine
 10
142.9220491812
 20
170.3001399584
 30
0.0
 11
142.9220491812
 21
167.6178999584
 31
0.0
  0
LINE
  5
1F4
330
1EF
100
AcDbEntity
  8
0
  6
Continuous
 62
     7
370
    30
100
AcDbLine
 10
142.9220491812
 20
167.6178999584
 30
0.0
 11
143.6535691812
 21
167.6178999584
 31
0.0
  0
ENDBLK
  5
1F6
330
1EF
100
AcDbEntity
  8
0
100
AcDbBlockEnd
  0
BLOCK
  5
1FD
330
1F7
100
AcDbEntity
  8
0
100
AcDbBlockBegin
  2
SE49
 70
     0
 10
0.0
 20
0.0
 30
0.0
  3
SE49
  1
SE49
  0
LINE
  5
1F9
330
1F7
100
AcDbEntity
  8
0
  6
Continuous
 62
     7
370
    30
100
AcDbLine
 10
145.2019531812
 20
167.6178999584
 30
0.0
 11
145.2019531812
 21
170.3001399584
 31
0.0
  0
LINE
  5
1FA
330
1F7
100
AcDbEntity
  8
0
  6
Continuous
 62
     7
370
    30
100
AcDbLine
 10
145.2019531812
 20
170.3001399584
 30
0.0
 11
144.4704331812
 21
170.3001399584
 31
0.0
  0
LINE
  5
1FB
330
1F7
100
AcDbEntity
  8
0
  6
Continuous
 62
     7
370
    30
100
AcDbLine
 10
144.4704331812
 20
170.3001399584
 30
0.0
 11
144.4704331812
 21
167.6178999584
 31
0.0
  0
LINE
  5
1FC
330
1F7
100
AcDbEntity
  8
0
  6
Continuous
 62
     7
370
    30
100
AcDbLine
 10
144.4704331812
 20
167.6178999584
 30
0.0
 11
145.2019531812
 21
167.6178999584
 31
0.0
  0
ENDBLK
  5
1FE
330
1F7
100
AcDbEntity
  8
0
100
AcDbBlockEnd
  0
BLOCK
  5
205
330
1FF
100
AcDbEntity
  8
0
100
AcDbBlockBegin
  2
SE50
 70
     0
 10
0.0
 20
0.0
 30
0.0
  3
SE50
  1
SE50
  0
LINE
  5
201
330
1FF
100
AcDbEntity
  8
0
  6
Continuous
 62
     7
370
    30
100
AcDbLine
 10
68.9344095012
 20
164.4799229984
 30
0.0
 11
66.4569951012
 21
164.4799229984
 31
0.0
  0
LINE
  5
202
330
1FF
100
AcDbEntity
  8
0
  6
Continuous
 62
     7
370
    30
100
AcDbLine
 10
66.4569951012
 20
164.4799229984
 30
0.0
 11
66.4569951012
 21
163.6747633184
 31
0.0
  0
LINE
  5
203
330
1FF
100
AcDbEntity
  8
0
  6
Continuous
 62
     7
370
    30
100
AcDbLine
 10
66.4569951012
 20
163.6747633184
 30
0.0
 11
68.9344095012
 21
163.6747633184
 31
0.0
  0
LINE
  5
204
330
1FF
100
AcDbEntity
  8
0
  6
Continuous
 62
     7
370
    30
100
AcDbLine
 10
68.9344095012
 20
163.6747633184
 30
0.0
 11
68.9344095012
 21
164.4799229984
 31
0.0
  0
ENDBLK
  5
206
330
1FF
100
AcDbEntity
  8
0
100
AcDbBlockEnd
  0
BLOCK
  5
20D
330
207
100
AcDbEntity
  8
0
100
AcDbBlockBegin
  2
SE51
 70
     0
 10
0.0
 20
0.0
 30
0.0
  3
SE51
  1
SE51
  0
LINE
  5
209
330
207
100
AcDbEntity
  8
0
  6
Continuous
 62
     7
370
    30
100
AcDbLine
 10
68.9344095012
 20
162.9315389984
 30
0.0
 11
66.4569951012
 21
162.9315389984
 31
0.0
  0
LINE
  5
20A
330
207
100
AcDbEntity
  8
0
  6
Continuous
 62
     7
370
    30
100
AcDbLine
 10
66.4569951012
 20
162.9315389984
 30
0.0
 11
66.4569951012
 21
162.1263793184
 31
0.0
  0
LINE
  5
20B
330
207
100
AcDbEntity
  8
0
  6
Continuous
 62
     7
370
    30
100
AcDbLine
 10
66.4569951012
 20
162.1263793184
 30
0.0
 11
68.9344095012
 21
162.1263793184
 31
0.0
  0
LINE
  5
20C
330
207
100
AcDbEntity
  8
0
  6
Continuous
 62
     7
370
    30
100
AcDbLine
 10
68.9344095012
 20
162.1263793184
 30
0.0
 11
68.9344095012
 21
162.9315389984
 31
0.0
  0
ENDBLK
  5
20E
330
207
100
AcDbEntity
  8
0
100
AcDbBlockEnd
  0
BLOCK
  5
215
330
20F
100
AcDbEntity
  8
0
100
AcDbBlockBegin
  2
SE52
 70
     0
 10
0.0
 20
0.0
 30
0.0
  3
SE52
  1
SE52
  0
LINE
  5
211
330
20F
100
AcDbEntity
  8
0
  6
Continuous
 62
     7
370
    30
100
AcDbLine
 10
68.9344095012
 20
161.3831549984
 30
0.0
 11
66.4569951012
 21
161.3831549984
 31
0.0
  0
LINE
  5
212
330
20F
100
AcDbEntity
  8
0
  6
Continuous
 62
     7
370
    30
100
AcDbLine
 10
66.4569951012
 20
161.3831549984
 30
0.0
 11
66.4569951012
 21
160.5779953184
 31
0.0
  0
LINE
  5
213
330
20F
100
AcDbEntity
  8
0
  6
Continuous
 62
     7
370
    30
100
AcDbLine
 10
66.4569951012
 20
160.5779953184
 30
0.0
 11
68.9344095012
 21
160.5779953184
 31
0.0
  0
LINE
  5
214
330
20F
100
AcDbEntity
  8
0
  6
Continuous
 62
     7
370
    30
100
AcDbLine
 10
68.9344095012
 20
160.5779953184
 30
0.0
 11
68.9344095012
 21
161.3831549984
 31
0.0
  0
ENDBLK
  5
216
330
20F
100
AcDbEntity
  8
0
100
AcDbBlockEnd
  0
BLOCK
  5
21D
330
217
100
AcDbEntity
  8
0
100
AcDbBlockBegin
  2
SE53
 70
     0
 10
0.0
 20
0.0
 30
0.0
  3
SE53
  1
SE53
  0
LINE
  5
219
330
217
100
AcDbEntity
  8
0
  6
Continuous
 62
     7
370
    30
100
AcDbLine
 10
68.9344095012
 20
159.8347709984
 30
0.0
 11
66.4569951012
 21
159.8347709984
 31
0.0
  0
LINE
  5
21A
330
217
100
AcDbEntity
  8
0
  6
Continuous
 62
     7
370
    30
100
AcDbLine
 10
66.4569951012
 20
159.8347709984
 30
0.0
 11
66.4569951012
 21
159.0296113184
 31
0.0
  0
LINE
  5
21B
330
217
100
AcDbEntity
  8
0
  6
Continuous
 62
     7
370
    30
100
AcDbLine
 10
66.4569951012
 20
159.0296113184
 30
0.0
 11
68.9344095012
 21
159.0296113184
 31
0.0
  0
LINE
  5
21C
330
217
100
AcDbEntity
  8
0
  6
Continuous
 62
     7
370
    30
100
AcDbLine
 10
68.9344095012
 20
159.0296113184
 30
0.0
 11
68.9344095012
 21
159.8347709984
 31
0.0
  0
ENDBLK
  5
21E
330
217
100
AcDbEntity
  8
0
100
AcDbBlockEnd
  0
BLOCK
  5
225
330
21F
100
AcDbEntity
  8
0
100
AcDbBlockBegin
  2
SE54
 70
     0
 10
0.0
 20
0.0
 30
0.0
  3
SE54
  1
SE54
  0
LINE
  5
221
330
21F
100
AcDbEntity
  8
0
  6
Continuous
 62
     7
370
    30
100
AcDbLine
 10
68.9344095012
 20
158.2863869984
 30
0.0
 11
66.4569951012
 21
158.2863869984
 31
0.0
  0
LINE
  5
222
330
21F
100
AcDbEntity
  8
0
  6
Continuous
 62
     7
370
    30
100
AcDbLine
 10
66.4569951012
 20
158.2863869984
 30
0.0
 11
66.4569951012
 21
157.4812273184
 31
0.0
  0
LINE
  5
223
330
21F
100
AcDbEntity
  8
0
  6
Continuous
 62
     7
370
    30
100
AcDbLine
 10
66.4569951012
 20
157.4812273184
 30
0.0
 11
68.9344095012
 21
157.4812273184
 31
0.0
  0
LINE
  5
224
330
21F
100
AcDbEntity
  8
0
  6
Continuous
 62
     7
370
    30
100
AcDbLine
 10
68.9344095012
 20
157.4812273184
 30
0.0
 11
68.9344095012
 21
158.2863869984
 31
0.0
  0
ENDBLK
  5
226
330
21F
100
AcDbEntity
  8
0
100
AcDbBlockEnd
  0
BLOCK
  5
22D
330
227
100
AcDbEntity
  8
0
100
AcDbBlockBegin
  2
SE55
 70
     0
 10
0.0
 20
0.0
 30
0.0
  3
SE55
  1
SE55
  0
LINE
  5
229
330
227
100
AcDbEntity
  8
0
  6
Continuous
 62
     7
370
    30
100
AcDbLine
 10
68.9344095012
 20
156.7380029984
 30
0.0
 11
66.4569951012
 21
156.7380029984
 31
0.0
  0
LINE
  5
22A
330
227
100
AcDbEntity
  8
0
  6
Continuous
 62
     7
370
    30
100
AcDbLine
 10
66.4569951012
 20
156.7380029984
 30
0.0
 11
66.4569951012
 21
155.9328433184
 31
0.0
  0
LINE
  5
22B
330
227
100
AcDbEntity
  8
0
  6
Continuous
 62
     7
370
    30
100
AcDbLine
 10
66.4569951012
 20
155.9328433184
 30
0.0
 11
68.9344095012
 21
155.9328433184
 31
0.0
  0
LINE
  5
22C
330
227
100
AcDbEntity
  8
0
  6
Continuous
 62
     7
370
    30
100
AcDbLine
 10
68.9344095012
 20
155.9328433184
 30
0.0
 11
68.9344095012
 21
156.7380029984
 31
0.0
  0
ENDBLK
  5
22E
330
227
100
AcDbEntity
  8
0
100
AcDbBlockEnd
  0
BLOCK
  5
235
330
22F
100
AcDbEntity
  8
0
100
AcDbBlockBegin
  2
SE56
 70
     0
 10
0.0
 20
0.0
 30
0.0
  3
SE56
  1
SE56
  0
LINE
  5
231
330
22F
100
AcDbEntity
  8
0
  6
Continuous
 62
     7
370
    30
100
AcDbLine
 10
68.9344095012
 20
155.1896189984
 30
0.0
 11
66.4569951012
 21
155.1896189984
 31
0.0
  0
LINE
  5
232
330
22F
100
AcDbEntity
  8
0
  6
Continuous
 62
     7
370
    30
100
AcDbLine
 10
66.4569951012
 20
155.1896189984
 30
0.0
 11
66.4569951012
 21
154.3844593184
 31
0.0
  0
LINE
  5
233
330
22F
100
AcDbEntity
  8
0
  6
Continuous
 62
     7
370
    30
100
AcDbLine
 10
66.4569951012
 20
154.3844593184
 30
0.0
 11
68.9344095012
 21
154.3844593184
 31
0.0
  0
LINE
  5
234
330
22F
100
AcDbEntity
  8
0
  6
Continuous
 62
     7
370
    30
100
AcDbLine
 10
68.9344095012
 20
154.3844593184
 30
0.0
 11
68.9344095012
 21
155.1896189984
 31
0.0
  0
ENDBLK
  5
236
330
22F
100
AcDbEntity
  8
0
100
AcDbBlockEnd
  0
BLOCK
  5
23D
330
237
100
AcDbEntity
  8
0
100
AcDbBlockBegin
  2
SE57
 70
     0
 10
0.0
 20
0.0
 30
0.0
  3
SE57
  1
SE57
  0
LINE
  5
239
330
237
100
AcDbEntity
  8
0
  6
Continuous
 62
     7
370
    30
100
AcDbLine
 10
68.9344095012
 20
153.6412349984
 30
0.0
 11
66.4569951012
 21
153.6412349984
 31
0.0
  0
LINE
  5
23A
330
237
100
AcDbEntity
  8
0
  6
Continuous
 62
     7
370
    30
100
AcDbLine
 10
66.4569951012
 20
153.6412349984
 30
0.0
 11
66.4569951012
 21
152.8360753184
 31
0.0
  0
LINE
  5
23B
330
237
100
AcDbEntity
  8
0
  6
Continuous
 62
     7
370
    30
100
AcDbLine
 10
66.4569951012
 20
152.8360753184
 30
0.0
 11
68.9344095012
 21
152.8360753184
 31
0.0
  0
LINE
  5
23C
330
237
100
AcDbEntity
  8
0
  6
Continuous
 62
     7
370
    30
100
AcDbLine
 10
68.9344095012
 20
152.8360753184
 30
0.0
 11
68.9344095012
 21
153.6412349984
 31
0.0
  0
ENDBLK
  5
23E
330
237
100
AcDbEntity
  8
0
100
AcDbBlockEnd
  0
BLOCK
  5
245
330
23F
100
AcDbEntity
  8
0
100
AcDbBlockBegin
  2
SE58
 70
     0
 10
0.0
 20
0.0
 30
0.0
  3
SE58
  1
SE58
  0
LINE
  5
241
330
23F
100
AcDbEntity
  8
0
  6
Continuous
 62
     7
370
    30
100
AcDbLine
 10
76.4285880612
 20
153.6412349984
 30
0.0
 11
73.9511736612
 21
153.6412349984
 31
0.0
  0
LINE
  5
242
330
23F
100
AcDbEntity
  8
0
  6
Continuous
 62
     7
370
    30
100
AcDbLine
 10
73.9511736612
 20
153.6412349984
 30
0.0
 11
73.9511736612
 21
152.8360753184
 31
0.0
  0
LINE
  5
243
330
23F
100
AcDbEntity
  8
0
  6
Continuous
 62
     7
370
    30
100
AcDbLine
 10
73.9511736612
 20
152.8360753184
 30
0.0
 11
76.4285880612
 21
152.8360753184
 31
0.0
  0
LINE
  5
244
330
23F
100
AcDbEntity
  8
0
  6
Continuous
 62
     7
370
    30
100
AcDbLine
 10
76.4285880612
 20
152.8360753184
 30
0.0
 11
76.4285880612
 21
153.6412349984
 31
0.0
  0
ENDBLK
  5
246
330
23F
100
AcDbEntity
  8
0
100
AcDbBlockEnd
  0
BLOCK
  5
24D
330
247
100
AcDbEntity
  8
0
100
AcDbBlockBegin
  2
SE59
 70
     0
 10
0.0
 20
0.0
 30
0.0
  3
SE59
  1
SE59
  0
LINE
  5
249
330
247
100
AcDbEntity
  8
0
  6
Continuous
 62
     7
370
    30
100
AcDbLine
 10
76.4285880612
 20
155.1896189984
 30
0.0
 11
73.9511736612
 21
155.1896189984
 31
0.0
  0
LINE
  5
24A
330
247
100
AcDbEntity
  8
0
  6
Continuous
 62
     7
370
    30
100
AcDbLine
 10
73.9511736612
 20
155.1896189984
 30
0.0
 11
73.9511736612
 21
154.3844593184
 31
0.0
  0
LINE
  5
24B
330
247
100
AcDbEntity
  8
0
  6
Continuous
 62
     7
370
    30
100
AcDbLine
 10
73.9511736612
 20
154.3844593184
 30
0.0
 11
76.4285880612
 21
154.3844593184
 31
0.0
  0
LINE
  5
24C
330
247
100
AcDbEntity
  8
0
  6
Continuous
 62
     7
370
    30
100
AcDbLine
 10
76.4285880612
 20
154.3844593184
 30
0.0
 11
76.4285880612
 21
155.1896189984
 31
0.0
  0
ENDBLK
  5
24E
330
247
100
AcDbEntity
  8
0
100
AcDbBlockEnd
  0
BLOCK
  5
255
330
24F
100
AcDbEntity
  8
0
100
AcDbBlockBegin
  2
SE60
 70
     0
 10
0.0
 20
0.0
 30
0.0
  3
SE60
  1
SE60
  0
LINE
  5
251
330
24F
100
AcDbEntity
  8
0
  6
Continuous
 62
     7
370
    30
100
AcDbLine
 10
76.4285880612
 20
156.7380029984
 30
0.0
 11
73.9511736612
 21
156.7380029984
 31
0.0
  0
LINE
  5
252
330
24F
100
AcDbEntity
  8
0
  6
Continuous
 62
     7
370
    30
100
AcDbLine
 10
73.9511736612
 20
156.7380029984
 30
0.0
 11
73.9511736612
 21
155.9328433184
 31
0.0
  0
LINE
  5
253
330
24F
100
AcDbEntity
  8
0
  6
Continuous
 62
     7
370
    30
100
AcDbLine
 10
73.9511736612
 20
155.9328433184
 30
0.0
 11
76.4285880612
 21
155.9328433184
 31
0.0
  0
LINE
  5
254
330
24F
100
AcDbEntity
  8
0
  6
Continuous
 62
     7
370
    30
100
AcDbLine
 10
76.4285880612
 20
155.9328433184
 30
0.0
 11
76.4285880612
 21
156.7380029984
 31
0.0
  0
ENDBLK
  5
256
330
24F
100
AcDbEntity
  8
0
100
AcDbBlockEnd
  0
BLOCK
  5
25D
330
257
100
AcDbEntity
  8
0
100
AcDbBlockBegin
  2
SE61
 70
     0
 10
0.0
 20
0.0
 30
0.0
  3
SE61
  1
SE61
  0
LINE
  5
259
330
257
100
AcDbEntity
  8
0
  6
Continuous
 62
     7
370
    30
100
AcDbLine
 10
76.4285880612
 20
158.2863869984
 30
0.0
 11
73.9511736612
 21
158.2863869984
 31
0.0
  0
LINE
  5
25A
330
257
100
AcDbEntity
  8
0
  6
Continuous
 62
     7
370
    30
100
AcDbLine
 10
73.9511736612
 20
158.2863869984
 30
0.0
 11
73.9511736612
 21
157.4812273184
 31
0.0
  0
LINE
  5
25B
330
257
100
AcDbEntity
  8
0
  6
Continuous
 62
     7
370
    30
100
AcDbLine
 10
73.9511736612
 20
157.4812273184
 30
0.0
 11
76.4285880612
 21
157.4812273184
 31
0.0
  0
LINE
  5
25C
330
257
100
AcDbEntity
  8
0
  6
Continuous
 62
     7
370
    30
100
AcDbLine
 10
76.4285880612
 20
157.4812273184
 30
0.0
 11
76.4285880612
 21
158.2863869984
 31
0.0
  0
ENDBLK
  5
25E
330
257
100
AcDbEntity
  8
0
100
AcDbBlockEnd
  0
BLOCK
  5
265
330
25F
100
AcDbEntity
  8
0
100
AcDbBlockBegin
  2
SE62
 70
     0
 10
0.0
 20
0.0
 30
0.0
  3
SE62
  1
SE62
  0
LINE
  5
261
330
25F
100
AcDbEntity
  8
0
  6
Continuous
 62
     7
370
    30
100
AcDbLine
 10
76.4285880612
 20
159.8347709984
 30
0.0
 11
73.9511736612
 21
159.8347709984
 31
0.0
  0
LINE
  5
262
330
25F
100
AcDbEntity
  8
0
  6
Continuous
 62
     7
370
    30
100
AcDbLine
 10
73.9511736612
 20
159.8347709984
 30
0.0
 11
73.9511736612
 21
159.0296113184
 31
0.0
  0
LINE
  5
263
330
25F
100
AcDbEntity
  8
0
  6
Continuous
 62
     7
370
    30
100
AcDbLine
 10
73.9511736612
 20
159.0296113184
 30
0.0
 11
76.4285880612
 21
159.0296113184
 31
0.0
  0
LINE
  5
264
330
25F
100
AcDbEntity
  8
0
  6
Continuous
 62
     7
370
    30
100
AcDbLine
 10
76.4285880612
 20
159.0296113184
 30
0.0
 11
76.4285880612
 21
159.8347709984
 31
0.0
  0
ENDBLK
  5
266
330
25F
100
AcDbEntity
  8
0
100
AcDbBlockEnd
  0
BLOCK
  5
26D
330
267
100
AcDbEntity
  8
0
100
AcDbBlockBegin
  2
SE63
 70
     0
 10
0.0
 20
0.0
 30
0.0
  3
SE63
  1
SE63
  0
LINE
  5
269
330
267
100
AcDbEntity
  8
0
  6
Continuous
 62
     7
370
    30
100
AcDbLine
 10
76.4285880612
 20
161.3831549984
 30
0.0
 11
73.9511736612
 21
161.3831549984
 31
0.0
  0
LINE
  5
26A
330
267
100
AcDbEntity
  8
0
  6
Continuous
 62
     7
370
    30
100
AcDbLine
 10
73.9511736612
 20
161.3831549984
 30
0.0
 11
73.9511736612
 21
160.5779953184
 31
0.0
  0
LINE
  5
26B
330
267
100
AcDbEntity
  8
0
  6
Continuous
 62
     7
370
    30
100
AcDbLine
 10
73.9511736612
 20
160.5779953184
 30
0.0
 11
76.4285880612
 21
160.5779953184
 31
0.0
  0
LINE
  5
26C
330
267
100
AcDbEntity
  8
0
  6
Continuous
 62
     7
370
    30
100
AcDbLine
 10
76.4285880612
 20
160.5779953184
 30
0.0
 11
76.4285880612
 21
161.3831549984
 31
0.0
  0
ENDBLK
  5
26E
330
267
100
AcDbEntity
  8
0
100
AcDbBlockEnd
  0
BLOCK
  5
275
330
26F
100
AcDbEntity
  8
0
100
AcDbBlockBegin
  2
SE64
 70
     0
 10
0.0
 20
0.0
 30
0.0
  3
SE64
  1
SE64
  0
LINE
  5
271
330
26F
100
AcDbEntity
  8
0
  6
Continuous
 62
     7
370
    30
100
AcDbLine
 10
76.4285880612
 20
162.9315389984
 30
0.0
 11
73.9511736612
 21
162.9315389984
 31
0.0
  0
LINE
  5
272
330
26F
100
AcDbEntity
  8
0
  6
Continuous
 62
     7
370
    30
100
AcDbLine
 10
73.9511736612
 20
162.9315389984
 30
0.0
 11
73.9511736612
 21
162.1263793184
 31
0.0
  0
LINE
  5
273
330
26F
100
AcDbEntity
  8
0
  6
Continuous
 62
     7
370
    30
100
AcDbLine
 10
73.9511736612
 20
162.1263793184
 30
0.0
 11
76.4285880612
 21
162.1263793184
 31
0.0
  0
LINE
  5
274
330
26F
100
AcDbEntity
  8
0
  6
Continuous
 62
     7
370
    30
100
AcDbLine
 10
76.4285880612
 20
162.1263793184
 30
0.0
 11
76.4285880612
 21
162.9315389984
 31
0.0
  0
ENDBLK
  5
276
330
26F
100
AcDbEntity
  8
0
100
AcDbBlockEnd
  0
BLOCK
  5
27D
330
277
100
AcDbEntity
  8
0
100
AcDbBlockBegin
  2
SE65
 70
     0
 10
0.0
 20
0.0
 30
0.0
  3
SE65
  1
SE65
  0
LINE
  5
279
330
277
100
AcDbEntity
  8
0
  6
Continuous
 62
     7
370
    30
100
AcDbLine
 10
76.4285880612
 20
164.4799229984
 30
0.0
 11
73.9511736612
 21
164.4799229984
 31
0.0
  0
LINE
  5
27A
330
277
100
AcDbEntity
  8
0
  6
Continuous
 62
     7
370
    30
100
AcDbLine
 10
73.9511736612
 20
164.4799229984
 30
0.0
 11
73.9511736612
 21
163.6747633184
 31
0.0
  0
LINE
  5
27B
330
277
100
AcDbEntity
  8
0
  6
Continuous
 62
     7
370
    30
100
AcDbLine
 10
73.9511736612
 20
163.6747633184
 30
0.0
 11
76.4285880612
 21
163.6747633184
 31
0.0
  0
LINE
  5
27C
330
277
100
AcDbEntity
  8
0
  6
Continuous
 62
     7
370
    30
100
AcDbLine
 10
76.4285880612
 20
163.6747633184
 30
0.0
 11
76.4285880612
 21
164.4799229984
 31
0.0
  0
ENDBLK
  5
27E
330
277
100
AcDbEntity
  8
0
100
AcDbBlockEnd
  0
BLOCK
  5
285
330
27F
100
AcDbEntity
  8
0
100
AcDbBlockBegin
  2
SE66
 70
     0
 10
0.0
 20
0.0
 30
0.0
  3
SE66
  1
SE66
  0
LINE
  5
281
330
27F
100
AcDbEntity
  8
0
  6
Continuous
 62
     7
370
    30
100
AcDbLine
 10
118.9184395812
 20
146.9463639584
 30
0.0
 11
116.2361995812
 21
146.9463639584
 31
0.0
  0
LINE
  5
282
330
27F
100
AcDbEntity
  8
0
  6
Continuous
 62
     7
370
    30
100
AcDbLine
 10
116.2361995812
 20
146.9463639584
 30
0.0
 11
116.2361995812
 21
146.2148439584
 31
0.0
  0
LINE
  5
283
330
27F
100
AcDbEntity
  8
0
  6
Continuous
 62
     7
370
    30
100
AcDbLine
 10
116.2361995812
 20
146.2148439584
 30
0.0
 11
118.9184395812
 21
146.2148439584
 31
0.0
  0
LINE
  5
284
330
27F
100
AcDbEntity
  8
0
  6
Continuous
 62
     7
370
    30
100
AcDbLine
 10
118.9184395812
 20
146.2148439584
 30
0.0
 11
118.9184395812
 21
146.9463639584
 31
0.0
  0
ENDBLK
  5
286
330
27F
100
AcDbEntity
  8
0
100
AcDbBlockEnd
  0
BLOCK
  5
28D
330
287
100
AcDbEntity
  8
0
100
AcDbBlockBegin
  2
SE67
 70
     0
 10
0.0
 20
0.0
 30
0.0
  3
SE67
  1
SE67
  0
LINE
  5
289
330
287
100
AcDbEntity
  8
0
  6
Continuous
 62
     7
370
    30
100
AcDbLine
 10
118.9184395812
 20
145.3979799584
 30
0.0
 11
116.2361995812
 21
145.3979799584
 31
0.0
  0
LINE
  5
28A
330
287
100
AcDbEntity
  8
0
  6
Continuous
 62
     7
370
    30
100
AcDbLine
 10
116.2361995812
 20
145.3979799584
 30
0.0
 11
116.2361995812
 21
144.6664599584
 31
0.0
  0
LINE
  5
28B
330
287
100
AcDbEntity
  8
0
  6
Continuous
 62
     7
370
    30
100
AcDbLine
 10
116.2361995812
 20
144.6664599584
 30
0.0
 11
118.9184395812
 21
144.6664599584
 31
0.0
  0
LINE
  5
28C
330
287
100
AcDbEntity
  8
0
  6
Continuous
 62
     7
370
    30
100
AcDbLine
 10
118.9184395812
 20
144.6664599584
 30
0.0
 11
118.9184395812
 21
145.3979799584
 31
0.0
  0
ENDBLK
  5
28E
330
287
100
AcDbEntity
  8
0
100
AcDbBlockEnd
  0
BLOCK
  5
295
330
28F
100
AcDbEntity
  8
0
100
AcDbBlockBegin
  2
SE68
 70
     0
 10
0.0
 20
0.0
 30
0.0
  3
SE68
  1
SE68
  0
LINE
  5
291
330
28F
100
AcDbEntity
  8
0
  6
Continuous
 62
     7
370
    30
100
AcDbLine
 10
118.9184395812
 20
143.8495959584
 30
0.0
 11
116.2361995812
 21
143.8495959584
 31
0.0
  0
LINE
  5
292
330
28F
100
AcDbEntity
  8
0
  6
Continuous
 62
     7
370
    30
100
AcDbLine
 10
116.2361995812
 20
143.8495959584
 30
0.0
 11
116.2361995812
 21
143.1180759584
 31
0.0
  0
LINE
  5
293
330
28F
100
AcDbEntity
  8
0
  6
Continuous
 62
     7
370
    30
100
AcDbLine
 10
116.2361995812
 20
143.1180759584
 30
0.0
 11
118.9184395812
 21
143.1180759584
 31
0.0
  0
LINE
  5
294
330
28F
100
AcDbEntity
  8
0
  6
Continuous
 62
     7
370
    30
100
AcDbLine
 10
118.9184395812
 20
143.1180759584
 30
0.0
 11
118.9184395812
 21
143.8495959584
 31
0.0
  0
ENDBLK
  5
296
330
28F
100
AcDbEntity
  8
0
100
AcDbBlockEnd
  0
BLOCK
  5
29D
330
297
100
AcDbEntity
  8
0
100
AcDbBlockBegin
  2
SE69
 70
     0
 10
0.0
 20
0.0
 30
0.0
  3
SE69
  1
SE69
  0
LINE
  5
299
330
297
100
AcDbEntity
  8
0
  6
Continuous
 62
     7
370
    30
100
AcDbLine
 10
118.9184395812
 20
142.3012119584
 30
0.0
 11
116.2361995812
 21
142.3012119584
 31
0.0
  0
LINE
  5
29A
330
297
100
AcDbEntity
  8
0
  6
Continuous
 62
     7
370
    30
100
AcDbLine
 10
116.2361995812
 20
142.3012119584
 30
0.0
 11
116.2361995812
 21
141.5696919584
 31
0.0
  0
LINE
  5
29B
330
297
100
AcDbEntity
  8
0
  6
Continuous
 62
     7
370
    30
100
AcDbLine
 10
116.2361995812
 20
141.5696919584
 30
0.0
 11
118.9184395812
 21
141.5696919584
 31
0.0
  0
LINE
  5
29C
330
297
100
AcDbEntity
  8
0
  6
Continuous
 62
     7
370
    30
100
AcDbLine
 10
118.9184395812
 20
141.5696919584
 30
0.0
 11
118.9184395812
 21
142.3012119584
 31
0.0
  0
ENDBLK
  5
29E
330
297
100
AcDbEntity
  8
0
100
AcDbBlockEnd
  0
BLOCK
  5
2A5
330
29F
100
AcDbEntity
  8
0
100
AcDbBlockBegin
  2
SE70
 70
     0
 10
0.0
 20
0.0
 30
0.0
  3
SE70
  1
SE70
  0
LINE
  5
2A1
330
29F
100
AcDbEntity
  8
0
  6
Continuous
 62
     7
370
    30
100
AcDbLine
 10
118.9184395812
 20
140.7528279584
 30
0.0
 11
116.2361995812
 21
140.7528279584
 31
0.0
  0
LINE
  5
2A2
330
29F
100
AcDbEntity
  8
0
  6
Continuous
 62
     7
370
    30
100
AcDbLine
 10
116.2361995812
 20
140.7528279584
 30
0.0
 11
116.2361995812
 21
140.0213079584
 31
0.0
  0
LINE
  5
2A3
330
29F
100
AcDbEntity
  8
0
  6
Continuous
 62
     7
370
    30
100
AcDbLine
 10
116.2361995812
 20
140.0213079584
 30
0.0
 11
118.9184395812
 21
140.0213079584
 31
0.0
  0
LINE
  5
2A4
330
29F
100
AcDbEntity
  8
0
  6
Continuous
 62
     7
370
    30
100
AcDbLine
 10
118.9184395812
 20
140.0213079584
 30
0.0
 11
118.9184395812
 21
140.7528279584
 31
0.0
  0
ENDBLK
  5
2A6
330
29F
100
AcDbEntity
  8
0
100
AcDbBlockEnd
  0
BLOCK
  5
2AD
330
2A7
100
AcDbEntity
  8
0
100
AcDbBlockBegin
  2
SE71
 70
     0
 10
0.0
 20
0.0
 30
0.0
  3
SE71
  1
SE71
  0
LINE
  5
2A9
330
2A7
100
AcDbEntity
  8
0
  6
Continuous
 62
     7
370
    30
100
AcDbLine
 10
118.9184395812
 20
139.2044439584
 30
0.0
 11
116.2361995812
 21
139.2044439584
 31
0.0
  0
LINE
  5
2AA
330
2A7
100
AcDbEntity
  8
0
  6
Continuous
 62
     7
370
    30
100
AcDbLine
 10
116.2361995812
 20
139.2044439584
 30
0.0
 11
116.2361995812
 21
138.4729239584
 31
0.0
  0
LINE
  5
2AB
330
2A7
100
AcDbEntity
  8
0
  6
Continuous
 62
     7
370
    30
100
AcDbLine
 10
116.2361995812
 20
138.4729239584
 30
0.0
 11
118.9184395812
 21
138.4729239584
 31
0.0
  0
LINE
  5
2AC
330
2A7
100
AcDbEntity
  8
0
  6
Continuous
 62
     7
370
    30
100
AcDbLine
 10
118.9184395812
 20
138.4729239584
 30
0.0
 11
118.9184395812
 21
139.2044439584
 31
0.0
  0
ENDBLK
  5
2AE
330
2A7
100
AcDbEntity
  8
0
100
AcDbBlockEnd
  0
BLOCK
  5
2B5
330
2AF
100
AcDbEntity
  8
0
100
AcDbBlockBegin
  2
SE72
 70
     0
 10
0.0
 20
0.0
 30
0.0
  3
SE72
  1
SE72
  0
LINE
  5
2B1
330
2AF
100
AcDbEntity
  8
0
  6
Continuous
 62
     7
370
    30
100
AcDbLine
 10
118.9184395812
 20
137.6560599584
 30
0.0
 11
116.2361995812
 21
137.6560599584
 31
0.0
  0
LINE
  5
2B2
330
2AF
100
AcDbEntity
  8
0
  6
Continuous
 62
     7
370
    30
100
AcDbLine
 10
116.2361995812
 20
137.6560599584
 30
0.0
 11
116.2361995812
 21
136.9245399584
 31
0.0
  0
LINE
  5
2B3
330
2AF
100
AcDbEntity
  8
0
  6
Continuous
 62
     7
370
    30
100
AcDbLine
 10
116.2361995812
 20
136.9245399584
 30
0.0
 11
118.9184395812
 21
136.9245399584
 31
0.0
  0
LINE
  5
2B4
330
2AF
100
AcDbEntity
  8
0
  6
Continuous
 62
     7
370
    30
100
AcDbLine
 10
118.9184395812
 20
136.9245399584
 30
0.0
 11
118.9184395812
 21
137.6560599584
 31
0.0
  0
ENDBLK
  5
2B6
330
2AF
100
AcDbEntity
  8
0
100
AcDbBlockEnd
  0
BLOCK
  5
2BD
330
2B7
100
AcDbEntity
  8
0
100
AcDbBlockBegin
  2
SE73
 70
     0
 10
0.0
 20
0.0
 30
0.0
  3
SE73
  1
SE73
  0
LINE
  5
2B9
330
2B7
100
AcDbEntity
  8
0
  6
Continuous
 62
     7
370
    30
100
AcDbLine
 10
125.7459595812
 20
137.6560599584
 30
0.0
 11
123.0637195812
 21
137.6560599584
 31
0.0
  0
LINE
  5
2BA
330
2B7
100
AcDbEntity
  8
0
  6
Continuous
 62
     7
370
    30
100
AcDbLine
 10
123.0637195812
 20
137.6560599584
 30
0.0
 11
123.0637195812
 21
136.9245399584
 31
0.0
  0
LINE
  5
2BB
330
2B7
100
AcDbEntity
  8
0
  6
Continuous
 62
     7
370
    30
100
AcDbLine
 10
123.0637195812
 20
136.9245399584
 30
0.0
 11
125.7459595812
 21
136.9245399584
 31
0.0
  0
LINE
  5
2BC
330
2B7
100
AcDbEntity
  8
0
  6
Continuous
 62
     7
370
    30
100
AcDbLine
 10
125.7459595812
 20
136.9245399584
 30
0.0
 11
125.7459595812
 21
137.6560599584
 31
0.0
  0
ENDBLK
  5
2BE
330
2B7
100
AcDbEntity
  8
0
100
AcDbBlockEnd
  0
BLOCK
  5
2C5
330
2BF
100
AcDbEntity
  8
0
100
AcDbBlockBegin
  2
SE74
 70
     0
 10
0.0
 20
0.0
 30
0.0
  3
SE74
  1
SE74
  0
LINE
  5
2C1
330
2BF
100
AcDbEntity
  8
0
  6
Continuous
 62
     7
370
    30
100
AcDbLine
 10
125.7459595812
 20
139.2044439584
 30
0.0
 11
123.0637195812
 21
139.2044439584
 31
0.0
  0
LINE
  5
2C2
330
2BF
100
AcDbEntity
  8
0
  6
Continuous
 62
     7
370
    30
100
AcDbLine
 10
123.0637195812
 20
139.2044439584
 30
0.0
 11
123.0637195812
 21
138.4729239584
 31
0.0
  0
LINE
  5
2C3
330
2BF
100
AcDbEntity
  8
0
  6
Continuous
 62
     7
370
    30
100
AcDbLine
 10
123.0637195812
 20
138.4729239584
 30
0.0
 11
125.7459595812
 21
138.4729239584
 31
0.0
  0
LINE
  5
2C4
330
2BF
100
AcDbEntity
  8
0
  6
Continuous
 62
     7
370
    30
100
AcDbLine
 10
125.7459595812
 20
138.4729239584
 30
0.0
 11
125.7459595812
 21
139.2044439584
 31
0.0
  0
ENDBLK
  5
2C6
330
2BF
100
AcDbEntity
  8
0
100
AcDbBlockEnd
  0
BLOCK
  5
2CD
330
2C7
100
AcDbEntity
  8
0
100
AcDbBlockBegin
  2
SE75
 70
     0
 10
0.0
 20
0.0
 30
0.0
  3
SE75
  1
SE75
  0
LINE
  5
2C9
330
2C7
100
AcDbEntity
  8
0
  6
Continuous
 62
     7
370
    30
100
AcDbLine
 10
125.7459595812
 20
140.7528279584
 30
0.0
 11
123.0637195812
 21
140.7528279584
 31
0.0
  0
LINE
  5
2CA
330
2C7
100
AcDbEntity
  8
0
  6
Continuous
 62
     7
370
    30
100
AcDbLine
 10
123.0637195812
 20
140.7528279584
 30
0.0
 11
123.0637195812
 21
140.0213079584
 31
0.0
  0
LINE
  5
2CB
330
2C7
100
AcDbEntity
  8
0
  6
Continuous
 62
     7
370
    30
100
AcDbLine
 10
123.0637195812
 20
140.0213079584
 30
0.0
 11
125.7459595812
 21
140.0213079584
 31
0.0
  0
LINE
  5
2CC
330
2C7
100
AcDbEntity
  8
0
  6
Continuous
 62
     7
370
    30
100
AcDbLine
 10
125.7459595812
 20
140.0213079584
 30
0.0
 11
125.7459595812
 21
140.7528279584
 31
0.0
  0
ENDBLK
  5
2CE
330
2C7
100
AcDbEntity
  8
0
100
AcDbBlockEnd
  0
BLOCK
  5
2D5
330
2CF
100
AcDbEntity
  8
0
100
AcDbBlockBegin
  2
SE76
 70
     0
 10
0.0
 20
0.0
 30
0.0
  3
SE76
  1
SE76
  0
LINE
  5
2D1
330
2CF
100
AcDbEntity
  8
0
  6
Continuous
 62
     7
370
    30
100
AcDbLine
 10
125.7459595812
 20
142.3012119584
 30
0.0
 11
123.0637195812
 21
142.3012119584
 31
0.0
  0
LINE
  5
2D2
330
2CF
100
AcDbEntity
  8
0
  6
Continuous
 62
     7
370
    30
100
AcDbLine
 10
123.0637195812
 20
142.3012119584
 30
0.0
 11
123.0637195812
 21
141.5696919584
 31
0.0
  0
LINE
  5
2D3
330
2CF
100
AcDbEntity
  8
0
  6
Continuous
 62
     7
370
    30
100
AcDbLine
 10
123.0637195812
 20
141.5696919584
 30
0.0
 11
125.7459595812
 21
141.5696919584
 31
0.0
  0
LINE
  5
2D4
330
2CF
100
AcDbEntity
  8
0
  6
Continuous
 62
     7
370
    30
100
AcDbLine
 10
125.7459595812
 20
141.5696919584
 30
0.0
 11
125.7459595812
 21
142.3012119584
 31
0.0
  0
ENDBLK
  5
2D6
330
2CF
100
AcDbEntity
  8
0
100
AcDbBlockEnd
  0
BLOCK
  5
2DD
330
2D7
100
AcDbEntity
  8
0
100
AcDbBlockBegin
  2
SE77
 70
     0
 10
0.0
 20
0.0
 30
0.0
  3
SE77
  1
SE77
  0
LINE
  5
2D9
330
2D7
100
AcDbEntity
  8
0
  6
Continuous
 62
     7
370
    30
100
AcDbLine
 10
125.7459595812
 20
143.8495959584
 30
0.0
 11
123.0637195812
 21
143.8495959584
 31
0.0
  0
LINE
  5
2DA
330
2D7
100
AcDbEntity
  8
0
  6
Continuous
 62
     7
370
    30
100
AcDbLine
 10
123.0637195812
 20
143.8495959584
 30
0.0
 11
123.0637195812
 21
143.1180759584
 31
0.0
  0
LINE
  5
2DB
330
2D7
100
AcDbEntity
  8
0
  6
Continuous
 62
     7
370
    30
100
AcDbLine
 10
123.0637195812
 20
143.1180759584
 30
0.0
 11
125.7459595812
 21
143.1180759584
 31
0.0
  0
LINE
  5
2DC
330
2D7
100
AcDbEntity
  8
0
  6
Continuous
 62
     7
370
    30
100
AcDbLine
 10
125.7459595812
 20
143.1180759584
 30
0.0
 11
125.7459595812
 21
143.8495959584
 31
0.0
  0
ENDBLK
  5
2DE
330
2D7
100
AcDbEntity
  8
0
100
AcDbBlockEnd
  0
BLOCK
  5
2E5
330
2DF
100
AcDbEntity
  8
0
100
AcDbBlockBegin
  2
SE78
 70
     0
 10
0.0
 20
0.0
 30
0.0
  3
SE78
  1
SE78
  0
LINE
  5
2E1
330
2DF
100
AcDbEntity
  8
0
  6
Continuous
 62
     7
370
    30
100
AcDbLine
 10
125.7459595812
 20
145.3979799584
 30
0.0
 11
123.0637195812
 21
145.3979799584
 31
0.0
  0
LINE
  5
2E2
330
2DF
100
AcDbEntity
  8
0
  6
Continuous
 62
     7
370
    30
100
AcDbLine
 10
123.0637195812
 20
145.3979799584
 30
0.0
 11
123.0637195812
 21
144.6664599584
 31
0.0
  0
LINE
  5
2E3
330
2DF
100
AcDbEntity
  8
0
  6
Continuous
 62
     7
370
    30
100
AcDbLine
 10
123.0637195812
 20
144.6664599584
 30
0.0
 11
125.7459595812
 21
144.6664599584
 31
0.0
  0
LINE
  5
2E4
330
2DF
100
AcDbEntity
  8
0
  6
Continuous
 62
     7
370
    30
100
AcDbLine
 10
125.7459595812
 20
144.6664599584
 30
0.0
 11
125.7459595812
 21
145.3979799584
 31
0.0
  0
ENDBLK
  5
2E6
330
2DF
100
AcDbEntity
  8
0
100
AcDbBlockEnd
  0
BLOCK
  5
2ED
330
2E7
100
AcDbEntity
  8
0
100
AcDbBlockBegin
  2
SE79
 70
     0
 10
0.0
 20
0.0
 30
0.0
  3
SE79
  1
SE79
  0
LINE
  5
2E9
330
2E7
100
AcDbEntity
  8
0
  6
Continuous
 62
     7
370
    30
100
AcDbLine
 10
125.7459595812
 20
146.9463639584
 30
0.0
 11
123.0637195812
 21
146.9463639584
 31
0.0
  0
LINE
  5
2EA
330
2E7
100
AcDbEntity
  8
0
  6
Continuous
 62
     7
370
    30
100
AcDbLine
 10
123.0637195812
 20
146.9463639584
 30
0.0
 11
123.0637195812
 21
146.2148439584
 31
0.0
  0
LINE
  5
2EB
330
2E7
100
AcDbEntity
  8
0
  6
Continuous
 62
     7
370
    30
100
AcDbLine
 10
123.0637195812
 20
146.2148439584
 30
0.0
 11
125.7459595812
 21
146.2148439584
 31
0.0
  0
LINE
  5
2EC
330
2E7
100
AcDbEntity
  8
0
  6
Continuous
 62
     7
370
    30
100
AcDbLine
 10
125.7459595812
 20
146.2148439584
 30
0.0
 11
125.7459595812
 21
146.9463639584
 31
0.0
  0
ENDBLK
  5
2EE
330
2E7
100
AcDbEntity
  8
0
100
AcDbBlockEnd
  0
BLOCK
  5
2F5
330
2EF
100
AcDbEntity
  8
0
100
AcDbBlockBegin
  2
SE80
 70
     0
 10
0.0
 20
0.0
 30
0.0
  3
SE80
  1
SE80
  0
LINE
  5
2F1
330
2EF
100
AcDbEntity
  8
0
  6
Continuous
 62
     7
370
    30
100
AcDbLine
 10
149.4194098212
 20
186.7147172384
 30
0.0
 11
149.4194098212
 21
189.1921316384
 31
0.0
  0
LINE
  5
2F2
330
2EF
100
AcDbEntity
  8
0
  6
Continuous
 62
     7
370
    30
100
AcDbLine
 10
149.4194098212
 20
189.1921316384
 30
0.0
 11
148.6142501412
 21
189.1921316384
 31
0.0
  0
LINE
  5
2F3
330
2EF
100
AcDbEntity
  8
0
  6
Continuous
 62
     7
370
    30
100
AcDbLine
 10
148.6142501412
 20
189.1921316384
 30
0.0
 11
148.6142501412
 21
186.7147172384
 31
0.0
  0
LINE
  5
2F4
330
2EF
100
AcDbEntity
  8
0
  6
Continuous
 62
     7
370
    30
100
AcDbLine
 10
148.6142501412
 20
186.7147172384
 30
0.0
 11
149.4194098212
 21
186.7147172384
 31
0.0
  0
ENDBLK
  5
2F6
330
2EF
100
AcDbEntity
  8
0
100
AcDbBlockEnd
  0
BLOCK
  5
2FD
330
2F7
100
AcDbEntity
  8
0
100
AcDbBlockBegin
  2
SE81
 70
     0
 10
0.0
 20
0.0
 30
0.0
  3
SE81
  1
SE81
  0
LINE
  5
2F9
330
2F7
100
AcDbEntity
  8
0
  6
Continuous
 62
     7
370
    30
100
AcDbLine
 10
147.8710258212
 20
186.7147172384
 30
0.0
 11
147.8710258212
 21
189.1921316384
 31
0.0
  0
LINE
  5
2FA
330
2F7
100
AcDbEntity
  8
0
  6
Continuous
 62
     7
370
    30
100
AcDbLine
 10
147.8710258212
 20
189.1921316384
 30
0.0
 11
147.0658661412
 21
189.1921316384
 31
0.0
  0
LINE
  5
2FB
330
2F7
100
AcDbEntity
  8
0
  6
Continuous
 62
     7
370
    30
100
AcDbLine
 10
147.0658661412
 20
189.1921316384
 30
0.0
 11
147.0658661412
 21
186.7147172384
 31
0.0
  0
LINE
  5
2FC
330
2F7
100
AcDbEntity
  8
0
  6
Continuous
 62
     7
370
    30
100
AcDbLine
 10
147.0658661412
 20
186.7147172384
 30
0.0
 11
147.8710258212
 21
186.7147172384
 31
0.0
  0
ENDBLK
  5
2FE
330
2F7
100
AcDbEntity
  8
0
100
AcDbBlockEnd
  0
BLOCK
  5
305
330
2FF
100
AcDbEntity
  8
0
100
AcDbBlockBegin
  2
SE82
 70
     0
 10
0.0
 20
0.0
 30
0.0
  3
SE82
  1
SE82
  0
LINE
  5
301
330
2FF
100
AcDbEntity
  8
0
  6
Continuous
 62
     7
370
    30
100
AcDbLine
 10
146.3226418212
 20
186.7147172384
 30
0.0
 11
146.3226418212
 21
189.1921316384
 31
0.0
  0
LINE
  5
302
330
2FF
100
AcDbEntity
  8
0
  6
Continuous
 62
     7
370
    30
100
AcDbLine
 10
146.3226418212
 20
189.1921316384
 30
0.0
 11
145.5174821412
 21
189.1921316384
 31
0.0
  0
LINE
  5
303
330
2FF
100
AcDbEntity
  8
0
  6
Continuous
 62
     7
370
    30
100
AcDbLine
 10
145.5174821412
 20
189.1921316384
 30
0.0
 11
145.5174821412
 21
186.7147172384
 31
0.0
  0
LINE
  5
304
330
2FF
100
AcDbEntity
  8
0
  6
Continuous
 62
     7
370
    30
100
AcDbLine
 10
145.5174821412
 20
186.7147172384
 30
0.0
 11
146.3226418212
 21
186.7147172384
 31
0.0
  0
ENDBLK
  5
306
330
2FF
100
AcDbEntity
  8
0
100
AcDbBlockEnd
  0
BLOCK
  5
30D
330
307
100
AcDbEntity
  8
0
100
AcDbBlockBegin
  2
SE83
 70
     0
 10
0.0
 20
0.0
 30
0.0
  3
SE83
  1
SE83
  0
LINE
  5
309
330
307
100
AcDbEntity
  8
0
  6
Continuous
 62
     7
370
    30
100
AcDbLine
 10
144.7742578212
 20
186.7147172384
 30
0.0
 11
144.7742578212
 21
189.1921316384
 31
0.0
  0
LINE
  5
30A
330
307
100
AcDbEntity
  8
0
  6
Continuous
 62
     7
370
    30
100
AcDbLine
 10
144.7742578212
 20
189.1921316384
 30
0.0
 11
143.9690981412
 21
189.1921316384
 31
0.0
  0
LINE
  5
30B
330
307
100
AcDbEntity
  8
0
  6
Continuous
 62
     7
370
    30
100
AcDbLine
 10
143.9690981412
 20
189.1921316384
 30
0.0
 11
143.9690981412
 21
186.7147172384
 31
0.0
  0
LINE
  5
30C
330
307
100
AcDbEntity
  8
0
  6
Continuous
 62
     7
370
    30
100
AcDbLine
 10
143.9690981412
 20
186.7147172384
 30
0.0
 11
144.7742578212
 21
186.7147172384
 31
0.0
  0
ENDBLK
  5
30E
330
307
100
AcDbEntity
  8
0
100
AcDbBlockEnd
  0
BLOCK
  5
315
330
30F
100
AcDbEntity
  8
0
100
AcDbBlockBegin
  2
SE84
 70
     0
 10
0.0
 20
0.0
 30
0.0
  3
SE84
  1
SE84
  0
LINE
  5
311
330
30F
100
AcDbEntity
  8
0
  6
Continuous
 62
     7
370
    30
100
AcDbLine
 10
143.2258738212
 20
186.7147172384
 30
0.0
 11
143.2258738212
 21
189.1921316384
 31
0.0
  0
LINE
  5
312
330
30F
100
AcDbEntity
  8
0
  6
Continuous
 62
     7
370
    30
100
AcDbLine
 10
143.2258738212
 20
189.1921316384
 30
0.0
 11
142.4207141412
 21
189.1921316384
 31
0.0
  0
LINE
  5
313
330
30F
100
AcDbEntity
  8
0
  6
Continuous
 62
     7
370
    30
100
AcDbLine
 10
142.4207141412
 20
189.1921316384
 30
0.0
 11
142.4207141412
 21
186.7147172384
 31
0.0
  0
LINE
  5
314
330
30F
100
AcDbEntity
  8
0
  6
Continuous
 62
     7
370
    30
100
AcDbLine
 10
142.4207141412
 20
186.7147172384
 30
0.0
 11
143.2258738212
 21
186.7147172384
 31
0.0
  0
ENDBLK
  5
316
330
30F
100
AcDbEntity
  8
0
100
AcDbBlockEnd
  0
BLOCK
  5
31D
330
317
100
AcDbEntity
  8
0
100
AcDbBlockBegin
  2
SE85
 70
     0
 10
0.0
 20
0.0
 30
0.0
  3
SE85
  1
SE85
  0
LINE
  5
319
330
317
100
AcDbEntity
  8
0
  6
Continuous
 62
     7
370
    30
100
AcDbLine
 10
141.6774898212
 20
186.7147172384
 30
0.0
 11
141.6774898212
 21
189.1921316384
 31
0.0
  0
LINE
  5
31A
330
317
100
AcDbEntity
  8
0
  6
Continuous
 62
     7
370
    30
100
AcDbLine
 10
141.6774898212
 20
189.1921316384
 30
0.0
 11
140.8723301412
 21
189.1921316384
 31
0.0
  0
LINE
  5
31B
330
317
100
AcDbEntity
  8
0
  6
Continuous
 62
     7
370
    30
100
AcDbLine
 10
140.8723301412
 20
189.1921316384
 30
0.0
 11
140.8723301412
 21
186.7147172384
 31
0.0
  0
LINE
  5
31C
330
317
100
AcDbEntity
  8
0
  6
Continuous
 62
     7
370
    30
100
AcDbLine
 10
140.8723301412
 20
186.7147172384
 30
0.0
 11
141.6774898212
 21
186.7147172384
 31
0.0
  0
ENDBLK
  5
31E
330
317
100
AcDbEntity
  8
0
100
AcDbBlockEnd
  0
BLOCK
  5
325
330
31F
100
AcDbEntity
  8
0
100
AcDbBlockBegin
  2
SE86
 70
     0
 10
0.0
 20
0.0
 30
0.0
  3
SE86
  1
SE86
  0
LINE
  5
321
330
31F
100
AcDbEntity
  8
0
  6
Continuous
 62
     7
370
    30
100
AcDbLine
 10
140.1291058212
 20
186.7147172384
 30
0.0
 11
140.1291058212
 21
189.1921316384
 31
0.0
  0
LINE
  5
322
330
31F
100
AcDbEntity
  8
0
  6
Continuous
 62
     7
370
    30
100
AcDbLine
 10
140.1291058212
 20
189.1921316384
 30
0.0
 11
139.3239461412
 21
189.1921316384
 31
0.0
  0
LINE
  5
323
330
31F
100
AcDbEntity
  8
0
  6
Continuous
 62
     7
370
    30
100
AcDbLine
 10
139.3239461412
 20
189.1921316384
 30
0.0
 11
139.3239461412
 21
186.7147172384
 31
0.0
  0
LINE
  5
324
330
31F
100
AcDbEntity
  8
0
  6
Continuous
 62
     7
370
    30
100
AcDbLine
 10
139.3239461412
 20
186.7147172384
 30
0.0
 11
140.1291058212
 21
186.7147172384
 31
0.0
  0
ENDBLK
  5
326
330
31F
100
AcDbEntity
  8
0
100
AcDbBlockEnd
  0
BLOCK
  5
32D
330
327
100
AcDbEntity
  8
0
100
AcDbBlockBegin
  2
SE87
 70
     0
 10
0.0
 20
0.0
 30
0.0
  3
SE87
  1
SE87
  0
LINE
  5
329
330
327
100
AcDbEntity
  8
0
  6
Continuous
 62
     7
370
    30
100
AcDbLine
 10
138.5807218212
 20
186.7147172384
 30
0.0
 11
138.5807218212
 21
189.1921316384
 31
0.0
  0
LINE
  5
32A
330
327
100
AcDbEntity
  8
0
  6
Continuous
 62
     7
370
    30
100
AcDbLine
 10
138.5807218212
 20
189.1921316384
 30
0.0
 11
137.7755621412
 21
189.1921316384
 31
0.0
  0
LINE
  5
32B
330
327
100
AcDbEntity
  8
0
  6
Continuous
 62
     7
370
    30
100
AcDbLine
 10
137.7755621412
 20
189.1921316384
 30
0.0
 11
137.7755621412
 21
186.7147172384
 31
0.0
  0
LINE
  5
32C
330
327
100
AcDbEntity
  8
0
  6
Continuous
 62
     7
370
    30
100
AcDbLine
 10
137.7755621412
 20
186.7147172384
 30
0.0
 11
138.5807218212
 21
186.7147172384
 31
0.0
  0
ENDBLK
  5
32E
330
327
100
AcDbEntity
  8
0
100
AcDbBlockEnd
  0
BLOCK
  5
335
330
32F
100
AcDbEntity
  8
0
100
AcDbBlockBegin
  2
SE88
 70
     0
 10
0.0
 20
0.0
 30
0.0
  3
SE88
  1
SE88
  0
LINE
  5
331
330
32F
100
AcDbEntity
  8
0
  6
Continuous
 62
     7
370
    30
100
AcDbLine
 10
138.5807218212
 20
179.2205386784
 30
0.0
 11
138.5807218212
 21
181.6979530784
 31
0.0
  0
LINE
  5
332
330
32F
100
AcDbEntity
  8
0
  6
Continuous
 62
     7
370
    30
100
AcDbLine
 10
138.5807218212
 20
181.6979530784
 30
0.0
 11
137.7755621412
 21
181.6979530784
 31
0.0
  0
LINE
  5
333
330
32F
100
AcDbEntity
  8
0
  6
Continuous
 62
     7
370
    30
100
AcDbLine
 10
137.7755621412
 20
181.6979530784
 30
0.0
 11
137.7755621412
 21
179.2205386784
 31
0.0
  0
LINE
  5
334
330
32F
100
AcDbEntity
  8
0
  6
Continuous
 62
     7
370
    30
100
AcDbLine
 10
137.7755621412
 20
179.2205386784
 30
0.0
 11
138.5807218212
 21
179.2205386784
 31
0.0
  0
ENDBLK
  5
336
330
32F
100
AcDbEntity
  8
0
100
AcDbBlockEnd
  0
BLOCK
  5
33D
330
337
100
AcDbEntity
  8
0
100
AcDbBlockBegin
  2
SE89
 70
     0
 10
0.0
 20
0.0
 30
0.0
  3
SE89
  1
SE89
  0
LINE
  5
339
330
337
100
AcDbEntity
  8
0
  6
Continuous
 62
     7
370
    30
100
AcDbLine
 10
140.1291058212
 20
179.2205386784
 30
0.0
 11
140.1291058212
 21
181.6979530784
 31
0.0
  0
LINE
  5
33A
330
337
100
AcDbEntity
  8
0
  6
Continuous
 62
     7
370
    30
100
AcDbLine
 10
140.1291058212
 20
181.6979530784
 30
0.0
 11
139.3239461412
 21
181.6979530784
 31
0.0
  0
LINE
  5
33B
330
337
100
AcDbEntity
  8
0
  6
Continuous
 62
     7
370
    30
100
AcDbLine
 10
139.3239461412
 20
181.6979530784
 30
0.0
 11
139.3239461412
 21
179.2205386784
 31
0.0
  0
LINE
  5
33C
330
337
100
AcDbEntity
  8
0
  6
Continuous
 62
     7
370
    30
100
AcDbLine
 10
139.3239461412
 20
179.2205386784
 30
0.0
 11
140.1291058212
 21
179.2205386784
 31
0.0
  0
ENDBLK
  5
33E
330
337
100
AcDbEntity
  8
0
100
AcDbBlockEnd
  0
BLOCK
  5
345
330
33F
100
AcDbEntity
  8
0
100
AcDbBlockBegin
  2
SE90
 70
     0
 10
0.0
 20
0.0
 30
0.0
  3
SE90
  1
SE90
  0
LINE
  5
341
330
33F
100
AcDbEntity
  8
0
  6
Continuous
 62
     7
370
    30
100
AcDbLine
 10
141.6774898212
 20
179.2205386784
 30
0.0
 11
141.6774898212
 21
181.6979530784
 31
0.0
  0
LINE
  5
342
330
33F
100
AcDbEntity
  8
0
  6
Continuous
 62
     7
370
    30
100
AcDbLine
 10
141.6774898212
 20
181.6979530784
 30
0.0
 11
140.8723301412
 21
181.6979530784
 31
0.0
  0
LINE
  5
343
330
33F
100
AcDbEntity
  8
0
  6
Continuous
 62
     7
370
    30
100
AcDbLine
 10
140.8723301412
 20
181.6979530784
 30
0.0
 11
140.8723301412
 21
179.2205386784
 31
0.0
  0
LINE
  5
344
330
33F
100
AcDbEntity
  8
0
  6
Continuous
 62
     7
370
    30
100
AcDbLine
 10
140.8723301412
 20
179.2205386784
 30
0.0
 11
141.6774898212
 21
179.2205386784
 31
0.0
  0
ENDBLK
  5
346
330
33F
100
AcDbEntity
  8
0
100
AcDbBlockEnd
  0
BLOCK
  5
34D
330
347
100
AcDbEntity
  8
0
100
AcDbBlockBegin
  2
SE91
 70
     0
 10
0.0
 20
0.0
 30
0.0
  3
SE91
  1
SE91
  0
LINE
  5
349
330
347
100
AcDbEntity
  8
0
  6
Continuous
 62
     7
370
    30
100
AcDbLine
 10
143.2258738212
 20
179.2205386784
 30
0.0
 11
143.2258738212
 21
181.6979530784
 31
0.0
  0
LINE
  5
34A
330
347
100
AcDbEntity
  8
0
  6
Continuous
 62
     7
370
    30
100
AcDbLine
 10
143.2258738212
 20
181.6979530784
 30
0.0
 11
142.4207141412
 21
181.6979530784
 31
0.0
  0
LINE
  5
34B
330
347
100
AcDbEntity
  8
0
  6
Continuous
 62
     7
370
    30
100
AcDbLine
 10
142.4207141412
 20
181.6979530784
 30
0.0
 11
142.4207141412
 21
179.2205386784
 31
0.0
  0
LINE
  5
34C
330
347
100
AcDbEntity
  8
0
  6
Continuous
 62
     7
370
    30
100
AcDbLine
 10
142.4207141412
 20
179.2205386784
 30
0.0
 11
143.2258738212
 21
179.2205386784
 31
0.0
  0
ENDBLK
  5
34E
330
347
100
AcDbEntity
  8
0
100
AcDbBlockEnd
  0
BLOCK
  5
355
330
34F
100
AcDbEntity
  8
0
100
AcDbBlockBegin
  2
SE92
 70
     0
 10
0.0
 20
0.0
 30
0.0
  3
SE92
  1
SE92
  0
LINE
  5
351
330
34F
100
AcDbEntity
  8
0
  6
Continuous
 62
     7
370
    30
100
AcDbLine
 10
144.7742578212
 20
179.2205386784
 30
0.0
 11
144.7742578212
 21
181.6979530784
 31
0.0
  0
LINE
  5
352
330
34F
100
AcDbEntity
  8
0
  6
Continuous
 62
     7
370
    30
100
AcDbLine
 10
144.7742578212
 20
181.6979530784
 30
0.0
 11
143.9690981412
 21
181.6979530784
 31
0.0
  0
LINE
  5
353
330
34F
100
AcDbEntity
  8
0
  6
Continuous
 62
     7
370
    30
100
AcDbLine
 10
143.9690981412
 20
181.6979530784
 30
0.0
 11
143.9690981412
 21
179.2205386784
 31
0.0
  0
LINE
  5
354
330
34F
100
AcDbEntity
  8
0
  6
Continuous
 62
     7
370
    30
100
AcDbLine
 10
143.9690981412
 20
179.2205386784
 30
0.0
 11
144.7742578212
 21
179.2205386784
 31
0.0
  0
ENDBLK
  5
356
330
34F
100
AcDbEntity
  8
0
100
AcDbBlockEnd
  0
BLOCK
  5
35D
330
357
100
AcDbEntity
  8
0
100
AcDbBlockBegin
  2
SE93
 70
     0
 10
0.0
 20
0.0
 30
0.0
  3
SE93
  1
SE93
  0
LINE
  5
359
330
357
100
AcDbEntity
  8
0
  6
Continuous
 62
     7
370
    30
100
AcDbLine
 10
146.3226418212
 20
179.2205386784
 30
0.0
 11
146.3226418212
 21
181.6979530784
 31
0.0
  0
LINE
  5
35A
330
357
100
AcDbEntity
  8
0
  6
Continuous
 62
     7
370
    30
100
AcDbLine
 10
146.3226418212
 20
181.6979530784
 30
0.0
 11
145.5174821412
 21
181.6979530784
 31
0.0
  0
LINE
  5
35B
330
357
100
AcDbEntity
  8
0
  6
Continuous
 62
     7
370
    30
100
AcDbLine
 10
145.5174821412
 20
181.6979530784
 30
0.0
 11
145.5174821412
 21
179.2205386784
 31
0.0
  0
LINE
  5
35C
330
357
100
AcDbEntity
  8
0
  6
Continuous
 62
     7
370
    30
100
AcDbLine
 10
145.5174821412
 20
179.2205386784
 30
0.0
 11
146.3226418212
 21
179.2205386784
 31
0.0
  0
ENDBLK
  5
35E
330
357
100
AcDbEntity
  8
0
100
AcDbBlockEnd
  0
BLOCK
  5
365
330
35F
100
AcDbEntity
  8
0
100
AcDbBlockBegin
  2
SE94
 70
     0
 10
0.0
 20
0.0
 30
0.0
  3
SE94
  1
SE94
  0
LINE
  5
361
330
35F
100
AcDbEntity
  8
0
  6
Continuous
 62
     7
370
    30
100
AcDbLine
 10
147.8710258212
 20
179.2205386784
 30
0.0
 11
147.8710258212
 21
181.6979530784
 31
0.0
  0
LINE
  5
362
330
35F
100
AcDbEntity
  8
0
  6
Continuous
 62
     7
370
    30
100
AcDbLine
 10
147.8710258212
 20
181.6979530784
 30
0.0
 11
147.0658661412
 21
181.6979530784
 31
0.0
  0
LINE
  5
363
330
35F
100
AcDbEntity
  8
0
  6
Continuous
 62
     7
370
    30
100
AcDbLine
 10
147.0658661412
 20
181.6979530784
 30
0.0
 11
147.0658661412
 21
179.2205386784
 31
0.0
  0
LINE
  5
364
330
35F
100
AcDbEntity
  8
0
  6
Continuous
 62
     7
370
    30
100
AcDbLine
 10
147.0658661412
 20
179.2205386784
 30
0.0
 11
147.8710258212
 21
179.2205386784
 31
0.0
  0
ENDBLK
  5
366
330
35F
100
AcDbEntity
  8
0
100
AcDbBlockEnd
  0
BLOCK
  5
36D
330
367
100
AcDbEntity
  8
0
100
AcDbBlockBegin
  2
SE95
 70
     0
 10
0.0
 20
0.0
 30
0.0
  3
SE95
  1
SE95
  0
LINE
  5
369
330
367
100
AcDbEntity
  8
0
  6
Continuous
 62
     7
370
    30
100
AcDbLine
 10
149.4194098212
 20
179.2205386784
 30
0.0
 11
149.4194098212
 21
181.6979530784
 31
0.0
  0
LINE
  5
36A
330
367
100
AcDbEntity
  8
0
  6
Continuous
 62
     7
370
    30
100
AcDbLine
 10
149.4194098212
 20
181.6979530784
 30
0.0
 11
148.6142501412
 21
181.6979530784
 31
0.0
  0
LINE
  5
36B
330
367
100
AcDbEntity
  8
0
  6
Continuous
 62
     7
370
    30
100
AcDbLine
 10
148.6142501412
 20
181.6979530784
 30
0.0
 11
148.6142501412
 21
179.2205386784
 31
0.0
  0
LINE
  5
36C
330
367
100
AcDbEntity
  8
0
  6
Continuous
 62
     7
370
    30
100
AcDbLine
 10
148.6142501412
 20
179.2205386784
 30
0.0
 11
149.4194098212
 21
179.2205386784
 31
0.0
  0
ENDBLK
  5
36E
330
367
100
AcDbEntity
  8
0
100
AcDbBlockEnd
  0
BLOCK
  5
375
330
36F
100
AcDbEntity
  8
0
100
AcDbBlockBegin
  2
SE96
 70
     0
 10
0.0
 20
0.0
 30
0.0
  3
SE96
  1
SE96
  0
LINE
  5
371
330
36F
100
AcDbEntity
  8
0
  6
Continuous
 62
     7
370
    30
100
AcDbLine
 10
150.7261483812
 20
178.1871447584
 30
0.0
 11
150.7261483812
 21
175.8706647584
 31
0.0
  0
LINE
  5
372
330
36F
100
AcDbEntity
  8
0
  6
Continuous
 62
     7
370
    30
100
AcDbLine
 10
150.7261483812
 20
175.8706647584
 30
0.0
 11
151.7015083812
 21
175.8706647584
 31
0.0
  0
LINE
  5
373
330
36F
100
AcDbEntity
  8
0
  6
Continuous
 62
     7
370
    30
100
AcDbLine
 10
151.7015083812
 20
175.8706647584
 30
0.0
 11
151.7015083812
 21
178.1871447584
 31
0.0
  0
LINE
  5
374
330
36F
100
AcDbEntity
  8
0
  6
Continuous
 62
     7
370
    30
100
AcDbLine
 10
151.7015083812
 20
178.1871447584
 30
0.0
 11
150.7261483812
 21
178.1871447584
 31
0.0
  0
ENDBLK
  5
376
330
36F
100
AcDbEntity
  8
0
100
AcDbBlockEnd
  0
BLOCK
  5
37D
330
377
100
AcDbEntity
  8
0
100
AcDbBlockBegin
  2
SE97
 70
     0
 10
0.0
 20
0.0
 30
0.0
  3
SE97
  1
SE97
  0
LINE
  5
379
330
377
100
AcDbEntity
  8
0
  6
Continuous
 62
     7
370
    30
100
AcDbLine
 10
152.5549483812
 20
178.1871447584
 30
0.0
 11
152.5549483812
 21
176.3583447584
 31
0.0
  0
LINE
  5
37A
330
377
100
AcDbEntity
  8
0
  6
Continuous
 62
     7
370
    30
100
AcDbLine
 10
152.5549483812
 20
176.3583447584
 30
0.0
 11
153.5303083812
 21
176.3583447584
 31
0.0
  0
LINE
  5
37B
330
377
100
AcDbEntity
  8
0
  6
Continuous
 62
     7
370
    30
100
AcDbLine
 10
153.5303083812
 20
176.3583447584
 30
0.0
 11
153.5303083812
 21
178.1871447584
 31
0.0
  0
LINE
  5
37C
330
377
100
AcDbEntity
  8
0
  6
Continuous
 62
     7
370
    30
100
AcDbLine
 10
153.5303083812
 20
178.1871447584
 30
0.0
 11
152.5549483812
 21
178.1871447584
 31
0.0
  0
ENDBLK
  5
37E
330
377
100
AcDbEntity
  8
0
100
AcDbBlockEnd
  0
BLOCK
  5
385
330
37F
100
AcDbEntity
  8
0
100
AcDbBlockBegin
  2
SE98
 70
     0
 10
0.0
 20
0.0
 30
0.0
  3
SE98
  1
SE98
  0
LINE
  5
381
330
37F
100
AcDbEntity
  8
0
  6
Continuous
 62
     7
370
    30
100
AcDbLine
 10
154.3837483812
 20
178.1871447584
 30
0.0
 11
154.3837483812
 21
175.8706647584
 31
0.0
  0
LINE
  5
382
330
37F
100
AcDbEntity
  8
0
  6
Continuous
 62
     7
370
    30
100
AcDbLine
 10
154.3837483812
 20
175.8706647584
 30
0.0
 11
155.3591083812
 21
175.8706647584
 31
0.0
  0
LINE
  5
383
330
37F
100
AcDbEntity
  8
0
  6
Continuous
 62
     7
370
    30
100
AcDbLine
 10
155.3591083812
 20
175.8706647584
 30
0.0
 11
155.3591083812
 21
178.1871447584
 31
0.0
  0
LINE
  5
384
330
37F
100
AcDbEntity
  8
0
  6
Continuous
 62
     7
370
    30
100
AcDbLine
 10
155.3591083812
 20
178.1871447584
 30
0.0
 11
154.3837483812
 21
178.1871447584
 31
0.0
  0
ENDBLK
  5
386
330
37F
100
AcDbEntity
  8
0
100
AcDbBlockEnd
  0
BLOCK
  5
38D
330
387
100
AcDbEntity
  8
0
100
AcDbBlockBegin
  2
SE99
 70
     0
 10
0.0
 20
0.0
 30
0.0
  3
SE99
  1
SE99
  0
LINE
  5
389
330
387
100
AcDbEntity
  8
0
  6
Continuous
 62
     7
370
    30
100
AcDbLine
 10
151.6405483812
 20
183.0639447584
 30
0.0
 11
151.6405483812
 21
178.6748247584
 31
0.0
  0
LINE
  5
38A
330
387
100
AcDbEntity
  8
0
  6
Continuous
 62
     7
370
    30
100
AcDbLine
 10
151.6405483812
 20
178.6748247584
 30
0.0
 11
154.4447083812
 21
178.6748247584
 31
0.0
  0
LINE
  5
38B
330
387
100
AcDbEntity
  8
0
  6
Continuous
 62
     7
370
    30
100
AcDbLine
 10
154.4447083812
 20
178.6748247584
 30
0.0
 11
154.4447083812
 21
183.0639447584
 31
0.0
  0
LINE
  5
38C
330
387
100
AcDbEntity
  8
0
  6
Continuous
 62
     7
370
    30
100
AcDbLine
 10
154.4447083812
 20
183.0639447584
 30
0.0
 11
151.6405483812
 21
183.0639447584
 31
0.0
  0
ENDBLK
  5
38E
330
387
100
AcDbEntity
  8
0
100
AcDbBlockEnd
  0
BLOCK
  5
395
330
38F
100
AcDbEntity
  8
0
100
AcDbBlockBegin
  2
SE100
 70
     0
 10
0.0
 20
0.0
 30
0.0
  3
SE100
  1
SE100
  0
LINE
  5
391
330
38F
100
AcDbEntity
  8
0
  6
Continuous
 62
     7
370
    30
100
AcDbLine
 10
167.6047531812
 20
152.9155671584
 30
0.0
 11
167.6047531812
 21
150.7210071584
 31
0.0
  0
LINE
  5
392
330
38F
100
AcDbEntity
  8
0
  6
Continuous
 62
     7
370
    30
100
AcDbLine
 10
167.6047531812
 20
150.7210071584
 30
0.0
 11
168.5801131812
 21
150.7210071584
 31
0.0
  0
LINE
  5
393
330
38F
100
AcDbEntity
  8
0
  6
Continuous
 62
     7
370
    30
100
AcDbLine
 10
168.5801131812
 20
150.7210071584
 30
0.0
 11
168.5801131812
 21
152.9155671584
 31
0.0
  0
LINE
  5
394
330
38F
100
AcDbEntity
  8
0
  6
Continuous
 62
     7
370
    30
100
AcDbLine
 10
168.5801131812
 20
152.9155671584
 30
0.0
 11
167.6047531812
 21
152.9155671584
 31
0.0
  0
ENDBLK
  5
396
330
38F
100
AcDbEntity
  8
0
100
AcDbBlockEnd
  0
BLOCK
  5
39D
330
397
100
AcDbEntity
  8
0
100
AcDbBlockBegin
  2
SE101
 70
     0
 10
0.0
 20
0.0
 30
0.0
  3
SE101
  1
SE101
  0
LINE
  5
399
330
397
100
AcDbEntity
  8
0
  6
Continuous
 62
     7
370
    30
100
AcDbLine
 10
169.4323339812
 20
153.5300439584
 30
0.0
 11
169.4323339812
 21
150.7258839584
 31
0.0
  0
LINE
  5
39A
330
397
100
AcDbEntity
  8
0
  6
Continuous
 62
     7
370
    30
100
AcDbLine
 10
169.4323339812
 20
150.7258839584
 30
0.0
 11
170.4076939812
 21
150.7258839584
 31
0.0
  0
LINE
  5
39B
330
397
100
AcDbEntity
  8
0
  6
Continuous
 62
     7
370
    30
100
AcDbLine
 10
170.4076939812
 20
150.7258839584
 30
0.0
 11
170.4076939812
 21
153.5300439584
 31
0.0
  0
LINE
  5
39C
330
397
100
AcDbEntity
  8
0
  6
Continuous
 62
     7
370
    30
100
AcDbLine
 10
170.4076939812
 20
153.5300439584
 30
0.0
 11
169.4323339812
 21
153.5300439584
 31
0.0
  0
ENDBLK
  5
39E
330
397
100
AcDbEntity
  8
0
100
AcDbBlockEnd
  0
BLOCK
  5
3A5
330
39F
100
AcDbEntity
  8
0
100
AcDbBlockBegin
  2
SE102
 70
     0
 10
0.0
 20
0.0
 30
0.0
  3
SE102
  1
SE102
  0
LINE
  5
3A1
330
39F
100
AcDbEntity
  8
0
  6
Continuous
 62
     7
370
    30
100
AcDbLine
 10
171.2599147812
 20
152.9155671584
 30
0.0
 11
171.2599147812
 21
150.7210071584
 31
0.0
  0
LINE
  5
3A2
330
39F
100
AcDbEntity
  8
0
  6
Continuous
 62
     7
370
    30
100
AcDbLine
 10
171.2599147812
 20
150.7210071584
 30
0.0
 11
172.2352747812
 21
150.7210071584
 31
0.0
  0
LINE
  5
3A3
330
39F
100
AcDbEntity
  8
0
  6
Continuous
 62
     7
370
    30
100
AcDbLine
 10
172.2352747812
 20
150.7210071584
 30
0.0
 11
172.2352747812
 21
152.9155671584
 31
0.0
  0
LINE
  5
3A4
330
39F
100
AcDbEntity
  8
0
  6
Continuous
 62
     7
370
    30
100
AcDbLine
 10
172.2352747812
 20
152.9155671584
 30
0.0
 11
171.2599147812
 21
152.9155671584
 31
0.0
  0
ENDBLK
  5
3A6
330
39F
100
AcDbEntity
  8
0
100
AcDbBlockEnd
  0
BLOCK
  5
3AD
330
3A7
100
AcDbEntity
  8
0
100
AcDbBlockBegin
  2
SE103
 70
     0
 10
0.0
 20
0.0
 30
0.0
  3
SE103
  1
SE103
  0
LINE
  5
3A9
330
3A7
100
AcDbEntity
  8
0
  6
Continuous
 62
     7
370
    30
100
AcDbLine
 10
119.7657835812
 20
178.3297911584
 30
0.0
 11
121.9603435812
 21
178.3297911584
 31
0.0
  0
LINE
  5
3AA
330
3A7
100
AcDbEntity
  8
0
  6
Continuous
 62
     7
370
    30
100
AcDbLine
 10
121.9603435812
 20
178.3297911584
 30
0.0
 11
121.9603435812
 21
179.3051511584
 31
0.0
  0
LINE
  5
3AB
330
3A7
100
AcDbEntity
  8
0
  6
Continuous
 62
     7
370
    30
100
AcDbLine
 10
121.9603435812
 20
179.3051511584
 30
0.0
 11
119.7657835812
 21
179.3051511584
 31
0.0
  0
LINE
  5
3AC
330
3A7
100
AcDbEntity
  8
0
  6
Continuous
 62
     7
370
    30
100
AcDbLine
 10
119.7657835812
 20
179.3051511584
 30
0.0
 11
119.7657835812
 21
178.3297911584
 31
0.0
  0
ENDBLK
  5
3AE
330
3A7
100
AcDbEntity
  8
0
100
AcDbBlockEnd
  0
BLOCK
  5
3B5
330
3AF
100
AcDbEntity
  8
0
100
AcDbBlockBegin
  2
SE104
 70
     0
 10
0.0
 20
0.0
 30
0.0
  3
SE104
  1
SE104
  0
LINE
  5
3B1
330
3AF
100
AcDbEntity
  8
0
  6
Continuous
 62
     7
370
    30
100
AcDbLine
 10
119.1513067812
 20
180.1573719584
 30
0.0
 11
121.9554667812
 21
180.1573719584
 31
0.0
  0
LINE
  5
3B2
330
3AF
100
AcDbEntity
  8
0
  6
Continuous
 62
     7
370
    30
100
AcDbLine
 10
121.9554667812
 20
180.1573719584
 30
0.0
 11
121.9554667812
 21
181.1327319584
 31
0.0
  0
LINE
  5
3B3
330
3AF
100
AcDbEntity
  8
0
  6
Continuous
 62
     7
370
    30
100
AcDbLine
 10
121.9554667812
 20
181.1327319584
 30
0.0
 11
119.1513067812
 21
181.1327319584
 31
0.0
  0
LINE
  5
3B4
330
3AF
100
AcDbEntity
  8
0
  6
Continuous
 62
     7
370
    30
100
AcDbLine
 10
119.1513067812
 20
181.1327319584
 30
0.0
 11
119.1513067812
 21
180.1573719584
 31
0.0
  0
ENDBLK
  5
3B6
330
3AF
100
AcDbEntity
  8
0
100
AcDbBlockEnd
  0
BLOCK
  5
3BD
330
3B7
100
AcDbEntity
  8
0
100
AcDbBlockBegin
  2
SE105
 70
     0
 10
0.0
 20
0.0
 30
0.0
  3
SE105
  1
SE105
  0
LINE
  5
3B9
330
3B7
100
AcDbEntity
  8
0
  6
Continuous
 62
     7
370
    30
100
AcDbLine
 10
119.7657835812
 20
181.9849527584
 30
0.0
 11
121.9603435812
 21
181.9849527584
 31
0.0
  0
LINE
  5
3BA
330
3B7
100
AcDbEntity
  8
0
  6
Continuous
 62
     7
370
    30
100
AcDbLine
 10
121.9603435812
 20
181.9849527584
 30
0.0
 11
121.9603435812
 21
182.9603127584
 31
0.0
  0
LINE
  5
3BB
330
3B7
100
AcDbEntity
  8
0
  6
Continuous
 62
     7
370
    30
100
AcDbLine
 10
121.9603435812
 20
182.9603127584
 30
0.0
 11
119.7657835812
 21
182.9603127584
 31
0.0
  0
LINE
  5
3BC
330
3B7
100
AcDbEntity
  8
0
  6
Continuous
 62
     7
370
    30
100
AcDbLine
 10
119.7657835812
 20
182.9603127584
 30
0.0
 11
119.7657835812
 21
181.9849527584
 31
0.0
  0
ENDBLK
  5
3BE
330
3B7
100
AcDbEntity
  8
0
100
AcDbBlockEnd
  0
BLOCK
  5
3C5
330
3BF
100
AcDbEntity
  8
0
100
AcDbBlockBegin
  2
SE106
 70
     0
 10
0.0
 20
0.0
 30
0.0
  3
SE106
  1
SE106
  0
LINE
  5
3C1
330
3BF
100
AcDbEntity
  8
0
  6
Continuous
 62
     7
370
    30
100
AcDbLine
 10
78.2690923812
 20
130.6395639584
 30
0.0
 11
80.4636523812
 21
130.6395639584
 31
0.0
  0
LINE
  5
3C2
330
3BF
100
AcDbEntity
  8
0
  6
Continuous
 62
     7
370
    30
100
AcDbLine
 10
80.4636523812
 20
130.6395639584
 30
0.0
 11
80.4636523812
 21
131.6149239584
 31
0.0
  0
LINE
  5
3C3
330
3BF
100
AcDbEntity
  8
0
  6
Continuous
 62
     7
370
    30
100
AcDbLine
 10
80.4636523812
 20
131.6149239584
 30
0.0
 11
78.2690923812
 21
131.6149239584
 31
0.0
  0
LINE
  5
3C4
330
3BF
100
AcDbEntity
  8
0
  6
Continuous
 62
     7
370
    30
100
AcDbLine
 10
78.2690923812
 20
131.6149239584
 30
0.0
 11
78.2690923812
 21
130.6395639584
 31
0.0
  0
ENDBLK
  5
3C6
330
3BF
100
AcDbEntity
  8
0
100
AcDbBlockEnd
  0
BLOCK
  5
3CD
330
3C7
100
AcDbEntity
  8
0
100
AcDbBlockBegin
  2
SE107
 70
     0
 10
0.0
 20
0.0
 30
0.0
  3
SE107
  1
SE107
  0
LINE
  5
3C9
330
3C7
100
AcDbEntity
  8
0
  6
Continuous
 62
     7
370
    30
100
AcDbLine
 10
77.6546155812
 20
132.4671447584
 30
0.0
 11
80.4587755812
 21
132.4671447584
 31
0.0
  0
LINE
  5
3CA
330
3C7
100
AcDbEntity
  8
0
  6
Continuous
 62
     7
370
    30
100
AcDbLine
 10
80.4587755812
 20
132.4671447584
 30
0.0
 11
80.4587755812
 21
133.4425047584
 31
0.0
  0
LINE
  5
3CB
330
3C7
100
AcDbEntity
  8
0
  6
Continuous
 62
     7
370
    30
100
AcDbLine
 10
80.4587755812
 20
133.4425047584
 30
0.0
 11
77.6546155812
 21
133.4425047584
 31
0.0
  0
LINE
  5
3CC
330
3C7
100
AcDbEntity
  8
0
  6
Continuous
 62
     7
370
    30
100
AcDbLine
 10
77.6546155812
 20
133.4425047584
 30
0.0
 11
77.6546155812
 21
132.4671447584
 31
0.0
  0
ENDBLK
  5
3CE
330
3C7
100
AcDbEntity
  8
0
100
AcDbBlockEnd
  0
BLOCK
  5
3D5
330
3CF
100
AcDbEntity
  8
0
100
AcDbBlockBegin
  2
SE108
 70
     0
 10
0.0
 20
0.0
 30
0.0
  3
SE108
  1
SE108
  0
LINE
  5
3D1
330
3CF
100
AcDbEntity
  8
0
  6
Continuous
 62
     7
370
    30
100
AcDbLine
 10
78.2690923812
 20
134.2947255584
 30
0.0
 11
80.4636523812
 21
134.2947255584
 31
0.0
  0
LINE
  5
3D2
330
3CF
100
AcDbEntity
  8
0
  6
Continuous
 62
     7
370
    30
100
AcDbLine
 10
80.4636523812
 20
134.2947255584
 30
0.0
 11
80.4636523812
 21
135.2700855584
 31
0.0
  0
LINE
  5
3D3
330
3CF
100
AcDbEntity
  8
0
  6
Continuous
 62
     7
370
    30
100
AcDbLine
 10
80.4636523812
 20
135.2700855584
 30
0.0
 11
78.2690923812
 21
135.2700855584
 31
0.0
  0
LINE
  5
3D4
330
3CF
100
AcDbEntity
  8
0
  6
Continuous
 62
     7
370
    30
100
AcDbLine
 10
78.2690923812
 20
135.2700855584
 30
0.0
 11
78.2690923812
 21
134.2947255584
 31
0.0
  0
ENDBLK
  5
3D6
330
3CF
100
AcDbEntity
  8
0
100
AcDbBlockEnd
  0
BLOCK
  5
3DD
330
3D7
100
AcDbEntity
  8
0
100
AcDbBlockBegin
  2
SE109
 70
     0
 10
0.0
 20
0.0
 30
0.0
  3
SE109
  1
SE109
  0
LINE
  5
3D9
330
3D7
100
AcDbEntity
  8
0
  6
Continuous
 62
     7
370
    30
100
AcDbLine
 10
94.0626091812
 20
130.3298871584
 30
0.0
 11
96.2571691812
 21
130.3298871584
 31
0.0
  0
LINE
  5
3DA
330
3D7
100
AcDbEntity
  8
0
  6
Continuous
 62
     7
370
    30
100
AcDbLine
 10
96.2571691812
 20
130.3298871584
 30
0.0
 11
96.2571691812
 21
131.3052471584
 31
0.0
  0
LINE
  5
3DB
330
3D7
100
AcDbEntity
  8
0
  6
Continuous
 62
     7
370
    30
100
AcDbLine
 10
96.2571691812
 20
131.3052471584
 30
0.0
 11
94.0626091812
 21
131.3052471584
 31
0.0
  0
LINE
  5
3DC
330
3D7
100
AcDbEntity
  8
0
  6
Continuous
 62
     7
370
    30
100
AcDbLine
 10
94.0626091812
 20
131.3052471584
 30
0.0
 11
94.0626091812
 21
130.3298871584
 31
0.0
  0
ENDBLK
  5
3DE
330
3D7
100
AcDbEntity
  8
0
100
AcDbBlockEnd
  0
BLOCK
  5
3E5
330
3DF
100
AcDbEntity
  8
0
100
AcDbBlockBegin
  2
SE110
 70
     0
 10
0.0
 20
0.0
 30
0.0
  3
SE110
  1
SE110
  0
LINE
  5
3E1
330
3DF
100
AcDbEntity
  8
0
  6
Continuous
 62
     7
370
    30
100
AcDbLine
 10
93.4481323812
 20
132.1574679584
 30
0.0
 11
96.2522923812
 21
132.1574679584
 31
0.0
  0
LINE
  5
3E2
330
3DF
100
AcDbEntity
  8
0
  6
Continuous
 62
     7
370
    30
100
AcDbLine
 10
96.2522923812
 20
132.1574679584
 30
0.0
 11
96.2522923812
 21
133.1328279584
 31
0.0
  0
LINE
  5
3E3
330
3DF
100
AcDbEntity
  8
0
  6
Continuous
 62
     7
370
    30
100
AcDbLine
 10
96.2522923812
 20
133.1328279584
 30
0.0
 11
93.4481323812
 21
133.1328279584
 31
0.0
  0
LINE
  5
3E4
330
3DF
100
AcDbEntity
  8
0
  6
Continuous
 62
     7
370
    30
100
AcDbLine
 10
93.4481323812
 20
133.1328279584
 30
0.0
 11
93.4481323812
 21
132.1574679584
 31
0.0
  0
ENDBLK
  5
3E6
330
3DF
100
AcDbEntity
  8
0
100
AcDbBlockEnd
  0
BLOCK
  5
3ED
330
3E7
100
AcDbEntity
  8
0
100
AcDbBlockBegin
  2
SE111
 70
     0
 10
0.0
 20
0.0
 30
0.0
  3
SE111
  1
SE111
  0
LINE
  5
3E9
330
3E7
100
AcDbEntity
  8
0
  6
Continuous
 62
     7
370
    30
100
AcDbLine
 10
94.0626091812
 20
133.9850487584
 30
0.0
 11
96.2571691812
 21
133.9850487584
 31
0.0
  0
LINE
  5
3EA
330
3E7
100
AcDbEntity
  8
0
  6
Continuous
 62
     7
370
    30
100
AcDbLine
 10
96.2571691812
 20
133.9850487584
 30
0.0
 11
96.2571691812
 21
134.9604087584
 31
0.0
  0
LINE
  5
3EB
330
3E7
100
AcDbEntity
  8
0
  6
Continuous
 62
     7
370
    30
100
AcDbLine
 10
96.2571691812
 20
134.9604087584
 30
0.0
 11
94.0626091812
 21
134.9604087584
 31
0.0
  0
LINE
  5
3EC
330
3E7
100
AcDbEntity
  8
0
  6
Continuous
 62
     7
370
    30
100
AcDbLine
 10
94.0626091812
 20
134.9604087584
 30
0.0
 11
94.0626091812
 21
133.9850487584
 31
0.0
  0
ENDBLK
  5
3EE
330
3E7
100
AcDbEntity
  8
0
100
AcDbBlockEnd
  0
BLOCK
  5
3F5
330
3EF
100
AcDbEntity
  8
0
100
AcDbBlockBegin
  2
SE112
 70
     0
 10
0.0
 20
0.0
 30
0.0
  3
SE112
  1
SE112
  0
LINE
  5
3F1
330
3EF
100
AcDbEntity
  8
0
  6
Continuous
 62
     7
370
    30
100
AcDbLine
 10
138.8048107812
 20
148.5800919584
 30
0.0
 11
138.8048107812
 21
146.3855319584
 31
0.0
  0
LINE
  5
3F2
330
3EF
100
AcDbEntity
  8
0
  6
Continuous
 62
     7
370
    30
100
AcDbLine
 10
138.8048107812
 20
146.3855319584
 30
0.0
 11
139.7801707812
 21
146.3855319584
 31
0.0
  0
LINE
  5
3F3
330
3EF
100
AcDbEntity
  8
0
  6
Continuous
 62
     7
370
    30
100
AcDbLine
 10
139.7801707812
 20
146.3855319584
 30
0.0
 11
139.7801707812
 21
148.5800919584
 31
0.0
  0
LINE
  5
3F4
330
3EF
100
AcDbEntity
  8
0
  6
Continuous
 62
     7
370
    30
100
AcDbLine
 10
139.7801707812
 20
148.5800919584
 30
0.0
 11
138.8048107812
 21
148.5800919584
 31
0.0
  0
ENDBLK
  5
3F6
330
3EF
100
AcDbEntity
  8
0
100
AcDbBlockEnd
  0
BLOCK
  5
3FD
330
3F7
100
AcDbEntity
  8
0
100
AcDbBlockBegin
  2
SE113
 70
     0
 10
0.0
 20
0.0
 30
0.0
  3
SE113
  1
SE113
  0
LINE
  5
3F9
330
3F7
100
AcDbEntity
  8
0
  6
Continuous
 62
     7
370
    30
100
AcDbLine
 10
140.6323915812
 20
149.1945687584
 30
0.0
 11
140.6323915812
 21
146.3904087584
 31
0.0
  0
LINE
  5
3FA
330
3F7
100
AcDbEntity
  8
0
  6
Continuous
 62
     7
370
    30
100
AcDbLine
 10
140.6323915812
 20
146.3904087584
 30
0.0
 11
141.6077515812
 21
146.3904087584
 31
0.0
  0
LINE
  5
3FB
330
3F7
100
AcDbEntity
  8
0
  6
Continuous
 62
     7
370
    30
100
AcDbLine
 10
141.6077515812
 20
146.3904087584
 30
0.0
 11
141.6077515812
 21
149.1945687584
 31
0.0
  0
LINE
  5
3FC
330
3F7
100
AcDbEntity
  8
0
  6
Continuous
 62
     7
370
    30
100
AcDbLine
 10
141.6077515812
 20
149.1945687584
 30
0.0
 11
140.6323915812
 21
149.1945687584
 31
0.0
  0
ENDBLK
  5
3FE
330
3F7
100
AcDbEntity
  8
0
100
AcDbBlockEnd
  0
BLOCK
  5
405
330
3FF
100
AcDbEntity
  8
0
100
AcDbBlockBegin
  2
SE114
 70
     0
 10
0.0
 20
0.0
 30
0.0
  3
SE114
  1
SE114
  0
LINE
  5
401
330
3FF
100
AcDbEntity
  8
0
  6
Continuous
 62
     7
370
    30
100
AcDbLine
 10
142.4599723812
 20
148.5800919584
 30
0.0
 11
142.4599723812
 21
146.3855319584
 31
0.0
  0
LINE
  5
402
330
3FF
100
AcDbEntity
  8
0
  6
Continuous
 62
     7
370
    30
100
AcDbLine
 10
142.4599723812
 20
146.3855319584
 30
0.0
 11
143.4353323812
 21
146.3855319584
 31
0.0
  0
LINE
  5
403
330
3FF
100
AcDbEntity
  8
0
  6
Continuous
 62
     7
370
    30
100
AcDbLine
 10
143.4353323812
 20
146.3855319584
 30
0.0
 11
143.4353323812
 21
148.5800919584
 31
0.0
  0
LINE
  5
404
330
3FF
100
AcDbEntity
  8
0
  6
Continuous
 62
     7
370
    30
100
AcDbLine
 10
143.4353323812
 20
148.5800919584
 30
0.0
 11
142.4599723812
 21
148.5800919584
 31
0.0
  0
ENDBLK
  5
406
330
3FF
100
AcDbEntity
  8
0
100
AcDbBlockEnd
  0
BLOCK
  5
40D
330
407
100
AcDbEntity
  8
0
100
AcDbBlockBegin
  2
SE115
 70
     0
 10
0.0
 20
0.0
 30
0.0
  3
SE115
  1
SE115
  0
LINE
  5
409
330
407
100
AcDbEntity
  8
0
  6
Continuous
 62
     7
370
    30
100
AcDbLine
 10
125.5588123812
 20
162.9934743584
 30
0.0
 11
124.1652667812
 21
162.9934743584
 31
0.0
  0
LINE
  5
40A
330
407
100
AcDbEntity
  8
0
  6
Continuous
 62
     7
370
    30
100
AcDbLine
 10
124.1652667812
 20
162.9934743584
 30
0.0
 11
124.1652667812
 21
161.7547671584
 31
0.0
  0
LINE
  5
40B
330
407
100
AcDbEntity
  8
0
  6
Continuous
 62
     7
370
    30
100
AcDbLine
 10
124.1652667812
 20
161.7547671584
 30
0.0
 11
125.5588123812
 21
161.7547671584
 31
0.0
  0
LINE
  5
40C
330
407
100
AcDbEntity
  8
0
  6
Continuous
 62
     7
370
    30
100
AcDbLine
 10
125.5588123812
 20
161.7547671584
 30
0.0
 11
125.5588123812
 21
162.9934743584
 31
0.0
  0
ENDBLK
  5
40E
330
407
100
AcDbEntity
  8
0
100
AcDbBlockEnd
  0
BLOCK
  5
415
330
40F
100
AcDbEntity
  8
0
100
AcDbBlockBegin
  2
SE116
 70
     0
 10
0.0
 20
0.0
 30
0.0
  3
SE116
  1
SE116
  0
LINE
  5
411
330
40F
100
AcDbEntity
  8
0
  6
Continuous
 62
     7
370
    30
100
AcDbLine
 10
124.1652667812
 20
163.9225047584
 30
0.0
 11
125.5588123812
 21
163.9225047584
 31
0.0
  0
LINE
  5
412
330
40F
100
AcDbEntity
  8
0
  6
Continuous
 62
     7
370
    30
100
AcDbLine
 10
125.5588123812
 20
163.9225047584
 30
0.0
 11
125.5588123812
 21
165.1612119584
 31
0.0
  0
LINE
  5
413
330
40F
100
AcDbEntity
  8
0
  6
Continuous
 62
     7
370
    30
100
AcDbLine
 10
125.5588123812
 20
165.1612119584
 30
0.0
 11
124.1652667812
 21
165.1612119584
 31
0.0
  0
LINE
  5
414
330
40F
100
AcDbEntity
  8
0
  6
Continuous
 62
     7
370
    30
100
AcDbLine
 10
124.1652667812
 20
165.1612119584
 30
0.0
 11
124.1652667812
 21
163.9225047584
 31
0.0
  0
ENDBLK
  5
416
330
40F
100
AcDbEntity
  8
0
100
AcDbBlockEnd
  0
BLOCK
  5
41D
330
417
100
AcDbEntity
  8
0
100
AcDbBlockBegin
  2
SE117
 70
     0
 10
0.0
 20
0.0
 30
0.0
  3
SE117
  1
SE117
  0
LINE
  5
419
330
417
100
AcDbEntity
  8
0
  6
Continuous
 62
     7
370
    30
100
AcDbLine
 10
121.6878523812
 20
162.8386359584
 30
0.0
 11
123.0813979812
 21
162.8386359584
 31
0.0
  0
LINE
  5
41A
330
417
100
AcDbEntity
  8
0
  6
Continuous
 62
     7
370
    30
100
AcDbLine
 10
123.0813979812
 20
162.8386359584
 30
0.0
 11
123.0813979812
 21
164.0773431584
 31
0.0
  0
LINE
  5
41B
330
417
100
AcDbEntity
  8
0
  6
Continuous
 62
     7
370
    30
100
AcDbLine
 10
123.0813979812
 20
164.0773431584
 30
0.0
 11
121.6878523812
 21
164.0773431584
 31
0.0
  0
LINE
  5
41C
330
417
100
AcDbEntity
  8
0
  6
Continuous
 62
     7
370
    30
100
AcDbLine
 10
121.6878523812
 20
164.0773431584
 30
0.0
 11
121.6878523812
 21
162.8386359584
 31
0.0
  0
ENDBLK
  5
41E
330
417
100
AcDbEntity
  8
0
100
AcDbBlockEnd
  0
BLOCK
  5
425
330
41F
100
AcDbEntity
  8
0
100
AcDbBlockBegin
  2
SE118
 70
     0
 10
0.0
 20
0.0
 30
0.0
  3
SE118
  1
SE118
  0
LINE
  5
421
330
41F
100
AcDbEntity
  8
0
  6
Continuous
 62
     7
370
    30
100
AcDbLine
 10
124.0878475812
 20
173.3676471584
 30
0.0
 11
124.0878475812
 21
175.2257079584
 31
0.0
  0
LINE
  5
422
330
41F
100
AcDbEntity
  8
0
  6
Continuous
 62
     7
370
    30
100
AcDbLine
 10
124.0878475812
 20
175.2257079584
 30
0.0
 11
122.5394635812
 21
175.2257079584
 31
0.0
  0
LINE
  5
423
330
41F
100
AcDbEntity
  8
0
  6
Continuous
 62
     7
370
    30
100
AcDbLine
 10
122.5394635812
 20
175.2257079584
 30
0.0
 11
122.5394635812
 21
173.3676471584
 31
0.0
  0
LINE
  5
424
330
41F
100
AcDbEntity
  8
0
  6
Continuous
 62
     7
370
    30
100
AcDbLine
 10
122.5394635812
 20
173.3676471584
 30
0.0
 11
124.0878475812
 21
173.3676471584
 31
0.0
  0
ENDBLK
  5
426
330
41F
100
AcDbEntity
  8
0
100
AcDbBlockEnd
  0
BLOCK
  5
42D
330
427
100
AcDbEntity
  8
0
100
AcDbBlockBegin
  2
SE119
 70
     0
 10
0.0
 20
0.0
 30
0.0
  3
SE119
  1
SE119
  0
LINE
  5
429
330
427
100
AcDbEntity
  8
0
  6
Continuous
 62
     7
370
    30
100
AcDbLine
 10
120.9910795812
 20
173.3676471584
 30
0.0
 11
120.9910795812
 21
175.2257079584
 31
0.0
  0
LINE
  5
42A
330
427
100
AcDbEntity
  8
0
  6
Continuous
 62
     7
370
    30
100
AcDbLine
 10
120.9910795812
 20
175.2257079584
 30
0.0
 11
119.4426955812
 21
175.2257079584
 31
0.0
  0
LINE
  5
42B
330
427
100
AcDbEntity
  8
0
  6
Continuous
 62
     7
370
    30
100
AcDbLine
 10
119.4426955812
 20
175.2257079584
 30
0.0
 11
119.4426955812
 21
173.3676471584
 31
0.0
  0
LINE
  5
42C
330
427
100
AcDbEntity
  8
0
  6
Continuous
 62
     7
370
    30
100
AcDbLine
 10
119.4426955812
 20
173.3676471584
 30
0.0
 11
120.9910795812
 21
173.3676471584
 31
0.0
  0
ENDBLK
  5
42E
330
427
100
AcDbEntity
  8
0
100
AcDbBlockEnd
  0
BLOCK
  5
435
330
42F
100
AcDbEntity
  8
0
100
AcDbBlockBegin
  2
SE120
 70
     0
 10
0.0
 20
0.0
 30
0.0
  3
SE120
  1
SE120
  0
LINE
  5
431
330
42F
100
AcDbEntity
  8
0
  6
Continuous
 62
     7
370
    30
100
AcDbLine
 10
83.3653483812
 20
144.1031895584
 30
0.0
 11
83.3653483812
 21
145.9612503584
 31
0.0
  0
LINE
  5
432
330
42F
100
AcDbEntity
  8
0
  6
Continuous
 62
     7
370
    30
100
AcDbLine
 10
83.3653483812
 20
145.9612503584
 30
0.0
 11
81.8169643812
 21
145.9612503584
 31
0.0
  0
LINE
  5
433
330
42F
100
AcDbEntity
  8
0
  6
Continuous
 62
     7
370
    30
100
AcDbLine
 10
81.8169643812
 20
145.9612503584
 30
0.0
 11
81.8169643812
 21
144.1031895584
 31
0.0
  0
LINE
  5
434
330
42F
100
AcDbEntity
  8
0
  6
Continuous
 62
     7
370
    30
100
AcDbLine
 10
81.8169643812
 20
144.1031895584
 30
0.0
 11
83.3653483812
 21
144.1031895584
 31
0.0
  0
ENDBLK
  5
436
330
42F
100
AcDbEntity
  8
0
100
AcDbBlockEnd
  0
BLOCK
  5
43D
330
437
100
AcDbEntity
  8
0
100
AcDbBlockBegin
  2
SE121
 70
     0
 10
0.0
 20
0.0
 30
0.0
  3
SE121
  1
SE121
  0
LINE
  5
439
330
437
100
AcDbEntity
  8
0
  6
Continuous
 62
     7
370
    30
100
AcDbLine
 10
80.2685803812
 20
144.1031895584
 30
0.0
 11
80.2685803812
 21
145.9612503584
 31
0.0
  0
LINE
  5
43A
330
437
100
AcDbEntity
  8
0
  6
Continuous
 62
     7
370
    30
100
AcDbLine
 10
80.2685803812
 20
145.9612503584
 30
0.0
 11
78.7201963812
 21
145.9612503584
 31
0.0
  0
LINE
  5
43B
330
437
100
AcDbEntity
  8
0
  6
Continuous
 62
     7
370
    30
100
AcDbLine
 10
78.7201963812
 20
145.9612503584
 30
0.0
 11
78.7201963812
 21
144.1031895584
 31
0.0
  0
LINE
  5
43C
330
437
100
AcDbEntity
  8
0
  6
Continuous
 62
     7
370
    30
100
AcDbLine
 10
78.7201963812
 20
144.1031895584
 30
0.0
 11
80.2685803812
 21
144.1031895584
 31
0.0
  0
ENDBLK
  5
43E
330
437
100
AcDbEntity
  8
0
100
AcDbBlockEnd
  0
BLOCK
  5
445
330
43F
100
AcDbEntity
  8
0
100
AcDbBlockBegin
  2
SE122
 70
     0
 10
0.0
 20
0.0
 30
0.0
  3
SE122
  1
SE122
  0
LINE
  5
441
330
43F
100
AcDbEntity
  8
0
  6
Continuous
 62
     7
370
    30
100
AcDbLine
 10
88.0105003812
 20
138.8386839584
 30
0.0
 11
88.0105003812
 21
140.6967447584
 31
0.0
  0
LINE
  5
442
330
43F
100
AcDbEntity
  8
0
  6
Continuous
 62
     7
370
    30
100
AcDbLine
 10
88.0105003812
 20
140.6967447584
 30
0.0
 11
86.4621163812
 21
140.6967447584
 31
0.0
  0
LINE
  5
443
330
43F
100
AcDbEntity
  8
0
  6
Continuous
 62
     7
370
    30
100
AcDbLine
 10
86.4621163812
 20
140.6967447584
 30
0.0
 11
86.4621163812
 21
138.8386839584
 31
0.0
  0
LINE
  5
444
330
43F
100
AcDbEntity
  8
0
  6
Continuous
 62
     7
370
    30
100
AcDbLine
 10
86.4621163812
 20
138.8386839584
 30
0.0
 11
88.0105003812
 21
138.8386839584
 31
0.0
  0
ENDBLK
  5
446
330
43F
100
AcDbEntity
  8
0
100
AcDbBlockEnd
  0
BLOCK
  5
44D
330
447
100
AcDbEntity
  8
0
100
AcDbBlockBegin
  2
SE123
 70
     0
 10
0.0
 20
0.0
 30
0.0
  3
SE123
  1
SE123
  0
LINE
  5
449
330
447
100
AcDbEntity
  8
0
  6
Continuous
 62
     7
370
    30
100
AcDbLine
 10
84.9137323812
 20
138.8386839584
 30
0.0
 11
84.9137323812
 21
140.6967447584
 31
0.0
  0
LINE
  5
44A
330
447
100
AcDbEntity
  8
0
  6
Continuous
 62
     7
370
    30
100
AcDbLine
 10
84.9137323812
 20
140.6967447584
 30
0.0
 11
83.3653483812
 21
140.6967447584
 31
0.0
  0
LINE
  5
44B
330
447
100
AcDbEntity
  8
0
  6
Continuous
 62
     7
370
    30
100
AcDbLine
 10
83.3653483812
 20
140.6967447584
 30
0.0
 11
83.3653483812
 21
138.8386839584
 31
0.0
  0
LINE
  5
44C
330
447
100
AcDbEntity
  8
0
  6
Continuous
 62
     7
370
    30
100
AcDbLine
 10
83.3653483812
 20
138.8386839584
 30
0.0
 11
84.9137323812
 21
138.8386839584
 31
0.0
  0
ENDBLK
  5
44E
330
447
100
AcDbEntity
  8
0
100
AcDbBlockEnd
  0
BLOCK
  5
459
330
44F
100
AcDbEntity
  8
0
100
AcDbBlockBegin
  2
RECT162560X223520R25_View_1
 70
     0
 10
0.0
 20
0.0
 30
0.0
  3
RECT162560X223520R25_View_1
  1
RECT162560X223520R25_View_1
  0
LINE
  5
450
330
44F
100
AcDbEntity
  8
0
  6
Continuous
 62
     7
370
    30
100
AcDbLine
 10
1.016
 20
0.127
 30
0.0
 11
1.016
 21
1.27
 31
0.0
  0
ARC
  5
451
330
44F
100
AcDbEntity
  8
0
  6
Continuous
 62
     7
370
    30
100
AcDbCircle
 10
0.8889970596
 20
1.2699970596
 30
0.0
 40
0.1270029404734405
100
AcDbArc
 50
0.0013265423
 51
89.9986734577
  0
LINE
  5
452
330
44F
100
AcDbEntity
  8
0
  6
Continuous
 62
     7
370
    30
100
AcDbLine
 10
0.889
 20
1.397
 30
0.0
 11
0.127
 21
1.397
 31
0.0
  0
ARC
  5
453
330
44F
100
AcDbEntity
  8
0
  6
Continuous
 62
     7
370
    30
100
AcDbCircle
 10
0.1270029404
 20
1.2699970596
 30
0.0
 40
0.1270029404734406
100
AcDbArc
 50
90.0013265423
 51
179.9986734577
  0
LINE
  5
454
330
44F
100
AcDbEntity
  8
0
  6
Continuous
 62
     7
370
    30
100
AcDbLine
 10
0.0
 20
1.27
 30
0.0
 11
0.0
 21
0.127
 31
0.0
  0
ARC
  5
455
330
44F
100
AcDbEntity
  8
0
  6
Continuous
 62
     7
370
    30
100
AcDbCircle
 10
0.1270029404
 20
0.1270029404
 30
0.0
 40
0.1270029404734406
100
AcDbArc
 50
180.0013265423
 51
269.9986734577
  0
LINE
  5
456
330
44F
100
AcDbEntity
  8
0
  6
Continuous
 62
     7
370
    30
100
AcDbLine
 10
0.127
 20
0.0
 30
0.0
 11
0.889
 21
0.0
 31
0.0
  0
ARC
  5
457
330
44F
100
AcDbEntity
  8
0
  6
Continuous
 62
     7
370
    30
100
AcDbCircle
 10
0.8889970596
 20
0.1270029404
 30
0.0
 40
0.1270029404302783
100
AcDbArc
 50
270.0013265381
 51
0.0
  0
POINT
  5
458
330
44F
100
AcDbEntity
  8
0
  6
Continuous
 62
     7
370
    30
100
AcDbPoint
 10
1.0159995099
 20
0.1270014702
 30
0.0
  0
ENDBLK
  5
45A
330
44F
100
AcDbEntity
  8
0
100
AcDbBlockEnd
  0
BLOCK
  5
468
330
45E
100
AcDbEntity
  8
0
100
AcDbBlockBegin
  2
RECT162560X223520R25_View_2
 70
     0
 10
0.0
 20
0.0
 30
0.0
  3
RECT162560X223520R25_View_2
  1
RECT162560X223520R25_View_2
  0
LINE
  5
45F
330
45E
100
AcDbEntity
  8
0
  6
Continuous
 62
     7
370
    30
100
AcDbLine
 10
1.016
 20
0.127
 30
0.0
 11
1.016
 21
1.27
 31
0.0
  0
ARC
  5
460
330
45E
100
AcDbEntity
  8
0
  6
Continuous
 62
     7
370
    30
100
AcDbCircle
 10
0.8889970596
 20
1.2699970596
 30
0.0
 40
0.1270029404734405
100
AcDbArc
 50
0.0013265423
 51
89.9986734577
  0
LINE
  5
461
330
45E
100
AcDbEntity
  8
0
  6
Continuous
 62
     7
370
    30
100
AcDbLine
 10
0.889
 20
1.397
 30
0.0
 11
0.127
 21
1.397
 31
0.0
  0
ARC
  5
462
330
45E
100
AcDbEntity
  8
0
  6
Continuous
 62
     7
370
    30
100
AcDbCircle
 10
0.1270029404
 20
1.2699970596
 30
0.0
 40
0.1270029404734406
100
AcDbArc
 50
90.0013265423
 51
179.9986734577
  0
LINE
  5
463
330
45E
100
AcDbEntity
  8
0
  6
Continuous
 62
     7
370
    30
100
AcDbLine
 10
0.0
 20
1.27
 30
0.0
 11
0.0
 21
0.127
 31
0.0
  0
ARC
  5
464
330
45E
100
AcDbEntity
  8
0
  6
Continuous
 62
     7
370
    30
100
AcDbCircle
 10
0.1270029404
 20
0.1270029404
 30
0.0
 40
0.1270029404734406
100
AcDbArc
 50
180.0013265423
 51
269.9986734577
  0
LINE
  5
465
330
45E
100
AcDbEntity
  8
0
  6
Continuous
 62
     7
370
    30
100
AcDbLine
 10
0.127
 20
0.0
 30
0.0
 11
0.889
 21
0.0
 31
0.0
  0
ARC
  5
466
330
45E
100
AcDbEntity
  8
0
  6
Continuous
 62
     7
370
    30
100
AcDbCircle
 10
0.8889970596
 20
0.1270029404
 30
0.0
 40
0.1270029404302783
100
AcDbArc
 50
270.0013265381
 51
0.0
  0
POINT
  5
467
330
45E
100
AcDbEntity
  8
0
  6
Continuous
 62
     7
370
    30
100
AcDbPoint
 10
1.0159995099
 20
0.1270014702
 30
0.0
  0
ENDBLK
  5
469
330
45E
100
AcDbEntity
  8
0
100
AcDbBlockEnd
  0
BLOCK
  5
476
330
46C
100
AcDbEntity
  8
0
100
AcDbBlockBegin
  2
RECT162560X223520R25_View_3
 70
     0
 10
0.0
 20
0.0
 30
0.0
  3
RECT162560X223520R25_View_3
  1
RECT162560X223520R25_View_3
  0
LINE
  5
46D
330
46C
100
AcDbEntity
  8
0
  6
Continuous
 62
     7
370
    30
100
AcDbLine
 10
1.016
 20
0.127
 30
0.0
 11
1.016
 21
1.27
 31
0.0
  0
ARC
  5
46E
330
46C
100
AcDbEntity
  8
0
  6
Continuous
 62
     7
370
    30
100
AcDbCircle
 10
0.8889970596
 20
1.2699970596
 30
0.0
 40
0.1270029404734405
100
AcDbArc
 50
0.0013265423
 51
89.9986734577
  0
LINE
  5
46F
330
46C
100
AcDbEntity
  8
0
  6
Continuous
 62
     7
370
    30
100
AcDbLine
 10
0.889
 20
1.397
 30
0.0
 11
0.127
 21
1.397
 31
0.0
  0
ARC
  5
470
330
46C
100
AcDbEntity
  8
0
  6
Continuous
 62
     7
370
    30
100
AcDbCircle
 10
0.1270029404
 20
1.2699970596
 30
0.0
 40
0.1270029404734406
100
AcDbArc
 50
90.0013265423
 51
179.9986734577
  0
LINE
  5
471
330
46C
100
AcDbEntity
  8
0
  6
Continuous
 62
     7
370
    30
100
AcDbLine
 10
0.0
 20
1.27
 30
0.0
 11
0.0
 21
0.127
 31
0.0
  0
ARC
  5
472
330
46C
100
AcDbEntity
  8
0
  6
Continuous
 62
     7
370
    30
100
AcDbCircle
 10
0.1270029404
 20
0.1270029404
 30
0.0
 40
0.1270029404734406
100
AcDbArc
 50
180.0013265423
 51
269.9986734577
  0
LINE
  5
473
330
46C
100
AcDbEntity
  8
0
  6
Continuous
 62
     7
370
    30
100
AcDbLine
 10
0.127
 20
0.0
 30
0.0
 11
0.889
 21
0.0
 31
0.0
  0
ARC
  5
474
330
46C
100
AcDbEntity
  8
0
  6
Continuous
 62
     7
370
    30
100
AcDbCircle
 10
0.8889970596
 20
0.1270029404
 30
0.0
 40
0.1270029404302783
100
AcDbArc
 50
270.0013265381
 51
0.0
  0
POINT
  5
475
330
46C
100
AcDbEntity
  8
0
  6
Continuous
 62
     7
370
    30
100
AcDbPoint
 10
1.0159995099
 20
0.1270014702
 30
0.0
  0
ENDBLK
  5
477
330
46C
100
AcDbEntity
  8
0
100
AcDbBlockEnd
  0
BLOCK
  5
484
330
47A
100
AcDbEntity
  8
0
100
AcDbBlockBegin
  2
RECT162560X223520R25_View_4
 70
     0
 10
0.0
 20
0.0
 30
0.0
  3
RECT162560X223520R25_View_4
  1
RECT162560X223520R25_View_4
  0
LINE
  5
47B
330
47A
100
AcDbEntity
  8
0
  6
Continuous
 62
     7
370
    30
100
AcDbLine
 10
1.016
 20
0.127
 30
0.0
 11
1.016
 21
1.27
 31
0.0
  0
ARC
  5
47C
330
47A
100
AcDbEntity
  8
0
  6
Continuous
 62
     7
370
    30
100
AcDbCircle
 10
0.8889970596
 20
1.2699970596
 30
0.0
 40
0.1270029404734405
100
AcDbArc
 50
0.0013265423
 51
89.9986734577
  0
LINE
  5
47D
330
47A
100
AcDbEntity
  8
0
  6
Continuous
 62
     7
370
    30
100
AcDbLine
 10
0.889
 20
1.397
 30
0.0
 11
0.127
 21
1.397
 31
0.0
  0
ARC
  5
47E
330
47A
100
AcDbEntity
  8
0
  6
Continuous
 62
     7
370
    30
100
AcDbCircle
 10
0.1270029404
 20
1.2699970596
 30
0.0
 40
0.1270029404734406
100
AcDbArc
 50
90.0013265423
 51
179.9986734577
  0
LINE
  5
47F
330
47A
100
AcDbEntity
  8
0
  6
Continuous
 62
     7
370
    30
100
AcDbLine
 10
0.0
 20
1.27
 30
0.0
 11
0.0
 21
0.127
 31
0.0
  0
ARC
  5
480
330
47A
100
AcDbEntity
  8
0
  6
Continuous
 62
     7
370
    30
100
AcDbCircle
 10
0.1270029404
 20
0.1270029404
 30
0.0
 40
0.1270029404734406
100
AcDbArc
 50
180.0013265423
 51
269.9986734577
  0
LINE
  5
481
330
47A
100
AcDbEntity
  8
0
  6
Continuous
 62
     7
370
    30
100
AcDbLine
 10
0.127
 20
0.0
 30
0.0
 11
0.889
 21
0.0
 31
0.0
  0
ARC
  5
482
330
47A
100
AcDbEntity
  8
0
  6
Continuous
 62
     7
370
    30
100
AcDbCircle
 10
0.8889970596
 20
0.1270029404
 30
0.0
 40
0.1270029404302783
100
AcDbArc
 50
270.0013265381
 51
0.0
  0
POINT
  5
483
330
47A
100
AcDbEntity
  8
0
  6
Continuous
 62
     7
370
    30
100
AcDbPoint
 10
1.0159995099
 20
0.1270014702
 30
0.0
  0
ENDBLK
  5
485
330
47A
100
AcDbEntity
  8
0
100
AcDbBlockEnd
  0
BLOCK
  5
492
330
488
100
AcDbEntity
  8
0
100
AcDbBlockBegin
  2
RECT162560X223520R25_View_5
 70
     0
 10
0.0
 20
0.0
 30
0.0
  3
RECT162560X223520R25_View_5
  1
RECT162560X223520R25_View_5
  0
LINE
  5
489
330
488
100
AcDbEntity
  8
0
  6
Continuous
 62
     7
370
    30
100
AcDbLine
 10
1.016
 20
0.127
 30
0.0
 11
1.016
 21
1.27
 31
0.0
  0
ARC
  5
48A
330
488
100
AcDbEntity
  8
0
  6
Continuous
 62
     7
370
    30
100
AcDbCircle
 10
0.8889970596
 20
1.2699970596
 30
0.0
 40
0.1270029404734405
100
AcDbArc
 50
0.0013265423
 51
89.9986734577
  0
LINE
  5
48B
330
488
100
AcDbEntity
  8
0
  6
Continuous
 62
     7
370
    30
100
AcDbLine
 10
0.889
 20
1.397
 30
0.0
 11
0.127
 21
1.397
 31
0.0
  0
ARC
  5
48C
330
488
100
AcDbEntity
  8
0
  6
Continuous
 62
     7
370
    30
100
AcDbCircle
 10
0.1270029404
 20
1.2699970596
 30
0.0
 40
0.1270029404734406
100
AcDbArc
 50
90.0013265423
 51
179.9986734577
  0
LINE
  5
48D
330
488
100
AcDbEntity
  8
0
  6
Continuous
 62
     7
370
    30
100
AcDbLine
 10
0.0
 20
1.27
 30
0.0
 11
0.0
 21
0.127
 31
0.0
  0
ARC
  5
48E
330
488
100
AcDbEntity
  8
0
  6
Continuous
 62
     7
370
    30
100
AcDbCircle
 10
0.1270029404
 20
0.1270029404
 30
0.0
 40
0.1270029404734406
100
AcDbArc
 50
180.0013265423
 51
269.9986734577
  0
LINE
  5
48F
330
488
100
AcDbEntity
  8
0
  6
Continuous
 62
     7
370
    30
100
AcDbLine
 10
0.127
 20
0.0
 30
0.0
 11
0.889
 21
0.0
 31
0.0
  0
ARC
  5
490
330
488
100
AcDbEntity
  8
0
  6
Continuous
 62
     7
370
    30
100
AcDbCircle
 10
0.8889970596
 20
0.1270029404
 30
0.0
 40
0.1270029404302783
100
AcDbArc
 50
270.0013265381
 51
0.0
  0
POINT
  5
491
330
488
100
AcDbEntity
  8
0
  6
Continuous
 62
     7
370
    30
100
AcDbPoint
 10
1.0159995099
 20
0.1270014702
 30
0.0
  0
ENDBLK
  5
493
330
488
100
AcDbEntity
  8
0
100
AcDbBlockEnd
  0
BLOCK
  5
4A0
330
496
100
AcDbEntity
  8
0
100
AcDbBlockBegin
  2
RECT162560X223520R25_View_6
 70
     0
 10
0.0
 20
0.0
 30
0.0
  3
RECT162560X223520R25_View_6
  1
RECT162560X223520R25_View_6
  0
LINE
  5
497
330
496
100
AcDbEntity
  8
0
  6
Continuous
 62
     7
370
    30
100
AcDbLine
 10
1.016
 20
0.127
 30
0.0
 11
1.016
 21
1.27
 31
0.0
  0
ARC
  5
498
330
496
100
AcDbEntity
  8
0
  6
Continuous
 62
     7
370
    30
100
AcDbCircle
 10
0.8889970596
 20
1.2699970596
 30
0.0
 40
0.1270029404734405
100
AcDbArc
 50
0.0013265423
 51
89.9986734577
  0
LINE
  5
499
330
496
100
AcDbEntity
  8
0
  6
Continuous
 62
     7
370
    30
100
AcDbLine
 10
0.889
 20
1.397
 30
0.0
 11
0.127
 21
1.397
 31
0.0
  0
ARC
  5
49A
330
496
100
AcDbEntity
  8
0
  6
Continuous
 62
     7
370
    30
100
AcDbCircle
 10
0.1270029404
 20
1.2699970596
 30
0.0
 40
0.1270029404734406
100
AcDbArc
 50
90.0013265423
 51
179.9986734577
  0
LINE
  5
49B
330
496
100
AcDbEntity
  8
0
  6
Continuous
 62
     7
370
    30
100
AcDbLine
 10
0.0
 20
1.27
 30
0.0
 11
0.0
 21
0.127
 31
0.0
  0
ARC
  5
49C
330
496
100
AcDbEntity
  8
0
  6
Continuous
 62
     7
370
    30
100
AcDbCircle
 10
0.1270029404
 20
0.1270029404
 30
0.0
 40
0.1270029404734406
100
AcDbArc
 50
180.0013265423
 51
269.9986734577
  0
LINE
  5
49D
330
496
100
AcDbEntity
  8
0
  6
Continuous
 62
     7
370
    30
100
AcDbLine
 10
0.127
 20
0.0
 30
0.0
 11
0.889
 21
0.0
 31
0.0
  0
ARC
  5
49E
330
496
100
AcDbEntity
  8
0
  6
Continuous
 62
     7
370
    30
100
AcDbCircle
 10
0.8889970596
 20
0.1270029404
 30
0.0
 40
0.1270029404302783
100
AcDbArc
 50
270.0013265381
 51
0.0
  0
POINT
  5
49F
330
496
100
AcDbEntity
  8
0
  6
Continuous
 62
     7
370
    30
100
AcDbPoint
 10
1.0159995099
 20
0.1270014702
 30
0.0
  0
ENDBLK
  5
4A1
330
496
100
AcDbEntity
  8
0
100
AcDbBlockEnd
  0
BLOCK
  5
4AE
330
4A4
100
AcDbEntity
  8
0
100
AcDbBlockBegin
  2
RECT162560X223520R25_View_7
 70
     0
 10
0.0
 20
0.0
 30
0.0
  3
RECT162560X223520R25_View_7
  1
RECT162560X223520R25_View_7
  0
LINE
  5
4A5
330
4A4
100
AcDbEntity
  8
0
  6
Continuous
 62
     7
370
    30
100
AcDbLine
 10
1.016
 20
0.127
 30
0.0
 11
1.016
 21
1.27
 31
0.0
  0
ARC
  5
4A6
330
4A4
100
AcDbEntity
  8
0
  6
Continuous
 62
     7
370
    30
100
AcDbCircle
 10
0.8889970596
 20
1.2699970596
 30
0.0
 40
0.1270029404734405
100
AcDbArc
 50
0.0013265423
 51
89.9986734577
  0
LINE
  5
4A7
330
4A4
100
AcDbEntity
  8
0
  6
Continuous
 62
     7
370
    30
100
AcDbLine
 10
0.889
 20
1.397
 30
0.0
 11
0.127
 21
1.397
 31
0.0
  0
ARC
  5
4A8
330
4A4
100
AcDbEntity
  8
0
  6
Continuous
 62
     7
370
    30
100
AcDbCircle
 10
0.1270029404
 20
1.2699970596
 30
0.0
 40
0.1270029404734406
100
AcDbArc
 50
90.0013265423
 51
179.9986734577
  0
LINE
  5
4A9
330
4A4
100
AcDbEntity
  8
0
  6
Continuous
 62
     7
370
    30
100
AcDbLine
 10
0.0
 20
1.27
 30
0.0
 11
0.0
 21
0.127
 31
0.0
  0
ARC
  5
4AA
330
4A4
100
AcDbEntity
  8
0
  6
Continuous
 62
     7
370
    30
100
AcDbCircle
 10
0.1270029404
 20
0.1270029404
 30
0.0
 40
0.1270029404734406
100
AcDbArc
 50
180.0013265423
 51
269.9986734577
  0
LINE
  5
4AB
330
4A4
100
AcDbEntity
  8
0
  6
Continuous
 62
     7
370
    30
100
AcDbLine
 10
0.127
 20
0.0
 30
0.0
 11
0.889
 21
0.0
 31
0.0
  0
ARC
  5
4AC
330
4A4
100
AcDbEntity
  8
0
  6
Continuous
 62
     7
370
    30
100
AcDbCircle
 10
0.8889970596
 20
0.1270029404
 30
0.0
 40
0.1270029404302783
100
AcDbArc
 50
270.0013265381
 51
0.0
  0
POINT
  5
4AD
330
4A4
100
AcDbEntity
  8
0
  6
Continuous
 62
     7
370
    30
100
AcDbPoint
 10
1.0159995099
 20
0.1270014702
 30
0.0
  0
ENDBLK
  5
4AF
330
4A4
100
AcDbEntity
  8
0
100
AcDbBlockEnd
  0
BLOCK
  5
4BB
330
4B2
100
AcDbEntity
  8
0
100
AcDbBlockBegin
  2
RECT325120X584000R75_View_8
 70
     0
 10
0.0
 20
0.0
 30
0.0
  3
RECT325120X584000R75_View_8
  1
RECT325120X584000R75_View_8
  0
LINE
  5
4B3
330
4B2
100
AcDbEntity
  8
0
  6
Continuous
 62
     7
370
    30
100
AcDbLine
 10
2.032
 20
0.762
 30
0.0
 11
2.032
 21
2.888
 31
0.0
  0
ARC
  5
4B4
330
4B2
100
AcDbEntity
  8
0
  6
Continuous
 62
     7
370
    30
100
AcDbCircle
 10
1.2699823574
 20
2.8879823574
 30
0.0
 40
0.7620176428406433
100
AcDbArc
 50
0.0013265423
 51
89.9986734577
  0
LINE
  5
4B5
330
4B2
100
AcDbEntity
  8
0
  6
Continuous
 62
     7
370
    30
100
AcDbLine
 10
1.27
 20
3.65
 30
0.0
 11
0.762
 21
3.65
 31
0.0
  0
ARC
  5
4B6
330
4B2
100
AcDbEntity
  8
0
  6
Continuous
 62
     7
370
    30
100
AcDbCircle
 10
0.7620176426
 20
2.8879823574
 30
0.0
 40
0.7620176428406433
100
AcDbArc
 50
90.0013265423
 51
179.9986734577
  0
LINE
  5
4B7
330
4B2
100
AcDbEntity
  8
0
  6
Continuous
 62
     7
370
    30
100
AcDbLine
 10
0.0
 20
2.888
 30
0.0
 11
0.0
 21
0.762
 31
0.0
  0
ARC
  5
4B8
330
4B2
100
AcDbEntity
  8
0
  6
Continuous
 62
     7
370
    30
100
AcDbCircle
 10
0.7620176426
 20
0.7620176426
 30
0.0
 40
0.7620176428406433
100
AcDbArc
 50
180.0013265423
 51
269.9986734577
  0
LINE
  5
4B9
330
4B2
100
AcDbEntity
  8
0
  6
Continuous
 62
     7
370
    30
100
AcDbLine
 10
0.762
 20
0.0
 30
0.0
 11
1.27
 21
0.0
 31
0.0
  0
ARC
  5
4BA
330
4B2
100
AcDbEntity
  8
0
  6
Continuous
 62
     7
370
    30
100
AcDbCircle
 10
1.2699823574
 20
0.7620176426
 30
0.0
 40
0.7620176428406433
100
AcDbArc
 50
270.0013265423
 51
359.9986734577
  0
ENDBLK
  5
4BC
330
4B2
100
AcDbEntity
  8
0
100
AcDbBlockEnd
  0
BLOCK
  5
4C8
330
4BF
100
AcDbEntity
  8
0
100
AcDbBlockBegin
  2
RECT325120X584000R75_View_9
 70
     0
 10
0.0
 20
0.0
 30
0.0
  3
RECT325120X584000R75_View_9
  1
RECT325120X584000R75_View_9
  0
LINE
  5
4C0
330
4BF
100
AcDbEntity
  8
0
  6
Continuous
 62
     7
370
    30
100
AcDbLine
 10
2.032
 20
0.762
 30
0.0
 11
2.032
 21
2.888
 31
0.0
  0
ARC
  5
4C1
330
4BF
100
AcDbEntity
  8
0
  6
Continuous
 62
     7
370
    30
100
AcDbCircle
 10
1.2699823574
 20
2.8879823574
 30
0.0
 40
0.7620176428406433
100
AcDbArc
 50
0.0013265423
 51
89.9986734577
  0
LINE
  5
4C2
330
4BF
100
AcDbEntity
  8
0
  6
Continuous
 62
     7
370
    30
100
AcDbLine
 10
1.27
 20
3.65
 30
0.0
 11
0.762
 21
3.65
 31
0.0
  0
ARC
  5
4C3
330
4BF
100
AcDbEntity
  8
0
  6
Continuous
 62
     7
370
    30
100
AcDbCircle
 10
0.7620176426
 20
2.8879823574
 30
0.0
 40
0.7620176428406433
100
AcDbArc
 50
90.0013265423
 51
179.9986734577
  0
LINE
  5
4C4
330
4BF
100
AcDbEntity
  8
0
  6
Continuous
 62
     7
370
    30
100
AcDbLine
 10
0.0
 20
2.888
 30
0.0
 11
0.0
 21
0.762
 31
0.0
  0
ARC
  5
4C5
330
4BF
100
AcDbEntity
  8
0
  6
Continuous
 62
     7
370
    30
100
AcDbCircle
 10
0.7620176426
 20
0.7620176426
 30
0.0
 40
0.7620176428406433
100
AcDbArc
 50
180.0013265423
 51
269.9986734577
  0
LINE
  5
4C6
330
4BF
100
AcDbEntity
  8
0
  6
Continuous
 62
     7
370
    30
100
AcDbLine
 10
0.762
 20
0.0
 30
0.0
 11
1.27
 21
0.0
 31
0.0
  0
ARC
  5
4C7
330
4BF
100
AcDbEntity
  8
0
  6
Continuous
 62
     7
370
    30
100
AcDbCircle
 10
1.2699823574
 20
0.7620176426
 30
0.0
 40
0.7620176428406433
100
AcDbArc
 50
270.0013265423
 51
359.9986734577
  0
ENDBLK
  5
4C9
330
4BF
100
AcDbEntity
  8
0
100
AcDbBlockEnd
  0
BLOCK
  5
4D5
330
4CC
100
AcDbEntity
  8
0
100
AcDbBlockBegin
  2
RECT325120X584000R75_View_10
 70
     0
 10
0.0
 20
0.0
 30
0.0
  3
RECT325120X584000R75_View_10
  1
RECT325120X584000R75_View_10
  0
LINE
  5
4CD
330
4CC
100
AcDbEntity
  8
0
  6
Continuous
 62
     7
370
    30
100
AcDbLine
 10
2.032
 20
0.762
 30
0.0
 11
2.032
 21
2.888
 31
0.0
  0
ARC
  5
4CE
330
4CC
100
AcDbEntity
  8
0
  6
Continuous
 62
     7
370
    30
100
AcDbCircle
 10
1.2699823574
 20
2.8879823574
 30
0.0
 40
0.7620176428406433
100
AcDbArc
 50
0.0013265423
 51
89.9986734577
  0
LINE
  5
4CF
330
4CC
100
AcDbEntity
  8
0
  6
Continuous
 62
     7
370
    30
100
AcDbLine
 10
1.27
 20
3.65
 30
0.0
 11
0.762
 21
3.65
 31
0.0
  0
ARC
  5
4D0
330
4CC
100
AcDbEntity
  8
0
  6
Continuous
 62
     7
370
    30
100
AcDbCircle
 10
0.7620176426
 20
2.8879823574
 30
0.0
 40
0.7620176428406433
100
AcDbArc
 50
90.0013265423
 51
179.9986734577
  0
LINE
  5
4D1
330
4CC
100
AcDbEntity
  8
0
  6
Continuous
 62
     7
370
    30
100
AcDbLine
 10
0.0
 20
2.888
 30
0.0
 11
0.0
 21
0.762
 31
0.0
  0
ARC
  5
4D2
330
4CC
100
AcDbEntity
  8
0
  6
Continuous
 62
     7
370
    30
100
AcDbCircle
 10
0.7620176426
 20
0.7620176426
 30
0.0
 40
0.7620176428406433
100
AcDbArc
 50
180.0013265423
 51
269.9986734577
  0
LINE
  5
4D3
330
4CC
100
AcDbEntity
  8
0
  6
Continuous
 62
     7
370
    30
100
AcDbLine
 10
0.762
 20
0.0
 30
0.0
 11
1.27
 21
0.0
 31
0.0
  0
ARC
  5
4D4
330
4CC
100
AcDbEntity
  8
0
  6
Continuous
 62
     7
370
    30
100
AcDbCircle
 10
1.2699823574
 20
0.7620176426
 30
0.0
 40
0.7620176428406433
100
AcDbArc
 50
270.0013265423
 51
359.9986734577
  0
ENDBLK
  5
4D6
330
4CC
100
AcDbEntity
  8
0
100
AcDbBlockEnd
  0
BLOCK
  5
4E2
330
4D8
100
AcDbEntity
  8
0
100
AcDbBlockBegin
  2
RECT162560X223520R25_View_11
 70
     0
 10
0.0
 20
0.0
 30
0.0
  3
RECT162560X223520R25_View_11
  1
RECT162560X223520R25_View_11
  0
LINE
  5
4D9
330
4D8
100
AcDbEntity
  8
0
  6
Continuous
 62
     7
370
    30
100
AcDbLine
 10
1.016
 20
0.127
 30
0.0
 11
1.016
 21
1.27
 31
0.0
  0
ARC
  5
4DA
330
4D8
100
AcDbEntity
  8
0
  6
Continuous
 62
     7
370
    30
100
AcDbCircle
 10
0.8889970596
 20
1.2699970596
 30
0.0
 40
0.1270029404734405
100
AcDbArc
 50
0.0013265423
 51
89.9986734577
  0
LINE
  5
4DB
330
4D8
100
AcDbEntity
  8
0
  6
Continuous
 62
     7
370
    30
100
AcDbLine
 10
0.889
 20
1.397
 30
0.0
 11
0.127
 21
1.397
 31
0.0
  0
ARC
  5
4DC
330
4D8
100
AcDbEntity
  8
0
  6
Continuous
 62
     7
370
    30
100
AcDbCircle
 10
0.1270029404
 20
1.2699970596
 30
0.0
 40
0.1270029404734406
100
AcDbArc
 50
90.0013265423
 51
179.9986734577
  0
LINE
  5
4DD
330
4D8
100
AcDbEntity
  8
0
  6
Continuous
 62
     7
370
    30
100
AcDbLine
 10
0.0
 20
1.27
 30
0.0
 11
0.0
 21
0.127
 31
0.0
  0
ARC
  5
4DE
330
4D8
100
AcDbEntity
  8
0
  6
Continuous
 62
     7
370
    30
100
AcDbCircle
 10
0.1270029404
 20
0.1270029404
 30
0.0
 40
0.1270029404734406
100
AcDbArc
 50
180.0013265423
 51
269.9986734577
  0
LINE
  5
4DF
330
4D8
100
AcDbEntity
  8
0
  6
Continuous
 62
     7
370
    30
100
AcDbLine
 10
0.127
 20
0.0
 30
0.0
 11
0.889
 21
0.0
 31
0.0
  0
ARC
  5
4E0
330
4D8
100
AcDbEntity
  8
0
  6
Continuous
 62
     7
370
    30
100
AcDbCircle
 10
0.8889970596
 20
0.1270029404
 30
0.0
 40
0.1270029404302783
100
AcDbArc
 50
270.0013265381
 51
0.0
  0
POINT
  5
4E1
330
4D8
100
AcDbEntity
  8
0
  6
Continuous
 62
     7
370
    30
100
AcDbPoint
 10
1.0159995099
 20
0.1270014702
 30
0.0
  0
ENDBLK
  5
4E3
330
4D8
100
AcDbEntity
  8
0
100
AcDbBlockEnd
  0
BLOCK
  5
4F0
330
4E6
100
AcDbEntity
  8
0
100
AcDbBlockBegin
  2
RECT162560X223520R25_View_12
 70
     0
 10
0.0
 20
0.0
 30
0.0
  3
RECT162560X223520R25_View_12
  1
RECT162560X223520R25_View_12
  0
LINE
  5
4E7
330
4E6
100
AcDbEntity
  8
0
  6
Continuous
 62
     7
370
    30
100
AcDbLine
 10
1.016
 20
0.127
 30
0.0
 11
1.016
 21
1.27
 31
0.0
  0
ARC
  5
4E8
330
4E6
100
AcDbEntity
  8
0
  6
Continuous
 62
     7
370
    30
100
AcDbCircle
 10
0.8889970596
 20
1.2699970596
 30
0.0
 40
0.1270029404734405
100
AcDbArc
 50
0.0013265423
 51
89.9986734577
  0
LINE
  5
4E9
330
4E6
100
AcDbEntity
  8
0
  6
Continuous
 62
     7
370
    30
100
AcDbLine
 10
0.889
 20
1.397
 30
0.0
 11
0.127
 21
1.397
 31
0.0
  0
ARC
  5
4EA
330
4E6
100
AcDbEntity
  8
0
  6
Continuous
 62
     7
370
    30
100
AcDbCircle
 10
0.1270029404
 20
1.2699970596
 30
0.0
 40
0.1270029404734406
100
AcDbArc
 50
90.0013265423
 51
179.9986734577
  0
LINE
  5
4EB
330
4E6
100
AcDbEntity
  8
0
  6
Continuous
 62
     7
370
    30
100
AcDbLine
 10
0.0
 20
1.27
 30
0.0
 11
0.0
 21
0.127
 31
0.0
  0
ARC
  5
4EC
330
4E6
100
AcDbEntity
  8
0
  6
Continuous
 62
     7
370
    30
100
AcDbCircle
 10
0.1270029404
 20
0.1270029404
 30
0.0
 40
0.1270029404734406
100
AcDbArc
 50
180.0013265423
 51
269.9986734577
  0
LINE
  5
4ED
330
4E6
100
AcDbEntity
  8
0
  6
Continuous
 62
     7
370
    30
100
AcDbLine
 10
0.127
 20
0.0
 30
0.0
 11
0.889
 21
0.0
 31
0.0
  0
ARC
  5
4EE
330
4E6
100
AcDbEntity
  8
0
  6
Continuous
 62
     7
370
    30
100
AcDbCircle
 10
0.8889970596
 20
0.1270029404
 30
0.0
 40
0.1270029404302783
100
AcDbArc
 50
270.0013265381
 51
0.0
  0
POINT
  5
4EF
330
4E6
100
AcDbEntity
  8
0
  6
Continuous
 62
     7
370
    30
100
AcDbPoint
 10
1.0159995099
 20
0.1270014702
 30
0.0
  0
ENDBLK
  5
4F1
330
4E6
100
AcDbEntity
  8
0
100
AcDbBlockEnd
  0
BLOCK
  5
4FE
330
4F4
100
AcDbEntity
  8
0
100
AcDbBlockBegin
  2
RECT162560X223520R25_View_13
 70
     0
 10
0.0
 20
0.0
 30
0.0
  3
RECT162560X223520R25_View_13
  1
RECT162560X223520R25_View_13
  0
LINE
  5
4F5
330
4F4
100
AcDbEntity
  8
0
  6
Continuous
 62
     7
370
    30
100
AcDbLine
 10
1.016
 20
0.127
 30
0.0
 11
1.016
 21
1.27
 31
0.0
  0
ARC
  5
4F6
330
4F4
100
AcDbEntity
  8
0
  6
Continuous
 62
     7
370
    30
100
AcDbCircle
 10
0.8889970596
 20
1.2699970596
 30
0.0
 40
0.1270029404734405
100
AcDbArc
 50
0.0013265423
 51
89.9986734577
  0
LINE
  5
4F7
330
4F4
100
AcDbEntity
  8
0
  6
Continuous
 62
     7
370
    30
100
AcDbLine
 10
0.889
 20
1.397
 30
0.0
 11
0.127
 21
1.397
 31
0.0
  0
ARC
  5
4F8
330
4F4
100
AcDbEntity
  8
0
  6
Continuous
 62
     7
370
    30
100
AcDbCircle
 10
0.1270029404
 20
1.2699970596
 30
0.0
 40
0.1270029404734406
100
AcDbArc
 50
90.0013265423
 51
179.9986734577
  0
LINE
  5
4F9
330
4F4
100
AcDbEntity
  8
0
  6
Continuous
 62
     7
370
    30
100
AcDbLine
 10
0.0
 20
1.27
 30
0.0
 11
0.0
 21
0.127
 31
0.0
  0
ARC
  5
4FA
330
4F4
100
AcDbEntity
  8
0
  6
Continuous
 62
     7
370
    30
100
AcDbCircle
 10
0.1270029404
 20
0.1270029404
 30
0.0
 40
0.1270029404734406
100
AcDbArc
 50
180.0013265423
 51
269.9986734577
  0
LINE
  5
4FB
330
4F4
100
AcDbEntity
  8
0
  6
Continuous
 62
     7
370
    30
100
AcDbLine
 10
0.127
 20
0.0
 30
0.0
 11
0.889
 21
0.0
 31
0.0
  0
ARC
  5
4FC
330
4F4
100
AcDbEntity
  8
0
  6
Continuous
 62
     7
370
    30
100
AcDbCircle
 10
0.8889970596
 20
0.1270029404
 30
0.0
 40
0.1270029404302783
100
AcDbArc
 50
270.0013265381
 51
0.0
  0
POINT
  5
4FD
330
4F4
100
AcDbEntity
  8
0
  6
Continuous
 62
     7
370
    30
100
AcDbPoint
 10
1.0159995099
 20
0.1270014702
 30
0.0
  0
ENDBLK
  5
4FF
330
4F4
100
AcDbEntity
  8
0
100
AcDbBlockEnd
  0
BLOCK
  5
50C
330
502
100
AcDbEntity
  8
0
100
AcDbBlockBegin
  2
RECT162560X223520R25_View_15
 70
     0
 10
0.0
 20
0.0
 30
0.0
  3
RECT162560X223520R25_View_15
  1
RECT162560X223520R25_View_15
  0
LINE
  5
503
330
502
100
AcDbEntity
  8
0
  6
Continuous
 62
     7
370
    30
100
AcDbLine
 10
1.016
 20
0.127
 30
0.0
 11
1.016
 21
1.27
 31
0.0
  0
ARC
  5
504
330
502
100
AcDbEntity
  8
0
  6
Continuous
 62
     7
370
    30
100
AcDbCircle
 10
0.8889970596
 20
1.2699970596
 30
0.0
 40
0.1270029404734405
100
AcDbArc
 50
0.0013265423
 51
89.9986734577
  0
LINE
  5
505
330
502
100
AcDbEntity
  8
0
  6
Continuous
 62
     7
370
    30
100
AcDbLine
 10
0.889
 20
1.397
 30
0.0
 11
0.127
 21
1.397
 31
0.0
  0
ARC
  5
506
330
502
100
AcDbEntity
  8
0
  6
Continuous
 62
     7
370
    30
100
AcDbCircle
 10
0.1270029404
 20
1.2699970596
 30
0.0
 40
0.1270029404734406
100
AcDbArc
 50
90.0013265423
 51
179.9986734577
  0
LINE
  5
507
330
502
100
AcDbEntity
  8
0
  6
Continuous
 62
     7
370
    30
100
AcDbLine
 10
0.0
 20
1.27
 30
0.0
 11
0.0
 21
0.127
 31
0.0
  0
ARC
  5
508
330
502
100
AcDbEntity
  8
0
  6
Continuous
 62
     7
370
    30
100
AcDbCircle
 10
0.1270029404
 20
0.1270029404
 30
0.0
 40
0.1270029404734406
100
AcDbArc
 50
180.0013265423
 51
269.9986734577
  0
LINE
  5
509
330
502
100
AcDbEntity
  8
0
  6
Continuous
 62
     7
370
    30
100
AcDbLine
 10
0.127
 20
0.0
 30
0.0
 11
0.889
 21
0.0
 31
0.0
  0
ARC
  5
50A
330
502
100
AcDbEntity
  8
0
  6
Continuous
 62
     7
370
    30
100
AcDbCircle
 10
0.8889970596
 20
0.1270029404
 30
0.0
 40
0.1270029404302783
100
AcDbArc
 50
270.0013265381
 51
0.0
  0
POINT
  5
50B
330
502
100
AcDbEntity
  8
0
  6
Continuous
 62
     7
370
    30
100
AcDbPoint
 10
1.0159995099
 20
0.1270014702
 30
0.0
  0
ENDBLK
  5
50D
330
502
100
AcDbEntity
  8
0
100
AcDbBlockEnd
  0
BLOCK
  5
51A
330
510
100
AcDbEntity
  8
0
100
AcDbBlockBegin
  2
RECT162560X223520R25_View_16
 70
     0
 10
0.0
 20
0.0
 30
0.0
  3
RECT162560X223520R25_View_16
  1
RECT162560X223520R25_View_16
  0
LINE
  5
511
330
510
100
AcDbEntity
  8
0
  6
Continuous
 62
     7
370
    30
100
AcDbLine
 10
1.016
 20
0.127
 30
0.0
 11
1.016
 21
1.27
 31
0.0
  0
ARC
  5
512
330
510
100
AcDbEntity
  8
0
  6
Continuous
 62
     7
370
    30
100
AcDbCircle
 10
0.8889970596
 20
1.2699970596
 30
0.0
 40
0.1270029404734405
100
AcDbArc
 50
0.0013265423
 51
89.9986734577
  0
LINE
  5
513
330
510
100
AcDbEntity
  8
0
  6
Continuous
 62
     7
370
    30
100
AcDbLine
 10
0.889
 20
1.397
 30
0.0
 11
0.127
 21
1.397
 31
0.0
  0
ARC
  5
514
330
510
100
AcDbEntity
  8
0
  6
Continuous
 62
     7
370
    30
100
AcDbCircle
 10
0.1270029404
 20
1.2699970596
 30
0.0
 40
0.1270029404734406
100
AcDbArc
 50
90.0013265423
 51
179.9986734577
  0
LINE
  5
515
330
510
100
AcDbEntity
  8
0
  6
Continuous
 62
     7
370
    30
100
AcDbLine
 10
0.0
 20
1.27
 30
0.0
 11
0.0
 21
0.127
 31
0.0
  0
ARC
  5
516
330
510
100
AcDbEntity
  8
0
  6
Continuous
 62
     7
370
    30
100
AcDbCircle
 10
0.1270029404
 20
0.1270029404
 30
0.0
 40
0.1270029404734406
100
AcDbArc
 50
180.0013265423
 51
269.9986734577
  0
LINE
  5
517
330
510
100
AcDbEntity
  8
0
  6
Continuous
 62
     7
370
    30
100
AcDbLine
 10
0.127
 20
0.0
 30
0.0
 11
0.889
 21
0.0
 31
0.0
  0
ARC
  5
518
330
510
100
AcDbEntity
  8
0
  6
Continuous
 62
     7
370
    30
100
AcDbCircle
 10
0.8889970596
 20
0.1270029404
 30
0.0
 40
0.1270029404302783
100
AcDbArc
 50
270.0013265381
 51
0.0
  0
POINT
  5
519
330
510
100
AcDbEntity
  8
0
  6
Continuous
 62
     7
370
    30
100
AcDbPoint
 10
1.0159995099
 20
0.1270014702
 30
0.0
  0
ENDBLK
  5
51B
330
510
100
AcDbEntity
  8
0
100
AcDbBlockEnd
  0
BLOCK
  5
528
330
51E
100
AcDbEntity
  8
0
100
AcDbBlockBegin
  2
RECT162560X223520R25_View_17
 70
     0
 10
0.0
 20
0.0
 30
0.0
  3
RECT162560X223520R25_View_17
  1
RECT162560X223520R25_View_17
  0
LINE
  5
51F
330
51E
100
AcDbEntity
  8
0
  6
Continuous
 62
     7
370
    30
100
AcDbLine
 10
1.016
 20
0.127
 30
0.0
 11
1.016
 21
1.27
 31
0.0
  0
ARC
  5
520
330
51E
100
AcDbEntity
  8
0
  6
Continuous
 62
     7
370
    30
100
AcDbCircle
 10
0.8889970596
 20
1.2699970596
 30
0.0
 40
0.1270029404734405
100
AcDbArc
 50
0.0013265423
 51
89.9986734577
  0
LINE
  5
521
330
51E
100
AcDbEntity
  8
0
  6
Continuous
 62
     7
370
    30
100
AcDbLine
 10
0.889
 20
1.397
 30
0.0
 11
0.127
 21
1.397
 31
0.0
  0
ARC
  5
522
330
51E
100
AcDbEntity
  8
0
  6
Continuous
 62
     7
370
    30
100
AcDbCircle
 10
0.1270029404
 20
1.2699970596
 30
0.0
 40
0.1270029404734406
100
AcDbArc
 50
90.0013265423
 51
179.9986734577
  0
LINE
  5
523
330
51E
100
AcDbEntity
  8
0
  6
Continuous
 62
     7
370
    30
100
AcDbLine
 10
0.0
 20
1.27
 30
0.0
 11
0.0
 21
0.127
 31
0.0
  0
ARC
  5
524
330
51E
100
AcDbEntity
  8
0
  6
Continuous
 62
     7
370
    30
100
AcDbCircle
 10
0.1270029404
 20
0.1270029404
 30
0.0
 40
0.1270029404734406
100
AcDbArc
 50
180.0013265423
 51
269.9986734577
  0
LINE
  5
525
330
51E
100
AcDbEntity
  8
0
  6
Continuous
 62
     7
370
    30
100
AcDbLine
 10
0.127
 20
0.0
 30
0.0
 11
0.889
 21
0.0
 31
0.0
  0
ARC
  5
526
330
51E
100
AcDbEntity
  8
0
  6
Continuous
 62
     7
370
    30
100
AcDbCircle
 10
0.8889970596
 20
0.1270029404
 30
0.0
 40
0.1270029404302783
100
AcDbArc
 50
270.0013265381
 51
0.0
  0
POINT
  5
527
330
51E
100
AcDbEntity
  8
0
  6
Continuous
 62
     7
370
    30
100
AcDbPoint
 10
1.0159995099
 20
0.1270014702
 30
0.0
  0
ENDBLK
  5
529
330
51E
100
AcDbEntity
  8
0
100
AcDbBlockEnd
  0
BLOCK
  5
536
330
52C
100
AcDbEntity
  8
0
100
AcDbBlockBegin
  2
RECT162560X223520R25_View_18
 70
     0
 10
0.0
 20
0.0
 30
0.0
  3
RECT162560X223520R25_View_18
  1
RECT162560X223520R25_View_18
  0
LINE
  5
52D
330
52C
100
AcDbEntity
  8
0
  6
Continuous
 62
     7
370
    30
100
AcDbLine
 10
1.016
 20
0.127
 30
0.0
 11
1.016
 21
1.27
 31
0.0
  0
ARC
  5
52E
330
52C
100
AcDbEntity
  8
0
  6
Continuous
 62
     7
370
    30
100
AcDbCircle
 10
0.8889970596
 20
1.2699970596
 30
0.0
 40
0.1270029404734405
100
AcDbArc
 50
0.0013265423
 51
89.9986734577
  0
LINE
  5
52F
330
52C
100
AcDbEntity
  8
0
  6
Continuous
 62
     7
370
    30
100
AcDbLine
 10
0.889
 20
1.397
 30
0.0
 11
0.127
 21
1.397
 31
0.0
  0
ARC
  5
530
330
52C
100
AcDbEntity
  8
0
  6
Continuous
 62
     7
370
    30
100
AcDbCircle
 10
0.1270029404
 20
1.2699970596
 30
0.0
 40
0.1270029404734406
100
AcDbArc
 50
90.0013265423
 51
179.9986734577
  0
LINE
  5
531
330
52C
100
AcDbEntity
  8
0
  6
Continuous
 62
     7
370
    30
100
AcDbLine
 10
0.0
 20
1.27
 30
0.0
 11
0.0
 21
0.127
 31
0.0
  0
ARC
  5
532
330
52C
100
AcDbEntity
  8
0
  6
Continuous
 62
     7
370
    30
100
AcDbCircle
 10
0.1270029404
 20
0.1270029404
 30
0.0
 40
0.1270029404734406
100
AcDbArc
 50
180.0013265423
 51
269.9986734577
  0
LINE
  5
533
330
52C
100
AcDbEntity
  8
0
  6
Continuous
 62
     7
370
    30
100
AcDbLine
 10
0.127
 20
0.0
 30
0.0
 11
0.889
 21
0.0
 31
0.0
  0
ARC
  5
534
330
52C
100
AcDbEntity
  8
0
  6
Continuous
 62
     7
370
    30
100
AcDbCircle
 10
0.8889970596
 20
0.1270029404
 30
0.0
 40
0.1270029404302783
100
AcDbArc
 50
270.0013265381
 51
0.0
  0
POINT
  5
535
330
52C
100
AcDbEntity
  8
0
  6
Continuous
 62
     7
370
    30
100
AcDbPoint
 10
1.0159995099
 20
0.1270014702
 30
0.0
  0
ENDBLK
  5
537
330
52C
100
AcDbEntity
  8
0
100
AcDbBlockEnd
  0
BLOCK
  5
544
330
53A
100
AcDbEntity
  8
0
100
AcDbBlockBegin
  2
RECT162560X223520R25_View_19
 70
     0
 10
0.0
 20
0.0
 30
0.0
  3
RECT162560X223520R25_View_19
  1
RECT162560X223520R25_View_19
  0
LINE
  5
53B
330
53A
100
AcDbEntity
  8
0
  6
Continuous
 62
     7
370
    30
100
AcDbLine
 10
1.016
 20
0.127
 30
0.0
 11
1.016
 21
1.27
 31
0.0
  0
ARC
  5
53C
330
53A
100
AcDbEntity
  8
0
  6
Continuous
 62
     7
370
    30
100
AcDbCircle
 10
0.8889970596
 20
1.2699970596
 30
0.0
 40
0.1270029404734405
100
AcDbArc
 50
0.0013265423
 51
89.9986734577
  0
LINE
  5
53D
330
53A
100
AcDbEntity
  8
0
  6
Continuous
 62
     7
370
    30
100
AcDbLine
 10
0.889
 20
1.397
 30
0.0
 11
0.127
 21
1.397
 31
0.0
  0
ARC
  5
53E
330
53A
100
AcDbEntity
  8
0
  6
Continuous
 62
     7
370
    30
100
AcDbCircle
 10
0.1270029404
 20
1.2699970596
 30
0.0
 40
0.1270029404734406
100
AcDbArc
 50
90.0013265423
 51
179.9986734577
  0
LINE
  5
53F
330
53A
100
AcDbEntity
  8
0
  6
Continuous
 62
     7
370
    30
100
AcDbLine
 10
0.0
 20
1.27
 30
0.0
 11
0.0
 21
0.127
 31
0.0
  0
ARC
  5
540
330
53A
100
AcDbEntity
  8
0
  6
Continuous
 62
     7
370
    30
100
AcDbCircle
 10
0.1270029404
 20
0.1270029404
 30
0.0
 40
0.1270029404734406
100
AcDbArc
 50
180.0013265423
 51
269.9986734577
  0
LINE
  5
541
330
53A
100
AcDbEntity
  8
0
  6
Continuous
 62
     7
370
    30
100
AcDbLine
 10
0.127
 20
0.0
 30
0.0
 11
0.889
 21
0.0
 31
0.0
  0
ARC
  5
542
330
53A
100
AcDbEntity
  8
0
  6
Continuous
 62
     7
370
    30
100
AcDbCircle
 10
0.8889970596
 20
0.1270029404
 30
0.0
 40
0.1270029404302783
100
AcDbArc
 50
270.0013265381
 51
0.0
  0
POINT
  5
543
330
53A
100
AcDbEntity
  8
0
  6
Continuous
 62
     7
370
    30
100
AcDbPoint
 10
1.0159995099
 20
0.1270014702
 30
0.0
  0
ENDBLK
  5
545
330
53A
100
AcDbEntity
  8
0
100
AcDbBlockEnd
  0
BLOCK
  5
552
330
548
100
AcDbEntity
  8
0
100
AcDbBlockBegin
  2
RECT162560X223520R25_View_20
 70
     0
 10
0.0
 20
0.0
 30
0.0
  3
RECT162560X223520R25_View_20
  1
RECT162560X223520R25_View_20
  0
LINE
  5
549
330
548
100
AcDbEntity
  8
0
  6
Continuous
 62
     7
370
    30
100
AcDbLine
 10
1.016
 20
0.127
 30
0.0
 11
1.016
 21
1.27
 31
0.0
  0
ARC
  5
54A
330
548
100
AcDbEntity
  8
0
  6
Continuous
 62
     7
370
    30
100
AcDbCircle
 10
0.8889970596
 20
1.2699970596
 30
0.0
 40
0.1270029404734405
100
AcDbArc
 50
0.0013265423
 51
89.9986734577
  0
LINE
  5
54B
330
548
100
AcDbEntity
  8
0
  6
Continuous
 62
     7
370
    30
100
AcDbLine
 10
0.889
 20
1.397
 30
0.0
 11
0.127
 21
1.397
 31
0.0
  0
ARC
  5
54C
330
548
100
AcDbEntity
  8
0
  6
Continuous
 62
     7
370
    30
100
AcDbCircle
 10
0.1270029404
 20
1.2699970596
 30
0.0
 40
0.1270029404734406
100
AcDbArc
 50
90.0013265423
 51
179.9986734577
  0
LINE
  5
54D
330
548
100
AcDbEntity
  8
0
  6
Continuous
 62
     7
370
    30
100
AcDbLine
 10
0.0
 20
1.27
 30
0.0
 11
0.0
 21
0.127
 31
0.0
  0
ARC
  5
54E
330
548
100
AcDbEntity
  8
0
  6
Continuous
 62
     7
370
    30
100
AcDbCircle
 10
0.1270029404
 20
0.1270029404
 30
0.0
 40
0.1270029404734406
100
AcDbArc
 50
180.0013265423
 51
269.9986734577
  0
LINE
  5
54F
330
548
100
AcDbEntity
  8
0
  6
Continuous
 62
     7
370
    30
100
AcDbLine
 10
0.127
 20
0.0
 30
0.0
 11
0.889
 21
0.0
 31
0.0
  0
ARC
  5
550
330
548
100
AcDbEntity
  8
0
  6
Continuous
 62
     7
370
    30
100
AcDbCircle
 10
0.8889970596
 20
0.1270029404
 30
0.0
 40
0.1270029404302783
100
AcDbArc
 50
270.0013265381
 51
0.0
  0
POINT
  5
551
330
548
100
AcDbEntity
  8
0
  6
Continuous
 62
     7
370
    30
100
AcDbPoint
 10
1.0159995099
 20
0.1270014702
 30
0.0
  0
ENDBLK
  5
553
330
548
100
AcDbEntity
  8
0
100
AcDbBlockEnd
  0
BLOCK
  5
560
330
556
100
AcDbEntity
  8
0
100
AcDbBlockBegin
  2
RECT162560X223520R25_View_21
 70
     0
 10
0.0
 20
0.0
 30
0.0
  3
RECT162560X223520R25_View_21
  1
RECT162560X223520R25_View_21
  0
LINE
  5
557
330
556
100
AcDbEntity
  8
0
  6
Continuous
 62
     7
370
    30
100
AcDbLine
 10
1.016
 20
0.127
 30
0.0
 11
1.016
 21
1.27
 31
0.0
  0
ARC
  5
558
330
556
100
AcDbEntity
  8
0
  6
Continuous
 62
     7
370
    30
100
AcDbCircle
 10
0.8889970596
 20
1.2699970596
 30
0.0
 40
0.1270029404734405
100
AcDbArc
 50
0.0013265423
 51
89.9986734577
  0
LINE
  5
559
330
556
100
AcDbEntity
  8
0
  6
Continuous
 62
     7
370
    30
100
AcDbLine
 10
0.889
 20
1.397
 30
0.0
 11
0.127
 21
1.397
 31
0.0
  0
ARC
  5
55A
330
556
100
AcDbEntity
  8
0
  6
Continuous
 62
     7
370
    30
100
AcDbCircle
 10
0.1270029404
 20
1.2699970596
 30
0.0
 40
0.1270029404734406
100
AcDbArc
 50
90.0013265423
 51
179.9986734577
  0
LINE
  5
55B
330
556
100
AcDbEntity
  8
0
  6
Continuous
 62
     7
370
    30
100
AcDbLine
 10
0.0
 20
1.27
 30
0.0
 11
0.0
 21
0.127
 31
0.0
  0
ARC
  5
55C
330
556
100
AcDbEntity
  8
0
  6
Continuous
 62
     7
370
    30
100
AcDbCircle
 10
0.1270029404
 20
0.1270029404
 30
0.0
 40
0.1270029404734406
100
AcDbArc
 50
180.0013265423
 51
269.9986734577
  0
LINE
  5
55D
330
556
100
AcDbEntity
  8
0
  6
Continuous
 62
     7
370
    30
100
AcDbLine
 10
0.127
 20
0.0
 30
0.0
 11
0.889
 21
0.0
 31
0.0
  0
ARC
  5
55E
330
556
100
AcDbEntity
  8
0
  6
Continuous
 62
     7
370
    30
100
AcDbCircle
 10
0.8889970596
 20
0.1270029404
 30
0.0
 40
0.1270029404302783
100
AcDbArc
 50
270.0013265381
 51
0.0
  0
POINT
  5
55F
330
556
100
AcDbEntity
  8
0
  6
Continuous
 62
     7
370
    30
100
AcDbPoint
 10
1.0159995099
 20
0.1270014702
 30
0.0
  0
ENDBLK
  5
561
330
556
100
AcDbEntity
  8
0
100
AcDbBlockEnd
  0
BLOCK
  5
56E
330
564
100
AcDbEntity
  8
0
100
AcDbBlockBegin
  2
RECT162560X223520R25_View_22
 70
     0
 10
0.0
 20
0.0
 30
0.0
  3
RECT162560X223520R25_View_22
  1
RECT162560X223520R25_View_22
  0
LINE
  5
565
330
564
100
AcDbEntity
  8
0
  6
Continuous
 62
     7
370
    30
100
AcDbLine
 10
1.016
 20
0.127
 30
0.0
 11
1.016
 21
1.27
 31
0.0
  0
ARC
  5
566
330
564
100
AcDbEntity
  8
0
  6
Continuous
 62
     7
370
    30
100
AcDbCircle
 10
0.8889970596
 20
1.2699970596
 30
0.0
 40
0.1270029404734405
100
AcDbArc
 50
0.0013265423
 51
89.9986734577
  0
LINE
  5
567
330
564
100
AcDbEntity
  8
0
  6
Continuous
 62
     7
370
    30
100
AcDbLine
 10
0.889
 20
1.397
 30
0.0
 11
0.127
 21
1.397
 31
0.0
  0
ARC
  5
568
330
564
100
AcDbEntity
  8
0
  6
Continuous
 62
     7
370
    30
100
AcDbCircle
 10
0.1270029404
 20
1.2699970596
 30
0.0
 40
0.1270029404734406
100
AcDbArc
 50
90.0013265423
 51
179.9986734577
  0
LINE
  5
569
330
564
100
AcDbEntity
  8
0
  6
Continuous
 62
     7
370
    30
100
AcDbLine
 10
0.0
 20
1.27
 30
0.0
 11
0.0
 21
0.127
 31
0.0
  0
ARC
  5
56A
330
564
100
AcDbEntity
  8
0
  6
Continuous
 62
     7
370
    30
100
AcDbCircle
 10
0.1270029404
 20
0.1270029404
 30
0.0
 40
0.1270029404734406
100
AcDbArc
 50
180.0013265423
 51
269.9986734577
  0
LINE
  5
56B
330
564
100
AcDbEntity
  8
0
  6
Continuous
 62
     7
370
    30
100
AcDbLine
 10
0.127
 20
0.0
 30
0.0
 11
0.889
 21
0.0
 31
0.0
  0
ARC
  5
56C
330
564
100
AcDbEntity
  8
0
  6
Continuous
 62
     7
370
    30
100
AcDbCircle
 10
0.8889970596
 20
0.1270029404
 30
0.0
 40
0.1270029404302783
100
AcDbArc
 50
270.0013265381
 51
0.0
  0
POINT
  5
56D
330
564
100
AcDbEntity
  8
0
  6
Continuous
 62
     7
370
    30
100
AcDbPoint
 10
1.0159995099
 20
0.1270014702
 30
0.0
  0
ENDBLK
  5
56F
330
564
100
AcDbEntity
  8
0
100
AcDbBlockEnd
  0
BLOCK
  5
57C
330
572
100
AcDbEntity
  8
0
100
AcDbBlockBegin
  2
RECT162560X223520R25_View_23
 70
     0
 10
0.0
 20
0.0
 30
0.0
  3
RECT162560X223520R25_View_23
  1
RECT162560X223520R25_View_23
  0
LINE
  5
573
330
572
100
AcDbEntity
  8
0
  6
Continuous
 62
     7
370
    30
100
AcDbLine
 10
1.016
 20
0.127
 30
0.0
 11
1.016
 21
1.27
 31
0.0
  0
ARC
  5
574
330
572
100
AcDbEntity
  8
0
  6
Continuous
 62
     7
370
    30
100
AcDbCircle
 10
0.8889970596
 20
1.2699970596
 30
0.0
 40
0.1270029404734405
100
AcDbArc
 50
0.0013265423
 51
89.9986734577
  0
LINE
  5
575
330
572
100
AcDbEntity
  8
0
  6
Continuous
 62
     7
370
    30
100
AcDbLine
 10
0.889
 20
1.397
 30
0.0
 11
0.127
 21
1.397
 31
0.0
  0
ARC
  5
576
330
572
100
AcDbEntity
  8
0
  6
Continuous
 62
     7
370
    30
100
AcDbCircle
 10
0.1270029404
 20
1.2699970596
 30
0.0
 40
0.1270029404734406
100
AcDbArc
 50
90.0013265423
 51
179.9986734577
  0
LINE
  5
577
330
572
100
AcDbEntity
  8
0
  6
Continuous
 62
     7
370
    30
100
AcDbLine
 10
0.0
 20
1.27
 30
0.0
 11
0.0
 21
0.127
 31
0.0
  0
ARC
  5
578
330
572
100
AcDbEntity
  8
0
  6
Continuous
 62
     7
370
    30
100
AcDbCircle
 10
0.1270029404
 20
0.1270029404
 30
0.0
 40
0.1270029404734406
100
AcDbArc
 50
180.0013265423
 51
269.9986734577
  0
LINE
  5
579
330
572
100
AcDbEntity
  8
0
  6
Continuous
 62
     7
370
    30
100
AcDbLine
 10
0.127
 20
0.0
 30
0.0
 11
0.889
 21
0.0
 31
0.0
  0
ARC
  5
57A
330
572
100
AcDbEntity
  8
0
  6
Continuous
 62
     7
370
    30
100
AcDbCircle
 10
0.8889970596
 20
0.1270029404
 30
0.0
 40
0.1270029404302783
100
AcDbArc
 50
270.0013265381
 51
0.0
  0
POINT
  5
57B
330
572
100
AcDbEntity
  8
0
  6
Continuous
 62
     7
370
    30
100
AcDbPoint
 10
1.0159995099
 20
0.1270014702
 30
0.0
  0
ENDBLK
  5
57D
330
572
100
AcDbEntity
  8
0
100
AcDbBlockEnd
  0
BLOCK
  5
58A
330
580
100
AcDbEntity
  8
0
100
AcDbBlockBegin
  2
RECT162560X223520R25_View_25
 70
     0
 10
0.0
 20
0.0
 30
0.0
  3
RECT162560X223520R25_View_25
  1
RECT162560X223520R25_View_25
  0
LINE
  5
581
330
580
100
AcDbEntity
  8
0
  6
Continuous
 62
     7
370
    30
100
AcDbLine
 10
1.016
 20
0.127
 30
0.0
 11
1.016
 21
1.27
 31
0.0
  0
ARC
  5
582
330
580
100
AcDbEntity
  8
0
  6
Continuous
 62
     7
370
    30
100
AcDbCircle
 10
0.8889970596
 20
1.2699970596
 30
0.0
 40
0.1270029404734405
100
AcDbArc
 50
0.0013265423
 51
89.9986734577
  0
LINE
  5
583
330
580
100
AcDbEntity
  8
0
  6
Continuous
 62
     7
370
    30
100
AcDbLine
 10
0.889
 20
1.397
 30
0.0
 11
0.127
 21
1.397
 31
0.0
  0
ARC
  5
584
330
580
100
AcDbEntity
  8
0
  6
Continuous
 62
     7
370
    30
100
AcDbCircle
 10
0.1270029404
 20
1.2699970596
 30
0.0
 40
0.1270029404734406
100
AcDbArc
 50
90.0013265423
 51
179.9986734577
  0
LINE
  5
585
330
580
100
AcDbEntity
  8
0
  6
Continuous
 62
     7
370
    30
100
AcDbLine
 10
0.0
 20
1.27
 30
0.0
 11
0.0
 21
0.127
 31
0.0
  0
ARC
  5
586
330
580
100
AcDbEntity
  8
0
  6
Continuous
 62
     7
370
    30
100
AcDbCircle
 10
0.1270029404
 20
0.1270029404
 30
0.0
 40
0.1270029404734406
100
AcDbArc
 50
180.0013265423
 51
269.9986734577
  0
LINE
  5
587
330
580
100
AcDbEntity
  8
0
  6
Continuous
 62
     7
370
    30
100
AcDbLine
 10
0.127
 20
0.0
 30
0.0
 11
0.889
 21
0.0
 31
0.0
  0
ARC
  5
588
330
580
100
AcDbEntity
  8
0
  6
Continuous
 62
     7
370
    30
100
AcDbCircle
 10
0.8889970596
 20
0.1270029404
 30
0.0
 40
0.1270029404302783
100
AcDbArc
 50
270.0013265381
 51
0.0
  0
POINT
  5
589
330
580
100
AcDbEntity
  8
0
  6
Continuous
 62
     7
370
    30
100
AcDbPoint
 10
1.0159995099
 20
0.1270014702
 30
0.0
  0
ENDBLK
  5
58B
330
580
100
AcDbEntity
  8
0
100
AcDbBlockEnd
  0
BLOCK
  5
598
330
58E
100
AcDbEntity
  8
0
100
AcDbBlockBegin
  2
RECT162560X223520R25_View_26
 70
     0
 10
0.0
 20
0.0
 30
0.0
  3
RECT162560X223520R25_View_26
  1
RECT162560X223520R25_View_26
  0
LINE
  5
58F
330
58E
100
AcDbEntity
  8
0
  6
Continuous
 62
     7
370
    30
100
AcDbLine
 10
1.016
 20
0.127
 30
0.0
 11
1.016
 21
1.27
 31
0.0
  0
ARC
  5
590
330
58E
100
AcDbEntity
  8
0
  6
Continuous
 62
     7
370
    30
100
AcDbCircle
 10
0.8889970596
 20
1.2699970596
 30
0.0
 40
0.1270029404734405
100
AcDbArc
 50
0.0013265423
 51
89.9986734577
  0
LINE
  5
591
330
58E
100
AcDbEntity
  8
0
  6
Continuous
 62
     7
370
    30
100
AcDbLine
 10
0.889
 20
1.397
 30
0.0
 11
0.127
 21
1.397
 31
0.0
  0
ARC
  5
592
330
58E
100
AcDbEntity
  8
0
  6
Continuous
 62
     7
370
    30
100
AcDbCircle
 10
0.1270029404
 20
1.2699970596
 30
0.0
 40
0.1270029404734406
100
AcDbArc
 50
90.0013265423
 51
179.9986734577
  0
LINE
  5
593
330
58E
100
AcDbEntity
  8
0
  6
Continuous
 62
     7
370
    30
100
AcDbLine
 10
0.0
 20
1.27
 30
0.0
 11
0.0
 21
0.127
 31
0.0
  0
ARC
  5
594
330
58E
100
AcDbEntity
  8
0
  6
Continuous
 62
     7
370
    30
100
AcDbCircle
 10
0.1270029404
 20
0.1270029404
 30
0.0
 40
0.1270029404734406
100
AcDbArc
 50
180.0013265423
 51
269.9986734577
  0
LINE
  5
595
330
58E
100
AcDbEntity
  8
0
  6
Continuous
 62
     7
370
    30
100
AcDbLine
 10
0.127
 20
0.0
 30
0.0
 11
0.889
 21
0.0
 31
0.0
  0
ARC
  5
596
330
58E
100
AcDbEntity
  8
0
  6
Continuous
 62
     7
370
    30
100
AcDbCircle
 10
0.8889970596
 20
0.1270029404
 30
0.0
 40
0.1270029404302783
100
AcDbArc
 50
270.0013265381
 51
0.0
  0
POINT
  5
597
330
58E
100
AcDbEntity
  8
0
  6
Continuous
 62
     7
370
    30
100
AcDbPoint
 10
1.0159995099
 20
0.1270014702
 30
0.0
  0
ENDBLK
  5
599
330
58E
100
AcDbEntity
  8
0
100
AcDbBlockEnd
  0
BLOCK
  5
5A6
330
59C
100
AcDbEntity
  8
0
100
AcDbBlockBegin
  2
RECT162560X223520R25_View_27
 70
     0
 10
0.0
 20
0.0
 30
0.0
  3
RECT162560X223520R25_View_27
  1
RECT162560X223520R25_View_27
  0
LINE
  5
59D
330
59C
100
AcDbEntity
  8
0
  6
Continuous
 62
     7
370
    30
100
AcDbLine
 10
1.016
 20
0.127
 30
0.0
 11
1.016
 21
1.27
 31
0.0
  0
ARC
  5
59E
330
59C
100
AcDbEntity
  8
0
  6
Continuous
 62
     7
370
    30
100
AcDbCircle
 10
0.8889970596
 20
1.2699970596
 30
0.0
 40
0.1270029404734405
100
AcDbArc
 50
0.0013265423
 51
89.9986734577
  0
LINE
  5
59F
330
59C
100
AcDbEntity
  8
0
  6
Continuous
 62
     7
370
    30
100
AcDbLine
 10
0.889
 20
1.397
 30
0.0
 11
0.127
 21
1.397
 31
0.0
  0
ARC
  5
5A0
330
59C
100
AcDbEntity
  8
0
  6
Continuous
 62
     7
370
    30
100
AcDbCircle
 10
0.1270029404
 20
1.2699970596
 30
0.0
 40
0.1270029404734406
100
AcDbArc
 50
90.0013265423
 51
179.9986734577
  0
LINE
  5
5A1
330
59C
100
AcDbEntity
  8
0
  6
Continuous
 62
     7
370
    30
100
AcDbLine
 10
0.0
 20
1.27
 30
0.0
 11
0.0
 21
0.127
 31
0.0
  0
ARC
  5
5A2
330
59C
100
AcDbEntity
  8
0
  6
Continuous
 62
     7
370
    30
100
AcDbCircle
 10
0.1270029404
 20
0.1270029404
 30
0.0
 40
0.1270029404734406
100
AcDbArc
 50
180.0013265423
 51
269.9986734577
  0
LINE
  5
5A3
330
59C
100
AcDbEntity
  8
0
  6
Continuous
 62
     7
370
    30
100
AcDbLine
 10
0.127
 20
0.0
 30
0.0
 11
0.889
 21
0.0
 31
0.0
  0
ARC
  5
5A4
330
59C
100
AcDbEntity
  8
0
  6
Continuous
 62
     7
370
    30
100
AcDbCircle
 10
0.8889970596
 20
0.1270029404
 30
0.0
 40
0.1270029404302783
100
AcDbArc
 50
270.0013265381
 51
0.0
  0
POINT
  5
5A5
330
59C
100
AcDbEntity
  8
0
  6
Continuous
 62
     7
370
    30
100
AcDbPoint
 10
1.0159995099
 20
0.1270014702
 30
0.0
  0
ENDBLK
  5
5A7
330
59C
100
AcDbEntity
  8
0
100
AcDbBlockEnd
  0
BLOCK
  5
5B4
330
5AA
100
AcDbEntity
  8
0
100
AcDbBlockBegin
  2
RECT162560X223520R25_View_28
 70
     0
 10
0.0
 20
0.0
 30
0.0
  3
RECT162560X223520R25_View_28
  1
RECT162560X223520R25_View_28
  0
LINE
  5
5AB
330
5AA
100
AcDbEntity
  8
0
  6
Continuous
 62
     7
370
    30
100
AcDbLine
 10
1.016
 20
0.127
 30
0.0
 11
1.016
 21
1.27
 31
0.0
  0
ARC
  5
5AC
330
5AA
100
AcDbEntity
  8
0
  6
Continuous
 62
     7
370
    30
100
AcDbCircle
 10
0.8889970596
 20
1.2699970596
 30
0.0
 40
0.1270029404734405
100
AcDbArc
 50
0.0013265423
 51
89.9986734577
  0
LINE
  5
5AD
330
5AA
100
AcDbEntity
  8
0
  6
Continuous
 62
     7
370
    30
100
AcDbLine
 10
0.889
 20
1.397
 30
0.0
 11
0.127
 21
1.397
 31
0.0
  0
ARC
  5
5AE
330
5AA
100
AcDbEntity
  8
0
  6
Continuous
 62
     7
370
    30
100
AcDbCircle
 10
0.1270029404
 20
1.2699970596
 30
0.0
 40
0.1270029404734406
100
AcDbArc
 50
90.0013265423
 51
179.9986734577
  0
LINE
  5
5AF
330
5AA
100
AcDbEntity
  8
0
  6
Continuous
 62
     7
370
    30
100
AcDbLine
 10
0.0
 20
1.27
 30
0.0
 11
0.0
 21
0.127
 31
0.0
  0
ARC
  5
5B0
330
5AA
100
AcDbEntity
  8
0
  6
Continuous
 62
     7
370
    30
100
AcDbCircle
 10
0.1270029404
 20
0.1270029404
 30
0.0
 40
0.1270029404734406
100
AcDbArc
 50
180.0013265423
 51
269.9986734577
  0
LINE
  5
5B1
330
5AA
100
AcDbEntity
  8
0
  6
Continuous
 62
     7
370
    30
100
AcDbLine
 10
0.127
 20
0.0
 30
0.0
 11
0.889
 21
0.0
 31
0.0
  0
ARC
  5
5B2
330
5AA
100
AcDbEntity
  8
0
  6
Continuous
 62
     7
370
    30
100
AcDbCircle
 10
0.8889970596
 20
0.1270029404
 30
0.0
 40
0.1270029404302783
100
AcDbArc
 50
270.0013265381
 51
0.0
  0
POINT
  5
5B3
330
5AA
100
AcDbEntity
  8
0
  6
Continuous
 62
     7
370
    30
100
AcDbPoint
 10
1.0159995099
 20
0.1270014702
 30
0.0
  0
ENDBLK
  5
5B5
330
5AA
100
AcDbEntity
  8
0
100
AcDbBlockEnd
  0
BLOCK
  5
5C2
330
5B8
100
AcDbEntity
  8
0
100
AcDbBlockBegin
  2
RECT162560X223520R25_View_30
 70
     0
 10
0.0
 20
0.0
 30
0.0
  3
RECT162560X223520R25_View_30
  1
RECT162560X223520R25_View_30
  0
LINE
  5
5B9
330
5B8
100
AcDbEntity
  8
0
  6
Continuous
 62
     7
370
    30
100
AcDbLine
 10
1.016
 20
0.127
 30
0.0
 11
1.016
 21
1.27
 31
0.0
  0
ARC
  5
5BA
330
5B8
100
AcDbEntity
  8
0
  6
Continuous
 62
     7
370
    30
100
AcDbCircle
 10
0.8889970596
 20
1.2699970596
 30
0.0
 40
0.1270029404734405
100
AcDbArc
 50
0.0013265423
 51
89.9986734577
  0
LINE
  5
5BB
330
5B8
100
AcDbEntity
  8
0
  6
Continuous
 62
     7
370
    30
100
AcDbLine
 10
0.889
 20
1.397
 30
0.0
 11
0.127
 21
1.397
 31
0.0
  0
ARC
  5
5BC
330
5B8
100
AcDbEntity
  8
0
  6
Continuous
 62
     7
370
    30
100
AcDbCircle
 10
0.1270029404
 20
1.2699970596
 30
0.0
 40
0.1270029404734406
100
AcDbArc
 50
90.0013265423
 51
179.9986734577
  0
LINE
  5
5BD
330
5B8
100
AcDbEntity
  8
0
  6
Continuous
 62
     7
370
    30
100
AcDbLine
 10
0.0
 20
1.27
 30
0.0
 11
0.0
 21
0.127
 31
0.0
  0
ARC
  5
5BE
330
5B8
100
AcDbEntity
  8
0
  6
Continuous
 62
     7
370
    30
100
AcDbCircle
 10
0.1270029404
 20
0.1270029404
 30
0.0
 40
0.1270029404734406
100
AcDbArc
 50
180.0013265423
 51
269.9986734577
  0
LINE
  5
5BF
330
5B8
100
AcDbEntity
  8
0
  6
Continuous
 62
     7
370
    30
100
AcDbLine
 10
0.127
 20
0.0
 30
0.0
 11
0.889
 21
0.0
 31
0.0
  0
ARC
  5
5C0
330
5B8
100
AcDbEntity
  8
0
  6
Continuous
 62
     7
370
    30
100
AcDbCircle
 10
0.8889970596
 20
0.1270029404
 30
0.0
 40
0.1270029404302783
100
AcDbArc
 50
270.0013265381
 51
0.0
  0
POINT
  5
5C1
330
5B8
100
AcDbEntity
  8
0
  6
Continuous
 62
     7
370
    30
100
AcDbPoint
 10
1.0159995099
 20
0.1270014702
 30
0.0
  0
ENDBLK
  5
5C3
330
5B8
100
AcDbEntity
  8
0
100
AcDbBlockEnd
  0
BLOCK
  5
5D0
330
5C6
100
AcDbEntity
  8
0
100
AcDbBlockBegin
  2
RECT162560X223520R25_View_31
 70
     0
 10
0.0
 20
0.0
 30
0.0
  3
RECT162560X223520R25_View_31
  1
RECT162560X223520R25_View_31
  0
LINE
  5
5C7
330
5C6
100
AcDbEntity
  8
0
  6
Continuous
 62
     7
370
    30
100
AcDbLine
 10
1.016
 20
0.127
 30
0.0
 11
1.016
 21
1.27
 31
0.0
  0
ARC
  5
5C8
330
5C6
100
AcDbEntity
  8
0
  6
Continuous
 62
     7
370
    30
100
AcDbCircle
 10
0.8889970596
 20
1.2699970596
 30
0.0
 40
0.1270029404734405
100
AcDbArc
 50
0.0013265423
 51
89.9986734577
  0
LINE
  5
5C9
330
5C6
100
AcDbEntity
  8
0
  6
Continuous
 62
     7
370
    30
100
AcDbLine
 10
0.889
 20
1.397
 30
0.0
 11
0.127
 21
1.397
 31
0.0
  0
ARC
  5
5CA
330
5C6
100
AcDbEntity
  8
0
  6
Continuous
 62
     7
370
    30
100
AcDbCircle
 10
0.1270029404
 20
1.2699970596
 30
0.0
 40
0.1270029404734406
100
AcDbArc
 50
90.0013265423
 51
179.9986734577
  0
LINE
  5
5CB
330
5C6
100
AcDbEntity
  8
0
  6
Continuous
 62
     7
370
    30
100
AcDbLine
 10
0.0
 20
1.27
 30
0.0
 11
0.0
 21
0.127
 31
0.0
  0
ARC
  5
5CC
330
5C6
100
AcDbEntity
  8
0
  6
Continuous
 62
     7
370
    30
100
AcDbCircle
 10
0.1270029404
 20
0.1270029404
 30
0.0
 40
0.1270029404734406
100
AcDbArc
 50
180.0013265423
 51
269.9986734577
  0
LINE
  5
5CD
330
5C6
100
AcDbEntity
  8
0
  6
Continuous
 62
     7
370
    30
100
AcDbLine
 10
0.127
 20
0.0
 30
0.0
 11
0.889
 21
0.0
 31
0.0
  0
ARC
  5
5CE
330
5C6
100
AcDbEntity
  8
0
  6
Continuous
 62
     7
370
    30
100
AcDbCircle
 10
0.8889970596
 20
0.1270029404
 30
0.0
 40
0.1270029404302783
100
AcDbArc
 50
270.0013265381
 51
0.0
  0
POINT
  5
5CF
330
5C6
100
AcDbEntity
  8
0
  6
Continuous
 62
     7
370
    30
100
AcDbPoint
 10
1.0159995099
 20
0.1270014702
 30
0.0
  0
ENDBLK
  5
5D1
330
5C6
100
AcDbEntity
  8
0
100
AcDbBlockEnd
  0
BLOCK
  5
5DE
330
5D4
100
AcDbEntity
  8
0
100
AcDbBlockBegin
  2
RECT162560X223520R25_View_32
 70
     0
 10
0.0
 20
0.0
 30
0.0
  3
RECT162560X223520R25_View_32
  1
RECT162560X223520R25_View_32
  0
LINE
  5
5D5
330
5D4
100
AcDbEntity
  8
0
  6
Continuous
 62
     7
370
    30
100
AcDbLine
 10
1.016
 20
0.127
 30
0.0
 11
1.016
 21
1.27
 31
0.0
  0
ARC
  5
5D6
330
5D4
100
AcDbEntity
  8
0
  6
Continuous
 62
     7
370
    30
100
AcDbCircle
 10
0.8889970596
 20
1.2699970596
 30
0.0
 40
0.1270029404734405
100
AcDbArc
 50
0.0013265423
 51
89.9986734577
  0
LINE
  5
5D7
330
5D4
100
AcDbEntity
  8
0
  6
Continuous
 62
     7
370
    30
100
AcDbLine
 10
0.889
 20
1.397
 30
0.0
 11
0.127
 21
1.397
 31
0.0
  0
ARC
  5
5D8
330
5D4
100
AcDbEntity
  8
0
  6
Continuous
 62
     7
370
    30
100
AcDbCircle
 10
0.1270029404
 20
1.2699970596
 30
0.0
 40
0.1270029404734406
100
AcDbArc
 50
90.0013265423
 51
179.9986734577
  0
LINE
  5
5D9
330
5D4
100
AcDbEntity
  8
0
  6
Continuous
 62
     7
370
    30
100
AcDbLine
 10
0.0
 20
1.27
 30
0.0
 11
0.0
 21
0.127
 31
0.0
  0
ARC
  5
5DA
330
5D4
100
AcDbEntity
  8
0
  6
Continuous
 62
     7
370
    30
100
AcDbCircle
 10
0.1270029404
 20
0.1270029404
 30
0.0
 40
0.1270029404734406
100
AcDbArc
 50
180.0013265423
 51
269.9986734577
  0
LINE
  5
5DB
330
5D4
100
AcDbEntity
  8
0
  6
Continuous
 62
     7
370
    30
100
AcDbLine
 10
0.127
 20
0.0
 30
0.0
 11
0.889
 21
0.0
 31
0.0
  0
ARC
  5
5DC
330
5D4
100
AcDbEntity
  8
0
  6
Continuous
 62
     7
370
    30
100
AcDbCircle
 10
0.8889970596
 20
0.1270029404
 30
0.0
 40
0.1270029404302783
100
AcDbArc
 50
270.0013265381
 51
0.0
  0
POINT
  5
5DD
330
5D4
100
AcDbEntity
  8
0
  6
Continuous
 62
     7
370
    30
100
AcDbPoint
 10
1.0159995099
 20
0.1270014702
 30
0.0
  0
ENDBLK
  5
5DF
330
5D4
100
AcDbEntity
  8
0
100
AcDbBlockEnd
  0
BLOCK
  5
5EC
330
5E2
100
AcDbEntity
  8
0
100
AcDbBlockBegin
  2
RECT162560X223520R25_View_34
 70
     0
 10
0.0
 20
0.0
 30
0.0
  3
RECT162560X223520R25_View_34
  1
RECT162560X223520R25_View_34
  0
LINE
  5
5E3
330
5E2
100
AcDbEntity
  8
0
  6
Continuous
 62
     7
370
    30
100
AcDbLine
 10
1.016
 20
0.127
 30
0.0
 11
1.016
 21
1.27
 31
0.0
  0
ARC
  5
5E4
330
5E2
100
AcDbEntity
  8
0
  6
Continuous
 62
     7
370
    30
100
AcDbCircle
 10
0.8889970596
 20
1.2699970596
 30
0.0
 40
0.1270029404734405
100
AcDbArc
 50
0.0013265423
 51
89.9986734577
  0
LINE
  5
5E5
330
5E2
100
AcDbEntity
  8
0
  6
Continuous
 62
     7
370
    30
100
AcDbLine
 10
0.889
 20
1.397
 30
0.0
 11
0.127
 21
1.397
 31
0.0
  0
ARC
  5
5E6
330
5E2
100
AcDbEntity
  8
0
  6
Continuous
 62
     7
370
    30
100
AcDbCircle
 10
0.1270029404
 20
1.2699970596
 30
0.0
 40
0.1270029404734406
100
AcDbArc
 50
90.0013265423
 51
179.9986734577
  0
LINE
  5
5E7
330
5E2
100
AcDbEntity
  8
0
  6
Continuous
 62
     7
370
    30
100
AcDbLine
 10
0.0
 20
1.27
 30
0.0
 11
0.0
 21
0.127
 31
0.0
  0
ARC
  5
5E8
330
5E2
100
AcDbEntity
  8
0
  6
Continuous
 62
     7
370
    30
100
AcDbCircle
 10
0.1270029404
 20
0.1270029404
 30
0.0
 40
0.1270029404734406
100
AcDbArc
 50
180.0013265423
 51
269.9986734577
  0
LINE
  5
5E9
330
5E2
100
AcDbEntity
  8
0
  6
Continuous
 62
     7
370
    30
100
AcDbLine
 10
0.127
 20
0.0
 30
0.0
 11
0.889
 21
0.0
 31
0.0
  0
ARC
  5
5EA
330
5E2
100
AcDbEntity
  8
0
  6
Continuous
 62
     7
370
    30
100
AcDbCircle
 10
0.8889970596
 20
0.1270029404
 30
0.0
 40
0.1270029404302783
100
AcDbArc
 50
270.0013265381
 51
0.0
  0
POINT
  5
5EB
330
5E2
100
AcDbEntity
  8
0
  6
Continuous
 62
     7
370
    30
100
AcDbPoint
 10
1.0159995099
 20
0.1270014702
 30
0.0
  0
ENDBLK
  5
5ED
330
5E2
100
AcDbEntity
  8
0
100
AcDbBlockEnd
  0
BLOCK
  5
5FA
330
5F0
100
AcDbEntity
  8
0
100
AcDbBlockBegin
  2
RECT162560X223520R25_View_35
 70
     0
 10
0.0
 20
0.0
 30
0.0
  3
RECT162560X223520R25_View_35
  1
RECT162560X223520R25_View_35
  0
LINE
  5
5F1
330
5F0
100
AcDbEntity
  8
0
  6
Continuous
 62
     7
370
    30
100
AcDbLine
 10
1.016
 20
0.127
 30
0.0
 11
1.016
 21
1.27
 31
0.0
  0
ARC
  5
5F2
330
5F0
100
AcDbEntity
  8
0
  6
Continuous
 62
     7
370
    30
100
AcDbCircle
 10
0.8889970596
 20
1.2699970596
 30
0.0
 40
0.1270029404734405
100
AcDbArc
 50
0.0013265423
 51
89.9986734577
  0
LINE
  5
5F3
330
5F0
100
AcDbEntity
  8
0
  6
Continuous
 62
     7
370
    30
100
AcDbLine
 10
0.889
 20
1.397
 30
0.0
 11
0.127
 21
1.397
 31
0.0
  0
ARC
  5
5F4
330
5F0
100
AcDbEntity
  8
0
  6
Continuous
 62
     7
370
    30
100
AcDbCircle
 10
0.1270029404
 20
1.2699970596
 30
0.0
 40
0.1270029404734406
100
AcDbArc
 50
90.0013265423
 51
179.9986734577
  0
LINE
  5
5F5
330
5F0
100
AcDbEntity
  8
0
  6
Continuous
 62
     7
370
    30
100
AcDbLine
 10
0.0
 20
1.27
 30
0.0
 11
0.0
 21
0.127
 31
0.0
  0
ARC
  5
5F6
330
5F0
100
AcDbEntity
  8
0
  6
Continuous
 62
     7
370
    30
100
AcDbCircle
 10
0.1270029404
 20
0.1270029404
 30
0.0
 40
0.1270029404734406
100
AcDbArc
 50
180.0013265423
 51
269.9986734577
  0
LINE
  5
5F7
330
5F0
100
AcDbEntity
  8
0
  6
Continuous
 62
     7
370
    30
100
AcDbLine
 10
0.127
 20
0.0
 30
0.0
 11
0.889
 21
0.0
 31
0.0
  0
ARC
  5
5F8
330
5F0
100
AcDbEntity
  8
0
  6
Continuous
 62
     7
370
    30
100
AcDbCircle
 10
0.8889970596
 20
0.1270029404
 30
0.0
 40
0.1270029404302783
100
AcDbArc
 50
270.0013265381
 51
0.0
  0
POINT
  5
5F9
330
5F0
100
AcDbEntity
  8
0
  6
Continuous
 62
     7
370
    30
100
AcDbPoint
 10
1.0159995099
 20
0.1270014702
 30
0.0
  0
ENDBLK
  5
5FB
330
5F0
100
AcDbEntity
  8
0
100
AcDbBlockEnd
  0
BLOCK
  5
608
330
5FE
100
AcDbEntity
  8
0
100
AcDbBlockBegin
  2
RECT162560X223520R25_View_36
 70
     0
 10
0.0
 20
0.0
 30
0.0
  3
RECT162560X223520R25_View_36
  1
RECT162560X223520R25_View_36
  0
LINE
  5
5FF
330
5FE
100
AcDbEntity
  8
0
  6
Continuous
 62
     7
370
    30
100
AcDbLine
 10
1.016
 20
0.127
 30
0.0
 11
1.016
 21
1.27
 31
0.0
  0
ARC
  5
600
330
5FE
100
AcDbEntity
  8
0
  6
Continuous
 62
     7
370
    30
100
AcDbCircle
 10
0.8889970596
 20
1.2699970596
 30
0.0
 40
0.1270029404734405
100
AcDbArc
 50
0.0013265423
 51
89.9986734577
  0
LINE
  5
601
330
5FE
100
AcDbEntity
  8
0
  6
Continuous
 62
     7
370
    30
100
AcDbLine
 10
0.889
 20
1.397
 30
0.0
 11
0.127
 21
1.397
 31
0.0
  0
ARC
  5
602
330
5FE
100
AcDbEntity
  8
0
  6
Continuous
 62
     7
370
    30
100
AcDbCircle
 10
0.1270029404
 20
1.2699970596
 30
0.0
 40
0.1270029404734406
100
AcDbArc
 50
90.0013265423
 51
179.9986734577
  0
LINE
  5
603
330
5FE
100
AcDbEntity
  8
0
  6
Continuous
 62
     7
370
    30
100
AcDbLine
 10
0.0
 20
1.27
 30
0.0
 11
0.0
 21
0.127
 31
0.0
  0
ARC
  5
604
330
5FE
100
AcDbEntity
  8
0
  6
Continuous
 62
     7
370
    30
100
AcDbCircle
 10
0.1270029404
 20
0.1270029404
 30
0.0
 40
0.1270029404734406
100
AcDbArc
 50
180.0013265423
 51
269.9986734577
  0
LINE
  5
605
330
5FE
100
AcDbEntity
  8
0
  6
Continuous
 62
     7
370
    30
100
AcDbLine
 10
0.127
 20
0.0
 30
0.0
 11
0.889
 21
0.0
 31
0.0
  0
ARC
  5
606
330
5FE
100
AcDbEntity
  8
0
  6
Continuous
 62
     7
370
    30
100
AcDbCircle
 10
0.8889970596
 20
0.1270029404
 30
0.0
 40
0.1270029404302783
100
AcDbArc
 50
270.0013265381
 51
0.0
  0
POINT
  5
607
330
5FE
100
AcDbEntity
  8
0
  6
Continuous
 62
     7
370
    30
100
AcDbPoint
 10
1.0159995099
 20
0.1270014702
 30
0.0
  0
ENDBLK
  5
609
330
5FE
100
AcDbEntity
  8
0
100
AcDbBlockEnd
  0
BLOCK
  5
616
330
60C
100
AcDbEntity
  8
0
100
AcDbBlockBegin
  2
RECT162560X223520R25_View_37
 70
     0
 10
0.0
 20
0.0
 30
0.0
  3
RECT162560X223520R25_View_37
  1
RECT162560X223520R25_View_37
  0
LINE
  5
60D
330
60C
100
AcDbEntity
  8
0
  6
Continuous
 62
     7
370
    30
100
AcDbLine
 10
1.016
 20
0.127
 30
0.0
 11
1.016
 21
1.27
 31
0.0
  0
ARC
  5
60E
330
60C
100
AcDbEntity
  8
0
  6
Continuous
 62
     7
370
    30
100
AcDbCircle
 10
0.8889970596
 20
1.2699970596
 30
0.0
 40
0.1270029404734405
100
AcDbArc
 50
0.0013265423
 51
89.9986734577
  0
LINE
  5
60F
330
60C
100
AcDbEntity
  8
0
  6
Continuous
 62
     7
370
    30
100
AcDbLine
 10
0.889
 20
1.397
 30
0.0
 11
0.127
 21
1.397
 31
0.0
  0
ARC
  5
610
330
60C
100
AcDbEntity
  8
0
  6
Continuous
 62
     7
370
    30
100
AcDbCircle
 10
0.1270029404
 20
1.2699970596
 30
0.0
 40
0.1270029404734406
100
AcDbArc
 50
90.0013265423
 51
179.9986734577
  0
LINE
  5
611
330
60C
100
AcDbEntity
  8
0
  6
Continuous
 62
     7
370
    30
100
AcDbLine
 10
0.0
 20
1.27
 30
0.0
 11
0.0
 21
0.127
 31
0.0
  0
ARC
  5
612
330
60C
100
AcDbEntity
  8
0
  6
Continuous
 62
     7
370
    30
100
AcDbCircle
 10
0.1270029404
 20
0.1270029404
 30
0.0
 40
0.1270029404734406
100
AcDbArc
 50
180.0013265423
 51
269.9986734577
  0
LINE
  5
613
330
60C
100
AcDbEntity
  8
0
  6
Continuous
 62
     7
370
    30
100
AcDbLine
 10
0.127
 20
0.0
 30
0.0
 11
0.889
 21
0.0
 31
0.0
  0
ARC
  5
614
330
60C
100
AcDbEntity
  8
0
  6
Continuous
 62
     7
370
    30
100
AcDbCircle
 10
0.8889970596
 20
0.1270029404
 30
0.0
 40
0.1270029404302783
100
AcDbArc
 50
270.0013265381
 51
0.0
  0
POINT
  5
615
330
60C
100
AcDbEntity
  8
0
  6
Continuous
 62
     7
370
    30
100
AcDbPoint
 10
1.0159995099
 20
0.1270014702
 30
0.0
  0
ENDBLK
  5
617
330
60C
100
AcDbEntity
  8
0
100
AcDbBlockEnd
  0
BLOCK
  5
624
330
61A
100
AcDbEntity
  8
0
100
AcDbBlockBegin
  2
RECT162560X223520R25_View_38
 70
     0
 10
0.0
 20
0.0
 30
0.0
  3
RECT162560X223520R25_View_38
  1
RECT162560X223520R25_View_38
  0
LINE
  5
61B
330
61A
100
AcDbEntity
  8
0
  6
Continuous
 62
     7
370
    30
100
AcDbLine
 10
1.016
 20
0.127
 30
0.0
 11
1.016
 21
1.27
 31
0.0
  0
ARC
  5
61C
330
61A
100
AcDbEntity
  8
0
  6
Continuous
 62
     7
370
    30
100
AcDbCircle
 10
0.8889970596
 20
1.2699970596
 30
0.0
 40
0.1270029404734405
100
AcDbArc
 50
0.0013265423
 51
89.9986734577
  0
LINE
  5
61D
330
61A
100
AcDbEntity
  8
0
  6
Continuous
 62
     7
370
    30
100
AcDbLine
 10
0.889
 20
1.397
 30
0.0
 11
0.127
 21
1.397
 31
0.0
  0
ARC
  5
61E
330
61A
100
AcDbEntity
  8
0
  6
Continuous
 62
     7
370
    30
100
AcDbCircle
 10
0.1270029404
 20
1.2699970596
 30
0.0
 40
0.1270029404734406
100
AcDbArc
 50
90.0013265423
 51
179.9986734577
  0
LINE
  5
61F
330
61A
100
AcDbEntity
  8
0
  6
Continuous
 62
     7
370
    30
100
AcDbLine
 10
0.0
 20
1.27
 30
0.0
 11
0.0
 21
0.127
 31
0.0
  0
ARC
  5
620
330
61A
100
AcDbEntity
  8
0
  6
Continuous
 62
     7
370
    30
100
AcDbCircle
 10
0.1270029404
 20
0.1270029404
 30
0.0
 40
0.1270029404734406
100
AcDbArc
 50
180.0013265423
 51
269.9986734577
  0
LINE
  5
621
330
61A
100
AcDbEntity
  8
0
  6
Continuous
 62
     7
370
    30
100
AcDbLine
 10
0.127
 20
0.0
 30
0.0
 11
0.889
 21
0.0
 31
0.0
  0
ARC
  5
622
330
61A
100
AcDbEntity
  8
0
  6
Continuous
 62
     7
370
    30
100
AcDbCircle
 10
0.8889970596
 20
0.1270029404
 30
0.0
 40
0.1270029404302783
100
AcDbArc
 50
270.0013265381
 51
0.0
  0
POINT
  5
623
330
61A
100
AcDbEntity
  8
0
  6
Continuous
 62
     7
370
    30
100
AcDbPoint
 10
1.0159995099
 20
0.1270014702
 30
0.0
  0
ENDBLK
  5
625
330
61A
100
AcDbEntity
  8
0
100
AcDbBlockEnd
  0
BLOCK
  5
632
330
628
100
AcDbEntity
  8
0
100
AcDbBlockBegin
  2
RECT162560X223520R25_View_39
 70
     0
 10
0.0
 20
0.0
 30
0.0
  3
RECT162560X223520R25_View_39
  1
RECT162560X223520R25_View_39
  0
LINE
  5
629
330
628
100
AcDbEntity
  8
0
  6
Continuous
 62
     7
370
    30
100
AcDbLine
 10
1.016
 20
0.127
 30
0.0
 11
1.016
 21
1.27
 31
0.0
  0
ARC
  5
62A
330
628
100
AcDbEntity
  8
0
  6
Continuous
 62
     7
370
    30
100
AcDbCircle
 10
0.8889970596
 20
1.2699970596
 30
0.0
 40
0.1270029404734405
100
AcDbArc
 50
0.0013265423
 51
89.9986734577
  0
LINE
  5
62B
330
628
100
AcDbEntity
  8
0
  6
Continuous
 62
     7
370
    30
100
AcDbLine
 10
0.889
 20
1.397
 30
0.0
 11
0.127
 21
1.397
 31
0.0
  0
ARC
  5
62C
330
628
100
AcDbEntity
  8
0
  6
Continuous
 62
     7
370
    30
100
AcDbCircle
 10
0.1270029404
 20
1.2699970596
 30
0.0
 40
0.1270029404734406
100
AcDbArc
 50
90.0013265423
 51
179.9986734577
  0
LINE
  5
62D
330
628
100
AcDbEntity
  8
0
  6
Continuous
 62
     7
370
    30
100
AcDbLine
 10
0.0
 20
1.27
 30
0.0
 11
0.0
 21
0.127
 31
0.0
  0
ARC
  5
62E
330
628
100
AcDbEntity
  8
0
  6
Continuous
 62
     7
370
    30
100
AcDbCircle
 10
0.1270029404
 20
0.1270029404
 30
0.0
 40
0.1270029404734406
100
AcDbArc
 50
180.0013265423
 51
269.9986734577
  0
LINE
  5
62F
330
628
100
AcDbEntity
  8
0
  6
Continuous
 62
     7
370
    30
100
AcDbLine
 10
0.127
 20
0.0
 30
0.0
 11
0.889
 21
0.0
 31
0.0
  0
ARC
  5
630
330
628
100
AcDbEntity
  8
0
  6
Continuous
 62
     7
370
    30
100
AcDbCircle
 10
0.8889970596
 20
0.1270029404
 30
0.0
 40
0.1270029404302783
100
AcDbArc
 50
270.0013265381
 51
0.0
  0
POINT
  5
631
330
628
100
AcDbEntity
  8
0
  6
Continuous
 62
     7
370
    30
100
AcDbPoint
 10
1.0159995099
 20
0.1270014702
 30
0.0
  0
ENDBLK
  5
633
330
628
100
AcDbEntity
  8
0
100
AcDbBlockEnd
  0
BLOCK
  5
640
330
636
100
AcDbEntity
  8
0
100
AcDbBlockBegin
  2
RECT162560X223520R25_View_41
 70
     0
 10
0.0
 20
0.0
 30
0.0
  3
RECT162560X223520R25_View_41
  1
RECT162560X223520R25_View_41
  0
LINE
  5
637
330
636
100
AcDbEntity
  8
0
  6
Continuous
 62
     7
370
    30
100
AcDbLine
 10
1.016
 20
0.127
 30
0.0
 11
1.016
 21
1.27
 31
0.0
  0
ARC
  5
638
330
636
100
AcDbEntity
  8
0
  6
Continuous
 62
     7
370
    30
100
AcDbCircle
 10
0.8889970596
 20
1.2699970596
 30
0.0
 40
0.1270029404734405
100
AcDbArc
 50
0.0013265423
 51
89.9986734577
  0
LINE
  5
639
330
636
100
AcDbEntity
  8
0
  6
Continuous
 62
     7
370
    30
100
AcDbLine
 10
0.889
 20
1.397
 30
0.0
 11
0.127
 21
1.397
 31
0.0
  0
ARC
  5
63A
330
636
100
AcDbEntity
  8
0
  6
Continuous
 62
     7
370
    30
100
AcDbCircle
 10
0.1270029404
 20
1.2699970596
 30
0.0
 40
0.1270029404734406
100
AcDbArc
 50
90.0013265423
 51
179.9986734577
  0
LINE
  5
63B
330
636
100
AcDbEntity
  8
0
  6
Continuous
 62
     7
370
    30
100
AcDbLine
 10
0.0
 20
1.27
 30
0.0
 11
0.0
 21
0.127
 31
0.0
  0
ARC
  5
63C
330
636
100
AcDbEntity
  8
0
  6
Continuous
 62
     7
370
    30
100
AcDbCircle
 10
0.1270029404
 20
0.1270029404
 30
0.0
 40
0.1270029404734406
100
AcDbArc
 50
180.0013265423
 51
269.9986734577
  0
LINE
  5
63D
330
636
100
AcDbEntity
  8
0
  6
Continuous
 62
     7
370
    30
100
AcDbLine
 10
0.127
 20
0.0
 30
0.0
 11
0.889
 21
0.0
 31
0.0
  0
ARC
  5
63E
330
636
100
AcDbEntity
  8
0
  6
Continuous
 62
     7
370
    30
100
AcDbCircle
 10
0.8889970596
 20
0.1270029404
 30
0.0
 40
0.1270029404302783
100
AcDbArc
 50
270.0013265381
 51
0.0
  0
POINT
  5
63F
330
636
100
AcDbEntity
  8
0
  6
Continuous
 62
     7
370
    30
100
AcDbPoint
 10
1.0159995099
 20
0.1270014702
 30
0.0
  0
ENDBLK
  5
641
330
636
100
AcDbEntity
  8
0
100
AcDbBlockEnd
  0
ENDSEC
  0
SECTION
  2
ENTITIES
  0
LINE
  5
6B
330
1F
100
AcDbEntity
  8
20
  6
Continuous
 62
     7
370
    30
100
AcDbLine
 10
175.1845195812
 20
129.4996119584
 30
0.0
 11
64.3348555812
 21
129.4996119584
 31
0.0
  0
LINE
  5
6C
330
1F
100
AcDbEntity
  8
20
  6
Continuous
 62
     7
370
    30
100
AcDbLine
 10
64.3348555812
 20
190.4596119584
 30
0.0
 11
175.1845195812
 21
190.4596119584
 31
0.0
  0
LINE
  5
6D
330
1F
100
AcDbEntity
  8
20
  6
Continuous
 62
     7
370
    30
100
AcDbLine
 10
175.1845195812
 20
190.4596119584
 30
0.0
 11
175.1845195812
 21
129.4996119584
 31
0.0
  0
LINE
  5
6E
330
1F
100
AcDbEntity
  8
20
  6
Continuous
 62
     7
370
    30
100
AcDbLine
 10
64.3348555812
 20
129.4996119584
 30
0.0
 11
64.3348555812
 21
190.4596119584
 31
0.0
  0
INSERT
  5
70
330
1F
100
AcDbEntity
  8
0
100
AcDbBlockReference
  2
SE
 10
0.0
 20
0.0
 30
0.0
  0
INSERT
  5
78
330
1F
100
AcDbEntity
  8
0
100
AcDbBlockReference
  2
SE1
 10
0.0
 20
0.0
 30
0.0
  0
INSERT
  5
80
330
1F
100
AcDbEntity
  8
0
100
AcDbBlockReference
  2
SE2
 10
0.0
 20
0.0
 30
0.0
  0
INSERT
  5
88
330
1F
100
AcDbEntity
  8
0
100
AcDbBlockReference
  2
SE3
 10
0.0
 20
0.0
 30
0.0
  0
INSERT
  5
90
330
1F
100
AcDbEntity
  8
0
100
AcDbBlockReference
  2
SE4
 10
0.0
 20
0.0
 30
0.0
  0
INSERT
  5
98
330
1F
100
AcDbEntity
  8
0
100
AcDbBlockReference
  2
SE5
 10
0.0
 20
0.0
 30
0.0
  0
INSERT
  5
A0
330
1F
100
AcDbEntity
  8
0
100
AcDbBlockReference
  2
SE6
 10
0.0
 20
0.0
 30
0.0
  0
INSERT
  5
A8
330
1F
100
AcDbEntity
  8
0
100
AcDbBlockReference
  2
SE7
 10
0.0
 20
0.0
 30
0.0
  0
INSERT
  5
B0
330
1F
100
AcDbEntity
  8
0
100
AcDbBlockReference
  2
SE8
 10
0.0
 20
0.0
 30
0.0
  0
INSERT
  5
B8
330
1F
100
AcDbEntity
  8
0
100
AcDbBlockReference
  2
SE9
 10
0.0
 20
0.0
 30
0.0
  0
INSERT
  5
C0
330
1F
100
AcDbEntity
  8
0
100
AcDbBlockReference
  2
SE10
 10
0.0
 20
0.0
 30
0.0
  0
INSERT
  5
C8
330
1F
100
AcDbEntity
  8
0
100
AcDbBlockReference
  2
SE11
 10
0.0
 20
0.0
 30
0.0
  0
INSERT
  5
D0
330
1F
100
AcDbEntity
  8
0
100
AcDbBlockReference
  2
SE12
 10
0.0
 20
0.0
 30
0.0
  0
INSERT
  5
D8
330
1F
100
AcDbEntity
  8
0
100
AcDbBlockReference
  2
SE13
 10
0.0
 20
0.0
 30
0.0
  0
INSERT
  5
E0
330
1F
100
AcDbEntity
  8
0
100
AcDbBlockReference
  2
SE14
 10
0.0
 20
0.0
 30
0.0
  0
INSERT
  5
E8
330
1F
100
AcDbEntity
  8
0
100
AcDbBlockReference
  2
SE15
 10
0.0
 20
0.0
 30
0.0
  0
INSERT
  5
F0
330
1F
100
AcDbEntity
  8
0
100
AcDbBlockReference
  2
SE16
 10
0.0
 20
0.0
 30
0.0
  0
INSERT
  5
F8
330
1F
100
AcDbEntity
  8
0
100
AcDbBlockReference
  2
SE17
 10
0.0
 20
0.0
 30
0.0
  0
INSERT
  5
100
330
1F
100
AcDbEntity
  8
0
100
AcDbBlockReference
  2
SE18
 10
0.0
 20
0.0
 30
0.0
  0
INSERT
  5
108
330
1F
100
AcDbEntity
  8
0
100
AcDbBlockReference
  2
SE19
 10
0.0
 20
0.0
 30
0.0
  0
INSERT
  5
110
330
1F
100
AcDbEntity
  8
0
100
AcDbBlockReference
  2
SE20
 10
0.0
 20
0.0
 30
0.0
  0
INSERT
  5
118
330
1F
100
AcDbEntity
  8
0
100
AcDbBlockReference
  2
SE21
 10
0.0
 20
0.0
 30
0.0
  0
INSERT
  5
120
330
1F
100
AcDbEntity
  8
0
100
AcDbBlockReference
  2
SE22
 10
0.0
 20
0.0
 30
0.0
  0
INSERT
  5
128
330
1F
100
AcDbEntity
  8
0
100
AcDbBlockReference
  2
SE23
 10
0.0
 20
0.0
 30
0.0
  0
INSERT
  5
130
330
1F
100
AcDbEntity
  8
0
100
AcDbBlockReference
  2
SE24
 10
0.0
 20
0.0
 30
0.0
  0
INSERT
  5
138
330
1F
100
AcDbEntity
  8
0
100
AcDbBlockReference
  2
SE25
 10
0.0
 20
0.0
 30
0.0
  0
INSERT
  5
140
330
1F
100
AcDbEntity
  8
0
100
AcDbBlockReference
  2
SE26
 10
0.0
 20
0.0
 30
0.0
  0
INSERT
  5
148
330
1F
100
AcDbEntity
  8
0
100
AcDbBlockReference
  2
SE27
 10
0.0
 20
0.0
 30
0.0
  0
INSERT
  5
150
330
1F
100
AcDbEntity
  8
0
100
AcDbBlockReference
  2
SE28
 10
0.0
 20
0.0
 30
0.0
  0
INSERT
  5
158
330
1F
100
AcDbEntity
  8
0
100
AcDbBlockReference
  2
SE29
 10
0.0
 20
0.0
 30
0.0
  0
INSERT
  5
160
330
1F
100
AcDbEntity
  8
0
100
AcDbBlockReference
  2
SE30
 10
0.0
 20
0.0
 30
0.0
  0
INSERT
  5
168
330
1F
100
AcDbEntity
  8
0
100
AcDbBlockReference
  2
SE31
 10
0.0
 20
0.0
 30
0.0
  0
INSERT
  5
170
330
1F
100
AcDbEntity
  8
0
100
AcDbBlockReference
  2
SE32
 10
0.0
 20
0.0
 30
0.0
  0
INSERT
  5
178
330
1F
100
AcDbEntity
  8
0
100
AcDbBlockReference
  2
SE33
 10
0.0
 20
0.0
 30
0.0
  0
INSERT
  5
180
330
1F
100
AcDbEntity
  8
0
100
AcDbBlockReference
  2
SE34
 10
0.0
 20
0.0
 30
0.0
  0
INSERT
  5
188
330
1F
100
AcDbEntity
  8
0
100
AcDbBlockReference
  2
SE35
 10
0.0
 20
0.0
 30
0.0
  0
INSERT
  5
190
330
1F
100
AcDbEntity
  8
0
100
AcDbBlockReference
  2
SE36
 10
0.0
 20
0.0
 30
0.0
  0
INSERT
  5
198
330
1F
100
AcDbEntity
  8
0
100
AcDbBlockReference
  2
SE37
 10
0.0
 20
0.0
 30
0.0
  0
INSERT
  5
1A0
330
1F
100
AcDbEntity
  8
0
100
AcDbBlockReference
  2
SE38
 10
0.0
 20
0.0
 30
0.0
  0
INSERT
  5
1A8
330
1F
100
AcDbEntity
  8
0
100
AcDbBlockReference
  2
SE39
 10
0.0
 20
0.0
 30
0.0
  0
INSERT
  5
1B0
330
1F
100
AcDbEntity
  8
0
100
AcDbBlockReference
  2
SE40
 10
0.0
 20
0.0
 30
0.0
  0
INSERT
  5
1B8
330
1F
100
AcDbEntity
  8
0
100
AcDbBlockReference
  2
SE41
 10
0.0
 20
0.0
 30
0.0
  0
INSERT
  5
1C0
330
1F
100
AcDbEntity
  8
0
100
AcDbBlockReference
  2
SE42
 10
0.0
 20
0.0
 30
0.0
  0
INSERT
  5
1C8
330
1F
100
AcDbEntity
  8
0
100
AcDbBlockReference
  2
SE43
 10
0.0
 20
0.0
 30
0.0
  0
INSERT
  5
1D0
330
1F
100
AcDbEntity
  8
0
100
AcDbBlockReference
  2
SE44
 10
0.0
 20
0.0
 30
0.0
  0
INSERT
  5
1D8
330
1F
100
AcDbEntity
  8
0
100
AcDbBlockReference
  2
SE45
 10
0.0
 20
0.0
 30
0.0
  0
INSERT
  5
1E0
330
1F
100
AcDbEntity
  8
0
100
AcDbBlockReference
  2
SE46
 10
0.0
 20
0.0
 30
0.0
  0
INSERT
  5
1E8
330
1F
100
AcDbEntity
  8
0
100
AcDbBlockReference
  2
SE47
 10
0.0
 20
0.0
 30
0.0
  0
INSERT
  5
1F0
330
1F
100
AcDbEntity
  8
0
100
AcDbBlockReference
  2
SE48
 10
0.0
 20
0.0
 30
0.0
  0
INSERT
  5
1F8
330
1F
100
AcDbEntity
  8
0
100
AcDbBlockReference
  2
SE49
 10
0.0
 20
0.0
 30
0.0
  0
INSERT
  5
200
330
1F
100
AcDbEntity
  8
0
100
AcDbBlockReference
  2
SE50
 10
0.0
 20
0.0
 30
0.0
  0
INSERT
  5
208
330
1F
100
AcDbEntity
  8
0
100
AcDbBlockReference
  2
SE51
 10
0.0
 20
0.0
 30
0.0
  0
INSERT
  5
210
330
1F
100
AcDbEntity
  8
0
100
AcDbBlockReference
  2
SE52
 10
0.0
 20
0.0
 30
0.0
  0
INSERT
  5
218
330
1F
100
AcDbEntity
  8
0
100
AcDbBlockReference
  2
SE53
 10
0.0
 20
0.0
 30
0.0
  0
INSERT
  5
220
330
1F
100
AcDbEntity
  8
0
100
AcDbBlockReference
  2
SE54
 10
0.0
 20
0.0
 30
0.0
  0
INSERT
  5
228
330
1F
100
AcDbEntity
  8
0
100
AcDbBlockReference
  2
SE55
 10
0.0
 20
0.0
 30
0.0
  0
INSERT
  5
230
330
1F
100
AcDbEntity
  8
0
100
AcDbBlockReference
  2
SE56
 10
0.0
 20
0.0
 30
0.0
  0
INSERT
  5
238
330
1F
100
AcDbEntity
  8
0
100
AcDbBlockReference
  2
SE57
 10
0.0
 20
0.0
 30
0.0
  0
INSERT
  5
240
330
1F
100
AcDbEntity
  8
0
100
AcDbBlockReference
  2
SE58
 10
0.0
 20
0.0
 30
0.0
  0
INSERT
  5
248
330
1F
100
AcDbEntity
  8
0
100
AcDbBlockReference
  2
SE59
 10
0.0
 20
0.0
 30
0.0
  0
INSERT
  5
250
330
1F
100
AcDbEntity
  8
0
100
AcDbBlockReference
  2
SE60
 10
0.0
 20
0.0
 30
0.0
  0
INSERT
  5
258
330
1F
100
AcDbEntity
  8
0
100
AcDbBlockReference
  2
SE61
 10
0.0
 20
0.0
 30
0.0
  0
INSERT
  5
260
330
1F
100
AcDbEntity
  8
0
100
AcDbBlockReference
  2
SE62
 10
0.0
 20
0.0
 30
0.0
  0
INSERT
  5
268
330
1F
100
AcDbEntity
  8
0
100
AcDbBlockReference
  2
SE63
 10
0.0
 20
0.0
 30
0.0
  0
INSERT
  5
270
330
1F
100
AcDbEntity
  8
0
100
AcDbBlockReference
  2
SE64
 10
0.0
 20
0.0
 30
0.0
  0
INSERT
  5
278
330
1F
100
AcDbEntity
  8
0
100
AcDbBlockReference
  2
SE65
 10
0.0
 20
0.0
 30
0.0
  0
INSERT
  5
280
330
1F
100
AcDbEntity
  8
0
100
AcDbBlockReference
  2
SE66
 10
0.0
 20
0.0
 30
0.0
  0
INSERT
  5
288
330
1F
100
AcDbEntity
  8
0
100
AcDbBlockReference
  2
SE67
 10
0.0
 20
0.0
 30
0.0
  0
INSERT
  5
290
330
1F
100
AcDbEntity
  8
0
100
AcDbBlockReference
  2
SE68
 10
0.0
 20
0.0
 30
0.0
  0
INSERT
  5
298
330
1F
100
AcDbEntity
  8
0
100
AcDbBlockReference
  2
SE69
 10
0.0
 20
0.0
 30
0.0
  0
INSERT
  5
2A0
330
1F
100
AcDbEntity
  8
0
100
AcDbBlockReference
  2
SE70
 10
0.0
 20
0.0
 30
0.0
  0
INSERT
  5
2A8
330
1F
100
AcDbEntity
  8
0
100
AcDbBlockReference
  2
SE71
 10
0.0
 20
0.0
 30
0.0
  0
INSERT
  5
2B0
330
1F
100
AcDbEntity
  8
0
100
AcDbBlockReference
  2
SE72
 10
0.0
 20
0.0
 30
0.0
  0
INSERT
  5
2B8
330
1F
100
AcDbEntity
  8
0
100
AcDbBlockReference
  2
SE73
 10
0.0
 20
0.0
 30
0.0
  0
INSERT
  5
2C0
330
1F
100
AcDbEntity
  8
0
100
AcDbBlockReference
  2
SE74
 10
0.0
 20
0.0
 30
0.0
  0
INSERT
  5
2C8
330
1F
100
AcDbEntity
  8
0
100
AcDbBlockReference
  2
SE75
 10
0.0
 20
0.0
 30
0.0
  0
INSERT
  5
2D0
330
1F
100
AcDbEntity
  8
0
100
AcDbBlockReference
  2
SE76
 10
0.0
 20
0.0
 30
0.0
  0
INSERT
  5
2D8
330
1F
100
AcDbEntity
  8
0
100
AcDbBlockReference
  2
SE77
 10
0.0
 20
0.0
 30
0.0
  0
INSERT
  5
2E0
330
1F
100
AcDbEntity
  8
0
100
AcDbBlockReference
  2
SE78
 10
0.0
 20
0.0
 30
0.0
  0
INSERT
  5
2E8
330
1F
100
AcDbEntity
  8
0
100
AcDbBlockReference
  2
SE79
 10
0.0
 20
0.0
 30
0.0
  0
INSERT
  5
2F0
330
1F
100
AcDbEntity
  8
0
100
AcDbBlockReference
  2
SE80
 10
0.0
 20
0.0
 30
0.0
  0
INSERT
  5
2F8
330
1F
100
AcDbEntity
  8
0
100
AcDbBlockReference
  2
SE81
 10
0.0
 20
0.0
 30
0.0
  0
INSERT
  5
300
330
1F
100
AcDbEntity
  8
0
100
AcDbBlockReference
  2
SE82
 10
0.0
 20
0.0
 30
0.0
  0
INSERT
  5
308
330
1F
100
AcDbEntity
  8
0
100
AcDbBlockReference
  2
SE83
 10
0.0
 20
0.0
 30
0.0
  0
INSERT
  5
310
330
1F
100
AcDbEntity
  8
0
100
AcDbBlockReference
  2
SE84
 10
0.0
 20
0.0
 30
0.0
  0
INSERT
  5
318
330
1F
100
AcDbEntity
  8
0
100
AcDbBlockReference
  2
SE85
 10
0.0
 20
0.0
 30
0.0
  0
INSERT
  5
320
330
1F
100
AcDbEntity
  8
0
100
AcDbBlockReference
  2
SE86
 10
0.0
 20
0.0
 30
0.0
  0
INSERT
  5
328
330
1F
100
AcDbEntity
  8
0
100
AcDbBlockReference
  2
SE87
 10
0.0
 20
0.0
 30
0.0
  0
INSERT
  5
330
330
1F
100
AcDbEntity
  8
0
100
AcDbBlockReference
  2
SE88
 10
0.0
 20
0.0
 30
0.0
  0
INSERT
  5
338
330
1F
100
AcDbEntity
  8
0
100
AcDbBlockReference
  2
SE89
 10
0.0
 20
0.0
 30
0.0
  0
INSERT
  5
340
330
1F
100
AcDbEntity
  8
0
100
AcDbBlockReference
  2
SE90
 10
0.0
 20
0.0
 30
0.0
  0
INSERT
  5
348
330
1F
100
AcDbEntity
  8
0
100
AcDbBlockReference
  2
SE91
 10
0.0
 20
0.0
 30
0.0
  0
INSERT
  5
350
330
1F
100
AcDbEntity
  8
0
100
AcDbBlockReference
  2
SE92
 10
0.0
 20
0.0
 30
0.0
  0
INSERT
  5
358
330
1F
100
AcDbEntity
  8
0
100
AcDbBlockReference
  2
SE93
 10
0.0
 20
0.0
 30
0.0
  0
INSERT
  5
360
330
1F
100
AcDbEntity
  8
0
100
AcDbBlockReference
  2
SE94
 10
0.0
 20
0.0
 30
0.0
  0
INSERT
  5
368
330
1F
100
AcDbEntity
  8
0
100
AcDbBlockReference
  2
SE95
 10
0.0
 20
0.0
 30
0.0
  0
INSERT
  5
370
330
1F
100
AcDbEntity
  8
0
100
AcDbBlockReference
  2
SE96
 10
0.0
 20
0.0
 30
0.0
  0
INSERT
  5
378
330
1F
100
AcDbEntity
  8
0
100
AcDbBlockReference
  2
SE97
 10
0.0
 20
0.0
 30
0.0
  0
INSERT
  5
380
330
1F
100
AcDbEntity
  8
0
100
AcDbBlockReference
  2
SE98
 10
0.0
 20
0.0
 30
0.0
  0
INSERT
  5
388
330
1F
100
AcDbEntity
  8
0
100
AcDbBlockReference
  2
SE99
 10
0.0
 20
0.0
 30
0.0
  0
INSERT
  5
390
330
1F
100
AcDbEntity
  8
0
100
AcDbBlockReference
  2
SE100
 10
0.0
 20
0.0
 30
0.0
  0
INSERT
  5
398
330
1F
100
AcDbEntity
  8
0
100
AcDbBlockReference
  2
SE101
 10
0.0
 20
0.0
 30
0.0
  0
INSERT
  5
3A0
330
1F
100
AcDbEntity
  8
0
100
AcDbBlockReference
  2
SE102
 10
0.0
 20
0.0
 30
0.0
  0
INSERT
  5
3A8
330
1F
100
AcDbEntity
  8
0
100
AcDbBlockReference
  2
SE103
 10
0.0
 20
0.0
 30
0.0
  0
INSERT
  5
3B0
330
1F
100
AcDbEntity
  8
0
100
AcDbBlockReference
  2
SE104
 10
0.0
 20
0.0
 30
0.0
  0
INSERT
  5
3B8
330
1F
100
AcDbEntity
  8
0
100
AcDbBlockReference
  2
SE105
 10
0.0
 20
0.0
 30
0.0
  0
INSERT
  5
3C0
330
1F
100
AcDbEntity
  8
0
100
AcDbBlockReference
  2
SE106
 10
0.0
 20
0.0
 30
0.0
  0
INSERT
  5
3C8
330
1F
100
AcDbEntity
  8
0
100
AcDbBlockReference
  2
SE107
 10
0.0
 20
0.0
 30
0.0
  0
INSERT
  5
3D0
330
1F
100
AcDbEntity
  8
0
100
AcDbBlockReference
  2
SE108
 10
0.0
 20
0.0
 30
0.0
  0
INSERT
  5
3D8
330
1F
100
AcDbEntity
  8
0
100
AcDbBlockReference
  2
SE109
 10
0.0
 20
0.0
 30
0.0
  0
INSERT
  5
3E0
330
1F
100
AcDbEntity
  8
0
100
AcDbBlockReference
  2
SE110
 10
0.0
 20
0.0
 30
0.0
  0
INSERT
  5
3E8
330
1F
100
AcDbEntity
  8
0
100
AcDbBlockReference
  2
SE111
 10
0.0
 20
0.0
 30
0.0
  0
INSERT
  5
3F0
330
1F
100
AcDbEntity
  8
0
100
AcDbBlockReference
  2
SE112
 10
0.0
 20
0.0
 30
0.0
  0
INSERT
  5
3F8
330
1F
100
AcDbEntity
  8
0
100
AcDbBlockReference
  2
SE113
 10
0.0
 20
0.0
 30
0.0
  0
INSERT
  5
400
330
1F
100
AcDbEntity
  8
0
100
AcDbBlockReference
  2
SE114
 10
0.0
 20
0.0
 30
0.0
  0
INSERT
  5
408
330
1F
100
AcDbEntity
  8
0
100
AcDbBlockReference
  2
SE115
 10
0.0
 20
0.0
 30
0.0
  0
INSERT
  5
410
330
1F
100
AcDbEntity
  8
0
100
AcDbBlockReference
  2
SE116
 10
0.0
 20
0.0
 30
0.0
  0
INSERT
  5
418
330
1F
100
AcDbEntity
  8
0
100
AcDbBlockReference
  2
SE117
 10
0.0
 20
0.0
 30
0.0
  0
INSERT
  5
420
330
1F
100
AcDbEntity
  8
0
100
AcDbBlockReference
  2
SE118
 10
0.0
 20
0.0
 30
0.0
  0
INSERT
  5
428
330
1F
100
AcDbEntity
  8
0
100
AcDbBlockReference
  2
SE119
 10
0.0
 20
0.0
 30
0.0
  0
INSERT
  5
430
330
1F
100
AcDbEntity
  8
0
100
AcDbBlockReference
  2
SE120
 10
0.0
 20
0.0
 30
0.0
  0
INSERT
  5
438
330
1F
100
AcDbEntity
  8
0
100
AcDbBlockReference
  2
SE121
 10
0.0
 20
0.0
 30
0.0
  0
INSERT
  5
440
330
1F
100
AcDbEntity
  8
0
100
AcDbBlockReference
  2
SE122
 10
0.0
 20
0.0
 30
0.0
  0
INSERT
  5
448
330
1F
100
AcDbEntity
  8
0
100
AcDbBlockReference
  2
SE123
 10
0.0
 20
0.0
 30
0.0
  0
INSERT
  5
45C
330
1F
100
AcDbEntity
  8
32
 62
     7
100
AcDbBlockReference
  2
RECT162560X223520R25_View_1
 10
151.8039211812
 20
168.4902375584
 30
0.0
 41
-1.2192
 42
1.2192
 43
1.2192
 50
180.0
  0
INSERT
  5
45D
330
1F
100
AcDbEntity
  8
32
 62
     7
100
AcDbBlockReference
  2
RECT162560X223520R25_View_1
 10
153.9716587812
 20
168.4902375584
 30
0.0
 41
-1.2192
 42
1.2192
 43
1.2192
 50
180.0
  0
INSERT
  5
46A
330
1F
100
AcDbEntity
  8
32
 62
     7
100
AcDbBlockReference
  2
RECT162560X223520R25_View_2
 10
102.4104715812
 20
139.8451335584
 30
0.0
 41
-1.2192
 42
1.2192
 43
1.2192
  0
INSERT
  5
46B
330
1F
100
AcDbEntity
  8
32
 62
     7
100
AcDbBlockReference
  2
RECT162560X223520R25_View_2
 10
100.2427339812
 20
139.8451335584
 30
0.0
 41
-1.2192
 42
1.2192
 43
1.2192
  0
INSERT
  5
478
330
1F
100
AcDbEntity
  8
32
 62
     7
100
AcDbBlockReference
  2
RECT162560X223520R25_View_3
 10
124.9394587812
 20
134.0386935584
 30
0.0
 41
-1.2192
 42
1.2192
 43
1.2192
 50
90.0
  0
INSERT
  5
479
330
1F
100
AcDbEntity
  8
32
 62
     7
100
AcDbBlockReference
  2
RECT162560X223520R25_View_3
 10
124.9394587812
 20
131.8709559584
 30
0.0
 41
-1.2192
 42
1.2192
 43
1.2192
 50
90.0
  0
INSERT
  5
486
330
1F
100
AcDbEntity
  8
32
 62
     7
100
AcDbBlockReference
  2
RECT162560X223520R25_View_4
 10
151.3394059812
 20
187.5353607584
 30
0.0
 41
-1.2192
 42
1.2192
 43
1.2192
 50
180.0
  0
INSERT
  5
487
330
1F
100
AcDbEntity
  8
32
 62
     7
100
AcDbBlockReference
  2
RECT162560X223520R25_View_4
 10
153.5071435812
 20
187.5353607584
 30
0.0
 41
-1.2192
 42
1.2192
 43
1.2192
 50
180.0
  0
INSERT
  5
494
330
1F
100
AcDbEntity
  8
32
 62
     7
100
AcDbBlockReference
  2
RECT162560X223520R25_View_5
 10
140.3458795812
 20
135.6644967584
 30
0.0
 41
-1.2192
 42
1.2192
 43
1.2192
 50
180.0
  0
INSERT
  5
495
330
1F
100
AcDbEntity
  8
32
 62
     7
100
AcDbBlockReference
  2
RECT162560X223520R25_View_5
 10
142.5136171812
 20
135.6644967584
 30
0.0
 41
-1.2192
 42
1.2192
 43
1.2192
 50
180.0
  0
INSERT
  5
4A2
330
1F
100
AcDbEntity
  8
32
 62
     7
100
AcDbBlockReference
  2
RECT162560X223520R25_View_6
 10
125.2491355812
 20
159.2773527584
 30
0.0
 41
-1.2192
 42
1.2192
 43
1.2192
 50
90.0
  0
INSERT
  5
4A3
330
1F
100
AcDbEntity
  8
32
 62
     7
100
AcDbBlockReference
  2
RECT162560X223520R25_View_6
 10
125.2491355812
 20
157.1096151584
 30
0.0
 41
-1.2192
 42
1.2192
 43
1.2192
 50
90.0
  0
INSERT
  5
4B0
330
1F
100
AcDbEntity
  8
32
 62
     7
100
AcDbBlockReference
  2
RECT162560X223520R25_View_7
 10
147.4684459812
 20
170.1934599584
 30
0.0
 41
-1.2192
 42
1.2192
 43
1.2192
 50
180.0
  0
INSERT
  5
4B1
330
1F
100
AcDbEntity
  8
32
 62
     7
100
AcDbBlockReference
  2
RECT162560X223520R25_View_7
 10
149.6361835812
 20
170.1934599584
 30
0.0
 41
-1.2192
 42
1.2192
 43
1.2192
 50
180.0
  0
INSERT
  5
4BD
330
1F
100
AcDbEntity
  8
32
 62
     7
100
AcDbBlockReference
  2
RECT325120X584000R75_View_8
 10
168.6813067812
 20
157.8484503584
 30
0.0
 41
-1.2192
 42
1.2192
 43
1.2192
 50
180.0
  0
INSERT
  5
4BE
330
1F
100
AcDbEntity
  8
32
 62
     7
100
AcDbBlockReference
  2
RECT325120X584000R75_View_8
 10
114.8329003812
 20
179.4063447584
 30
0.0
 41
-1.2192
 42
1.2192
 43
1.2192
 50
270.0
  0
INSERT
  5
4CA
330
1F
100
AcDbEntity
  8
32
 62
     7
100
AcDbBlockReference
  2
RECT325120X584000R75_View_9
 10
73.3362091812
 20
131.7161175584
 30
0.0
 41
-1.2192
 42
1.2192
 43
1.2192
 50
270.0
  0
INSERT
  5
4CB
330
1F
100
AcDbEntity
  8
32
 62
     7
100
AcDbBlockReference
  2
RECT325120X584000R75_View_9
 10
89.1297259812
 20
131.4064407584
 30
0.0
 41
-1.2192
 42
1.2192
 43
1.2192
 50
270.0
  0
INSERT
  5
4D7
330
1F
100
AcDbEntity
  8
32
 62
     7
100
AcDbBlockReference
  2
RECT325120X584000R75_View_10
 10
139.8813643812
 20
153.5129751584
 30
0.0
 41
-1.2192
 42
1.2192
 43
1.2192
 50
180.0
  0
INSERT
  5
4E4
330
1F
100
AcDbEntity
  8
32
 62
     7
100
AcDbBlockReference
  2
RECT162560X223520R25_View_11
 10
140.3458795812
 20
139.6902951584
 30
0.0
 41
-1.2192
 42
1.2192
 43
1.2192
 50
180.0
  0
INSERT
  5
4E5
330
1F
100
AcDbEntity
  8
32
 62
     7
100
AcDbBlockReference
  2
RECT162560X223520R25_View_11
 10
142.5136171812
 20
139.6902951584
 30
0.0
 41
-1.2192
 42
1.2192
 43
1.2192
 50
180.0
  0
INSERT
  5
4F2
330
1F
100
AcDbEntity
  8
32
 62
     7
100
AcDbBlockReference
  2
RECT162560X223520R25_View_12
 10
127.1071963812
 20
137.6773959584
 30
0.0
 41
-1.2192
 42
1.2192
 43
1.2192
 50
270.0
  0
INSERT
  5
4F3
330
1F
100
AcDbEntity
  8
32
 62
     7
100
AcDbBlockReference
  2
RECT162560X223520R25_View_12
 10
127.1071963812
 20
139.8451335584
 30
0.0
 41
-1.2192
 42
1.2192
 43
1.2192
 50
270.0
  0
INSERT
  5
500
330
1F
100
AcDbEntity
  8
32
 62
     7
100
AcDbBlockReference
  2
RECT162560X223520R25_View_13
 10
128.8104187812
 20
148.5935031584
 30
0.0
 41
-1.2192
 42
1.2192
 43
1.2192
 50
90.0
  0
INSERT
  5
501
330
1F
100
AcDbEntity
  8
32
 62
     7
100
AcDbBlockReference
  2
RECT162560X223520R25_View_13
 10
128.8104187812
 20
146.4257655584
 30
0.0
 41
-1.2192
 42
1.2192
 43
1.2192
 50
90.0
  0
INSERT
  5
50E
330
1F
100
AcDbEntity
  8
32
 62
     7
100
AcDbBlockReference
  2
RECT162560X223520R25_View_15
 10
138.6426571812
 20
158.1160647584
 30
0.0
 41
-1.2192
 42
1.2192
 43
1.2192
 50
180.0
  0
INSERT
  5
50F
330
1F
100
AcDbEntity
  8
32
 62
     7
100
AcDbBlockReference
  2
RECT162560X223520R25_View_15
 10
140.8103947812
 20
158.1160647584
 30
0.0
 41
-1.2192
 42
1.2192
 43
1.2192
 50
180.0
  0
INSERT
  5
51C
330
1F
100
AcDbEntity
  8
32
 62
     7
100
AcDbBlockReference
  2
RECT162560X223520R25_View_16
 10
118.5910843812
 20
134.0386935584
 30
0.0
 41
-1.2192
 42
1.2192
 43
1.2192
 50
90.0
  0
INSERT
  5
51D
330
1F
100
AcDbEntity
  8
32
 62
     7
100
AcDbBlockReference
  2
RECT162560X223520R25_View_16
 10
118.5910843812
 20
131.8709559584
 30
0.0
 41
-1.2192
 42
1.2192
 43
1.2192
 50
90.0
  0
INSERT
  5
52A
330
1F
100
AcDbEntity
  8
32
 62
     7
100
AcDbBlockReference
  2
RECT162560X223520R25_View_17
 10
116.6556043812
 20
165.5483079584
 30
0.0
 41
-1.2192
 42
1.2192
 43
1.2192
 50
180.0
  0
INSERT
  5
52B
330
1F
100
AcDbEntity
  8
32
 62
     7
100
AcDbBlockReference
  2
RECT162560X223520R25_View_17
 10
118.8233419812
 20
165.5483079584
 30
0.0
 41
-1.2192
 42
1.2192
 43
1.2192
 50
180.0
  0
INSERT
  5
538
330
1F
100
AcDbEntity
  8
32
 62
     7
100
AcDbBlockReference
  2
RECT162560X223520R25_View_18
 10
126.4878427812
 20
130.6322487584
 30
0.0
 41
-1.2192
 42
1.2192
 43
1.2192
 50
270.0
  0
INSERT
  5
539
330
1F
100
AcDbEntity
  8
32
 62
     7
100
AcDbBlockReference
  2
RECT162560X223520R25_View_18
 10
126.4878427812
 20
132.7999863584
 30
0.0
 41
-1.2192
 42
1.2192
 43
1.2192
 50
270.0
  0
INSERT
  5
546
330
1F
100
AcDbEntity
  8
32
 62
     7
100
AcDbBlockReference
  2
RECT162560X223520R25_View_19
 10
128.3459035812
 20
159.2773527584
 30
0.0
 41
-1.2192
 42
1.2192
 43
1.2192
 50
90.0
  0
INSERT
  5
547
330
1F
100
AcDbEntity
  8
32
 62
     7
100
AcDbBlockReference
  2
RECT162560X223520R25_View_19
 10
128.3459035812
 20
157.1096151584
 30
0.0
 41
-1.2192
 42
1.2192
 43
1.2192
 50
90.0
  0
INSERT
  5
554
330
1F
100
AcDbEntity
  8
32
 62
     7
100
AcDbBlockReference
  2
RECT162560X223520R25_View_20
 10
118.2814075812
 20
151.7676903584
 30
0.0
 41
-1.2192
 42
1.2192
 43
1.2192
  0
INSERT
  5
555
330
1F
100
AcDbEntity
  8
32
 62
     7
100
AcDbBlockReference
  2
RECT162560X223520R25_View_20
 10
116.1136699812
 20
151.7676903584
 30
0.0
 41
-1.2192
 42
1.2192
 43
1.2192
  0
INSERT
  5
562
330
1F
100
AcDbEntity
  8
32
 62
     7
100
AcDbBlockReference
  2
RECT162560X223520R25_View_21
 10
111.3136795812
 20
140.5419063584
 30
0.0
 41
-1.2192
 42
1.2192
 43
1.2192
 50
90.0
  0
INSERT
  5
563
330
1F
100
AcDbEntity
  8
32
 62
     7
100
AcDbBlockReference
  2
RECT162560X223520R25_View_21
 10
111.3136795812
 20
138.3741687584
 30
0.0
 41
-1.2192
 42
1.2192
 43
1.2192
 50
90.0
  0
INSERT
  5
570
330
1F
100
AcDbEntity
  8
32
 62
     7
100
AcDbBlockReference
  2
RECT162560X223520R25_View_22
 10
124.3201051812
 20
151.7676903584
 30
0.0
 41
-1.2192
 42
1.2192
 43
1.2192
  0
INSERT
  5
571
330
1F
100
AcDbEntity
  8
32
 62
     7
100
AcDbBlockReference
  2
RECT162560X223520R25_View_22
 10
122.1523675812
 20
151.7676903584
 30
0.0
 41
-1.2192
 42
1.2192
 43
1.2192
  0
INSERT
  5
57E
330
1F
100
AcDbEntity
  8
32
 62
     7
100
AcDbBlockReference
  2
RECT162560X223520R25_View_23
 10
170.2296907812
 20
144.1806087584
 30
0.0
 41
-1.2192
 42
1.2192
 43
1.2192
  0
INSERT
  5
57F
330
1F
100
AcDbEntity
  8
32
 62
     7
100
AcDbBlockReference
  2
RECT162560X223520R25_View_23
 10
168.0619531812
 20
144.1806087584
 30
0.0
 41
-1.2192
 42
1.2192
 43
1.2192
  0
INSERT
  5
58C
330
1F
100
AcDbEntity
  8
32
 62
     7
100
AcDbBlockReference
  2
RECT162560X223520R25_View_25
 10
112.8620635812
 20
141.1612599584
 30
0.0
 41
-1.2192
 42
1.2192
 43
1.2192
 50
270.0
  0
INSERT
  5
58D
330
1F
100
AcDbEntity
  8
32
 62
     7
100
AcDbBlockReference
  2
RECT162560X223520R25_View_25
 10
112.8620635812
 20
143.3289975584
 30
0.0
 41
-1.2192
 42
1.2192
 43
1.2192
 50
270.0
  0
INSERT
  5
59A
330
1F
100
AcDbEntity
  8
32
 62
     7
100
AcDbBlockReference
  2
RECT162560X223520R25_View_26
 10
109.6104571812
 20
142.7870631584
 30
0.0
 41
-1.2192
 42
1.2192
 43
1.2192
 50
270.0
  0
INSERT
  5
59B
330
1F
100
AcDbEntity
  8
32
 62
     7
100
AcDbBlockReference
  2
RECT162560X223520R25_View_26
 10
109.6104571812
 20
144.9548007584
 30
0.0
 41
-1.2192
 42
1.2192
 43
1.2192
 50
270.0
  0
INSERT
  5
5A8
330
1F
100
AcDbEntity
  8
32
 62
     7
100
AcDbBlockReference
  2
RECT162560X223520R25_View_27
 10
111.3136795812
 20
151.7676903584
 30
0.0
 41
-1.2192
 42
1.2192
 43
1.2192
 50
90.0
  0
INSERT
  5
5A9
330
1F
100
AcDbEntity
  8
32
 62
     7
100
AcDbBlockReference
  2
RECT162560X223520R25_View_27
 10
111.3136795812
 20
149.5999527584
 30
0.0
 41
-1.2192
 42
1.2192
 43
1.2192
 50
90.0
  0
INSERT
  5
5B6
330
1F
100
AcDbEntity
  8
32
 62
     7
100
AcDbBlockReference
  2
RECT162560X223520R25_View_28
 10
119.9846299812
 20
149.0580183584
 30
0.0
 41
-1.2192
 42
1.2192
 43
1.2192
  0
INSERT
  5
5B7
330
1F
100
AcDbEntity
  8
32
 62
     7
100
AcDbBlockReference
  2
RECT162560X223520R25_View_28
 10
117.8168923812
 20
149.0580183584
 30
0.0
 41
-1.2192
 42
1.2192
 43
1.2192
  0
INSERT
  5
5C4
330
1F
100
AcDbEntity
  8
32
 62
     7
100
AcDbBlockReference
  2
RECT162560X223520R25_View_30
 10
81.5072875812
 20
169.2644295584
 30
0.0
 41
-1.2192
 42
1.2192
 43
1.2192
  0
INSERT
  5
5C5
330
1F
100
AcDbEntity
  8
32
 62
     7
100
AcDbBlockReference
  2
RECT162560X223520R25_View_30
 10
79.3395499812
 20
169.2644295584
 30
0.0
 41
-1.2192
 42
1.2192
 43
1.2192
  0
INSERT
  5
5D2
330
1F
100
AcDbEntity
  8
32
 62
     7
100
AcDbBlockReference
  2
RECT162560X223520R25_View_31
 10
155.2103659812
 20
170.5031367584
 30
0.0
 41
-1.2192
 42
1.2192
 43
1.2192
  0
INSERT
  5
5D3
330
1F
100
AcDbEntity
  8
32
 62
     7
100
AcDbBlockReference
  2
RECT162560X223520R25_View_31
 10
153.0426283812
 20
170.5031367584
 30
0.0
 41
-1.2192
 42
1.2192
 43
1.2192
  0
INSERT
  5
5E0
330
1F
100
AcDbEntity
  8
32
 62
     7
100
AcDbBlockReference
  2
RECT162560X223520R25_View_32
 10
121.6878523812
 20
134.0386935584
 30
0.0
 41
-1.2192
 42
1.2192
 43
1.2192
 50
90.0
  0
INSERT
  5
5E1
330
1F
100
AcDbEntity
  8
32
 62
     7
100
AcDbBlockReference
  2
RECT162560X223520R25_View_32
 10
121.6878523812
 20
131.8709559584
 30
0.0
 41
-1.2192
 42
1.2192
 43
1.2192
 50
90.0
  0
INSERT
  5
5EE
330
1F
100
AcDbEntity
  8
32
 62
     7
100
AcDbBlockReference
  2
RECT162560X223520R25_View_34
 10
166.0490539812
 20
180.2579559584
 30
0.0
 41
-1.2192
 42
1.2192
 43
1.2192
 50
180.0
  0
INSERT
  5
5EF
330
1F
100
AcDbEntity
  8
32
 62
     7
100
AcDbBlockReference
  2
RECT162560X223520R25_View_34
 10
168.2167915812
 20
180.2579559584
 30
0.0
 41
-1.2192
 42
1.2192
 43
1.2192
 50
180.0
  0
INSERT
  5
5FC
330
1F
100
AcDbEntity
  8
32
 62
     7
100
AcDbBlockReference
  2
RECT162560X223520R25_View_35
 10
166.0490539812
 20
176.6966727584
 30
0.0
 41
-1.2192
 42
1.2192
 43
1.2192
 50
180.0
  0
INSERT
  5
5FD
330
1F
100
AcDbEntity
  8
32
 62
     7
100
AcDbBlockReference
  2
RECT162560X223520R25_View_35
 10
168.2167915812
 20
176.6966727584
 30
0.0
 41
-1.2192
 42
1.2192
 43
1.2192
 50
180.0
  0
INSERT
  5
60A
330
1F
100
AcDbEntity
  8
32
 62
     7
100
AcDbBlockReference
  2
RECT162560X223520R25_View_36
 10
166.0490539812
 20
173.1353895584
 30
0.0
 41
-1.2192
 42
1.2192
 43
1.2192
 50
180.0
  0
INSERT
  5
60B
330
1F
100
AcDbEntity
  8
32
 62
     7
100
AcDbBlockReference
  2
RECT162560X223520R25_View_36
 10
168.2167915812
 20
173.1353895584
 30
0.0
 41
-1.2192
 42
1.2192
 43
1.2192
 50
180.0
  0
INSERT
  5
618
330
1F
100
AcDbEntity
  8
32
 62
     7
100
AcDbBlockReference
  2
RECT162560X223520R25_View_37
 10
149.6361835812
 20
157.1870343584
 30
0.0
 41
-1.2192
 42
1.2192
 43
1.2192
  0
INSERT
  5
619
330
1F
100
AcDbEntity
  8
32
 62
     7
100
AcDbBlockReference
  2
RECT162560X223520R25_View_37
 10
147.4684459812
 20
157.1870343584
 30
0.0
 41
-1.2192
 42
1.2192
 43
1.2192
  0
INSERT
  5
626
330
1F
100
AcDbEntity
  8
32
 62
     7
100
AcDbBlockReference
  2
RECT162560X223520R25_View_38
 10
145.4555467812
 20
162.7612167584
 30
0.0
 41
-1.2192
 42
1.2192
 43
1.2192
  0
INSERT
  5
627
330
1F
100
AcDbEntity
  8
32
 62
     7
100
AcDbBlockReference
  2
RECT162560X223520R25_View_38
 10
143.2878091812
 20
162.7612167584
 30
0.0
 41
-1.2192
 42
1.2192
 43
1.2192
  0
INSERT
  5
634
330
1F
100
AcDbEntity
  8
32
 62
     7
100
AcDbBlockReference
  2
RECT162560X223520R25_View_39
 10
150.8748907812
 20
172.6708743584
 30
0.0
 41
-1.2192
 42
1.2192
 43
1.2192
  0
INSERT
  5
635
330
1F
100
AcDbEntity
  8
32
 62
     7
100
AcDbBlockReference
  2
RECT162560X223520R25_View_39
 10
148.7071531812
 20
172.6708743584
 30
0.0
 41
-1.2192
 42
1.2192
 43
1.2192
  0
INSERT
  5
642
330
1F
100
AcDbEntity
  8
32
 62
     7
100
AcDbBlockReference
  2
RECT162560X223520R25_View_41
 10
69.8944075812
 20
137.8322343584
 30
0.0
 41
-1.2192
 42
1.2192
 43
1.2192
  0
INSERT
  5
643
330
1F
100
AcDbEntity
  8
32
 62
     7
100
AcDbBlockReference
  2
RECT162560X223520R25_View_41
 10
67.7266699812
 20
137.8322343584
 30
0.0
 41
-1.2192
 42
1.2192
 43
1.2192
  0
ENDSEC
  0
SECTION
  2
OBJECTS
  0
DICTIONARY
  5
C
330
0
100
AcDbDictionary
281
     1
  3
ACAD_GROUP
350
D
  3
ACAD_LAYOUT
350
1A
  3
ACAD_MATERIAL
350
43
  3
ACAD_MLEADERSTYLE
350
646
  3
ACAD_MLINESTYLE
350
17
  3
ACAD_PLOTSETTINGS
350
19
  3
ACAD_PLOTSTYLENAME
350
E
  3
ACAD_SCALELIST
350
47
  3
ACAD_VISUALSTYLE
350
2A
  3
AcDbVariableDictionary
350
644
  0
DICTIONARY
  5
D
102
{ACAD_REACTORS
330
C
102
}
330
C
100
AcDbDictionary
281
     1
  0
DICTIONARY
  5
1A
102
{ACAD_REACTORS
330
C
102
}
330
C
100
AcDbDictionary
281
     1
  3
Layout1
350
1E
  3
Model
350
22
  0
DICTIONARY
  5
43
102
{ACAD_REACTORS
330
C
102
}
330
C
100
AcDbDictionary
281
     1
  3
ByBlock
350
45
  3
ByLayer
350
44
  3
Global
350
46
  0
DICTIONARY
  5
646
102
{ACAD_REACTORS
330
C
102
}
330
C
100
AcDbDictionary
281
     1
  0
DICTIONARY
  5
17
102
{ACAD_REACTORS
330
C
102
}
330
C
100
AcDbDictionary
281
     1
  3
Standard
350
18
  0
DICTIONARY
  5
19
102
{ACAD_REACTORS
330
C
102
}
330
C
100
AcDbDictionary
281
     1
  0
ACDBDICTIONARYWDFLT
  5
E
102
{ACAD_REACTORS
330
C
102
}
330
C
100
AcDbDictionary
281
     1
  3
Normal
350
F
100
AcDbDictionaryWithDefault
340
F
  0
DICTIONARY
  5
47
102
{ACAD_REACTORS
330
C
102
}
330
C
100
AcDbDictionary
281
     1
  3
A0
350
48
  3
A1
350
49
  3
A2
350
4A
  3
A3
350
4B
  3
A4
350
4C
  3
A5
350
4D
  3
A6
350
4E
  3
A7
350
4F
  3
A8
350
50
  3
A9
350
51
  3
B0
350
52
  3
B1
350
53
  3
B2
350
54
  3
B3
350
55
  3
B4
350
56
  3
B5
350
57
  3
B6
350
58
  3
B7
350
59
  3
B8
350
5A
  3
B9
350
5B
  3
C0
350
5C
  3
C1
350
5D
  3
C2
350
5E
  3
C3
350
5F
  3
C4
350
60
  3
C5
350
61
  3
C6
350
62
  3
C7
350
63
  3
C8
350
64
  3
C9
350
65
  3
D0
350
66
  3
D1
350
67
  3
D2
350
68
  0
DICTIONARY
  5
2A
102
{ACAD_REACTORS
330
C
102
}
330
C
100
AcDbDictionary
281
     1
  3
2dWireframe
350
2F
  3
Basic
350
32
  3
Brighten
350
36
  3
ColorChange
350
3A
  3
Conceptual
350
34
  3
Dim
350
35
  3
EdgeColorOff
350
3D
  3
Facepattern
350
39
  3
Flat
350
2B
  3
FlatWithEdges
350
2C
  3
Gouraud
350
2D
  3
GouraudWithEdges
350
2E
  3
Hidden
350
31
  3
JitterOff
350
3B
  3
Linepattern
350
38
  3
OverhangOff
350
3C
  3
Realistic
350
33
  3
Shaded
350
42
  3
Shaded with edges
350
41
  3
Shades of Gray
350
3E
  3
Sketchy
350
3F
  3
Thicken
350
37
  3
Wireframe
350
30
  3
X-Ray
350
40
  0
DICTIONARY
  5
644
102
{ACAD_REACTORS
330
C
102
}
330
C
100
AcDbDictionary
281
     1
  3
CANNOSCALE
350
64D
  3
DIMASSOC
350
64B
  3
HIDETEXT
350
64C
  3
MSLTSCALE
350
64E
  3
PSOLHEIGHT
350
648
  3
PSOLWIDTH
350
647
  0
LAYOUT
  5
1E
102
{ACAD_REACTORS
330
1A
102
}
330
1A
100
AcDbPlotSettings
  1

  2
none_device
  4

  6

 40
0.0
 41
0.0
 42
0.0
 43
0.0
 44
0.0
 45
0.0
 46
0.0
 47
0.0
 48
0.0
 49
0.0
140
0.0
141
0.0
142
1.0
143
1.0
 70
   688
 72
     1
 73
     0
 74
     5
  7

 75
    16
147
1.0
148
0.0
149
0.0
100
AcDbLayout
  1
Layout1
 70
     1
 71
     1
 10
0.0
 20
0.0
 11
215.9
 21
279.4
 12
0.0
 22
0.0
 32
0.0
 14
0.0
 24
0.0
 34
0.0
 15
215.9
 25
279.4
 35
0.0
146
0.0
 13
0.0
 23
0.0
 33
0.0
 16
1.0
 26
0.0
 36
0.0
 17
0.0
 27
1.0
 37
0.0
 76
     0
330
1B
  0
LAYOUT
  5
22
102
{ACAD_REACTORS
330
1A
102
}
330
1A
100
AcDbPlotSettings
  1

  2
none_device
  4
Letter_(8.50_x_11.00_Inches)
  6

 40
6.35
 41
6.35
 42
6.35000508
 43
6.35000508
 44
215.9
 45
279.4
 46
0.0
 47
0.0
 48
0.0
 49
0.0
140
0.0
141
0.0
142
1.0
143
1.0
 70
  1712
 72
     1
 73
     0
 74
     0
  7

 75
     0
147
1.0
148
0.0
149
0.0
100
AcDbLayout
  1
Model
 70
     1
 71
     0
 10
0.0
 20
0.0
 11
215.9
 21
279.4
 12
0.0
 22
0.0
 32
0.0
 14
0.0
 24
0.0
 34
0.0
 15
215.9
 25
279.4
 35
0.0
146
0.0
 13
0.0
 23
0.0
 33
0.0
 16
1.0
 26
0.0
 36
0.0
 17
0.0
 27
1.0
 37
0.0
 76
     0
330
1F
331
29
  0
MATERIAL
  5
45
102
{ACAD_REACTORS
330
43
102
}
102
{ACAD_XDICTIONARY
360
681
102
}
330
43
100
AcDbMaterial
  1
ByBlock
  0
MATERIAL
  5
44
102
{ACAD_REACTORS
330
43
102
}
102
{ACAD_XDICTIONARY
360
67F
102
}
330
43
100
AcDbMaterial
  1
ByLayer
  0
MATERIAL
  5
46
102
{ACAD_REACTORS
330
43
102
}
102
{ACAD_XDICTIONARY
360
683
102
}
330
43
100
AcDbMaterial
  1
Global
  0
MLINESTYLE
  5
18
102
{ACAD_REACTORS
330
17
102
}
330
17
100
AcDbMlineStyle
  2
Standard
 70
     0
  3

 62
   256
 51
90.0
 52
90.0
 71
     2
 49
0.5
 62
   256
  6
BYLAYER
 49
-0.5
 62
   256
  6
BYLAYER
  0
ACDBPLACEHOLDER
  5
F
102
{ACAD_REACTORS
330
E
102
}
330
E
  0
SCALE
  5
48
102
{ACAD_REACTORS
330
47
102
}
330
47
100
AcDbScale
 70
     0
300
1:1
140
1.0
141
1.0
290
     1
  0
SCALE
  5
49
102
{ACAD_REACTORS
330
47
102
}
330
47
100
AcDbScale
 70
     0
300
1:2
140
1.0
141
2.0
290
     0
  0
SCALE
  5
4A
102
{ACAD_REACTORS
330
47
102
}
330
47
100
AcDbScale
 70
     0
300
1:4
140
1.0
141
4.0
290
     0
  0
SCALE
  5
4B
102
{ACAD_REACTORS
330
47
102
}
330
47
100
AcDbScale
 70
     0
300
1:5
140
1.0
141
5.0
290
     0
  0
SCALE
  5
4C
102
{ACAD_REACTORS
330
47
102
}
330
47
100
AcDbScale
 70
     0
300
1:8
140
1.0
141
8.0
290
     0
  0
SCALE
  5
4D
102
{ACAD_REACTORS
330
47
102
}
330
47
100
AcDbScale
 70
     0
300
1:10
140
1.0
141
10.0
290
     0
  0
SCALE
  5
4E
102
{ACAD_REACTORS
330
47
102
}
330
47
100
AcDbScale
 70
     0
300
1:16
140
1.0
141
16.0
290
     0
  0
SCALE
  5
4F
102
{ACAD_REACTORS
330
47
102
}
330
47
100
AcDbScale
 70
     0
300
1:20
140
1.0
141
20.0
290
     0
  0
SCALE
  5
50
102
{ACAD_REACTORS
330
47
102
}
330
47
100
AcDbScale
 70
     0
300
1:30
140
1.0
141
30.0
290
     0
  0
SCALE
  5
51
102
{ACAD_REACTORS
330
47
102
}
330
47
100
AcDbScale
 70
     0
300
1:40
140
1.0
141
40.0
290
     0
  0
SCALE
  5
52
102
{ACAD_REACTORS
330
47
102
}
330
47
100
AcDbScale
 70
     0
300
1:50
140
1.0
141
50.0
290
     0
  0
SCALE
  5
53
102
{ACAD_REACTORS
330
47
102
}
330
47
100
AcDbScale
 70
     0
300
1:100
140
1.0
141
100.0
290
     0
  0
SCALE
  5
54
102
{ACAD_REACTORS
330
47
102
}
330
47
100
AcDbScale
 70
     0
300
2:1
140
2.0
141
1.0
290
     0
  0
SCALE
  5
55
102
{ACAD_REACTORS
330
47
102
}
330
47
100
AcDbScale
 70
     0
300
4:1
140
4.0
141
1.0
290
     0
  0
SCALE
  5
56
102
{ACAD_REACTORS
330
47
102
}
330
47
100
AcDbScale
 70
     0
300
8:1
140
8.0
141
1.0
290
     0
  0
SCALE
  5
57
102
{ACAD_REACTORS
330
47
102
}
330
47
100
AcDbScale
 70
     0
300
10:1
140
10.0
141
1.0
290
     0
  0
SCALE
  5
58
102
{ACAD_REACTORS
330
47
102
}
330
47
100
AcDbScale
 70
     0
300
100:1
140
100.0
141
1.0
290
     0
  0
SCALE
  5
59
102
{ACAD_REACTORS
330
47
102
}
330
47
100
AcDbScale
 70
     0
300
1/128" = 1'-0"
140
0.0078125
141
12.0
290
     0
  0
SCALE
  5
5A
102
{ACAD_REACTORS
330
47
102
}
330
47
100
AcDbScale
 70
     0
300
1/64" = 1'-0"
140
0.015625
141
12.0
290
     0
  0
SCALE
  5
5B
102
{ACAD_REACTORS
330
47
102
}
330
47
100
AcDbScale
 70
     0
300
1/32" = 1'-0"
140
0.03125
141
12.0
290
     0
  0
SCALE
  5
5C
102
{ACAD_REACTORS
330
47
102
}
330
47
100
AcDbScale
 70
     0
300
1/16" = 1'-0"
140
0.0625
141
12.0
290
     0
  0
SCALE
  5
5D
102
{ACAD_REACTORS
330
47
102
}
330
47
100
AcDbScale
 70
     0
300
3/32" = 1'-0"
140
0.09375
141
12.0
290
     0
  0
SCALE
  5
5E
102
{ACAD_REACTORS
330
47
102
}
330
47
100
AcDbScale
 70
     0
300
1/8" = 1'-0"
140
0.125
141
12.0
290
     0
  0
SCALE
  5
5F
102
{ACAD_REACTORS
330
47
102
}
330
47
100
AcDbScale
 70
     0
300
3/16" = 1'-0"
140
0.1875
141
12.0
290
     0
  0
SCALE
  5
60
102
{ACAD_REACTORS
330
47
102
}
330
47
100
AcDbScale
 70
     0
300
1/4" = 1'-0"
140
0.25
141
12.0
290
     0
  0
SCALE
  5
61
102
{ACAD_REACTORS
330
47
102
}
330
47
100
AcDbScale
 70
     0
300
3/8" = 1'-0"
140
0.375
141
12.0
290
     0
  0
SCALE
  5
62
102
{ACAD_REACTORS
330
47
102
}
330
47
100
AcDbScale
 70
     0
300
1/2" = 1'-0"
140
0.5
141
12.0
290
     0
  0
SCALE
  5
63
102
{ACAD_REACTORS
330
47
102
}
330
47
100
AcDbScale
 70
     0
300
3/4" = 1'-0"
140
0.75
141
12.0
290
     0
  0
SCALE
  5
64
102
{ACAD_REACTORS
330
47
102
}
330
47
100
AcDbScale
 70
     0
300
1" = 1'-0"
140
1.0
141
12.0
290
     0
  0
SCALE
  5
65
102
{ACAD_REACTORS
330
47
102
}
330
47
100
AcDbScale
 70
     0
300
1-1/2" = 1'-0"
140
1.5
141
12.0
290
     0
  0
SCALE
  5
66
102
{ACAD_REACTORS
330
47
102
}
330
47
100
AcDbScale
 70
     0
300
3" = 1'-0"
140
3.0
141
12.0
290
     0
  0
SCALE
  5
67
102
{ACAD_REACTORS
330
47
102
}
330
47
100
AcDbScale
 70
     0
300
6" = 1'-0"
140
6.0
141
12.0
290
     0
  0
SCALE
  5
68
102
{ACAD_REACTORS
330
47
102
}
330
47
100
AcDbScale
 70
     0
300
1'-0" = 1'-0"
140
12.0
141
12.0
290
     0
  0
VISUALSTYLE
  5
2F
102
{ACAD_REACTORS
330
2A
102
}
102
{ACAD_XDICTIONARY
360
657
102
}
330
2A
100
AcDbVisualStyle
  2
2dWireframe
 70
     4
 71
     0
 72
     2
 73
     0
 90
        0
 40
0.6
 41
30.0
 62
     5
 63
     7
 74
     1
 91
        4
 64
     7
 65
   257
 75
     1
175
     1
 42
1.0
 92
        0
 66
   257
 43
1.0
 76
     1
 77
     6
 78
     2
 67
     7
 79
     5
170
     0
171
     0
290
     0
174
     0
 93
        1
 44
0.0
173
     0
291
     0
 45
0.0
1001
ACAD
1000
AcDbSavedByObjectVersion
1070
     0
  0
VISUALSTYLE
  5
32
102
{ACAD_REACTORS
330
2A
102
}
102
{ACAD_XDICTIONARY
360
65D
102
}
330
2A
100
AcDbVisualStyle
  2
Basic
 70
     7
 71
     1
 72
     0
 73
     1
 90
        0
 40
0.6
 41
30.0
 62
     5
 63
     7
 74
     0
 91
        4
 64
     7
 65
   257
 75
     1
175
     1
 42
1.0
 92
        8
 66
     7
 43
1.0
 76
     1
 77
     6
 78
     2
 67
     7
 79
     5
170
     0
171
     0
290
     0
174
     0
 93
        1
 44
0.0
173
     0
291
     1
 45
0.0
1001
ACAD
1000
AcDbSavedByObjectVersion
1070
     0
  0
VISUALSTYLE
  5
36
102
{ACAD_REACTORS
330
2A
102
}
102
{ACAD_XDICTIONARY
360
665
102
}
330
2A
100
AcDbVisualStyle
  2
Brighten
 70
    12
 71
     2
 72
     2
 73
     0
 90
        0
 40
0.6
 41
30.0
 62
     5
 63
     7
 74
     1
 91
        4
 64
     7
 65
   257
 75
     1
175
     1
 42
1.0
 92
        8
 66
     7
 43
1.0
 76
     1
 77
     6
 78
     2
 67
     7
 79
     5
170
     0
171
     0
290
     0
174
     0
 93
        1
 44
50.0
173
     0
291
     1
 45
0.0
1001
ACAD
1000
AcDbSavedByObjectVersion
1070
     0
  0
VISUALSTYLE
  5
3A
102
{ACAD_REACTORS
330
2A
102
}
102
{ACAD_XDICTIONARY
360
66D
102
}
330
2A
100
AcDbVisualStyle
  2
ColorChange
 70
    16
 71
     2
 72
     2
 73
     3
 90
        0
 40
0.6
 41
30.0
 62
     5
 63
     8
 74
     1
 91
        4
 64
     7
 65
   257
 75
     1
175
     1
 42
1.0
 92
        8
 66
     8
 43
1.0
 76
     1
 77
     6
 78
     2
 67
     7
 79
     5
170
     0
171
     0
290
     0
174
     0
 93
        1
 44
0.0
173
     0
291
     1
 45
0.0
1001
ACAD
1000
AcDbSavedByObjectVersion
1070
     0
  0
VISUALSTYLE
  5
34
102
{ACAD_REACTORS
330
2A
102
}
102
{ACAD_XDICTIONARY
360
661
102
}
330
2A
100
AcDbVisualStyle
  2
Conceptual
 70
     9
 71
     3
 72
     2
 73
     0
 90
        0
 40
0.6
 41
30.0
 62
     5
 63
     7
 74
     2
 91
        2
 64
     7
 65
   257
 75
     1
175
     1
 42
179.0
 92
        8
 66
     7
 43
1.0
 76
     1
 77
     6
 78
     2
 67
     7
 79
     3
170
     0
171
     0
290
     0
174
     0
 93
        1
 44
0.0
173
     0
291
     0
 45
0.0
1001
ACAD
1000
AcDbSavedByObjectVersion
1070
     0
  0
VISUALSTYLE
  5
35
102
{ACAD_REACTORS
330
2A
102
}
102
{ACAD_XDICTIONARY
360
663
102
}
330
2A
100
AcDbVisualStyle
  2
Dim
 70
    11
 71
     2
 72
     2
 73
     0
 90
        0
 40
0.6
 41
30.0
 62
     5
 63
     7
 74
     1
 91
        4
 64
     7
 65
   257
 75
     1
175
     1
 42
1.0
 92
        8
 66
     7
 43
1.0
 76
     1
 77
     6
 78
     2
 67
     7
 79
     5
170
     0
171
     0
290
     0
174
     0
 93
        1
 44
-50.0
173
     0
291
     1
 45
0.0
1001
ACAD
1000
AcDbSavedByObjectVersion
1070
     0
  0
VISUALSTYLE
  5
3D
102
{ACAD_REACTORS
330
2A
102
}
102
{ACAD_XDICTIONARY
360
673
102
}
330
2A
100
AcDbVisualStyle
  2
EdgeColorOff
 70
    22
 71
     2
 72
     2
 73
     0
 90
        0
 40
0.6
 41
30.0
 62
     5
 63
     7
 74
     1
 91
        4
 64
     7
 65
   257
 75
     1
175
     1
 42
1.0
 92
        8
 66
     7
 43
1.0
 76
     1
 77
     6
 78
     2
 67
     7
 79
     5
170
     0
171
     0
290
     0
174
     0
 93
        1
 44
0.0
173
     0
291
     1
 45
0.0
1001
ACAD
1000
AcDbSavedByObjectVersion
1070
     0
  0
VISUALSTYLE
  5
39
102
{ACAD_REACTORS
330
2A
102
}
102
{ACAD_XDICTIONARY
360
66B
102
}
330
2A
100
AcDbVisualStyle
  2
Facepattern
 70
    15
 71
     2
 72
     2
 73
     0
 90
        0
 40
0.6
 41
30.0
 62
     5
 63
     7
 74
     1
 91
        4
 64
     7
 65
   257
 75
     1
175
     1
 42
1.0
 92
        8
 66
     7
 43
1.0
 76
     1
 77
     6
 78
     2
 67
     7
 79
     5
170
     0
171
     0
290
     0
174
     0
 93
        1
 44
0.0
173
     0
291
     1
 45
0.0
1001
ACAD
1000
AcDbSavedByObjectVersion
1070
     0
  0
VISUALSTYLE
  5
2B
102
{ACAD_REACTORS
330
2A
102
}
102
{ACAD_XDICTIONARY
360
64F
102
}
330
2A
100
AcDbVisualStyle
  2
Flat
 70
     0
 71
     2
 72
     1
 73
     1
 90
        2
 40
0.6
 41
30.0
 62
     5
 63
     7
 74
     0
 91
        0
 64
     7
 65
   257
 75
     1
175
     1
 42
1.0
 92
        8
 66
     7
 43
1.0
 76
     1
 77
     6
 78
     2
 67
     7
 79
     5
170
     0
171
     0
290
     0
174
     0
 93
       13
 44
0.0
173
     0
291
     1
 45
0.0
1001
ACAD
1000
AcDbSavedByObjectVersion
1070
     0
  0
VISUALSTYLE
  5
2C
102
{ACAD_REACTORS
330
2A
102
}
102
{ACAD_XDICTIONARY
360
651
102
}
330
2A
100
AcDbVisualStyle
  2
FlatWithEdges
 70
     1
 71
     2
 72
     1
 73
     1
 90
        2
 40
0.6
 41
30.0
 62
     5
 63
     7
 74
     1
 91
        0
 64
     7
 65
   257
 75
     1
175
     1
 42
1.0
 92
        0
 66
   257
 43
1.0
 76
     1
 77
     6
 78
     2
 67
     7
 79
     5
170
     0
171
     0
290
     0
174
     0
 93
       13
 44
0.0
173
     0
291
     1
 45
0.0
1001
ACAD
1000
AcDbSavedByObjectVersion
1070
     0
  0
VISUALSTYLE
  5
2D
102
{ACAD_REACTORS
330
2A
102
}
102
{ACAD_XDICTIONARY
360
653
102
}
330
2A
100
AcDbVisualStyle
  2
Gouraud
 70
     2
 71
     2
 72
     2
 73
     1
 90
        2
 40
0.6
 41
30.0
 62
     5
 63
     7
 74
     0
 91
        0
 64
     7
 65
   257
 75
     1
175
     1
 42
1.0
 92
        0
 66
     7
 43
1.0
 76
     1
 77
     6
 78
     2
 67
     7
 79
     5
170
     0
171
     0
290
     0
174
     0
 93
       13
 44
0.0
173
     0
291
     1
 45
0.0
1001
ACAD
1000
AcDbSavedByObjectVersion
1070
     0
  0
VISUALSTYLE
  5
2E
102
{ACAD_REACTORS
330
2A
102
}
102
{ACAD_XDICTIONARY
360
655
102
}
330
2A
100
AcDbVisualStyle
  2
GouraudWithEdges
 70
     3
 71
     2
 72
     2
 73
     1
 90
        2
 40
0.6
 41
30.0
 62
     5
 63
     7
 74
     1
 91
        0
 64
     7
 65
   257
 75
     1
175
     1
 42
1.0
 92
        0
 66
   257
 43
1.0
 76
     1
 77
     6
 78
     2
 67
     7
 79
     5
170
     0
171
     0
290
     0
174
     0
 93
       13
 44
0.0
173
     0
291
     1
 45
0.0
1001
ACAD
1000
AcDbSavedByObjectVersion
1070
     0
  0
VISUALSTYLE
  5
31
102
{ACAD_REACTORS
330
2A
102
}
102
{ACAD_XDICTIONARY
360
65B
102
}
330
2A
100
AcDbVisualStyle
  2
Hidden
 70
     6
 71
     1
 72
     2
 73
     2
 90
        0
 40
0.6
 41
30.0
 62
     5
 63
     7
 74
     2
 91
        2
 64
     7
 65
   257
 75
     2
175
     1
 42
40.0
 92
        0
 66
   257
 43
1.0
 76
     1
 77
     6
 78
     2
 67
     7
 79
     3
170
     0
171
     0
290
     0
174
     0
 93
        1
 44
0.0
173
     0
291
     0
 45
0.0
1001
ACAD
1000
AcDbSavedByObjectVersion
1070
     0
  0
VISUALSTYLE
  5
3B
102
{ACAD_REACTORS
330
2A
102
}
102
{ACAD_XDICTIONARY
360
66F
102
}
330
2A
100
AcDbVisualStyle
  2
JitterOff
 70
    20
 71
     2
 72
     2
 73
     0
 90
        0
 40
0.6
 41
30.0
 62
     5
 63
     7
 74
     1
 91
        4
 64
     7
 65
   257
 75
     1
175
     1
 42
1.0
 92
       10
 66
     7
 43
1.0
 76
     1
 77
     6
 78
     2
 67
     7
 79
     5
170
     0
171
     0
290
     0
174
     0
 93
        1
 44
0.0
173
     0
291
     1
 45
0.0
1001
ACAD
1000
AcDbSavedByObjectVersion
1070
     0
  0
VISUALSTYLE
  5
38
102
{ACAD_REACTORS
330
2A
102
}
102
{ACAD_XDICTIONARY
360
669
102
}
330
2A
100
AcDbVisualStyle
  2
Linepattern
 70
    14
 71
     2
 72
     2
 73
     0
 90
        0
 40
0.6
 41
30.0
 62
     5
 63
     7
 74
     1
 91
        4
 64
     7
 65
   257
 75
     7
175
     7
 42
1.0
 92
        8
 66
     7
 43
1.0
 76
     1
 77
     6
 78
     2
 67
     7
 79
     5
170
     0
171
     0
290
     0
174
     0
 93
        1
 44
0.0
173
     0
291
     1
 45
0.0
1001
ACAD
1000
AcDbSavedByObjectVersion
1070
     0
  0
VISUALSTYLE
  5
3C
102
{ACAD_REACTORS
330
2A
102
}
102
{ACAD_XDICTIONARY
360
671
102
}
330
2A
100
AcDbVisualStyle
  2
OverhangOff
 70
    21
 71
     2
 72
     2
 73
     0
 90
        0
 40
0.6
 41
30.0
 62
     5
 63
     7
 74
     1
 91
        4
 64
     7
 65
   257
 75
     1
175
     1
 42
1.0
 92
        9
 66
     7
 43
1.0
 76
     1
 77
     6
 78
     2
 67
     7
 79
     5
170
     0
171
     0
290
     0
174
     0
 93
        1
 44
0.0
173
     0
291
     1
 45
0.0
1001
ACAD
1000
AcDbSavedByObjectVersion
1070
     0
  0
VISUALSTYLE
  5
33
102
{ACAD_REACTORS
330
2A
102
}
102
{ACAD_XDICTIONARY
360
65F
102
}
330
2A
100
AcDbVisualStyle
  2
Realistic
 70
     8
 71
     2
 72
     3
 73
     0
 90
        2
 40
0.6
 41
30.0
 62
     5
 63
     7
 74
     0
 91
        0
 64
     7
 65
   257
 75
     1
175
     1
 42
1.0
 92
        8
 66
   257
 43
1.0
 76
     1
 77
     6
 78
     2
 67
     7
 79
     3
170
     0
171
     0
290
     0
174
     0
 93
       13
 44
0.0
173
     0
291
     0
 45
0.0
1001
ACAD
1000
AcDbSavedByObjectVersion
1070
     0
  0
VISUALSTYLE
  5
42
102
{ACAD_REACTORS
330
2A
102
}
102
{ACAD_XDICTIONARY
360
67D
102
}
330
2A
100
AcDbVisualStyle
  2
Shaded
 70
    27
 71
     2
 72
     2
 73
     1
 90
        2
 40
0.6
 41
30.0
 62
     5
 63
     7
 74
     0
 91
        4
 64
     7
 65
   257
 75
     1
175
     1
 42
1.0
 92
        8
 66
   257
 43
1.0
 76
     1
 77
     6
 78
     2
 67
     8
 79
     3
170
     0
171
     0
290
     0
174
     0
 93
        5
 44
0.0
173
     0
291
     0
 45
0.0
1001
ACAD
1000
AcDbSavedByObjectVersion
1070
     0
  0
VISUALSTYLE
  5
41
102
{ACAD_REACTORS
330
2A
102
}
102
{ACAD_XDICTIONARY
360
67B
102
}
330
2A
100
AcDbVisualStyle
  2
Shaded with edges
 70
    26
 71
     2
 72
     2
 73
     1
 90
        2
 40
0.6
 41
30.0
 62
     5
 63
     7
 74
     1
 91
       10
 64
     7
 65
   257
 75
     2
175
     1
 42
1.0
 92
        8
 66
   257
 43
1.0
 76
     1
 77
     6
 78
     2
 67
     7
 79
     3
170
     0
171
     0
290
     0
174
     0
 93
        5
 44
0.0
173
     0
291
     0
 45
0.0
1001
ACAD
1000
AcDbSavedByObjectVersion
1070
     0
  0
VISUALSTYLE
  5
3E
102
{ACAD_REACTORS
330
2A
102
}
102
{ACAD_XDICTIONARY
360
675
102
}
330
2A
100
AcDbVisualStyle
  2
Shades of Gray
 70
    23
 71
     2
 72
     2
 73
     3
 90
        0
 40
0.6
 41
30.0
 62
     5
 63
     7
 74
     2
 91
        2
 64
     7
 65
     7
 75
     1
175
     1
 42
40.0
 92
        8
 66
     7
 43
1.0
 76
     1
 77
     6
 78
     2
 67
     7
 79
     3
170
     0
171
     0
290
     0
174
     0
 93
        1
 44
0.0
173
     0
291
     0
 45
0.0
1001
ACAD
1000
AcDbSavedByObjectVersion
1070
     0
  0
VISUALSTYLE
  5
3F
102
{ACAD_REACTORS
330
2A
102
}
102
{ACAD_XDICTIONARY
360
677
102
}
330
2A
100
AcDbVisualStyle
  2
Sketchy
 70
    24
 71
     1
 72
     2
 73
     2
 90
        0
 40
0.6
 41
30.0
 62
     5
 63
     7
 74
     2
 91
        2
 64
     7
 65
     7
 75
     1
175
     1
 42
40.0
 92
       11
 66
     7
 43
1.0
 76
     1
 77
     6
 78
     2
 67
     7
 79
     6
170
     0
171
     0
290
     0
174
     0
 93
        1
 44
0.0
173
     0
291
     0
 45
0.0
1001
ACAD
1000
AcDbSavedByObjectVersion
1070
     0
  0
VISUALSTYLE
  5
37
102
{ACAD_REACTORS
330
2A
102
}
102
{ACAD_XDICTIONARY
360
667
102
}
330
2A
100
AcDbVisualStyle
  2
Thicken
 70
    13
 71
     2
 72
     2
 73
     0
 90
        0
 40
0.6
 41
30.0
 62
     5
 63
     7
 74
     1
 91
        4
 64
     7
 65
   257
 75
     1
175
     1
 42
1.0
 92
       12
 66
     7
 43
1.0
 76
     1
 77
     6
 78
     2
 67
     7
 79
     5
170
     0
171
     0
290
     0
174
     0
 93
        1
 44
0.0
173
     0
291
     1
 45
0.0
1001
ACAD
1000
AcDbSavedByObjectVersion
1070
     0
  0
VISUALSTYLE
  5
30
102
{ACAD_REACTORS
330
2A
102
}
102
{ACAD_XDICTIONARY
360
659
102
}
330
2A
100
AcDbVisualStyle
  2
Wireframe
 70
     5
 71
     0
 72
     2
 73
     0
 90
        0
 40
0.6
 41
30.0
 62
     5
 63
     7
 74
     1
 91
        4
 64
     7
 65
   257
 75
     1
175
     1
 42
1.0
 92
        0
 66
   257
 43
1.0
 76
     1
 77
     6
 78
     2
 67
     7
 79
     3
170
     0
171
     0
290
     0
174
     0
 93
        1
 44
0.0
173
     0
291
     0
 45
0.0
1001
ACAD
1000
AcDbSavedByObjectVersion
1070
     0
  0
VISUALSTYLE
  5
40
102
{ACAD_REACTORS
330
2A
102
}
102
{ACAD_XDICTIONARY
360
679
102
}
330
2A
100
AcDbVisualStyle
  2
X-Ray
 70
    25
 71
     2
 72
     2
 73
     1
 90
        1
 40
0.5
 41
30.0
 62
     5
 63
     7
 74
     1
 91
        0
 64
     7
 65
   257
 75
     1
175
     1
 42
1.0
 92
        8
 66
     7
 43
1.0
 76
     1
 77
     6
 78
     2
 67
     7
 79
     3
170
     0
171
     0
290
     0
174
     0
 93
       13
 44
0.0
173
     0
291
     0
 45
0.0
1001
ACAD
1000
AcDbSavedByObjectVersion
1070
     0
  0
DICTIONARYVAR
  5
64D
102
{ACAD_REACTORS
330
644
102
}
330
644
100
DictionaryVariables
280
     0
  1
1:1
  0
DICTIONARYVAR
  5
64B
102
{ACAD_REACTORS
330
644
102
}
330
644
100
DictionaryVariables
280
     0
  1
2
  0
DICTIONARYVAR
  5
64C
102
{ACAD_REACTORS
330
644
102
}
330
644
100
DictionaryVariables
280
     0
  1
1
  0
DICTIONARYVAR
  5
64E
102
{ACAD_REACTORS
330
644
102
}
330
644
100
DictionaryVariables
280
     0
  1
1
  0
DICTIONARYVAR
  5
648
102
{ACAD_REACTORS
330
644
102
}
330
644
100
DictionaryVariables
280
     0
  1
80.000000
  0
DICTIONARYVAR
  5
647
102
{ACAD_REACTORS
330
644
102
}
330
644
100
DictionaryVariables
280
     0
  1
5.000000
  0
DICTIONARY
  5
681
330
45
100
AcDbDictionary
280
     1
281
     1
  3
ACAD_XREC_ROUNDTRIP
360
682
  0
DICTIONARY
  5
67F
330
44
100
AcDbDictionary
280
     1
281
     1
  3
ACAD_XREC_ROUNDTRIP
360
680
  0
DICTIONARY
  5
683
330
46
100
AcDbDictionary
280
     1
281
     1
  3
ACAD_XREC_ROUNDTRIP
360
684
  0
DICTIONARY
  5
657
330
2F
100
AcDbDictionary
280
     1
281
     1
  3
ACAD_XREC_ROUNDTRIP
360
658
  0
DICTIONARY
  5
65D
330
32
100
AcDbDictionary
280
     1
281
     1
  3
ACAD_XREC_ROUNDTRIP
360
65E
  0
DICTIONARY
  5
665
330
36
100
AcDbDictionary
280
     1
281
     1
  3
ACAD_XREC_ROUNDTRIP
360
666
  0
DICTIONARY
  5
66D
330
3A
100
AcDbDictionary
280
     1
281
     1
  3
ACAD_XREC_ROUNDTRIP
360
66E
  0
DICTIONARY
  5
661
330
34
100
AcDbDictionary
280
     1
281
     1
  3
ACAD_XREC_ROUNDTRIP
360
662
  0
DICTIONARY
  5
663
330
35
100
AcDbDictionary
280
     1
281
     1
  3
ACAD_XREC_ROUNDTRIP
360
664
  0
DICTIONARY
  5
673
330
3D
100
AcDbDictionary
280
     1
281
     1
  3
ACAD_XREC_ROUNDTRIP
360
674
  0
DICTIONARY
  5
66B
330
39
100
AcDbDictionary
280
     1
281
     1
  3
ACAD_XREC_ROUNDTRIP
360
66C
  0
DICTIONARY
  5
64F
330
2B
100
AcDbDictionary
280
     1
281
     1
  3
ACAD_XREC_ROUNDTRIP
360
650
  0
DICTIONARY
  5
651
330
2C
100
AcDbDictionary
280
     1
281
     1
  3
ACAD_XREC_ROUNDTRIP
360
652
  0
DICTIONARY
  5
653
330
2D
100
AcDbDictionary
280
     1
281
     1
  3
ACAD_XREC_ROUNDTRIP
360
654
  0
DICTIONARY
  5
655
330
2E
100
AcDbDictionary
280
     1
281
     1
  3
ACAD_XREC_ROUNDTRIP
360
656
  0
DICTIONARY
  5
65B
330
31
100
AcDbDictionary
280
     1
281
     1
  3
ACAD_XREC_ROUNDTRIP
360
65C
  0
DICTIONARY
  5
66F
330
3B
100
AcDbDictionary
280
     1
281
     1
  3
ACAD_XREC_ROUNDTRIP
360
670
  0
DICTIONARY
  5
669
330
38
100
AcDbDictionary
280
     1
281
     1
  3
ACAD_XREC_ROUNDTRIP
360
66A
  0
DICTIONARY
  5
671
330
3C
100
AcDbDictionary
280
     1
281
     1
  3
ACAD_XREC_ROUNDTRIP
360
672
  0
DICTIONARY
  5
65F
330
33
100
AcDbDictionary
280
     1
281
     1
  3
ACAD_XREC_ROUNDTRIP
360
660
  0
DICTIONARY
  5
67D
330
42
100
AcDbDictionary
280
     1
281
     1
  3
ACAD_XREC_ROUNDTRIP
360
67E
  0
DICTIONARY
  5
67B
330
41
100
AcDbDictionary
280
     1
281
     1
  3
ACAD_XREC_ROUNDTRIP
360
67C
  0
DICTIONARY
  5
675
330
3E
100
AcDbDictionary
280
     1
281
     1
  3
ACAD_XREC_ROUNDTRIP
360
676
  0
DICTIONARY
  5
677
330
3F
100
AcDbDictionary
280
     1
281
     1
  3
ACAD_XREC_ROUNDTRIP
360
678
  0
DICTIONARY
  5
667
330
37
100
AcDbDictionary
280
     1
281
     1
  3
ACAD_XREC_ROUNDTRIP
360
668
  0
DICTIONARY
  5
659
330
30
100
AcDbDictionary
280
     1
281
     1
  3
ACAD_XREC_ROUNDTRIP
360
65A
  0
DICTIONARY
  5
679
330
40
100
AcDbDictionary
280
     1
281
     1
  3
ACAD_XREC_ROUNDTRIP
360
67A
  0
XRECORD
  5
682
102
{ACAD_REACTORS
330
681
102
}
330
681
100
AcDbXrecord
280
     1
102
MATERIAL
148
0.0
149
0.0
149
0.0
 93
        0
 94
      127
282
     0
 72
     1
 77
     1
171
     1
175
     1
179
     1
273
     0
  0
XRECORD
  5
680
102
{ACAD_REACTORS
330
67F
102
}
330
67F
100
AcDbXrecord
280
     1
102
MATERIAL
148
0.0
149
0.0
149
0.0
 93
        0
 94
      127
282
     0
 72
     1
 77
     1
171
     1
175
     1
179
     1
273
     0
  0
XRECORD
  5
684
102
{ACAD_REACTORS
330
683
102
}
330
683
100
AcDbXrecord
280
     1
102
MATERIAL
148
0.0
149
0.0
149
0.0
 93
        0
 94
      127
282
     0
 72
     1
 77
     1
171
     1
175
     1
179
     1
273
     0
  0
XRECORD
  5
658
102
{ACAD_REACTORS
330
657
102
}
330
657
100
AcDbXrecord
280
     1
102
RTVSPropertyOp0
 70
     1
102
RTVSPropertyOp1
 70
     1
102
RTVSPropertyOp2
 70
     1
102
RTVSPropertyOp3
 70
     1
102
RTVSPropertyOp4
 70
     1
102
RTVSPropertyOp5
 70
     1
102
RTVSPropertyOp6
 70
     1
102
RTVSPropertyOp7
 70
     1
102
RTVSPropertyOp8
 70
     1
102
RTVSPropertyOp9
 70
     1
102
RTVSPropertyOp10
 70
     1
102
RTVSPropertyOp11
 70
     1
102
RTVSPropertyOp12
 70
     1
102
RTVSPropertyOp13
 70
     1
102
RTVSPropertyOp14
 70
     1
102
RTVSPropertyOp15
 70
     1
102
RTVSPropertyOp16
 70
     1
102
RTVSPropertyOp17
 70
     1
102
RTVSPropertyOp18
 70
     1
102
RTVSPropertyOp19
 70
     1
102
RTVSPropertyOp20
 70
     1
102
RTVSPropertyOp21
 70
     1
102
RTVSPropertyOp22
 70
     1
102
RTVSPropertyOp23
 70
     1
102
RTVSPropertyOp24
 70
     1
102
RTVSPropertyOp25
 70
     1
102
RTVSPropertyOp26
 70
     1
102
RTVSPropertyOp27
 70
     1
102
RTVSPropertyOp28
 70
     1
102
RTVSPropertyOp29
 70
     1
102
RTVSPropertyOp30
 70
     1
102
RTVSPropertyOp31
 70
     1
102
RTVSPropertyOp32
 70
     1
102
RTVSPropertyOp33
 70
     1
102
RTVSPropertyOp34
 70
     1
102
RTVSPropertyOp35
 70
     1
102
RTVSPropertyOp36
 70
     1
102
RTVSPropertyOp37
 70
     1
102
RTVSPropertyOp38
 70
     1
102
RTVSPropertyOp39
 70
     1
102
RTVSPropertyOp40
 70
     1
102
RTVSPropertyOp41
 70
     1
102
RTVSPropertyOp42
 70
     1
102
RTVSPropertyOp43
 70
     1
102
RTVSPropertyOp44
 70
     1
102
RTVSPropertyOp45
 70
     1
102
RTVSPropertyOp46
 70
     1
102
RTVSPropertyOp47
 70
     1
102
RTVSPropertyOp48
 70
     1
102
RTVSPropertyOp49
 70
     1
102
RTVSPropertyOp50
 70
     1
102
RTVSPropertyOp51
 70
     0
102
RTVSPropertyOp52
 70
     0
102
RTVSPropertyOp53
 70
     1
102
RTVSPropertyOp54
 70
     1
102
RTVSPropertyOp55
 70
     1
102
RTVSPropertyOp56
 70
     1
102
RTVSPropertyOp57
 70
     1
102
RTVSPost2010Prop28
280
     1
102
RTVSPost2010PropOp28
 70
     1
102
RTVSPost2010Prop29
280
     1
102
RTVSPost2010PropOp29
 70
     1
102
RTVSPost2010Prop30
280
     0
102
RTVSPost2010PropOp30
 70
     1
102
RTVSPost2010Prop31
280
     0
102
RTVSPost2010PropOp31
 70
     1
102
RTVSPost2010Prop32
280
     0
102
RTVSPost2010PropOp32
 70
     1
102
RTVSPost2010Prop33
280
     0
102
RTVSPost2010PropOp33
 70
     1
102
RTVSPost2010Prop34
280
     0
102
RTVSPost2010PropOp34
 70
     1
102
RTVSPost2010Prop35
280
     0
102
RTVSPost2010PropOp35
 70
     1
102
RTVSPost2010Prop36
280
     0
102
RTVSPost2010PropOp36
 70
     1
102
RTVSPost2010Prop37
 90
       50
102
RTVSPost2010PropOp37
 70
     1
102
RTVSPost2010Prop38
140
0.0
102
RTVSPost2010PropOp38
 70
     1
102
RTVSPost2010Prop39
140
1.0
102
RTVSPost2010PropOp39
 70
     1
102
RTVSPost2010Prop40
 90
        0
102
RTVSPost2010PropOp40
 70
     1
102
RTVSPost2010Prop41ColorIndex
 90
       18
102
RTVSPost2010Prop41ColorRGB
 90
        0
102
RTVSPost2010PropOp41
 70
     1
102
RTVSPost2010Prop42
 90
       50
102
RTVSPost2010PropOp42
 70
     1
102
RTVSPost2010Prop43
 90
        3
102
RTVSPost2010PropOp43
 70
     1
102
RTVSPost2010Prop44ColorIndex
 90
        5
102
RTVSPost2010Prop44ColorRGB
 90
      255
102
RTVSPost2010PropOp44
 70
     1
102
RTVSPost2010Prop45
280
     0
102
RTVSPost2010PropOp45
 70
     1
102
RTVSPost2010Prop46
 90
       50
102
RTVSPost2010PropOp46
 70
     1
102
RTVSPost2010Prop47
 90
       50
102
RTVSPost2010PropOp47
 70
     1
102
RTVSPost2010Prop48
 90
       50
102
RTVSPost2010PropOp48
 70
     1
102
RTVSPost2010Prop49
280
     0
102
RTVSPost2010PropOp49
 70
     1
102
RTVSPost2010Prop50
 90
       50
102
RTVSPost2010PropOp50
 70
     1
102
RTVSPost2010Prop51ColorIndex
 90
      256
102
RTVSPost2010Prop51ColorRGB
 90
-16777216
102
RTVSPost2010PropOp51
 70
     0
102
RTVSPost2010Prop52
140
1.0
102
RTVSPost2010PropOp52
 70
     0
102
RTVSPost2010Prop53
 90
        2
102
RTVSPost2010PropOp53
 70
     1
102
RTVSPost2010Prop54
  1
strokes_ogs.tif
102
RTVSPost2010PropOp54
 70
     1
102
RTVSPost2010Prop55
280
     0
102
RTVSPost2010PropOp55
 70
     1
102
RTVSPost2010Prop56
140
1.0
102
RTVSPost2010PropOp56
 70
     1
102
RTVSPost2010Prop57
140
1.0
102
RTVSPost2010PropOp57
 70
     1
  0
XRECORD
  5
65E
102
{ACAD_REACTORS
330
65D
102
}
330
65D
100
AcDbXrecord
280
     1
102
RTVSPropertyOp0
 70
     1
102
RTVSPropertyOp1
 70
     1
102
RTVSPropertyOp2
 70
     1
102
RTVSPropertyOp3
 70
     1
102
RTVSPropertyOp4
 70
     1
102
RTVSPropertyOp5
 70
     1
102
RTVSPropertyOp6
 70
     1
102
RTVSPropertyOp7
 70
     1
102
RTVSPropertyOp8
 70
     1
102
RTVSPropertyOp9
 70
     1
102
RTVSPropertyOp10
 70
     1
102
RTVSPropertyOp11
 70
     1
102
RTVSPropertyOp12
 70
     1
102
RTVSPropertyOp13
 70
     1
102
RTVSPropertyOp14
 70
     1
102
RTVSPropertyOp15
 70
     1
102
RTVSPropertyOp16
 70
     1
102
RTVSPropertyOp17
 70
     1
102
RTVSPropertyOp18
 70
     1
102
RTVSPropertyOp19
 70
     1
102
RTVSPropertyOp20
 70
     1
102
RTVSPropertyOp21
 70
     1
102
RTVSPropertyOp22
 70
     1
102
RTVSPropertyOp23
 70
     1
102
RTVSPropertyOp24
 70
     1
102
RTVSPropertyOp25
 70
     1
102
RTVSPropertyOp26
 70
     1
102
RTVSPropertyOp27
 70
     1
102
RTVSPropertyOp28
 70
     1
102
RTVSPropertyOp29
 70
     1
102
RTVSPropertyOp30
 70
     1
102
RTVSPropertyOp31
 70
     1
102
RTVSPropertyOp32
 70
     1
102
RTVSPropertyOp33
 70
     1
102
RTVSPropertyOp34
 70
     1
102
RTVSPropertyOp35
 70
     1
102
RTVSPropertyOp36
 70
     1
102
RTVSPropertyOp37
 70
     1
102
RTVSPropertyOp38
 70
     1
102
RTVSPropertyOp39
 70
     1
102
RTVSPropertyOp40
 70
     1
102
RTVSPropertyOp41
 70
     1
102
RTVSPropertyOp42
 70
     1
102
RTVSPropertyOp43
 70
     1
102
RTVSPropertyOp44
 70
     1
102
RTVSPropertyOp45
 70
     1
102
RTVSPropertyOp46
 70
     1
102
RTVSPropertyOp47
 70
     1
102
RTVSPropertyOp48
 70
     1
102
RTVSPropertyOp49
 70
     1
102
RTVSPropertyOp50
 70
     1
102
RTVSPropertyOp51
 70
     0
102
RTVSPropertyOp52
 70
     0
102
RTVSPropertyOp53
 70
     1
102
RTVSPropertyOp54
 70
     1
102
RTVSPropertyOp55
 70
     1
102
RTVSPropertyOp56
 70
     1
102
RTVSPropertyOp57
 70
     1
102
RTVSPost2010Prop28
280
     0
102
RTVSPost2010PropOp28
 70
     1
102
RTVSPost2010Prop29
280
     1
102
RTVSPost2010PropOp29
 70
     1
102
RTVSPost2010Prop30
280
     1
102
RTVSPost2010PropOp30
 70
     1
102
RTVSPost2010Prop31
280
     0
102
RTVSPost2010PropOp31
 70
     1
102
RTVSPost2010Prop32
280
     0
102
RTVSPost2010PropOp32
 70
     1
102
RTVSPost2010Prop33
280
     0
102
RTVSPost2010PropOp33
 70
     1
102
RTVSPost2010Prop34
280
     0
102
RTVSPost2010PropOp34
 70
     1
102
RTVSPost2010Prop35
280
     0
102
RTVSPost2010PropOp35
 70
     1
102
RTVSPost2010Prop36
280
     0
102
RTVSPost2010PropOp36
 70
     1
102
RTVSPost2010Prop37
 90
       50
102
RTVSPost2010PropOp37
 70
     1
102
RTVSPost2010Prop38
140
0.0
102
RTVSPost2010PropOp38
 70
     1
102
RTVSPost2010Prop39
140
1.0
102
RTVSPost2010PropOp39
 70
     1
102
RTVSPost2010Prop40
 90
        0
102
RTVSPost2010PropOp40
 70
     1
102
RTVSPost2010Prop41ColorIndex
 90
       18
102
RTVSPost2010Prop41ColorRGB
 90
        0
102
RTVSPost2010PropOp41
 70
     1
102
RTVSPost2010Prop42
 90
       50
102
RTVSPost2010PropOp42
 70
     1
102
RTVSPost2010Prop43
 90
        3
102
RTVSPost2010PropOp43
 70
     1
102
RTVSPost2010Prop44ColorIndex
 90
        5
102
RTVSPost2010Prop44ColorRGB
 90
      255
102
RTVSPost2010PropOp44
 70
     1
102
RTVSPost2010Prop45
280
     0
102
RTVSPost2010PropOp45
 70
     1
102
RTVSPost2010Prop46
 90
       50
102
RTVSPost2010PropOp46
 70
     1
102
RTVSPost2010Prop47
 90
       50
102
RTVSPost2010PropOp47
 70
     1
102
RTVSPost2010Prop48
 90
       50
102
RTVSPost2010PropOp48
 70
     1
102
RTVSPost2010Prop49
280
     0
102
RTVSPost2010PropOp49
 70
     1
102
RTVSPost2010Prop50
 90
       50
102
RTVSPost2010PropOp50
 70
     1
102
RTVSPost2010Prop51ColorIndex
 90
      256
102
RTVSPost2010Prop51ColorRGB
 90
-16777216
102
RTVSPost2010PropOp51
 70
     0
102
RTVSPost2010Prop52
140
1.0
102
RTVSPost2010PropOp52
 70
     0
102
RTVSPost2010Prop53
 90
        2
102
RTVSPost2010PropOp53
 70
     1
102
RTVSPost2010Prop54
  1
strokes_ogs.tif
102
RTVSPost2010PropOp54
 70
     1
102
RTVSPost2010Prop55
280
     0
102
RTVSPost2010PropOp55
 70
     1
102
RTVSPost2010Prop56
140
1.0
102
RTVSPost2010PropOp56
 70
     1
102
RTVSPost2010Prop57
140
1.0
102
RTVSPost2010PropOp57
 70
     1
  0
XRECORD
  5
666
102
{ACAD_REACTORS
330
665
102
}
330
665
100
AcDbXrecord
280
     1
102
RTVSPropertyOp0
 70
     1
102
RTVSPropertyOp1
 70
     1
102
RTVSPropertyOp2
 70
     1
102
RTVSPropertyOp3
 70
     1
102
RTVSPropertyOp4
 70
     1
102
RTVSPropertyOp5
 70
     1
102
RTVSPropertyOp6
 70
     1
102
RTVSPropertyOp7
 70
     1
102
RTVSPropertyOp8
 70
     1
102
RTVSPropertyOp9
 70
     1
102
RTVSPropertyOp10
 70
     1
102
RTVSPropertyOp11
 70
     1
102
RTVSPropertyOp12
 70
     1
102
RTVSPropertyOp13
 70
     1
102
RTVSPropertyOp14
 70
     1
102
RTVSPropertyOp15
 70
     1
102
RTVSPropertyOp16
 70
     1
102
RTVSPropertyOp17
 70
     1
102
RTVSPropertyOp18
 70
     1
102
RTVSPropertyOp19
 70
     1
102
RTVSPropertyOp20
 70
     1
102
RTVSPropertyOp21
 70
     1
102
RTVSPropertyOp22
 70
     1
102
RTVSPropertyOp23
 70
     1
102
RTVSPropertyOp24
 70
     1
102
RTVSPropertyOp25
 70
     1
102
RTVSPropertyOp26
 70
     1
102
RTVSPropertyOp27
 70
     1
102
RTVSPropertyOp28
 70
     1
102
RTVSPropertyOp29
 70
     1
102
RTVSPropertyOp30
 70
     1
102
RTVSPropertyOp31
 70
     1
102
RTVSPropertyOp32
 70
     1
102
RTVSPropertyOp33
 70
     1
102
RTVSPropertyOp34
 70
     1
102
RTVSPropertyOp35
 70
     1
102
RTVSPropertyOp36
 70
     1
102
RTVSPropertyOp37
 70
     1
102
RTVSPropertyOp38
 70
     1
102
RTVSPropertyOp39
 70
     1
102
RTVSPropertyOp40
 70
     1
102
RTVSPropertyOp41
 70
     1
102
RTVSPropertyOp42
 70
     1
102
RTVSPropertyOp43
 70
     1
102
RTVSPropertyOp44
 70
     1
102
RTVSPropertyOp45
 70
     1
102
RTVSPropertyOp46
 70
     1
102
RTVSPropertyOp47
 70
     1
102
RTVSPropertyOp48
 70
     1
102
RTVSPropertyOp49
 70
     1
102
RTVSPropertyOp50
 70
     1
102
RTVSPropertyOp51
 70
     0
102
RTVSPropertyOp52
 70
     0
102
RTVSPropertyOp53
 70
     1
102
RTVSPropertyOp54
 70
     1
102
RTVSPropertyOp55
 70
     1
102
RTVSPropertyOp56
 70
     1
102
RTVSPropertyOp57
 70
     1
102
RTVSPost2010Prop28
280
     0
102
RTVSPost2010PropOp28
 70
     1
102
RTVSPost2010Prop29
280
     1
102
RTVSPost2010PropOp29
 70
     1
102
RTVSPost2010Prop30
280
     1
102
RTVSPost2010PropOp30
 70
     1
102
RTVSPost2010Prop31
280
     0
102
RTVSPost2010PropOp31
 70
     1
102
RTVSPost2010Prop32
280
     0
102
RTVSPost2010PropOp32
 70
     1
102
RTVSPost2010Prop33
280
     0
102
RTVSPost2010PropOp33
 70
     1
102
RTVSPost2010Prop34
280
     0
102
RTVSPost2010PropOp34
 70
     1
102
RTVSPost2010Prop35
280
     0
102
RTVSPost2010PropOp35
 70
     1
102
RTVSPost2010Prop36
280
     0
102
RTVSPost2010PropOp36
 70
     1
102
RTVSPost2010Prop37
 90
       50
102
RTVSPost2010PropOp37
 70
     1
102
RTVSPost2010Prop38
140
0.0
102
RTVSPost2010PropOp38
 70
     1
102
RTVSPost2010Prop39
140
1.0
102
RTVSPost2010PropOp39
 70
     1
102
RTVSPost2010Prop40
 90
        0
102
RTVSPost2010PropOp40
 70
     1
102
RTVSPost2010Prop41ColorIndex
 90
       18
102
RTVSPost2010Prop41ColorRGB
 90
        0
102
RTVSPost2010PropOp41
 70
     1
102
RTVSPost2010Prop42
 90
       50
102
RTVSPost2010PropOp42
 70
     1
102
RTVSPost2010Prop43
 90
        3
102
RTVSPost2010PropOp43
 70
     1
102
RTVSPost2010Prop44ColorIndex
 90
        5
102
RTVSPost2010Prop44ColorRGB
 90
      255
102
RTVSPost2010PropOp44
 70
     1
102
RTVSPost2010Prop45
280
     0
102
RTVSPost2010PropOp45
 70
     1
102
RTVSPost2010Prop46
 90
       50
102
RTVSPost2010PropOp46
 70
     1
102
RTVSPost2010Prop47
 90
       50
102
RTVSPost2010PropOp47
 70
     1
102
RTVSPost2010Prop48
 90
       50
102
RTVSPost2010PropOp48
 70
     1
102
RTVSPost2010Prop49
280
     0
102
RTVSPost2010PropOp49
 70
     1
102
RTVSPost2010Prop50
 90
       50
102
RTVSPost2010PropOp50
 70
     1
102
RTVSPost2010Prop51ColorIndex
 90
      256
102
RTVSPost2010Prop51ColorRGB
 90
-16777216
102
RTVSPost2010PropOp51
 70
     0
102
RTVSPost2010Prop52
140
1.0
102
RTVSPost2010PropOp52
 70
     0
102
RTVSPost2010Prop53
 90
        2
102
RTVSPost2010PropOp53
 70
     1
102
RTVSPost2010Prop54
  1
strokes_ogs.tif
102
RTVSPost2010PropOp54
 70
     1
102
RTVSPost2010Prop55
280
     0
102
RTVSPost2010PropOp55
 70
     1
102
RTVSPost2010Prop56
140
1.0
102
RTVSPost2010PropOp56
 70
     1
102
RTVSPost2010Prop57
140
1.0
102
RTVSPost2010PropOp57
 70
     1
  0
XRECORD
  5
66E
102
{ACAD_REACTORS
330
66D
102
}
330
66D
100
AcDbXrecord
280
     1
102
RTVSPropertyOp0
 70
     1
102
RTVSPropertyOp1
 70
     1
102
RTVSPropertyOp2
 70
     1
102
RTVSPropertyOp3
 70
     1
102
RTVSPropertyOp4
 70
     1
102
RTVSPropertyOp5
 70
     1
102
RTVSPropertyOp6
 70
     1
102
RTVSPropertyOp7
 70
     1
102
RTVSPropertyOp8
 70
     1
102
RTVSPropertyOp9
 70
     1
102
RTVSPropertyOp10
 70
     1
102
RTVSPropertyOp11
 70
     1
102
RTVSPropertyOp12
 70
     1
102
RTVSPropertyOp13
 70
     1
102
RTVSPropertyOp14
 70
     1
102
RTVSPropertyOp15
 70
     1
102
RTVSPropertyOp16
 70
     1
102
RTVSPropertyOp17
 70
     1
102
RTVSPropertyOp18
 70
     1
102
RTVSPropertyOp19
 70
     1
102
RTVSPropertyOp20
 70
     1
102
RTVSPropertyOp21
 70
     1
102
RTVSPropertyOp22
 70
     1
102
RTVSPropertyOp23
 70
     1
102
RTVSPropertyOp24
 70
     1
102
RTVSPropertyOp25
 70
     1
102
RTVSPropertyOp26
 70
     1
102
RTVSPropertyOp27
 70
     1
102
RTVSPropertyOp28
 70
     1
102
RTVSPropertyOp29
 70
     1
102
RTVSPropertyOp30
 70
     1
102
RTVSPropertyOp31
 70
     1
102
RTVSPropertyOp32
 70
     1
102
RTVSPropertyOp33
 70
     1
102
RTVSPropertyOp34
 70
     1
102
RTVSPropertyOp35
 70
     1
102
RTVSPropertyOp36
 70
     1
102
RTVSPropertyOp37
 70
     1
102
RTVSPropertyOp38
 70
     1
102
RTVSPropertyOp39
 70
     1
102
RTVSPropertyOp40
 70
     1
102
RTVSPropertyOp41
 70
     1
102
RTVSPropertyOp42
 70
     1
102
RTVSPropertyOp43
 70
     1
102
RTVSPropertyOp44
 70
     1
102
RTVSPropertyOp45
 70
     1
102
RTVSPropertyOp46
 70
     1
102
RTVSPropertyOp47
 70
     1
102
RTVSPropertyOp48
 70
     1
102
RTVSPropertyOp49
 70
     1
102
RTVSPropertyOp50
 70
     1
102
RTVSPropertyOp51
 70
     0
102
RTVSPropertyOp52
 70
     0
102
RTVSPropertyOp53
 70
     1
102
RTVSPropertyOp54
 70
     1
102
RTVSPropertyOp55
 70
     1
102
RTVSPropertyOp56
 70
     1
102
RTVSPropertyOp57
 70
     1
102
RTVSPost2010Prop28
280
     0
102
RTVSPost2010PropOp28
 70
     1
102
RTVSPost2010Prop29
280
     1
102
RTVSPost2010PropOp29
 70
     1
102
RTVSPost2010Prop30
280
     1
102
RTVSPost2010PropOp30
 70
     1
102
RTVSPost2010Prop31
280
     0
102
RTVSPost2010PropOp31
 70
     1
102
RTVSPost2010Prop32
280
     0
102
RTVSPost2010PropOp32
 70
     1
102
RTVSPost2010Prop33
280
     0
102
RTVSPost2010PropOp33
 70
     1
102
RTVSPost2010Prop34
280
     0
102
RTVSPost2010PropOp34
 70
     1
102
RTVSPost2010Prop35
280
     0
102
RTVSPost2010PropOp35
 70
     1
102
RTVSPost2010Prop36
280
     0
102
RTVSPost2010PropOp36
 70
     1
102
RTVSPost2010Prop37
 90
       50
102
RTVSPost2010PropOp37
 70
     1
102
RTVSPost2010Prop38
140
0.0
102
RTVSPost2010PropOp38
 70
     1
102
RTVSPost2010Prop39
140
1.0
102
RTVSPost2010PropOp39
 70
     1
102
RTVSPost2010Prop40
 90
        0
102
RTVSPost2010PropOp40
 70
     1
102
RTVSPost2010Prop41ColorIndex
 90
       18
102
RTVSPost2010Prop41ColorRGB
 90
        0
102
RTVSPost2010PropOp41
 70
     1
102
RTVSPost2010Prop42
 90
       50
102
RTVSPost2010PropOp42
 70
     1
102
RTVSPost2010Prop43
 90
        3
102
RTVSPost2010PropOp43
 70
     1
102
RTVSPost2010Prop44ColorIndex
 90
        5
102
RTVSPost2010Prop44ColorRGB
 90
      255
102
RTVSPost2010PropOp44
 70
     1
102
RTVSPost2010Prop45
280
     0
102
RTVSPost2010PropOp45
 70
     1
102
RTVSPost2010Prop46
 90
       50
102
RTVSPost2010PropOp46
 70
     1
102
RTVSPost2010Prop47
 90
       50
102
RTVSPost2010PropOp47
 70
     1
102
RTVSPost2010Prop48
 90
       50
102
RTVSPost2010PropOp48
 70
     1
102
RTVSPost2010Prop49
280
     0
102
RTVSPost2010PropOp49
 70
     1
102
RTVSPost2010Prop50
 90
       50
102
RTVSPost2010PropOp50
 70
     1
102
RTVSPost2010Prop51ColorIndex
 90
      256
102
RTVSPost2010Prop51ColorRGB
 90
-16777216
102
RTVSPost2010PropOp51
 70
     0
102
RTVSPost2010Prop52
140
1.0
102
RTVSPost2010PropOp52
 70
     0
102
RTVSPost2010Prop53
 90
        2
102
RTVSPost2010PropOp53
 70
     1
102
RTVSPost2010Prop54
  1
strokes_ogs.tif
102
RTVSPost2010PropOp54
 70
     1
102
RTVSPost2010Prop55
280
     0
102
RTVSPost2010PropOp55
 70
     1
102
RTVSPost2010Prop56
140
1.0
102
RTVSPost2010PropOp56
 70
     1
102
RTVSPost2010Prop57
140
1.0
102
RTVSPost2010PropOp57
 70
     1
  0
XRECORD
  5
662
102
{ACAD_REACTORS
330
661
102
}
330
661
100
AcDbXrecord
280
     1
102
RTVSPropertyOp0
 70
     1
102
RTVSPropertyOp1
 70
     1
102
RTVSPropertyOp2
 70
     1
102
RTVSPropertyOp3
 70
     1
102
RTVSPropertyOp4
 70
     1
102
RTVSPropertyOp5
 70
     1
102
RTVSPropertyOp6
 70
     1
102
RTVSPropertyOp7
 70
     1
102
RTVSPropertyOp8
 70
     1
102
RTVSPropertyOp9
 70
     1
102
RTVSPropertyOp10
 70
     1
102
RTVSPropertyOp11
 70
     1
102
RTVSPropertyOp12
 70
     1
102
RTVSPropertyOp13
 70
     1
102
RTVSPropertyOp14
 70
     1
102
RTVSPropertyOp15
 70
     1
102
RTVSPropertyOp16
 70
     1
102
RTVSPropertyOp17
 70
     1
102
RTVSPropertyOp18
 70
     1
102
RTVSPropertyOp19
 70
     1
102
RTVSPropertyOp20
 70
     1
102
RTVSPropertyOp21
 70
     1
102
RTVSPropertyOp22
 70
     1
102
RTVSPropertyOp23
 70
     1
102
RTVSPropertyOp24
 70
     1
102
RTVSPropertyOp25
 70
     1
102
RTVSPropertyOp26
 70
     1
102
RTVSPropertyOp27
 70
     1
102
RTVSPropertyOp28
 70
     1
102
RTVSPropertyOp29
 70
     1
102
RTVSPropertyOp30
 70
     1
102
RTVSPropertyOp31
 70
     1
102
RTVSPropertyOp32
 70
     1
102
RTVSPropertyOp33
 70
     1
102
RTVSPropertyOp34
 70
     1
102
RTVSPropertyOp35
 70
     1
102
RTVSPropertyOp36
 70
     1
102
RTVSPropertyOp37
 70
     1
102
RTVSPropertyOp38
 70
     1
102
RTVSPropertyOp39
 70
     1
102
RTVSPropertyOp40
 70
     1
102
RTVSPropertyOp41
 70
     1
102
RTVSPropertyOp42
 70
     1
102
RTVSPropertyOp43
 70
     1
102
RTVSPropertyOp44
 70
     1
102
RTVSPropertyOp45
 70
     1
102
RTVSPropertyOp46
 70
     1
102
RTVSPropertyOp47
 70
     1
102
RTVSPropertyOp48
 70
     1
102
RTVSPropertyOp49
 70
     1
102
RTVSPropertyOp50
 70
     1
102
RTVSPropertyOp51
 70
     0
102
RTVSPropertyOp52
 70
     0
102
RTVSPropertyOp53
 70
     1
102
RTVSPropertyOp54
 70
     1
102
RTVSPropertyOp55
 70
     1
102
RTVSPropertyOp56
 70
     1
102
RTVSPropertyOp57
 70
     1
102
RTVSPost2010Prop28
280
     0
102
RTVSPost2010PropOp28
 70
     1
102
RTVSPost2010Prop29
280
     1
102
RTVSPost2010PropOp29
 70
     1
102
RTVSPost2010Prop30
280
     1
102
RTVSPost2010PropOp30
 70
     1
102
RTVSPost2010Prop31
280
     0
102
RTVSPost2010PropOp31
 70
     1
102
RTVSPost2010Prop32
280
     0
102
RTVSPost2010PropOp32
 70
     1
102
RTVSPost2010Prop33
280
     0
102
RTVSPost2010PropOp33
 70
     1
102
RTVSPost2010Prop34
280
     0
102
RTVSPost2010PropOp34
 70
     1
102
RTVSPost2010Prop35
280
     0
102
RTVSPost2010PropOp35
 70
     1
102
RTVSPost2010Prop36
280
     0
102
RTVSPost2010PropOp36
 70
     1
102
RTVSPost2010Prop37
 90
       50
102
RTVSPost2010PropOp37
 70
     1
102
RTVSPost2010Prop38
140
0.0
102
RTVSPost2010PropOp38
 70
     1
102
RTVSPost2010Prop39
140
1.0
102
RTVSPost2010PropOp39
 70
     1
102
RTVSPost2010Prop40
 90
        0
102
RTVSPost2010PropOp40
 70
     1
102
RTVSPost2010Prop41ColorIndex
 90
       18
102
RTVSPost2010Prop41ColorRGB
 90
        0
102
RTVSPost2010PropOp41
 70
     1
102
RTVSPost2010Prop42
 90
       50
102
RTVSPost2010PropOp42
 70
     1
102
RTVSPost2010Prop43
 90
        3
102
RTVSPost2010PropOp43
 70
     1
102
RTVSPost2010Prop44ColorIndex
 90
        5
102
RTVSPost2010Prop44ColorRGB
 90
      255
102
RTVSPost2010PropOp44
 70
     1
102
RTVSPost2010Prop45
280
     0
102
RTVSPost2010PropOp45
 70
     1
102
RTVSPost2010Prop46
 90
       50
102
RTVSPost2010PropOp46
 70
     1
102
RTVSPost2010Prop47
 90
       50
102
RTVSPost2010PropOp47
 70
     1
102
RTVSPost2010Prop48
 90
       50
102
RTVSPost2010PropOp48
 70
     1
102
RTVSPost2010Prop49
280
     0
102
RTVSPost2010PropOp49
 70
     1
102
RTVSPost2010Prop50
 90
       50
102
RTVSPost2010PropOp50
 70
     1
102
RTVSPost2010Prop51ColorIndex
 90
      256
102
RTVSPost2010Prop51ColorRGB
 90
-16777216
102
RTVSPost2010PropOp51
 70
     0
102
RTVSPost2010Prop52
140
1.0
102
RTVSPost2010PropOp52
 70
     0
102
RTVSPost2010Prop53
 90
        2
102
RTVSPost2010PropOp53
 70
     1
102
RTVSPost2010Prop54
  1
strokes_ogs.tif
102
RTVSPost2010PropOp54
 70
     1
102
RTVSPost2010Prop55
280
     0
102
RTVSPost2010PropOp55
 70
     1
102
RTVSPost2010Prop56
140
1.0
102
RTVSPost2010PropOp56
 70
     1
102
RTVSPost2010Prop57
140
1.0
102
RTVSPost2010PropOp57
 70
     1
  0
XRECORD
  5
664
102
{ACAD_REACTORS
330
663
102
}
330
663
100
AcDbXrecord
280
     1
102
RTVSPropertyOp0
 70
     1
102
RTVSPropertyOp1
 70
     1
102
RTVSPropertyOp2
 70
     1
102
RTVSPropertyOp3
 70
     1
102
RTVSPropertyOp4
 70
     1
102
RTVSPropertyOp5
 70
     1
102
RTVSPropertyOp6
 70
     1
102
RTVSPropertyOp7
 70
     1
102
RTVSPropertyOp8
 70
     1
102
RTVSPropertyOp9
 70
     1
102
RTVSPropertyOp10
 70
     1
102
RTVSPropertyOp11
 70
     1
102
RTVSPropertyOp12
 70
     1
102
RTVSPropertyOp13
 70
     1
102
RTVSPropertyOp14
 70
     1
102
RTVSPropertyOp15
 70
     1
102
RTVSPropertyOp16
 70
     1
102
RTVSPropertyOp17
 70
     1
102
RTVSPropertyOp18
 70
     1
102
RTVSPropertyOp19
 70
     1
102
RTVSPropertyOp20
 70
     1
102
RTVSPropertyOp21
 70
     1
102
RTVSPropertyOp22
 70
     1
102
RTVSPropertyOp23
 70
     1
102
RTVSPropertyOp24
 70
     1
102
RTVSPropertyOp25
 70
     1
102
RTVSPropertyOp26
 70
     1
102
RTVSPropertyOp27
 70
     1
102
RTVSPropertyOp28
 70
     1
102
RTVSPropertyOp29
 70
     1
102
RTVSPropertyOp30
 70
     1
102
RTVSPropertyOp31
 70
     1
102
RTVSPropertyOp32
 70
     1
102
RTVSPropertyOp33
 70
     1
102
RTVSPropertyOp34
 70
     1
102
RTVSPropertyOp35
 70
     1
102
RTVSPropertyOp36
 70
     1
102
RTVSPropertyOp37
 70
     1
102
RTVSPropertyOp38
 70
     1
102
RTVSPropertyOp39
 70
     1
102
RTVSPropertyOp40
 70
     1
102
RTVSPropertyOp41
 70
     1
102
RTVSPropertyOp42
 70
     1
102
RTVSPropertyOp43
 70
     1
102
RTVSPropertyOp44
 70
     1
102
RTVSPropertyOp45
 70
     1
102
RTVSPropertyOp46
 70
     1
102
RTVSPropertyOp47
 70
     1
102
RTVSPropertyOp48
 70
     1
102
RTVSPropertyOp49
 70
     1
102
RTVSPropertyOp50
 70
     1
102
RTVSPropertyOp51
 70
     0
102
RTVSPropertyOp52
 70
     0
102
RTVSPropertyOp53
 70
     1
102
RTVSPropertyOp54
 70
     1
102
RTVSPropertyOp55
 70
     1
102
RTVSPropertyOp56
 70
     1
102
RTVSPropertyOp57
 70
     1
102
RTVSPost2010Prop28
280
     0
102
RTVSPost2010PropOp28
 70
     1
102
RTVSPost2010Prop29
280
     1
102
RTVSPost2010PropOp29
 70
     1
102
RTVSPost2010Prop30
280
     1
102
RTVSPost2010PropOp30
 70
     1
102
RTVSPost2010Prop31
280
     0
102
RTVSPost2010PropOp31
 70
     1
102
RTVSPost2010Prop32
280
     0
102
RTVSPost2010PropOp32
 70
     1
102
RTVSPost2010Prop33
280
     0
102
RTVSPost2010PropOp33
 70
     1
102
RTVSPost2010Prop34
280
     0
102
RTVSPost2010PropOp34
 70
     1
102
RTVSPost2010Prop35
280
     0
102
RTVSPost2010PropOp35
 70
     1
102
RTVSPost2010Prop36
280
     0
102
RTVSPost2010PropOp36
 70
     1
102
RTVSPost2010Prop37
 90
       50
102
RTVSPost2010PropOp37
 70
     1
102
RTVSPost2010Prop38
140
0.0
102
RTVSPost2010PropOp38
 70
     1
102
RTVSPost2010Prop39
140
1.0
102
RTVSPost2010PropOp39
 70
     1
102
RTVSPost2010Prop40
 90
        0
102
RTVSPost2010PropOp40
 70
     1
102
RTVSPost2010Prop41ColorIndex
 90
       18
102
RTVSPost2010Prop41ColorRGB
 90
        0
102
RTVSPost2010PropOp41
 70
     1
102
RTVSPost2010Prop42
 90
       50
102
RTVSPost2010PropOp42
 70
     1
102
RTVSPost2010Prop43
 90
        3
102
RTVSPost2010PropOp43
 70
     1
102
RTVSPost2010Prop44ColorIndex
 90
        5
102
RTVSPost2010Prop44ColorRGB
 90
      255
102
RTVSPost2010PropOp44
 70
     1
102
RTVSPost2010Prop45
280
     0
102
RTVSPost2010PropOp45
 70
     1
102
RTVSPost2010Prop46
 90
       50
102
RTVSPost2010PropOp46
 70
     1
102
RTVSPost2010Prop47
 90
       50
102
RTVSPost2010PropOp47
 70
     1
102
RTVSPost2010Prop48
 90
       50
102
RTVSPost2010PropOp48
 70
     1
102
RTVSPost2010Prop49
280
     0
102
RTVSPost2010PropOp49
 70
     1
102
RTVSPost2010Prop50
 90
       50
102
RTVSPost2010PropOp50
 70
     1
102
RTVSPost2010Prop51ColorIndex
 90
      256
102
RTVSPost2010Prop51ColorRGB
 90
-16777216
102
RTVSPost2010PropOp51
 70
     0
102
RTVSPost2010Prop52
140
1.0
102
RTVSPost2010PropOp52
 70
     0
102
RTVSPost2010Prop53
 90
        2
102
RTVSPost2010PropOp53
 70
     1
102
RTVSPost2010Prop54
  1
strokes_ogs.tif
102
RTVSPost2010PropOp54
 70
     1
102
RTVSPost2010Prop55
280
     0
102
RTVSPost2010PropOp55
 70
     1
102
RTVSPost2010Prop56
140
1.0
102
RTVSPost2010PropOp56
 70
     1
102
RTVSPost2010Prop57
140
1.0
102
RTVSPost2010PropOp57
 70
     1
  0
XRECORD
  5
674
102
{ACAD_REACTORS
330
673
102
}
330
673
100
AcDbXrecord
280
     1
102
RTVSPropertyOp0
 70
     0
102
RTVSPropertyOp1
 70
     0
102
RTVSPropertyOp2
 70
     0
102
RTVSPropertyOp3
 70
     0
102
RTVSPropertyOp4
 70
     0
102
RTVSPropertyOp5
 70
     0
102
RTVSPropertyOp6
 70
     0
102
RTVSPropertyOp7
 70
     0
102
RTVSPropertyOp8
 70
     0
102
RTVSPropertyOp9
 70
     0
102
RTVSPropertyOp10
 70
     0
102
RTVSPropertyOp11
 70
     0
102
RTVSPropertyOp12
 70
     0
102
RTVSPropertyOp13
 70
     0
102
RTVSPropertyOp14
 70
     2
102
RTVSPropertyOp15
 70
     0
102
RTVSPropertyOp16
 70
     0
102
RTVSPropertyOp17
 70
     0
102
RTVSPropertyOp18
 70
     0
102
RTVSPropertyOp19
 70
     0
102
RTVSPropertyOp20
 70
     0
102
RTVSPropertyOp21
 70
     0
102
RTVSPropertyOp22
 70
     0
102
RTVSPropertyOp23
 70
     0
102
RTVSPropertyOp24
 70
     0
102
RTVSPropertyOp25
 70
     0
102
RTVSPropertyOp26
 70
     0
102
RTVSPropertyOp27
 70
     0
102
RTVSPropertyOp28
 70
     0
102
RTVSPropertyOp29
 70
     0
102
RTVSPropertyOp30
 70
     0
102
RTVSPropertyOp31
 70
     0
102
RTVSPropertyOp32
 70
     0
102
RTVSPropertyOp33
 70
     0
102
RTVSPropertyOp34
 70
     0
102
RTVSPropertyOp35
 70
     0
102
RTVSPropertyOp36
 70
     0
102
RTVSPropertyOp37
 70
     0
102
RTVSPropertyOp38
 70
     0
102
RTVSPropertyOp39
 70
     0
102
RTVSPropertyOp40
 70
     0
102
RTVSPropertyOp41
 70
     0
102
RTVSPropertyOp42
 70
     0
102
RTVSPropertyOp43
 70
     0
102
RTVSPropertyOp44
 70
     0
102
RTVSPropertyOp45
 70
     0
102
RTVSPropertyOp46
 70
     0
102
RTVSPropertyOp47
 70
     0
102
RTVSPropertyOp48
 70
     0
102
RTVSPropertyOp49
 70
     0
102
RTVSPropertyOp50
 70
     0
102
RTVSPropertyOp51
 70
     0
102
RTVSPropertyOp52
 70
     0
102
RTVSPropertyOp53
 70
     0
102
RTVSPropertyOp54
 70
     0
102
RTVSPropertyOp55
 70
     0
102
RTVSPropertyOp56
 70
     0
102
RTVSPropertyOp57
 70
     0
102
RTVSPost2010Prop28
280
     0
102
RTVSPost2010PropOp28
 70
     0
102
RTVSPost2010Prop29
280
     1
102
RTVSPost2010PropOp29
 70
     0
102
RTVSPost2010Prop30
280
     1
102
RTVSPost2010PropOp30
 70
     0
102
RTVSPost2010Prop31
280
     0
102
RTVSPost2010PropOp31
 70
     0
102
RTVSPost2010Prop32
280
     0
102
RTVSPost2010PropOp32
 70
     0
102
RTVSPost2010Prop33
280
     0
102
RTVSPost2010PropOp33
 70
     0
102
RTVSPost2010Prop34
280
     0
102
RTVSPost2010PropOp34
 70
     0
102
RTVSPost2010Prop35
280
     0
102
RTVSPost2010PropOp35
 70
     0
102
RTVSPost2010Prop36
280
     0
102
RTVSPost2010PropOp36
 70
     0
102
RTVSPost2010Prop37
 90
       50
102
RTVSPost2010PropOp37
 70
     0
102
RTVSPost2010Prop38
140
0.0
102
RTVSPost2010PropOp38
 70
     0
102
RTVSPost2010Prop39
140
1.0
102
RTVSPost2010PropOp39
 70
     0
102
RTVSPost2010Prop40
 90
        0
102
RTVSPost2010PropOp40
 70
     0
102
RTVSPost2010Prop41ColorIndex
 90
       18
102
RTVSPost2010Prop41ColorRGB
 90
        0
102
RTVSPost2010PropOp41
 70
     0
102
RTVSPost2010Prop42
 90
       50
102
RTVSPost2010PropOp42
 70
     0
102
RTVSPost2010Prop43
 90
        3
102
RTVSPost2010PropOp43
 70
     0
102
RTVSPost2010Prop44ColorIndex
 90
        5
102
RTVSPost2010Prop44ColorRGB
 90
      255
102
RTVSPost2010PropOp44
 70
     0
102
RTVSPost2010Prop45
280
     0
102
RTVSPost2010PropOp45
 70
     0
102
RTVSPost2010Prop46
 90
       50
102
RTVSPost2010PropOp46
 70
     0
102
RTVSPost2010Prop47
 90
       50
102
RTVSPost2010PropOp47
 70
     0
102
RTVSPost2010Prop48
 90
       50
102
RTVSPost2010PropOp48
 70
     0
102
RTVSPost2010Prop49
280
     0
102
RTVSPost2010PropOp49
 70
     0
102
RTVSPost2010Prop50
 90
       50
102
RTVSPost2010PropOp50
 70
     0
102
RTVSPost2010Prop51ColorIndex
 90
      256
102
RTVSPost2010Prop51ColorRGB
 90
-16777216
102
RTVSPost2010PropOp51
 70
     0
102
RTVSPost2010Prop52
140
1.0
102
RTVSPost2010PropOp52
 70
     0
102
RTVSPost2010Prop53
 90
        2
102
RTVSPost2010PropOp53
 70
     0
102
RTVSPost2010Prop54
  1
strokes_ogs.tif
102
RTVSPost2010PropOp54
 70
     0
102
RTVSPost2010Prop55
280
     0
102
RTVSPost2010PropOp55
 70
     0
102
RTVSPost2010Prop56
140
1.0
102
RTVSPost2010PropOp56
 70
     0
102
RTVSPost2010Prop57
140
1.0
102
RTVSPost2010PropOp57
 70
     0
  0
XRECORD
  5
66C
102
{ACAD_REACTORS
330
66B
102
}
330
66B
100
AcDbXrecord
280
     1
102
RTVSPropertyOp0
 70
     1
102
RTVSPropertyOp1
 70
     1
102
RTVSPropertyOp2
 70
     1
102
RTVSPropertyOp3
 70
     1
102
RTVSPropertyOp4
 70
     1
102
RTVSPropertyOp5
 70
     1
102
RTVSPropertyOp6
 70
     1
102
RTVSPropertyOp7
 70
     1
102
RTVSPropertyOp8
 70
     1
102
RTVSPropertyOp9
 70
     1
102
RTVSPropertyOp10
 70
     1
102
RTVSPropertyOp11
 70
     1
102
RTVSPropertyOp12
 70
     1
102
RTVSPropertyOp13
 70
     1
102
RTVSPropertyOp14
 70
     1
102
RTVSPropertyOp15
 70
     1
102
RTVSPropertyOp16
 70
     1
102
RTVSPropertyOp17
 70
     1
102
RTVSPropertyOp18
 70
     1
102
RTVSPropertyOp19
 70
     1
102
RTVSPropertyOp20
 70
     1
102
RTVSPropertyOp21
 70
     1
102
RTVSPropertyOp22
 70
     1
102
RTVSPropertyOp23
 70
     1
102
RTVSPropertyOp24
 70
     1
102
RTVSPropertyOp25
 70
     1
102
RTVSPropertyOp26
 70
     1
102
RTVSPropertyOp27
 70
     1
102
RTVSPropertyOp28
 70
     1
102
RTVSPropertyOp29
 70
     1
102
RTVSPropertyOp30
 70
     1
102
RTVSPropertyOp31
 70
     1
102
RTVSPropertyOp32
 70
     1
102
RTVSPropertyOp33
 70
     1
102
RTVSPropertyOp34
 70
     1
102
RTVSPropertyOp35
 70
     1
102
RTVSPropertyOp36
 70
     1
102
RTVSPropertyOp37
 70
     1
102
RTVSPropertyOp38
 70
     1
102
RTVSPropertyOp39
 70
     1
102
RTVSPropertyOp40
 70
     1
102
RTVSPropertyOp41
 70
     1
102
RTVSPropertyOp42
 70
     1
102
RTVSPropertyOp43
 70
     1
102
RTVSPropertyOp44
 70
     1
102
RTVSPropertyOp45
 70
     1
102
RTVSPropertyOp46
 70
     1
102
RTVSPropertyOp47
 70
     1
102
RTVSPropertyOp48
 70
     1
102
RTVSPropertyOp49
 70
     1
102
RTVSPropertyOp50
 70
     1
102
RTVSPropertyOp51
 70
     0
102
RTVSPropertyOp52
 70
     0
102
RTVSPropertyOp53
 70
     1
102
RTVSPropertyOp54
 70
     1
102
RTVSPropertyOp55
 70
     1
102
RTVSPropertyOp56
 70
     1
102
RTVSPropertyOp57
 70
     1
102
RTVSPost2010Prop28
280
     0
102
RTVSPost2010PropOp28
 70
     1
102
RTVSPost2010Prop29
280
     1
102
RTVSPost2010PropOp29
 70
     1
102
RTVSPost2010Prop30
280
     1
102
RTVSPost2010PropOp30
 70
     1
102
RTVSPost2010Prop31
280
     0
102
RTVSPost2010PropOp31
 70
     1
102
RTVSPost2010Prop32
280
     0
102
RTVSPost2010PropOp32
 70
     1
102
RTVSPost2010Prop33
280
     0
102
RTVSPost2010PropOp33
 70
     1
102
RTVSPost2010Prop34
280
     0
102
RTVSPost2010PropOp34
 70
     1
102
RTVSPost2010Prop35
280
     0
102
RTVSPost2010PropOp35
 70
     1
102
RTVSPost2010Prop36
280
     0
102
RTVSPost2010PropOp36
 70
     1
102
RTVSPost2010Prop37
 90
       50
102
RTVSPost2010PropOp37
 70
     1
102
RTVSPost2010Prop38
140
0.0
102
RTVSPost2010PropOp38
 70
     1
102
RTVSPost2010Prop39
140
1.0
102
RTVSPost2010PropOp39
 70
     1
102
RTVSPost2010Prop40
 90
        0
102
RTVSPost2010PropOp40
 70
     1
102
RTVSPost2010Prop41ColorIndex
 90
       18
102
RTVSPost2010Prop41ColorRGB
 90
        0
102
RTVSPost2010PropOp41
 70
     1
102
RTVSPost2010Prop42
 90
       50
102
RTVSPost2010PropOp42
 70
     1
102
RTVSPost2010Prop43
 90
        3
102
RTVSPost2010PropOp43
 70
     1
102
RTVSPost2010Prop44ColorIndex
 90
        5
102
RTVSPost2010Prop44ColorRGB
 90
      255
102
RTVSPost2010PropOp44
 70
     1
102
RTVSPost2010Prop45
280
     0
102
RTVSPost2010PropOp45
 70
     1
102
RTVSPost2010Prop46
 90
       50
102
RTVSPost2010PropOp46
 70
     1
102
RTVSPost2010Prop47
 90
       50
102
RTVSPost2010PropOp47
 70
     1
102
RTVSPost2010Prop48
 90
       50
102
RTVSPost2010PropOp48
 70
     1
102
RTVSPost2010Prop49
280
     0
102
RTVSPost2010PropOp49
 70
     1
102
RTVSPost2010Prop50
 90
       50
102
RTVSPost2010PropOp50
 70
     1
102
RTVSPost2010Prop51ColorIndex
 90
      256
102
RTVSPost2010Prop51ColorRGB
 90
-16777216
102
RTVSPost2010PropOp51
 70
     0
102
RTVSPost2010Prop52
140
1.0
102
RTVSPost2010PropOp52
 70
     0
102
RTVSPost2010Prop53
 90
        2
102
RTVSPost2010PropOp53
 70
     1
102
RTVSPost2010Prop54
  1
strokes_ogs.tif
102
RTVSPost2010PropOp54
 70
     1
102
RTVSPost2010Prop55
280
     0
102
RTVSPost2010PropOp55
 70
     1
102
RTVSPost2010Prop56
140
1.0
102
RTVSPost2010PropOp56
 70
     1
102
RTVSPost2010Prop57
140
1.0
102
RTVSPost2010PropOp57
 70
     1
  0
XRECORD
  5
650
102
{ACAD_REACTORS
330
64F
102
}
330
64F
100
AcDbXrecord
280
     1
102
RTVSPropertyOp0
 70
     1
102
RTVSPropertyOp1
 70
     1
102
RTVSPropertyOp2
 70
     1
102
RTVSPropertyOp3
 70
     1
102
RTVSPropertyOp4
 70
     1
102
RTVSPropertyOp5
 70
     1
102
RTVSPropertyOp6
 70
     1
102
RTVSPropertyOp7
 70
     1
102
RTVSPropertyOp8
 70
     1
102
RTVSPropertyOp9
 70
     1
102
RTVSPropertyOp10
 70
     1
102
RTVSPropertyOp11
 70
     1
102
RTVSPropertyOp12
 70
     1
102
RTVSPropertyOp13
 70
     1
102
RTVSPropertyOp14
 70
     1
102
RTVSPropertyOp15
 70
     1
102
RTVSPropertyOp16
 70
     1
102
RTVSPropertyOp17
 70
     1
102
RTVSPropertyOp18
 70
     1
102
RTVSPropertyOp19
 70
     1
102
RTVSPropertyOp20
 70
     1
102
RTVSPropertyOp21
 70
     1
102
RTVSPropertyOp22
 70
     1
102
RTVSPropertyOp23
 70
     1
102
RTVSPropertyOp24
 70
     1
102
RTVSPropertyOp25
 70
     1
102
RTVSPropertyOp26
 70
     1
102
RTVSPropertyOp27
 70
     1
102
RTVSPropertyOp28
 70
     1
102
RTVSPropertyOp29
 70
     1
102
RTVSPropertyOp30
 70
     1
102
RTVSPropertyOp31
 70
     1
102
RTVSPropertyOp32
 70
     1
102
RTVSPropertyOp33
 70
     1
102
RTVSPropertyOp34
 70
     1
102
RTVSPropertyOp35
 70
     1
102
RTVSPropertyOp36
 70
     1
102
RTVSPropertyOp37
 70
     1
102
RTVSPropertyOp38
 70
     1
102
RTVSPropertyOp39
 70
     1
102
RTVSPropertyOp40
 70
     1
102
RTVSPropertyOp41
 70
     1
102
RTVSPropertyOp42
 70
     1
102
RTVSPropertyOp43
 70
     1
102
RTVSPropertyOp44
 70
     1
102
RTVSPropertyOp45
 70
     1
102
RTVSPropertyOp46
 70
     1
102
RTVSPropertyOp47
 70
     1
102
RTVSPropertyOp48
 70
     1
102
RTVSPropertyOp49
 70
     1
102
RTVSPropertyOp50
 70
     1
102
RTVSPropertyOp51
 70
     0
102
RTVSPropertyOp52
 70
     0
102
RTVSPropertyOp53
 70
     1
102
RTVSPropertyOp54
 70
     1
102
RTVSPropertyOp55
 70
     1
102
RTVSPropertyOp56
 70
     1
102
RTVSPropertyOp57
 70
     1
102
RTVSPost2010Prop28
280
     0
102
RTVSPost2010PropOp28
 70
     1
102
RTVSPost2010Prop29
280
     1
102
RTVSPost2010PropOp29
 70
     1
102
RTVSPost2010Prop30
280
     1
102
RTVSPost2010PropOp30
 70
     1
102
RTVSPost2010Prop31
280
     0
102
RTVSPost2010PropOp31
 70
     1
102
RTVSPost2010Prop32
280
     0
102
RTVSPost2010PropOp32
 70
     1
102
RTVSPost2010Prop33
280
     0
102
RTVSPost2010PropOp33
 70
     1
102
RTVSPost2010Prop34
280
     0
102
RTVSPost2010PropOp34
 70
     1
102
RTVSPost2010Prop35
280
     0
102
RTVSPost2010PropOp35
 70
     1
102
RTVSPost2010Prop36
280
     0
102
RTVSPost2010PropOp36
 70
     1
102
RTVSPost2010Prop37
 90
       50
102
RTVSPost2010PropOp37
 70
     1
102
RTVSPost2010Prop38
140
0.0
102
RTVSPost2010PropOp38
 70
     1
102
RTVSPost2010Prop39
140
1.0
102
RTVSPost2010PropOp39
 70
     1
102
RTVSPost2010Prop40
 90
        0
102
RTVSPost2010PropOp40
 70
     1
102
RTVSPost2010Prop41ColorIndex
 90
       18
102
RTVSPost2010Prop41ColorRGB
 90
        0
102
RTVSPost2010PropOp41
 70
     1
102
RTVSPost2010Prop42
 90
       50
102
RTVSPost2010PropOp42
 70
     1
102
RTVSPost2010Prop43
 90
        3
102
RTVSPost2010PropOp43
 70
     1
102
RTVSPost2010Prop44ColorIndex
 90
        5
102
RTVSPost2010Prop44ColorRGB
 90
      255
102
RTVSPost2010PropOp44
 70
     1
102
RTVSPost2010Prop45
280
     0
102
RTVSPost2010PropOp45
 70
     1
102
RTVSPost2010Prop46
 90
       50
102
RTVSPost2010PropOp46
 70
     1
102
RTVSPost2010Prop47
 90
       50
102
RTVSPost2010PropOp47
 70
     1
102
RTVSPost2010Prop48
 90
       50
102
RTVSPost2010PropOp48
 70
     1
102
RTVSPost2010Prop49
280
     0
102
RTVSPost2010PropOp49
 70
     1
102
RTVSPost2010Prop50
 90
       50
102
RTVSPost2010PropOp50
 70
     1
102
RTVSPost2010Prop51ColorIndex
 90
      256
102
RTVSPost2010Prop51ColorRGB
 90
-16777216
102
RTVSPost2010PropOp51
 70
     0
102
RTVSPost2010Prop52
140
1.0
102
RTVSPost2010PropOp52
 70
     0
102
RTVSPost2010Prop53
 90
        2
102
RTVSPost2010PropOp53
 70
     1
102
RTVSPost2010Prop54
  1
strokes_ogs.tif
102
RTVSPost2010PropOp54
 70
     1
102
RTVSPost2010Prop55
280
     0
102
RTVSPost2010PropOp55
 70
     1
102
RTVSPost2010Prop56
140
1.0
102
RTVSPost2010PropOp56
 70
     1
102
RTVSPost2010Prop57
140
1.0
102
RTVSPost2010PropOp57
 70
     1
  0
XRECORD
  5
652
102
{ACAD_REACTORS
330
651
102
}
330
651
100
AcDbXrecord
280
     1
102
RTVSPropertyOp0
 70
     1
102
RTVSPropertyOp1
 70
     1
102
RTVSPropertyOp2
 70
     1
102
RTVSPropertyOp3
 70
     1
102
RTVSPropertyOp4
 70
     1
102
RTVSPropertyOp5
 70
     1
102
RTVSPropertyOp6
 70
     1
102
RTVSPropertyOp7
 70
     1
102
RTVSPropertyOp8
 70
     1
102
RTVSPropertyOp9
 70
     1
102
RTVSPropertyOp10
 70
     1
102
RTVSPropertyOp11
 70
     1
102
RTVSPropertyOp12
 70
     1
102
RTVSPropertyOp13
 70
     1
102
RTVSPropertyOp14
 70
     1
102
RTVSPropertyOp15
 70
     1
102
RTVSPropertyOp16
 70
     1
102
RTVSPropertyOp17
 70
     1
102
RTVSPropertyOp18
 70
     1
102
RTVSPropertyOp19
 70
     1
102
RTVSPropertyOp20
 70
     1
102
RTVSPropertyOp21
 70
     1
102
RTVSPropertyOp22
 70
     1
102
RTVSPropertyOp23
 70
     1
102
RTVSPropertyOp24
 70
     1
102
RTVSPropertyOp25
 70
     1
102
RTVSPropertyOp26
 70
     1
102
RTVSPropertyOp27
 70
     1
102
RTVSPropertyOp28
 70
     1
102
RTVSPropertyOp29
 70
     1
102
RTVSPropertyOp30
 70
     1
102
RTVSPropertyOp31
 70
     1
102
RTVSPropertyOp32
 70
     1
102
RTVSPropertyOp33
 70
     1
102
RTVSPropertyOp34
 70
     1
102
RTVSPropertyOp35
 70
     1
102
RTVSPropertyOp36
 70
     1
102
RTVSPropertyOp37
 70
     1
102
RTVSPropertyOp38
 70
     1
102
RTVSPropertyOp39
 70
     1
102
RTVSPropertyOp40
 70
     1
102
RTVSPropertyOp41
 70
     1
102
RTVSPropertyOp42
 70
     1
102
RTVSPropertyOp43
 70
     1
102
RTVSPropertyOp44
 70
     1
102
RTVSPropertyOp45
 70
     1
102
RTVSPropertyOp46
 70
     1
102
RTVSPropertyOp47
 70
     1
102
RTVSPropertyOp48
 70
     1
102
RTVSPropertyOp49
 70
     1
102
RTVSPropertyOp50
 70
     1
102
RTVSPropertyOp51
 70
     0
102
RTVSPropertyOp52
 70
     0
102
RTVSPropertyOp53
 70
     1
102
RTVSPropertyOp54
 70
     1
102
RTVSPropertyOp55
 70
     1
102
RTVSPropertyOp56
 70
     1
102
RTVSPropertyOp57
 70
     1
102
RTVSPost2010Prop28
280
     0
102
RTVSPost2010PropOp28
 70
     1
102
RTVSPost2010Prop29
280
     1
102
RTVSPost2010PropOp29
 70
     1
102
RTVSPost2010Prop30
280
     1
102
RTVSPost2010PropOp30
 70
     1
102
RTVSPost2010Prop31
280
     0
102
RTVSPost2010PropOp31
 70
     1
102
RTVSPost2010Prop32
280
     0
102
RTVSPost2010PropOp32
 70
     1
102
RTVSPost2010Prop33
280
     0
102
RTVSPost2010PropOp33
 70
     1
102
RTVSPost2010Prop34
280
     0
102
RTVSPost2010PropOp34
 70
     1
102
RTVSPost2010Prop35
280
     0
102
RTVSPost2010PropOp35
 70
     1
102
RTVSPost2010Prop36
280
     0
102
RTVSPost2010PropOp36
 70
     1
102
RTVSPost2010Prop37
 90
       50
102
RTVSPost2010PropOp37
 70
     1
102
RTVSPost2010Prop38
140
0.0
102
RTVSPost2010PropOp38
 70
     1
102
RTVSPost2010Prop39
140
1.0
102
RTVSPost2010PropOp39
 70
     1
102
RTVSPost2010Prop40
 90
        0
102
RTVSPost2010PropOp40
 70
     1
102
RTVSPost2010Prop41ColorIndex
 90
       18
102
RTVSPost2010Prop41ColorRGB
 90
        0
102
RTVSPost2010PropOp41
 70
     1
102
RTVSPost2010Prop42
 90
       50
102
RTVSPost2010PropOp42
 70
     1
102
RTVSPost2010Prop43
 90
        3
102
RTVSPost2010PropOp43
 70
     1
102
RTVSPost2010Prop44ColorIndex
 90
        5
102
RTVSPost2010Prop44ColorRGB
 90
      255
102
RTVSPost2010PropOp44
 70
     1
102
RTVSPost2010Prop45
280
     0
102
RTVSPost2010PropOp45
 70
     1
102
RTVSPost2010Prop46
 90
       50
102
RTVSPost2010PropOp46
 70
     1
102
RTVSPost2010Prop47
 90
       50
102
RTVSPost2010PropOp47
 70
     1
102
RTVSPost2010Prop48
 90
       50
102
RTVSPost2010PropOp48
 70
     1
102
RTVSPost2010Prop49
280
     0
102
RTVSPost2010PropOp49
 70
     1
102
RTVSPost2010Prop50
 90
       50
102
RTVSPost2010PropOp50
 70
     1
102
RTVSPost2010Prop51ColorIndex
 90
      256
102
RTVSPost2010Prop51ColorRGB
 90
-16777216
102
RTVSPost2010PropOp51
 70
     0
102
RTVSPost2010Prop52
140
1.0
102
RTVSPost2010PropOp52
 70
     0
102
RTVSPost2010Prop53
 90
        2
102
RTVSPost2010PropOp53
 70
     1
102
RTVSPost2010Prop54
  1
strokes_ogs.tif
102
RTVSPost2010PropOp54
 70
     1
102
RTVSPost2010Prop55
280
     0
102
RTVSPost2010PropOp55
 70
     1
102
RTVSPost2010Prop56
140
1.0
102
RTVSPost2010PropOp56
 70
     1
102
RTVSPost2010Prop57
140
1.0
102
RTVSPost2010PropOp57
 70
     1
  0
XRECORD
  5
654
102
{ACAD_REACTORS
330
653
102
}
330
653
100
AcDbXrecord
280
     1
102
RTVSPropertyOp0
 70
     1
102
RTVSPropertyOp1
 70
     1
102
RTVSPropertyOp2
 70
     1
102
RTVSPropertyOp3
 70
     1
102
RTVSPropertyOp4
 70
     1
102
RTVSPropertyOp5
 70
     1
102
RTVSPropertyOp6
 70
     1
102
RTVSPropertyOp7
 70
     1
102
RTVSPropertyOp8
 70
     1
102
RTVSPropertyOp9
 70
     1
102
RTVSPropertyOp10
 70
     1
102
RTVSPropertyOp11
 70
     1
102
RTVSPropertyOp12
 70
     1
102
RTVSPropertyOp13
 70
     1
102
RTVSPropertyOp14
 70
     1
102
RTVSPropertyOp15
 70
     1
102
RTVSPropertyOp16
 70
     1
102
RTVSPropertyOp17
 70
     1
102
RTVSPropertyOp18
 70
     1
102
RTVSPropertyOp19
 70
     1
102
RTVSPropertyOp20
 70
     1
102
RTVSPropertyOp21
 70
     1
102
RTVSPropertyOp22
 70
     1
102
RTVSPropertyOp23
 70
     1
102
RTVSPropertyOp24
 70
     1
102
RTVSPropertyOp25
 70
     1
102
RTVSPropertyOp26
 70
     1
102
RTVSPropertyOp27
 70
     1
102
RTVSPropertyOp28
 70
     1
102
RTVSPropertyOp29
 70
     1
102
RTVSPropertyOp30
 70
     1
102
RTVSPropertyOp31
 70
     1
102
RTVSPropertyOp32
 70
     1
102
RTVSPropertyOp33
 70
     1
102
RTVSPropertyOp34
 70
     1
102
RTVSPropertyOp35
 70
     1
102
RTVSPropertyOp36
 70
     1
102
RTVSPropertyOp37
 70
     1
102
RTVSPropertyOp38
 70
     1
102
RTVSPropertyOp39
 70
     1
102
RTVSPropertyOp40
 70
     1
102
RTVSPropertyOp41
 70
     1
102
RTVSPropertyOp42
 70
     1
102
RTVSPropertyOp43
 70
     1
102
RTVSPropertyOp44
 70
     1
102
RTVSPropertyOp45
 70
     1
102
RTVSPropertyOp46
 70
     1
102
RTVSPropertyOp47
 70
     1
102
RTVSPropertyOp48
 70
     1
102
RTVSPropertyOp49
 70
     1
102
RTVSPropertyOp50
 70
     1
102
RTVSPropertyOp51
 70
     0
102
RTVSPropertyOp52
 70
     0
102
RTVSPropertyOp53
 70
     1
102
RTVSPropertyOp54
 70
     1
102
RTVSPropertyOp55
 70
     1
102
RTVSPropertyOp56
 70
     1
102
RTVSPropertyOp57
 70
     1
102
RTVSPost2010Prop28
280
     0
102
RTVSPost2010PropOp28
 70
     1
102
RTVSPost2010Prop29
280
     1
102
RTVSPost2010PropOp29
 70
     1
102
RTVSPost2010Prop30
280
     1
102
RTVSPost2010PropOp30
 70
     1
102
RTVSPost2010Prop31
280
     0
102
RTVSPost2010PropOp31
 70
     1
102
RTVSPost2010Prop32
280
     0
102
RTVSPost2010PropOp32
 70
     1
102
RTVSPost2010Prop33
280
     0
102
RTVSPost2010PropOp33
 70
     1
102
RTVSPost2010Prop34
280
     0
102
RTVSPost2010PropOp34
 70
     1
102
RTVSPost2010Prop35
280
     0
102
RTVSPost2010PropOp35
 70
     1
102
RTVSPost2010Prop36
280
     0
102
RTVSPost2010PropOp36
 70
     1
102
RTVSPost2010Prop37
 90
       50
102
RTVSPost2010PropOp37
 70
     1
102
RTVSPost2010Prop38
140
0.0
102
RTVSPost2010PropOp38
 70
     1
102
RTVSPost2010Prop39
140
1.0
102
RTVSPost2010PropOp39
 70
     1
102
RTVSPost2010Prop40
 90
        0
102
RTVSPost2010PropOp40
 70
     1
102
RTVSPost2010Prop41ColorIndex
 90
       18
102
RTVSPost2010Prop41ColorRGB
 90
        0
102
RTVSPost2010PropOp41
 70
     1
102
RTVSPost2010Prop42
 90
       50
102
RTVSPost2010PropOp42
 70
     1
102
RTVSPost2010Prop43
 90
        3
102
RTVSPost2010PropOp43
 70
     1
102
RTVSPost2010Prop44ColorIndex
 90
        5
102
RTVSPost2010Prop44ColorRGB
 90
      255
102
RTVSPost2010PropOp44
 70
     1
102
RTVSPost2010Prop45
280
     0
102
RTVSPost2010PropOp45
 70
     1
102
RTVSPost2010Prop46
 90
       50
102
RTVSPost2010PropOp46
 70
     1
102
RTVSPost2010Prop47
 90
       50
102
RTVSPost2010PropOp47
 70
     1
102
RTVSPost2010Prop48
 90
       50
102
RTVSPost2010PropOp48
 70
     1
102
RTVSPost2010Prop49
280
     0
102
RTVSPost2010PropOp49
 70
     1
102
RTVSPost2010Prop50
 90
       50
102
RTVSPost2010PropOp50
 70
     1
102
RTVSPost2010Prop51ColorIndex
 90
      256
102
RTVSPost2010Prop51ColorRGB
 90
-16777216
102
RTVSPost2010PropOp51
 70
     0
102
RTVSPost2010Prop52
140
1.0
102
RTVSPost2010PropOp52
 70
     0
102
RTVSPost2010Prop53
 90
        2
102
RTVSPost2010PropOp53
 70
     1
102
RTVSPost2010Prop54
  1
strokes_ogs.tif
102
RTVSPost2010PropOp54
 70
     1
102
RTVSPost2010Prop55
280
     0
102
RTVSPost2010PropOp55
 70
     1
102
RTVSPost2010Prop56
140
1.0
102
RTVSPost2010PropOp56
 70
     1
102
RTVSPost2010Prop57
140
1.0
102
RTVSPost2010PropOp57
 70
     1
  0
XRECORD
  5
656
102
{ACAD_REACTORS
330
655
102
}
330
655
100
AcDbXrecord
280
     1
102
RTVSPropertyOp0
 70
     1
102
RTVSPropertyOp1
 70
     1
102
RTVSPropertyOp2
 70
     1
102
RTVSPropertyOp3
 70
     1
102
RTVSPropertyOp4
 70
     1
102
RTVSPropertyOp5
 70
     1
102
RTVSPropertyOp6
 70
     1
102
RTVSPropertyOp7
 70
     1
102
RTVSPropertyOp8
 70
     1
102
RTVSPropertyOp9
 70
     1
102
RTVSPropertyOp10
 70
     1
102
RTVSPropertyOp11
 70
     1
102
RTVSPropertyOp12
 70
     1
102
RTVSPropertyOp13
 70
     1
102
RTVSPropertyOp14
 70
     1
102
RTVSPropertyOp15
 70
     1
102
RTVSPropertyOp16
 70
     1
102
RTVSPropertyOp17
 70
     1
102
RTVSPropertyOp18
 70
     1
102
RTVSPropertyOp19
 70
     1
102
RTVSPropertyOp20
 70
     1
102
RTVSPropertyOp21
 70
     1
102
RTVSPropertyOp22
 70
     1
102
RTVSPropertyOp23
 70
     1
102
RTVSPropertyOp24
 70
     1
102
RTVSPropertyOp25
 70
     1
102
RTVSPropertyOp26
 70
     1
102
RTVSPropertyOp27
 70
     1
102
RTVSPropertyOp28
 70
     1
102
RTVSPropertyOp29
 70
     1
102
RTVSPropertyOp30
 70
     1
102
RTVSPropertyOp31
 70
     1
102
RTVSPropertyOp32
 70
     1
102
RTVSPropertyOp33
 70
     1
102
RTVSPropertyOp34
 70
     1
102
RTVSPropertyOp35
 70
     1
102
RTVSPropertyOp36
 70
     1
102
RTVSPropertyOp37
 70
     1
102
RTVSPropertyOp38
 70
     1
102
RTVSPropertyOp39
 70
     1
102
RTVSPropertyOp40
 70
     1
102
RTVSPropertyOp41
 70
     1
102
RTVSPropertyOp42
 70
     1
102
RTVSPropertyOp43
 70
     1
102
RTVSPropertyOp44
 70
     1
102
RTVSPropertyOp45
 70
     1
102
RTVSPropertyOp46
 70
     1
102
RTVSPropertyOp47
 70
     1
102
RTVSPropertyOp48
 70
     1
102
RTVSPropertyOp49
 70
     1
102
RTVSPropertyOp50
 70
     1
102
RTVSPropertyOp51
 70
     0
102
RTVSPropertyOp52
 70
     0
102
RTVSPropertyOp53
 70
     1
102
RTVSPropertyOp54
 70
     1
102
RTVSPropertyOp55
 70
     1
102
RTVSPropertyOp56
 70
     1
102
RTVSPropertyOp57
 70
     1
102
RTVSPost2010Prop28
280
     0
102
RTVSPost2010PropOp28
 70
     1
102
RTVSPost2010Prop29
280
     1
102
RTVSPost2010PropOp29
 70
     1
102
RTVSPost2010Prop30
280
     1
102
RTVSPost2010PropOp30
 70
     1
102
RTVSPost2010Prop31
280
     0
102
RTVSPost2010PropOp31
 70
     1
102
RTVSPost2010Prop32
280
     0
102
RTVSPost2010PropOp32
 70
     1
102
RTVSPost2010Prop33
280
     0
102
RTVSPost2010PropOp33
 70
     1
102
RTVSPost2010Prop34
280
     0
102
RTVSPost2010PropOp34
 70
     1
102
RTVSPost2010Prop35
280
     0
102
RTVSPost2010PropOp35
 70
     1
102
RTVSPost2010Prop36
280
     0
102
RTVSPost2010PropOp36
 70
     1
102
RTVSPost2010Prop37
 90
       50
102
RTVSPost2010PropOp37
 70
     1
102
RTVSPost2010Prop38
140
0.0
102
RTVSPost2010PropOp38
 70
     1
102
RTVSPost2010Prop39
140
1.0
102
RTVSPost2010PropOp39
 70
     1
102
RTVSPost2010Prop40
 90
        0
102
RTVSPost2010PropOp40
 70
     1
102
RTVSPost2010Prop41ColorIndex
 90
       18
102
RTVSPost2010Prop41ColorRGB
 90
        0
102
RTVSPost2010PropOp41
 70
     1
102
RTVSPost2010Prop42
 90
       50
102
RTVSPost2010PropOp42
 70
     1
102
RTVSPost2010Prop43
 90
        3
102
RTVSPost2010PropOp43
 70
     1
102
RTVSPost2010Prop44ColorIndex
 90
        5
102
RTVSPost2010Prop44ColorRGB
 90
      255
102
RTVSPost2010PropOp44
 70
     1
102
RTVSPost2010Prop45
280
     0
102
RTVSPost2010PropOp45
 70
     1
102
RTVSPost2010Prop46
 90
       50
102
RTVSPost2010PropOp46
 70
     1
102
RTVSPost2010Prop47
 90
       50
102
RTVSPost2010PropOp47
 70
     1
102
RTVSPost2010Prop48
 90
       50
102
RTVSPost2010PropOp48
 70
     1
102
RTVSPost2010Prop49
280
     0
102
RTVSPost2010PropOp49
 70
     1
102
RTVSPost2010Prop50
 90
       50
102
RTVSPost2010PropOp50
 70
     1
102
RTVSPost2010Prop51ColorIndex
 90
      256
102
RTVSPost2010Prop51ColorRGB
 90
-16777216
102
RTVSPost2010PropOp51
 70
     0
102
RTVSPost2010Prop52
140
1.0
102
RTVSPost2010PropOp52
 70
     0
102
RTVSPost2010Prop53
 90
        2
102
RTVSPost2010PropOp53
 70
     1
102
RTVSPost2010Prop54
  1
strokes_ogs.tif
102
RTVSPost2010PropOp54
 70
     1
102
RTVSPost2010Prop55
280
     0
102
RTVSPost2010PropOp55
 70
     1
102
RTVSPost2010Prop56
140
1.0
102
RTVSPost2010PropOp56
 70
     1
102
RTVSPost2010Prop57
140
1.0
102
RTVSPost2010PropOp57
 70
     1
  0
XRECORD
  5
65C
102
{ACAD_REACTORS
330
65B
102
}
330
65B
100
AcDbXrecord
280
     1
102
RTVSPropertyOp0
 70
     1
102
RTVSPropertyOp1
 70
     1
102
RTVSPropertyOp2
 70
     1
102
RTVSPropertyOp3
 70
     1
102
RTVSPropertyOp4
 70
     1
102
RTVSPropertyOp5
 70
     1
102
RTVSPropertyOp6
 70
     1
102
RTVSPropertyOp7
 70
     1
102
RTVSPropertyOp8
 70
     1
102
RTVSPropertyOp9
 70
     1
102
RTVSPropertyOp10
 70
     1
102
RTVSPropertyOp11
 70
     1
102
RTVSPropertyOp12
 70
     1
102
RTVSPropertyOp13
 70
     1
102
RTVSPropertyOp14
 70
     1
102
RTVSPropertyOp15
 70
     1
102
RTVSPropertyOp16
 70
     1
102
RTVSPropertyOp17
 70
     1
102
RTVSPropertyOp18
 70
     1
102
RTVSPropertyOp19
 70
     1
102
RTVSPropertyOp20
 70
     1
102
RTVSPropertyOp21
 70
     1
102
RTVSPropertyOp22
 70
     1
102
RTVSPropertyOp23
 70
     1
102
RTVSPropertyOp24
 70
     1
102
RTVSPropertyOp25
 70
     1
102
RTVSPropertyOp26
 70
     1
102
RTVSPropertyOp27
 70
     1
102
RTVSPropertyOp28
 70
     1
102
RTVSPropertyOp29
 70
     1
102
RTVSPropertyOp30
 70
     1
102
RTVSPropertyOp31
 70
     1
102
RTVSPropertyOp32
 70
     1
102
RTVSPropertyOp33
 70
     1
102
RTVSPropertyOp34
 70
     1
102
RTVSPropertyOp35
 70
     1
102
RTVSPropertyOp36
 70
     1
102
RTVSPropertyOp37
 70
     1
102
RTVSPropertyOp38
 70
     1
102
RTVSPropertyOp39
 70
     1
102
RTVSPropertyOp40
 70
     1
102
RTVSPropertyOp41
 70
     1
102
RTVSPropertyOp42
 70
     1
102
RTVSPropertyOp43
 70
     1
102
RTVSPropertyOp44
 70
     1
102
RTVSPropertyOp45
 70
     1
102
RTVSPropertyOp46
 70
     1
102
RTVSPropertyOp47
 70
     1
102
RTVSPropertyOp48
 70
     1
102
RTVSPropertyOp49
 70
     1
102
RTVSPropertyOp50
 70
     1
102
RTVSPropertyOp51
 70
     0
102
RTVSPropertyOp52
 70
     0
102
RTVSPropertyOp53
 70
     1
102
RTVSPropertyOp54
 70
     1
102
RTVSPropertyOp55
 70
     1
102
RTVSPropertyOp56
 70
     1
102
RTVSPropertyOp57
 70
     1
102
RTVSPost2010Prop28
280
     0
102
RTVSPost2010PropOp28
 70
     1
102
RTVSPost2010Prop29
280
     1
102
RTVSPost2010PropOp29
 70
     1
102
RTVSPost2010Prop30
280
     1
102
RTVSPost2010PropOp30
 70
     1
102
RTVSPost2010Prop31
280
     0
102
RTVSPost2010PropOp31
 70
     1
102
RTVSPost2010Prop32
280
     0
102
RTVSPost2010PropOp32
 70
     1
102
RTVSPost2010Prop33
280
     0
102
RTVSPost2010PropOp33
 70
     1
102
RTVSPost2010Prop34
280
     0
102
RTVSPost2010PropOp34
 70
     1
102
RTVSPost2010Prop35
280
     0
102
RTVSPost2010PropOp35
 70
     1
102
RTVSPost2010Prop36
280
     0
102
RTVSPost2010PropOp36
 70
     1
102
RTVSPost2010Prop37
 90
       50
102
RTVSPost2010PropOp37
 70
     1
102
RTVSPost2010Prop38
140
0.0
102
RTVSPost2010PropOp38
 70
     1
102
RTVSPost2010Prop39
140
1.0
102
RTVSPost2010PropOp39
 70
     1
102
RTVSPost2010Prop40
 90
        0
102
RTVSPost2010PropOp40
 70
     1
102
RTVSPost2010Prop41ColorIndex
 90
       18
102
RTVSPost2010Prop41ColorRGB
 90
        0
102
RTVSPost2010PropOp41
 70
     1
102
RTVSPost2010Prop42
 90
       50
102
RTVSPost2010PropOp42
 70
     1
102
RTVSPost2010Prop43
 90
        3
102
RTVSPost2010PropOp43
 70
     1
102
RTVSPost2010Prop44ColorIndex
 90
        5
102
RTVSPost2010Prop44ColorRGB
 90
      255
102
RTVSPost2010PropOp44
 70
     1
102
RTVSPost2010Prop45
280
     0
102
RTVSPost2010PropOp45
 70
     1
102
RTVSPost2010Prop46
 90
       50
102
RTVSPost2010PropOp46
 70
     1
102
RTVSPost2010Prop47
 90
       50
102
RTVSPost2010PropOp47
 70
     1
102
RTVSPost2010Prop48
 90
       50
102
RTVSPost2010PropOp48
 70
     1
102
RTVSPost2010Prop49
280
     0
102
RTVSPost2010PropOp49
 70
     1
102
RTVSPost2010Prop50
 90
       50
102
RTVSPost2010PropOp50
 70
     1
102
RTVSPost2010Prop51ColorIndex
 90
      256
102
RTVSPost2010Prop51ColorRGB
 90
-16777216
102
RTVSPost2010PropOp51
 70
     0
102
RTVSPost2010Prop52
140
1.0
102
RTVSPost2010PropOp52
 70
     0
102
RTVSPost2010Prop53
 90
        2
102
RTVSPost2010PropOp53
 70
     1
102
RTVSPost2010Prop54
  1
strokes_ogs.tif
102
RTVSPost2010PropOp54
 70
     1
102
RTVSPost2010Prop55
280
     0
102
RTVSPost2010PropOp55
 70
     1
102
RTVSPost2010Prop56
140
1.0
102
RTVSPost2010PropOp56
 70
     1
102
RTVSPost2010Prop57
140
1.0
102
RTVSPost2010PropOp57
 70
     1
  0
XRECORD
  5
670
102
{ACAD_REACTORS
330
66F
102
}
330
66F
100
AcDbXrecord
280
     1
102
RTVSPropertyOp0
 70
     0
102
RTVSPropertyOp1
 70
     0
102
RTVSPropertyOp2
 70
     0
102
RTVSPropertyOp3
 70
     0
102
RTVSPropertyOp4
 70
     0
102
RTVSPropertyOp5
 70
     0
102
RTVSPropertyOp6
 70
     0
102
RTVSPropertyOp7
 70
     0
102
RTVSPropertyOp8
 70
     0
102
RTVSPropertyOp9
 70
     0
102
RTVSPropertyOp10
 70
     0
102
RTVSPropertyOp11
 70
     0
102
RTVSPropertyOp12
 70
     0
102
RTVSPropertyOp13
 70
     0
102
RTVSPropertyOp14
 70
     2
102
RTVSPropertyOp15
 70
     0
102
RTVSPropertyOp16
 70
     0
102
RTVSPropertyOp17
 70
     0
102
RTVSPropertyOp18
 70
     0
102
RTVSPropertyOp19
 70
     0
102
RTVSPropertyOp20
 70
     0
102
RTVSPropertyOp21
 70
     0
102
RTVSPropertyOp22
 70
     0
102
RTVSPropertyOp23
 70
     0
102
RTVSPropertyOp24
 70
     0
102
RTVSPropertyOp25
 70
     0
102
RTVSPropertyOp26
 70
     0
102
RTVSPropertyOp27
 70
     0
102
RTVSPropertyOp28
 70
     0
102
RTVSPropertyOp29
 70
     0
102
RTVSPropertyOp30
 70
     0
102
RTVSPropertyOp31
 70
     0
102
RTVSPropertyOp32
 70
     0
102
RTVSPropertyOp33
 70
     0
102
RTVSPropertyOp34
 70
     0
102
RTVSPropertyOp35
 70
     0
102
RTVSPropertyOp36
 70
     0
102
RTVSPropertyOp37
 70
     0
102
RTVSPropertyOp38
 70
     0
102
RTVSPropertyOp39
 70
     0
102
RTVSPropertyOp40
 70
     0
102
RTVSPropertyOp41
 70
     0
102
RTVSPropertyOp42
 70
     0
102
RTVSPropertyOp43
 70
     0
102
RTVSPropertyOp44
 70
     0
102
RTVSPropertyOp45
 70
     0
102
RTVSPropertyOp46
 70
     0
102
RTVSPropertyOp47
 70
     0
102
RTVSPropertyOp48
 70
     0
102
RTVSPropertyOp49
 70
     0
102
RTVSPropertyOp50
 70
     0
102
RTVSPropertyOp51
 70
     0
102
RTVSPropertyOp52
 70
     0
102
RTVSPropertyOp53
 70
     0
102
RTVSPropertyOp54
 70
     0
102
RTVSPropertyOp55
 70
     0
102
RTVSPropertyOp56
 70
     0
102
RTVSPropertyOp57
 70
     0
102
RTVSPost2010Prop28
280
     0
102
RTVSPost2010PropOp28
 70
     0
102
RTVSPost2010Prop29
280
     1
102
RTVSPost2010PropOp29
 70
     0
102
RTVSPost2010Prop30
280
     1
102
RTVSPost2010PropOp30
 70
     0
102
RTVSPost2010Prop31
280
     0
102
RTVSPost2010PropOp31
 70
     0
102
RTVSPost2010Prop32
280
     0
102
RTVSPost2010PropOp32
 70
     0
102
RTVSPost2010Prop33
280
     0
102
RTVSPost2010PropOp33
 70
     0
102
RTVSPost2010Prop34
280
     0
102
RTVSPost2010PropOp34
 70
     0
102
RTVSPost2010Prop35
280
     0
102
RTVSPost2010PropOp35
 70
     0
102
RTVSPost2010Prop36
280
     0
102
RTVSPost2010PropOp36
 70
     0
102
RTVSPost2010Prop37
 90
       50
102
RTVSPost2010PropOp37
 70
     0
102
RTVSPost2010Prop38
140
0.0
102
RTVSPost2010PropOp38
 70
     0
102
RTVSPost2010Prop39
140
1.0
102
RTVSPost2010PropOp39
 70
     0
102
RTVSPost2010Prop40
 90
        0
102
RTVSPost2010PropOp40
 70
     0
102
RTVSPost2010Prop41ColorIndex
 90
       18
102
RTVSPost2010Prop41ColorRGB
 90
        0
102
RTVSPost2010PropOp41
 70
     0
102
RTVSPost2010Prop42
 90
       50
102
RTVSPost2010PropOp42
 70
     0
102
RTVSPost2010Prop43
 90
        3
102
RTVSPost2010PropOp43
 70
     0
102
RTVSPost2010Prop44ColorIndex
 90
        5
102
RTVSPost2010Prop44ColorRGB
 90
      255
102
RTVSPost2010PropOp44
 70
     0
102
RTVSPost2010Prop45
280
     0
102
RTVSPost2010PropOp45
 70
     0
102
RTVSPost2010Prop46
 90
       50
102
RTVSPost2010PropOp46
 70
     0
102
RTVSPost2010Prop47
 90
       50
102
RTVSPost2010PropOp47
 70
     0
102
RTVSPost2010Prop48
 90
       50
102
RTVSPost2010PropOp48
 70
     0
102
RTVSPost2010Prop49
280
     0
102
RTVSPost2010PropOp49
 70
     0
102
RTVSPost2010Prop50
 90
       50
102
RTVSPost2010PropOp50
 70
     0
102
RTVSPost2010Prop51ColorIndex
 90
      256
102
RTVSPost2010Prop51ColorRGB
 90
-16777216
102
RTVSPost2010PropOp51
 70
     0
102
RTVSPost2010Prop52
140
1.0
102
RTVSPost2010PropOp52
 70
     0
102
RTVSPost2010Prop53
 90
        2
102
RTVSPost2010PropOp53
 70
     0
102
RTVSPost2010Prop54
  1
strokes_ogs.tif
102
RTVSPost2010PropOp54
 70
     0
102
RTVSPost2010Prop55
280
     0
102
RTVSPost2010PropOp55
 70
     0
102
RTVSPost2010Prop56
140
1.0
102
RTVSPost2010PropOp56
 70
     0
102
RTVSPost2010Prop57
140
1.0
102
RTVSPost2010PropOp57
 70
     0
  0
XRECORD
  5
66A
102
{ACAD_REACTORS
330
669
102
}
330
669
100
AcDbXrecord
280
     1
102
RTVSPropertyOp0
 70
     1
102
RTVSPropertyOp1
 70
     1
102
RTVSPropertyOp2
 70
     1
102
RTVSPropertyOp3
 70
     1
102
RTVSPropertyOp4
 70
     1
102
RTVSPropertyOp5
 70
     1
102
RTVSPropertyOp6
 70
     1
102
RTVSPropertyOp7
 70
     1
102
RTVSPropertyOp8
 70
     1
102
RTVSPropertyOp9
 70
     1
102
RTVSPropertyOp10
 70
     1
102
RTVSPropertyOp11
 70
     1
102
RTVSPropertyOp12
 70
     1
102
RTVSPropertyOp13
 70
     1
102
RTVSPropertyOp14
 70
     1
102
RTVSPropertyOp15
 70
     1
102
RTVSPropertyOp16
 70
     1
102
RTVSPropertyOp17
 70
     1
102
RTVSPropertyOp18
 70
     1
102
RTVSPropertyOp19
 70
     1
102
RTVSPropertyOp20
 70
     1
102
RTVSPropertyOp21
 70
     1
102
RTVSPropertyOp22
 70
     1
102
RTVSPropertyOp23
 70
     1
102
RTVSPropertyOp24
 70
     1
102
RTVSPropertyOp25
 70
     1
102
RTVSPropertyOp26
 70
     1
102
RTVSPropertyOp27
 70
     1
102
RTVSPropertyOp28
 70
     1
102
RTVSPropertyOp29
 70
     1
102
RTVSPropertyOp30
 70
     1
102
RTVSPropertyOp31
 70
     1
102
RTVSPropertyOp32
 70
     1
102
RTVSPropertyOp33
 70
     1
102
RTVSPropertyOp34
 70
     1
102
RTVSPropertyOp35
 70
     1
102
RTVSPropertyOp36
 70
     1
102
RTVSPropertyOp37
 70
     1
102
RTVSPropertyOp38
 70
     1
102
RTVSPropertyOp39
 70
     1
102
RTVSPropertyOp40
 70
     1
102
RTVSPropertyOp41
 70
     1
102
RTVSPropertyOp42
 70
     1
102
RTVSPropertyOp43
 70
     1
102
RTVSPropertyOp44
 70
     1
102
RTVSPropertyOp45
 70
     1
102
RTVSPropertyOp46
 70
     1
102
RTVSPropertyOp47
 70
     1
102
RTVSPropertyOp48
 70
     1
102
RTVSPropertyOp49
 70
     1
102
RTVSPropertyOp50
 70
     1
102
RTVSPropertyOp51
 70
     0
102
RTVSPropertyOp52
 70
     0
102
RTVSPropertyOp53
 70
     1
102
RTVSPropertyOp54
 70
     1
102
RTVSPropertyOp55
 70
     1
102
RTVSPropertyOp56
 70
     1
102
RTVSPropertyOp57
 70
     1
102
RTVSPost2010Prop28
280
     0
102
RTVSPost2010PropOp28
 70
     1
102
RTVSPost2010Prop29
280
     1
102
RTVSPost2010PropOp29
 70
     1
102
RTVSPost2010Prop30
280
     1
102
RTVSPost2010PropOp30
 70
     1
102
RTVSPost2010Prop31
280
     0
102
RTVSPost2010PropOp31
 70
     1
102
RTVSPost2010Prop32
280
     0
102
RTVSPost2010PropOp32
 70
     1
102
RTVSPost2010Prop33
280
     0
102
RTVSPost2010PropOp33
 70
     1
102
RTVSPost2010Prop34
280
     0
102
RTVSPost2010PropOp34
 70
     1
102
RTVSPost2010Prop35
280
     0
102
RTVSPost2010PropOp35
 70
     1
102
RTVSPost2010Prop36
280
     0
102
RTVSPost2010PropOp36
 70
     1
102
RTVSPost2010Prop37
 90
       50
102
RTVSPost2010PropOp37
 70
     1
102
RTVSPost2010Prop38
140
0.0
102
RTVSPost2010PropOp38
 70
     1
102
RTVSPost2010Prop39
140
1.0
102
RTVSPost2010PropOp39
 70
     1
102
RTVSPost2010Prop40
 90
        0
102
RTVSPost2010PropOp40
 70
     1
102
RTVSPost2010Prop41ColorIndex
 90
       18
102
RTVSPost2010Prop41ColorRGB
 90
        0
102
RTVSPost2010PropOp41
 70
     1
102
RTVSPost2010Prop42
 90
       50
102
RTVSPost2010PropOp42
 70
     1
102
RTVSPost2010Prop43
 90
        3
102
RTVSPost2010PropOp43
 70
     1
102
RTVSPost2010Prop44ColorIndex
 90
        5
102
RTVSPost2010Prop44ColorRGB
 90
      255
102
RTVSPost2010PropOp44
 70
     1
102
RTVSPost2010Prop45
280
     0
102
RTVSPost2010PropOp45
 70
     1
102
RTVSPost2010Prop46
 90
       50
102
RTVSPost2010PropOp46
 70
     1
102
RTVSPost2010Prop47
 90
       50
102
RTVSPost2010PropOp47
 70
     1
102
RTVSPost2010Prop48
 90
       50
102
RTVSPost2010PropOp48
 70
     1
102
RTVSPost2010Prop49
280
     0
102
RTVSPost2010PropOp49
 70
     1
102
RTVSPost2010Prop50
 90
       50
102
RTVSPost2010PropOp50
 70
     1
102
RTVSPost2010Prop51ColorIndex
 90
      256
102
RTVSPost2010Prop51ColorRGB
 90
-16777216
102
RTVSPost2010PropOp51
 70
     0
102
RTVSPost2010Prop52
140
1.0
102
RTVSPost2010PropOp52
 70
     0
102
RTVSPost2010Prop53
 90
        2
102
RTVSPost2010PropOp53
 70
     1
102
RTVSPost2010Prop54
  1
strokes_ogs.tif
102
RTVSPost2010PropOp54
 70
     1
102
RTVSPost2010Prop55
280
     0
102
RTVSPost2010PropOp55
 70
     1
102
RTVSPost2010Prop56
140
1.0
102
RTVSPost2010PropOp56
 70
     1
102
RTVSPost2010Prop57
140
1.0
102
RTVSPost2010PropOp57
 70
     1
  0
XRECORD
  5
672
102
{ACAD_REACTORS
330
671
102
}
330
671
100
AcDbXrecord
280
     1
102
RTVSPropertyOp0
 70
     0
102
RTVSPropertyOp1
 70
     0
102
RTVSPropertyOp2
 70
     0
102
RTVSPropertyOp3
 70
     0
102
RTVSPropertyOp4
 70
     0
102
RTVSPropertyOp5
 70
     0
102
RTVSPropertyOp6
 70
     0
102
RTVSPropertyOp7
 70
     0
102
RTVSPropertyOp8
 70
     0
102
RTVSPropertyOp9
 70
     0
102
RTVSPropertyOp10
 70
     0
102
RTVSPropertyOp11
 70
     0
102
RTVSPropertyOp12
 70
     0
102
RTVSPropertyOp13
 70
     0
102
RTVSPropertyOp14
 70
     2
102
RTVSPropertyOp15
 70
     0
102
RTVSPropertyOp16
 70
     0
102
RTVSPropertyOp17
 70
     0
102
RTVSPropertyOp18
 70
     0
102
RTVSPropertyOp19
 70
     0
102
RTVSPropertyOp20
 70
     0
102
RTVSPropertyOp21
 70
     0
102
RTVSPropertyOp22
 70
     0
102
RTVSPropertyOp23
 70
     0
102
RTVSPropertyOp24
 70
     0
102
RTVSPropertyOp25
 70
     0
102
RTVSPropertyOp26
 70
     0
102
RTVSPropertyOp27
 70
     0
102
RTVSPropertyOp28
 70
     0
102
RTVSPropertyOp29
 70
     0
102
RTVSPropertyOp30
 70
     0
102
RTVSPropertyOp31
 70
     0
102
RTVSPropertyOp32
 70
     0
102
RTVSPropertyOp33
 70
     0
102
RTVSPropertyOp34
 70
     0
102
RTVSPropertyOp35
 70
     0
102
RTVSPropertyOp36
 70
     0
102
RTVSPropertyOp37
 70
     0
102
RTVSPropertyOp38
 70
     0
102
RTVSPropertyOp39
 70
     0
102
RTVSPropertyOp40
 70
     0
102
RTVSPropertyOp41
 70
     0
102
RTVSPropertyOp42
 70
     0
102
RTVSPropertyOp43
 70
     0
102
RTVSPropertyOp44
 70
     0
102
RTVSPropertyOp45
 70
     0
102
RTVSPropertyOp46
 70
     0
102
RTVSPropertyOp47
 70
     0
102
RTVSPropertyOp48
 70
     0
102
RTVSPropertyOp49
 70
     0
102
RTVSPropertyOp50
 70
     0
102
RTVSPropertyOp51
 70
     0
102
RTVSPropertyOp52
 70
     0
102
RTVSPropertyOp53
 70
     0
102
RTVSPropertyOp54
 70
     0
102
RTVSPropertyOp55
 70
     0
102
RTVSPropertyOp56
 70
     0
102
RTVSPropertyOp57
 70
     0
102
RTVSPost2010Prop28
280
     0
102
RTVSPost2010PropOp28
 70
     0
102
RTVSPost2010Prop29
280
     1
102
RTVSPost2010PropOp29
 70
     0
102
RTVSPost2010Prop30
280
     1
102
RTVSPost2010PropOp30
 70
     0
102
RTVSPost2010Prop31
280
     0
102
RTVSPost2010PropOp31
 70
     0
102
RTVSPost2010Prop32
280
     0
102
RTVSPost2010PropOp32
 70
     0
102
RTVSPost2010Prop33
280
     0
102
RTVSPost2010PropOp33
 70
     0
102
RTVSPost2010Prop34
280
     0
102
RTVSPost2010PropOp34
 70
     0
102
RTVSPost2010Prop35
280
     0
102
RTVSPost2010PropOp35
 70
     0
102
RTVSPost2010Prop36
280
     0
102
RTVSPost2010PropOp36
 70
     0
102
RTVSPost2010Prop37
 90
       50
102
RTVSPost2010PropOp37
 70
     0
102
RTVSPost2010Prop38
140
0.0
102
RTVSPost2010PropOp38
 70
     0
102
RTVSPost2010Prop39
140
1.0
102
RTVSPost2010PropOp39
 70
     0
102
RTVSPost2010Prop40
 90
        0
102
RTVSPost2010PropOp40
 70
     0
102
RTVSPost2010Prop41ColorIndex
 90
       18
102
RTVSPost2010Prop41ColorRGB
 90
        0
102
RTVSPost2010PropOp41
 70
     0
102
RTVSPost2010Prop42
 90
       50
102
RTVSPost2010PropOp42
 70
     0
102
RTVSPost2010Prop43
 90
        3
102
RTVSPost2010PropOp43
 70
     0
102
RTVSPost2010Prop44ColorIndex
 90
        5
102
RTVSPost2010Prop44ColorRGB
 90
      255
102
RTVSPost2010PropOp44
 70
     0
102
RTVSPost2010Prop45
280
     0
102
RTVSPost2010PropOp45
 70
     0
102
RTVSPost2010Prop46
 90
       50
102
RTVSPost2010PropOp46
 70
     0
102
RTVSPost2010Prop47
 90
       50
102
RTVSPost2010PropOp47
 70
     0
102
RTVSPost2010Prop48
 90
       50
102
RTVSPost2010PropOp48
 70
     0
102
RTVSPost2010Prop49
280
     0
102
RTVSPost2010PropOp49
 70
     0
102
RTVSPost2010Prop50
 90
       50
102
RTVSPost2010PropOp50
 70
     0
102
RTVSPost2010Prop51ColorIndex
 90
      256
102
RTVSPost2010Prop51ColorRGB
 90
-16777216
102
RTVSPost2010PropOp51
 70
     0
102
RTVSPost2010Prop52
140
1.0
102
RTVSPost2010PropOp52
 70
     0
102
RTVSPost2010Prop53
 90
        2
102
RTVSPost2010PropOp53
 70
     0
102
RTVSPost2010Prop54
  1
strokes_ogs.tif
102
RTVSPost2010PropOp54
 70
     0
102
RTVSPost2010Prop55
280
     0
102
RTVSPost2010PropOp55
 70
     0
102
RTVSPost2010Prop56
140
1.0
102
RTVSPost2010PropOp56
 70
     0
102
RTVSPost2010Prop57
140
1.0
102
RTVSPost2010PropOp57
 70
     0
  0
XRECORD
  5
660
102
{ACAD_REACTORS
330
65F
102
}
330
65F
100
AcDbXrecord
280
     1
102
RTVSPropertyOp0
 70
     1
102
RTVSPropertyOp1
 70
     1
102
RTVSPropertyOp2
 70
     1
102
RTVSPropertyOp3
 70
     1
102
RTVSPropertyOp4
 70
     1
102
RTVSPropertyOp5
 70
     1
102
RTVSPropertyOp6
 70
     1
102
RTVSPropertyOp7
 70
     1
102
RTVSPropertyOp8
 70
     1
102
RTVSPropertyOp9
 70
     1
102
RTVSPropertyOp10
 70
     1
102
RTVSPropertyOp11
 70
     1
102
RTVSPropertyOp12
 70
     1
102
RTVSPropertyOp13
 70
     1
102
RTVSPropertyOp14
 70
     1
102
RTVSPropertyOp15
 70
     1
102
RTVSPropertyOp16
 70
     1
102
RTVSPropertyOp17
 70
     1
102
RTVSPropertyOp18
 70
     1
102
RTVSPropertyOp19
 70
     1
102
RTVSPropertyOp20
 70
     1
102
RTVSPropertyOp21
 70
     1
102
RTVSPropertyOp22
 70
     1
102
RTVSPropertyOp23
 70
     1
102
RTVSPropertyOp24
 70
     1
102
RTVSPropertyOp25
 70
     1
102
RTVSPropertyOp26
 70
     1
102
RTVSPropertyOp27
 70
     1
102
RTVSPropertyOp28
 70
     1
102
RTVSPropertyOp29
 70
     1
102
RTVSPropertyOp30
 70
     1
102
RTVSPropertyOp31
 70
     1
102
RTVSPropertyOp32
 70
     1
102
RTVSPropertyOp33
 70
     1
102
RTVSPropertyOp34
 70
     1
102
RTVSPropertyOp35
 70
     1
102
RTVSPropertyOp36
 70
     1
102
RTVSPropertyOp37
 70
     1
102
RTVSPropertyOp38
 70
     1
102
RTVSPropertyOp39
 70
     1
102
RTVSPropertyOp40
 70
     1
102
RTVSPropertyOp41
 70
     1
102
RTVSPropertyOp42
 70
     1
102
RTVSPropertyOp43
 70
     1
102
RTVSPropertyOp44
 70
     1
102
RTVSPropertyOp45
 70
     1
102
RTVSPropertyOp46
 70
     1
102
RTVSPropertyOp47
 70
     1
102
RTVSPropertyOp48
 70
     1
102
RTVSPropertyOp49
 70
     1
102
RTVSPropertyOp50
 70
     1
102
RTVSPropertyOp51
 70
     0
102
RTVSPropertyOp52
 70
     0
102
RTVSPropertyOp53
 70
     1
102
RTVSPropertyOp54
 70
     1
102
RTVSPropertyOp55
 70
     1
102
RTVSPropertyOp56
 70
     1
102
RTVSPropertyOp57
 70
     1
102
RTVSPost2010Prop28
280
     0
102
RTVSPost2010PropOp28
 70
     1
102
RTVSPost2010Prop29
280
     1
102
RTVSPost2010PropOp29
 70
     1
102
RTVSPost2010Prop30
280
     1
102
RTVSPost2010PropOp30
 70
     1
102
RTVSPost2010Prop31
280
     0
102
RTVSPost2010PropOp31
 70
     1
102
RTVSPost2010Prop32
280
     0
102
RTVSPost2010PropOp32
 70
     1
102
RTVSPost2010Prop33
280
     0
102
RTVSPost2010PropOp33
 70
     1
102
RTVSPost2010Prop34
280
     0
102
RTVSPost2010PropOp34
 70
     1
102
RTVSPost2010Prop35
280
     0
102
RTVSPost2010PropOp35
 70
     1
102
RTVSPost2010Prop36
280
     0
102
RTVSPost2010PropOp36
 70
     1
102
RTVSPost2010Prop37
 90
       50
102
RTVSPost2010PropOp37
 70
     1
102
RTVSPost2010Prop38
140
0.0
102
RTVSPost2010PropOp38
 70
     1
102
RTVSPost2010Prop39
140
1.0
102
RTVSPost2010PropOp39
 70
     1
102
RTVSPost2010Prop40
 90
        0
102
RTVSPost2010PropOp40
 70
     1
102
RTVSPost2010Prop41ColorIndex
 90
       18
102
RTVSPost2010Prop41ColorRGB
 90
        0
102
RTVSPost2010PropOp41
 70
     1
102
RTVSPost2010Prop42
 90
       50
102
RTVSPost2010PropOp42
 70
     1
102
RTVSPost2010Prop43
 90
        3
102
RTVSPost2010PropOp43
 70
     1
102
RTVSPost2010Prop44ColorIndex
 90
        5
102
RTVSPost2010Prop44ColorRGB
 90
      255
102
RTVSPost2010PropOp44
 70
     1
102
RTVSPost2010Prop45
280
     0
102
RTVSPost2010PropOp45
 70
     1
102
RTVSPost2010Prop46
 90
       50
102
RTVSPost2010PropOp46
 70
     1
102
RTVSPost2010Prop47
 90
       50
102
RTVSPost2010PropOp47
 70
     1
102
RTVSPost2010Prop48
 90
       50
102
RTVSPost2010PropOp48
 70
     1
102
RTVSPost2010Prop49
280
     0
102
RTVSPost2010PropOp49
 70
     1
102
RTVSPost2010Prop50
 90
       50
102
RTVSPost2010PropOp50
 70
     1
102
RTVSPost2010Prop51ColorIndex
 90
      256
102
RTVSPost2010Prop51ColorRGB
 90
-16777216
102
RTVSPost2010PropOp51
 70
     0
102
RTVSPost2010Prop52
140
1.0
102
RTVSPost2010PropOp52
 70
     0
102
RTVSPost2010Prop53
 90
        2
102
RTVSPost2010PropOp53
 70
     1
102
RTVSPost2010Prop54
  1
strokes_ogs.tif
102
RTVSPost2010PropOp54
 70
     1
102
RTVSPost2010Prop55
280
     0
102
RTVSPost2010PropOp55
 70
     1
102
RTVSPost2010Prop56
140
1.0
102
RTVSPost2010PropOp56
 70
     1
102
RTVSPost2010Prop57
140
1.0
102
RTVSPost2010PropOp57
 70
     1
  0
XRECORD
  5
67E
102
{ACAD_REACTORS
330
67D
102
}
330
67D
100
AcDbXrecord
280
     1
102
RTVSPropertyOp0
 70
     1
102
RTVSPropertyOp1
 70
     1
102
RTVSPropertyOp2
 70
     1
102
RTVSPropertyOp3
 70
     1
102
RTVSPropertyOp4
 70
     1
102
RTVSPropertyOp5
 70
     1
102
RTVSPropertyOp6
 70
     1
102
RTVSPropertyOp7
 70
     1
102
RTVSPropertyOp8
 70
     1
102
RTVSPropertyOp9
 70
     1
102
RTVSPropertyOp10
 70
     1
102
RTVSPropertyOp11
 70
     1
102
RTVSPropertyOp12
 70
     1
102
RTVSPropertyOp13
 70
     1
102
RTVSPropertyOp14
 70
     1
102
RTVSPropertyOp15
 70
     1
102
RTVSPropertyOp16
 70
     1
102
RTVSPropertyOp17
 70
     1
102
RTVSPropertyOp18
 70
     1
102
RTVSPropertyOp19
 70
     1
102
RTVSPropertyOp20
 70
     1
102
RTVSPropertyOp21
 70
     1
102
RTVSPropertyOp22
 70
     1
102
RTVSPropertyOp23
 70
     1
102
RTVSPropertyOp24
 70
     1
102
RTVSPropertyOp25
 70
     1
102
RTVSPropertyOp26
 70
     1
102
RTVSPropertyOp27
 70
     1
102
RTVSPropertyOp28
 70
     1
102
RTVSPropertyOp29
 70
     1
102
RTVSPropertyOp30
 70
     1
102
RTVSPropertyOp31
 70
     1
102
RTVSPropertyOp32
 70
     1
102
RTVSPropertyOp33
 70
     1
102
RTVSPropertyOp34
 70
     1
102
RTVSPropertyOp35
 70
     1
102
RTVSPropertyOp36
 70
     1
102
RTVSPropertyOp37
 70
     1
102
RTVSPropertyOp38
 70
     1
102
RTVSPropertyOp39
 70
     1
102
RTVSPropertyOp40
 70
     1
102
RTVSPropertyOp41
 70
     1
102
RTVSPropertyOp42
 70
     1
102
RTVSPropertyOp43
 70
     1
102
RTVSPropertyOp44
 70
     1
102
RTVSPropertyOp45
 70
     1
102
RTVSPropertyOp46
 70
     1
102
RTVSPropertyOp47
 70
     1
102
RTVSPropertyOp48
 70
     1
102
RTVSPropertyOp49
 70
     1
102
RTVSPropertyOp50
 70
     1
102
RTVSPropertyOp51
 70
     0
102
RTVSPropertyOp52
 70
     0
102
RTVSPropertyOp53
 70
     1
102
RTVSPropertyOp54
 70
     1
102
RTVSPropertyOp55
 70
     1
102
RTVSPropertyOp56
 70
     1
102
RTVSPropertyOp57
 70
     1
102
RTVSPost2010Prop28
280
     0
102
RTVSPost2010PropOp28
 70
     1
102
RTVSPost2010Prop29
280
     1
102
RTVSPost2010PropOp29
 70
     1
102
RTVSPost2010Prop30
280
     1
102
RTVSPost2010PropOp30
 70
     1
102
RTVSPost2010Prop31
280
     0
102
RTVSPost2010PropOp31
 70
     1
102
RTVSPost2010Prop32
280
     0
102
RTVSPost2010PropOp32
 70
     1
102
RTVSPost2010Prop33
280
     0
102
RTVSPost2010PropOp33
 70
     1
102
RTVSPost2010Prop34
280
     0
102
RTVSPost2010PropOp34
 70
     1
102
RTVSPost2010Prop35
280
     0
102
RTVSPost2010PropOp35
 70
     1
102
RTVSPost2010Prop36
280
     0
102
RTVSPost2010PropOp36
 70
     1
102
RTVSPost2010Prop37
 90
       50
102
RTVSPost2010PropOp37
 70
     1
102
RTVSPost2010Prop38
140
0.0
102
RTVSPost2010PropOp38
 70
     1
102
RTVSPost2010Prop39
140
1.0
102
RTVSPost2010PropOp39
 70
     1
102
RTVSPost2010Prop40
 90
        0
102
RTVSPost2010PropOp40
 70
     1
102
RTVSPost2010Prop41ColorIndex
 90
       18
102
RTVSPost2010Prop41ColorRGB
 90
        0
102
RTVSPost2010PropOp41
 70
     1
102
RTVSPost2010Prop42
 90
       50
102
RTVSPost2010PropOp42
 70
     1
102
RTVSPost2010Prop43
 90
        3
102
RTVSPost2010PropOp43
 70
     1
102
RTVSPost2010Prop44ColorIndex
 90
        5
102
RTVSPost2010Prop44ColorRGB
 90
      255
102
RTVSPost2010PropOp44
 70
     1
102
RTVSPost2010Prop45
280
     0
102
RTVSPost2010PropOp45
 70
     1
102
RTVSPost2010Prop46
 90
       50
102
RTVSPost2010PropOp46
 70
     1
102
RTVSPost2010Prop47
 90
       50
102
RTVSPost2010PropOp47
 70
     1
102
RTVSPost2010Prop48
 90
       50
102
RTVSPost2010PropOp48
 70
     1
102
RTVSPost2010Prop49
280
     0
102
RTVSPost2010PropOp49
 70
     1
102
RTVSPost2010Prop50
 90
       50
102
RTVSPost2010PropOp50
 70
     1
102
RTVSPost2010Prop51ColorIndex
 90
      256
102
RTVSPost2010Prop51ColorRGB
 90
-16777216
102
RTVSPost2010PropOp51
 70
     0
102
RTVSPost2010Prop52
140
1.0
102
RTVSPost2010PropOp52
 70
     0
102
RTVSPost2010Prop53
 90
        2
102
RTVSPost2010PropOp53
 70
     1
102
RTVSPost2010Prop54
  1
strokes_ogs.tif
102
RTVSPost2010PropOp54
 70
     1
102
RTVSPost2010Prop55
280
     0
102
RTVSPost2010PropOp55
 70
     1
102
RTVSPost2010Prop56
140
1.0
102
RTVSPost2010PropOp56
 70
     1
102
RTVSPost2010Prop57
140
1.0
102
RTVSPost2010PropOp57
 70
     1
  0
XRECORD
  5
67C
102
{ACAD_REACTORS
330
67B
102
}
330
67B
100
AcDbXrecord
280
     1
102
RTVSPropertyOp0
 70
     1
102
RTVSPropertyOp1
 70
     1
102
RTVSPropertyOp2
 70
     1
102
RTVSPropertyOp3
 70
     1
102
RTVSPropertyOp4
 70
     1
102
RTVSPropertyOp5
 70
     1
102
RTVSPropertyOp6
 70
     1
102
RTVSPropertyOp7
 70
     1
102
RTVSPropertyOp8
 70
     1
102
RTVSPropertyOp9
 70
     1
102
RTVSPropertyOp10
 70
     1
102
RTVSPropertyOp11
 70
     1
102
RTVSPropertyOp12
 70
     1
102
RTVSPropertyOp13
 70
     1
102
RTVSPropertyOp14
 70
     1
102
RTVSPropertyOp15
 70
     1
102
RTVSPropertyOp16
 70
     1
102
RTVSPropertyOp17
 70
     1
102
RTVSPropertyOp18
 70
     1
102
RTVSPropertyOp19
 70
     1
102
RTVSPropertyOp20
 70
     1
102
RTVSPropertyOp21
 70
     1
102
RTVSPropertyOp22
 70
     1
102
RTVSPropertyOp23
 70
     1
102
RTVSPropertyOp24
 70
     1
102
RTVSPropertyOp25
 70
     1
102
RTVSPropertyOp26
 70
     1
102
RTVSPropertyOp27
 70
     1
102
RTVSPropertyOp28
 70
     1
102
RTVSPropertyOp29
 70
     1
102
RTVSPropertyOp30
 70
     1
102
RTVSPropertyOp31
 70
     1
102
RTVSPropertyOp32
 70
     1
102
RTVSPropertyOp33
 70
     1
102
RTVSPropertyOp34
 70
     1
102
RTVSPropertyOp35
 70
     1
102
RTVSPropertyOp36
 70
     1
102
RTVSPropertyOp37
 70
     1
102
RTVSPropertyOp38
 70
     1
102
RTVSPropertyOp39
 70
     1
102
RTVSPropertyOp40
 70
     1
102
RTVSPropertyOp41
 70
     1
102
RTVSPropertyOp42
 70
     1
102
RTVSPropertyOp43
 70
     1
102
RTVSPropertyOp44
 70
     1
102
RTVSPropertyOp45
 70
     1
102
RTVSPropertyOp46
 70
     1
102
RTVSPropertyOp47
 70
     1
102
RTVSPropertyOp48
 70
     1
102
RTVSPropertyOp49
 70
     1
102
RTVSPropertyOp50
 70
     1
102
RTVSPropertyOp51
 70
     0
102
RTVSPropertyOp52
 70
     0
102
RTVSPropertyOp53
 70
     1
102
RTVSPropertyOp54
 70
     1
102
RTVSPropertyOp55
 70
     1
102
RTVSPropertyOp56
 70
     1
102
RTVSPropertyOp57
 70
     1
102
RTVSPost2010Prop28
280
     0
102
RTVSPost2010PropOp28
 70
     1
102
RTVSPost2010Prop29
280
     1
102
RTVSPost2010PropOp29
 70
     1
102
RTVSPost2010Prop30
280
     1
102
RTVSPost2010PropOp30
 70
     1
102
RTVSPost2010Prop31
280
     0
102
RTVSPost2010PropOp31
 70
     1
102
RTVSPost2010Prop32
280
     0
102
RTVSPost2010PropOp32
 70
     1
102
RTVSPost2010Prop33
280
     0
102
RTVSPost2010PropOp33
 70
     1
102
RTVSPost2010Prop34
280
     0
102
RTVSPost2010PropOp34
 70
     1
102
RTVSPost2010Prop35
280
     0
102
RTVSPost2010PropOp35
 70
     1
102
RTVSPost2010Prop36
280
     0
102
RTVSPost2010PropOp36
 70
     1
102
RTVSPost2010Prop37
 90
       50
102
RTVSPost2010PropOp37
 70
     1
102
RTVSPost2010Prop38
140
0.0
102
RTVSPost2010PropOp38
 70
     1
102
RTVSPost2010Prop39
140
1.0
102
RTVSPost2010PropOp39
 70
     1
102
RTVSPost2010Prop40
 90
        0
102
RTVSPost2010PropOp40
 70
     1
102
RTVSPost2010Prop41ColorIndex
 90
       18
102
RTVSPost2010Prop41ColorRGB
 90
        0
102
RTVSPost2010PropOp41
 70
     1
102
RTVSPost2010Prop42
 90
       50
102
RTVSPost2010PropOp42
 70
     1
102
RTVSPost2010Prop43
 90
        3
102
RTVSPost2010PropOp43
 70
     1
102
RTVSPost2010Prop44ColorIndex
 90
        5
102
RTVSPost2010Prop44ColorRGB
 90
      255
102
RTVSPost2010PropOp44
 70
     1
102
RTVSPost2010Prop45
280
     0
102
RTVSPost2010PropOp45
 70
     1
102
RTVSPost2010Prop46
 90
       50
102
RTVSPost2010PropOp46
 70
     1
102
RTVSPost2010Prop47
 90
       50
102
RTVSPost2010PropOp47
 70
     1
102
RTVSPost2010Prop48
 90
       50
102
RTVSPost2010PropOp48
 70
     1
102
RTVSPost2010Prop49
280
     0
102
RTVSPost2010PropOp49
 70
     1
102
RTVSPost2010Prop50
 90
       50
102
RTVSPost2010PropOp50
 70
     1
102
RTVSPost2010Prop51ColorIndex
 90
      256
102
RTVSPost2010Prop51ColorRGB
 90
-16777216
102
RTVSPost2010PropOp51
 70
     0
102
RTVSPost2010Prop52
140
1.0
102
RTVSPost2010PropOp52
 70
     0
102
RTVSPost2010Prop53
 90
        2
102
RTVSPost2010PropOp53
 70
     1
102
RTVSPost2010Prop54
  1
strokes_ogs.tif
102
RTVSPost2010PropOp54
 70
     1
102
RTVSPost2010Prop55
280
     0
102
RTVSPost2010PropOp55
 70
     1
102
RTVSPost2010Prop56
140
1.0
102
RTVSPost2010PropOp56
 70
     1
102
RTVSPost2010Prop57
140
1.0
102
RTVSPost2010PropOp57
 70
     1
  0
XRECORD
  5
676
102
{ACAD_REACTORS
330
675
102
}
330
675
100
AcDbXrecord
280
     1
102
RTVSPropertyOp0
 70
     1
102
RTVSPropertyOp1
 70
     1
102
RTVSPropertyOp2
 70
     1
102
RTVSPropertyOp3
 70
     1
102
RTVSPropertyOp4
 70
     1
102
RTVSPropertyOp5
 70
     1
102
RTVSPropertyOp6
 70
     1
102
RTVSPropertyOp7
 70
     1
102
RTVSPropertyOp8
 70
     1
102
RTVSPropertyOp9
 70
     1
102
RTVSPropertyOp10
 70
     1
102
RTVSPropertyOp11
 70
     1
102
RTVSPropertyOp12
 70
     1
102
RTVSPropertyOp13
 70
     1
102
RTVSPropertyOp14
 70
     1
102
RTVSPropertyOp15
 70
     1
102
RTVSPropertyOp16
 70
     1
102
RTVSPropertyOp17
 70
     1
102
RTVSPropertyOp18
 70
     1
102
RTVSPropertyOp19
 70
     1
102
RTVSPropertyOp20
 70
     1
102
RTVSPropertyOp21
 70
     1
102
RTVSPropertyOp22
 70
     1
102
RTVSPropertyOp23
 70
     1
102
RTVSPropertyOp24
 70
     1
102
RTVSPropertyOp25
 70
     1
102
RTVSPropertyOp26
 70
     1
102
RTVSPropertyOp27
 70
     1
102
RTVSPropertyOp28
 70
     1
102
RTVSPropertyOp29
 70
     1
102
RTVSPropertyOp30
 70
     1
102
RTVSPropertyOp31
 70
     1
102
RTVSPropertyOp32
 70
     1
102
RTVSPropertyOp33
 70
     1
102
RTVSPropertyOp34
 70
     1
102
RTVSPropertyOp35
 70
     1
102
RTVSPropertyOp36
 70
     1
102
RTVSPropertyOp37
 70
     1
102
RTVSPropertyOp38
 70
     1
102
RTVSPropertyOp39
 70
     1
102
RTVSPropertyOp40
 70
     1
102
RTVSPropertyOp41
 70
     1
102
RTVSPropertyOp42
 70
     1
102
RTVSPropertyOp43
 70
     1
102
RTVSPropertyOp44
 70
     1
102
RTVSPropertyOp45
 70
     1
102
RTVSPropertyOp46
 70
     1
102
RTVSPropertyOp47
 70
     1
102
RTVSPropertyOp48
 70
     1
102
RTVSPropertyOp49
 70
     1
102
RTVSPropertyOp50
 70
     1
102
RTVSPropertyOp51
 70
     0
102
RTVSPropertyOp52
 70
     0
102
RTVSPropertyOp53
 70
     1
102
RTVSPropertyOp54
 70
     1
102
RTVSPropertyOp55
 70
     1
102
RTVSPropertyOp56
 70
     1
102
RTVSPropertyOp57
 70
     1
102
RTVSPost2010Prop28
280
     0
102
RTVSPost2010PropOp28
 70
     1
102
RTVSPost2010Prop29
280
     1
102
RTVSPost2010PropOp29
 70
     1
102
RTVSPost2010Prop30
280
     1
102
RTVSPost2010PropOp30
 70
     1
102
RTVSPost2010Prop31
280
     0
102
RTVSPost2010PropOp31
 70
     1
102
RTVSPost2010Prop32
280
     0
102
RTVSPost2010PropOp32
 70
     1
102
RTVSPost2010Prop33
280
     0
102
RTVSPost2010PropOp33
 70
     1
102
RTVSPost2010Prop34
280
     0
102
RTVSPost2010PropOp34
 70
     1
102
RTVSPost2010Prop35
280
     0
102
RTVSPost2010PropOp35
 70
     1
102
RTVSPost2010Prop36
280
     0
102
RTVSPost2010PropOp36
 70
     1
102
RTVSPost2010Prop37
 90
       50
102
RTVSPost2010PropOp37
 70
     1
102
RTVSPost2010Prop38
140
0.0
102
RTVSPost2010PropOp38
 70
     1
102
RTVSPost2010Prop39
140
1.0
102
RTVSPost2010PropOp39
 70
     1
102
RTVSPost2010Prop40
 90
        0
102
RTVSPost2010PropOp40
 70
     1
102
RTVSPost2010Prop41ColorIndex
 90
       18
102
RTVSPost2010Prop41ColorRGB
 90
        0
102
RTVSPost2010PropOp41
 70
     1
102
RTVSPost2010Prop42
 90
       50
102
RTVSPost2010PropOp42
 70
     1
102
RTVSPost2010Prop43
 90
        3
102
RTVSPost2010PropOp43
 70
     1
102
RTVSPost2010Prop44ColorIndex
 90
        5
102
RTVSPost2010Prop44ColorRGB
 90
      255
102
RTVSPost2010PropOp44
 70
     1
102
RTVSPost2010Prop45
280
     0
102
RTVSPost2010PropOp45
 70
     1
102
RTVSPost2010Prop46
 90
       50
102
RTVSPost2010PropOp46
 70
     1
102
RTVSPost2010Prop47
 90
       50
102
RTVSPost2010PropOp47
 70
     1
102
RTVSPost2010Prop48
 90
       50
102
RTVSPost2010PropOp48
 70
     1
102
RTVSPost2010Prop49
280
     0
102
RTVSPost2010PropOp49
 70
     1
102
RTVSPost2010Prop50
 90
       50
102
RTVSPost2010PropOp50
 70
     1
102
RTVSPost2010Prop51ColorIndex
 90
      256
102
RTVSPost2010Prop51ColorRGB
 90
-16777216
102
RTVSPost2010PropOp51
 70
     0
102
RTVSPost2010Prop52
140
1.0
102
RTVSPost2010PropOp52
 70
     0
102
RTVSPost2010Prop53
 90
        2
102
RTVSPost2010PropOp53
 70
     1
102
RTVSPost2010Prop54
  1
strokes_ogs.tif
102
RTVSPost2010PropOp54
 70
     1
102
RTVSPost2010Prop55
280
     0
102
RTVSPost2010PropOp55
 70
     1
102
RTVSPost2010Prop56
140
1.0
102
RTVSPost2010PropOp56
 70
     1
102
RTVSPost2010Prop57
140
1.0
102
RTVSPost2010PropOp57
 70
     1
  0
XRECORD
  5
678
102
{ACAD_REACTORS
330
677
102
}
330
677
100
AcDbXrecord
280
     1
102
RTVSPropertyOp0
 70
     1
102
RTVSPropertyOp1
 70
     1
102
RTVSPropertyOp2
 70
     1
102
RTVSPropertyOp3
 70
     1
102
RTVSPropertyOp4
 70
     1
102
RTVSPropertyOp5
 70
     1
102
RTVSPropertyOp6
 70
     1
102
RTVSPropertyOp7
 70
     1
102
RTVSPropertyOp8
 70
     1
102
RTVSPropertyOp9
 70
     1
102
RTVSPropertyOp10
 70
     1
102
RTVSPropertyOp11
 70
     1
102
RTVSPropertyOp12
 70
     1
102
RTVSPropertyOp13
 70
     1
102
RTVSPropertyOp14
 70
     1
102
RTVSPropertyOp15
 70
     1
102
RTVSPropertyOp16
 70
     1
102
RTVSPropertyOp17
 70
     1
102
RTVSPropertyOp18
 70
     1
102
RTVSPropertyOp19
 70
     1
102
RTVSPropertyOp20
 70
     1
102
RTVSPropertyOp21
 70
     1
102
RTVSPropertyOp22
 70
     1
102
RTVSPropertyOp23
 70
     1
102
RTVSPropertyOp24
 70
     1
102
RTVSPropertyOp25
 70
     1
102
RTVSPropertyOp26
 70
     1
102
RTVSPropertyOp27
 70
     1
102
RTVSPropertyOp28
 70
     1
102
RTVSPropertyOp29
 70
     1
102
RTVSPropertyOp30
 70
     1
102
RTVSPropertyOp31
 70
     1
102
RTVSPropertyOp32
 70
     1
102
RTVSPropertyOp33
 70
     1
102
RTVSPropertyOp34
 70
     1
102
RTVSPropertyOp35
 70
     1
102
RTVSPropertyOp36
 70
     1
102
RTVSPropertyOp37
 70
     1
102
RTVSPropertyOp38
 70
     1
102
RTVSPropertyOp39
 70
     1
102
RTVSPropertyOp40
 70
     1
102
RTVSPropertyOp41
 70
     1
102
RTVSPropertyOp42
 70
     1
102
RTVSPropertyOp43
 70
     1
102
RTVSPropertyOp44
 70
     1
102
RTVSPropertyOp45
 70
     1
102
RTVSPropertyOp46
 70
     1
102
RTVSPropertyOp47
 70
     1
102
RTVSPropertyOp48
 70
     1
102
RTVSPropertyOp49
 70
     1
102
RTVSPropertyOp50
 70
     1
102
RTVSPropertyOp51
 70
     0
102
RTVSPropertyOp52
 70
     0
102
RTVSPropertyOp53
 70
     1
102
RTVSPropertyOp54
 70
     1
102
RTVSPropertyOp55
 70
     1
102
RTVSPropertyOp56
 70
     1
102
RTVSPropertyOp57
 70
     1
102
RTVSPost2010Prop28
280
     0
102
RTVSPost2010PropOp28
 70
     1
102
RTVSPost2010Prop29
280
     1
102
RTVSPost2010PropOp29
 70
     1
102
RTVSPost2010Prop30
280
     1
102
RTVSPost2010PropOp30
 70
     1
102
RTVSPost2010Prop31
280
     0
102
RTVSPost2010PropOp31
 70
     1
102
RTVSPost2010Prop32
280
     0
102
RTVSPost2010PropOp32
 70
     1
102
RTVSPost2010Prop33
280
     0
102
RTVSPost2010PropOp33
 70
     1
102
RTVSPost2010Prop34
280
     0
102
RTVSPost2010PropOp34
 70
     1
102
RTVSPost2010Prop35
280
     0
102
RTVSPost2010PropOp35
 70
     1
102
RTVSPost2010Prop36
280
     0
102
RTVSPost2010PropOp36
 70
     1
102
RTVSPost2010Prop37
 90
       50
102
RTVSPost2010PropOp37
 70
     1
102
RTVSPost2010Prop38
140
0.0
102
RTVSPost2010PropOp38
 70
     1
102
RTVSPost2010Prop39
140
1.0
102
RTVSPost2010PropOp39
 70
     1
102
RTVSPost2010Prop40
 90
        0
102
RTVSPost2010PropOp40
 70
     1
102
RTVSPost2010Prop41ColorIndex
 90
       18
102
RTVSPost2010Prop41ColorRGB
 90
        0
102
RTVSPost2010PropOp41
 70
     1
102
RTVSPost2010Prop42
 90
       50
102
RTVSPost2010PropOp42
 70
     1
102
RTVSPost2010Prop43
 90
        3
102
RTVSPost2010PropOp43
 70
     1
102
RTVSPost2010Prop44ColorIndex
 90
        5
102
RTVSPost2010Prop44ColorRGB
 90
      255
102
RTVSPost2010PropOp44
 70
     1
102
RTVSPost2010Prop45
280
     0
102
RTVSPost2010PropOp45
 70
     1
102
RTVSPost2010Prop46
 90
       50
102
RTVSPost2010PropOp46
 70
     1
102
RTVSPost2010Prop47
 90
       50
102
RTVSPost2010PropOp47
 70
     1
102
RTVSPost2010Prop48
 90
       50
102
RTVSPost2010PropOp48
 70
     1
102
RTVSPost2010Prop49
280
     0
102
RTVSPost2010PropOp49
 70
     1
102
RTVSPost2010Prop50
 90
       50
102
RTVSPost2010PropOp50
 70
     1
102
RTVSPost2010Prop51ColorIndex
 90
      256
102
RTVSPost2010Prop51ColorRGB
 90
-16777216
102
RTVSPost2010PropOp51
 70
     0
102
RTVSPost2010Prop52
140
1.0
102
RTVSPost2010PropOp52
 70
     0
102
RTVSPost2010Prop53
 90
        2
102
RTVSPost2010PropOp53
 70
     1
102
RTVSPost2010Prop54
  1
strokes_ogs.tif
102
RTVSPost2010PropOp54
 70
     1
102
RTVSPost2010Prop55
280
     0
102
RTVSPost2010PropOp55
 70
     1
102
RTVSPost2010Prop56
140
1.0
102
RTVSPost2010PropOp56
 70
     1
102
RTVSPost2010Prop57
140
1.0
102
RTVSPost2010PropOp57
 70
     1
  0
XRECORD
  5
668
102
{ACAD_REACTORS
330
667
102
}
330
667
100
AcDbXrecord
280
     1
102
RTVSPropertyOp0
 70
     1
102
RTVSPropertyOp1
 70
     1
102
RTVSPropertyOp2
 70
     1
102
RTVSPropertyOp3
 70
     1
102
RTVSPropertyOp4
 70
     1
102
RTVSPropertyOp5
 70
     1
102
RTVSPropertyOp6
 70
     1
102
RTVSPropertyOp7
 70
     1
102
RTVSPropertyOp8
 70
     1
102
RTVSPropertyOp9
 70
     1
102
RTVSPropertyOp10
 70
     1
102
RTVSPropertyOp11
 70
     1
102
RTVSPropertyOp12
 70
     1
102
RTVSPropertyOp13
 70
     1
102
RTVSPropertyOp14
 70
     1
102
RTVSPropertyOp15
 70
     1
102
RTVSPropertyOp16
 70
     1
102
RTVSPropertyOp17
 70
     1
102
RTVSPropertyOp18
 70
     1
102
RTVSPropertyOp19
 70
     1
102
RTVSPropertyOp20
 70
     1
102
RTVSPropertyOp21
 70
     1
102
RTVSPropertyOp22
 70
     1
102
RTVSPropertyOp23
 70
     1
102
RTVSPropertyOp24
 70
     1
102
RTVSPropertyOp25
 70
     1
102
RTVSPropertyOp26
 70
     1
102
RTVSPropertyOp27
 70
     1
102
RTVSPropertyOp28
 70
     1
102
RTVSPropertyOp29
 70
     1
102
RTVSPropertyOp30
 70
     1
102
RTVSPropertyOp31
 70
     1
102
RTVSPropertyOp32
 70
     1
102
RTVSPropertyOp33
 70
     1
102
RTVSPropertyOp34
 70
     1
102
RTVSPropertyOp35
 70
     1
102
RTVSPropertyOp36
 70
     1
102
RTVSPropertyOp37
 70
     1
102
RTVSPropertyOp38
 70
     1
102
RTVSPropertyOp39
 70
     1
102
RTVSPropertyOp40
 70
     1
102
RTVSPropertyOp41
 70
     1
102
RTVSPropertyOp42
 70
     1
102
RTVSPropertyOp43
 70
     1
102
RTVSPropertyOp44
 70
     1
102
RTVSPropertyOp45
 70
     1
102
RTVSPropertyOp46
 70
     1
102
RTVSPropertyOp47
 70
     1
102
RTVSPropertyOp48
 70
     1
102
RTVSPropertyOp49
 70
     1
102
RTVSPropertyOp50
 70
     1
102
RTVSPropertyOp51
 70
     0
102
RTVSPropertyOp52
 70
     0
102
RTVSPropertyOp53
 70
     1
102
RTVSPropertyOp54
 70
     1
102
RTVSPropertyOp55
 70
     1
102
RTVSPropertyOp56
 70
     1
102
RTVSPropertyOp57
 70
     1
102
RTVSPost2010Prop28
280
     0
102
RTVSPost2010PropOp28
 70
     1
102
RTVSPost2010Prop29
280
     1
102
RTVSPost2010PropOp29
 70
     1
102
RTVSPost2010Prop30
280
     1
102
RTVSPost2010PropOp30
 70
     1
102
RTVSPost2010Prop31
280
     0
102
RTVSPost2010PropOp31
 70
     1
102
RTVSPost2010Prop32
280
     0
102
RTVSPost2010PropOp32
 70
     1
102
RTVSPost2010Prop33
280
     0
102
RTVSPost2010PropOp33
 70
     1
102
RTVSPost2010Prop34
280
     0
102
RTVSPost2010PropOp34
 70
     1
102
RTVSPost2010Prop35
280
     0
102
RTVSPost2010PropOp35
 70
     1
102
RTVSPost2010Prop36
280
     0
102
RTVSPost2010PropOp36
 70
     1
102
RTVSPost2010Prop37
 90
       50
102
RTVSPost2010PropOp37
 70
     1
102
RTVSPost2010Prop38
140
0.0
102
RTVSPost2010PropOp38
 70
     1
102
RTVSPost2010Prop39
140
1.0
102
RTVSPost2010PropOp39
 70
     1
102
RTVSPost2010Prop40
 90
        0
102
RTVSPost2010PropOp40
 70
     1
102
RTVSPost2010Prop41ColorIndex
 90
       18
102
RTVSPost2010Prop41ColorRGB
 90
        0
102
RTVSPost2010PropOp41
 70
     1
102
RTVSPost2010Prop42
 90
       50
102
RTVSPost2010PropOp42
 70
     1
102
RTVSPost2010Prop43
 90
        3
102
RTVSPost2010PropOp43
 70
     1
102
RTVSPost2010Prop44ColorIndex
 90
        5
102
RTVSPost2010Prop44ColorRGB
 90
      255
102
RTVSPost2010PropOp44
 70
     1
102
RTVSPost2010Prop45
280
     0
102
RTVSPost2010PropOp45
 70
     1
102
RTVSPost2010Prop46
 90
       50
102
RTVSPost2010PropOp46
 70
     1
102
RTVSPost2010Prop47
 90
       50
102
RTVSPost2010PropOp47
 70
     1
102
RTVSPost2010Prop48
 90
       50
102
RTVSPost2010PropOp48
 70
     1
102
RTVSPost2010Prop49
280
     0
102
RTVSPost2010PropOp49
 70
     1
102
RTVSPost2010Prop50
 90
       50
102
RTVSPost2010PropOp50
 70
     1
102
RTVSPost2010Prop51ColorIndex
 90
      256
102
RTVSPost2010Prop51ColorRGB
 90
-16777216
102
RTVSPost2010PropOp51
 70
     0
102
RTVSPost2010Prop52
140
1.0
102
RTVSPost2010PropOp52
 70
     0
102
RTVSPost2010Prop53
 90
        2
102
RTVSPost2010PropOp53
 70
     1
102
RTVSPost2010Prop54
  1
strokes_ogs.tif
102
RTVSPost2010PropOp54
 70
     1
102
RTVSPost2010Prop55
280
     0
102
RTVSPost2010PropOp55
 70
     1
102
RTVSPost2010Prop56
140
1.0
102
RTVSPost2010PropOp56
 70
     1
102
RTVSPost2010Prop57
140
1.0
102
RTVSPost2010PropOp57
 70
     1
  0
XRECORD
  5
65A
102
{ACAD_REACTORS
330
659
102
}
330
659
100
AcDbXrecord
280
     1
102
RTVSPropertyOp0
 70
     1
102
RTVSPropertyOp1
 70
     1
102
RTVSPropertyOp2
 70
     1
102
RTVSPropertyOp3
 70
     1
102
RTVSPropertyOp4
 70
     1
102
RTVSPropertyOp5
 70
     1
102
RTVSPropertyOp6
 70
     1
102
RTVSPropertyOp7
 70
     1
102
RTVSPropertyOp8
 70
     1
102
RTVSPropertyOp9
 70
     1
102
RTVSPropertyOp10
 70
     1
102
RTVSPropertyOp11
 70
     1
102
RTVSPropertyOp12
 70
     1
102
RTVSPropertyOp13
 70
     1
102
RTVSPropertyOp14
 70
     1
102
RTVSPropertyOp15
 70
     1
102
RTVSPropertyOp16
 70
     1
102
RTVSPropertyOp17
 70
     1
102
RTVSPropertyOp18
 70
     1
102
RTVSPropertyOp19
 70
     1
102
RTVSPropertyOp20
 70
     1
102
RTVSPropertyOp21
 70
     1
102
RTVSPropertyOp22
 70
     1
102
RTVSPropertyOp23
 70
     1
102
RTVSPropertyOp24
 70
     1
102
RTVSPropertyOp25
 70
     1
102
RTVSPropertyOp26
 70
     1
102
RTVSPropertyOp27
 70
     1
102
RTVSPropertyOp28
 70
     1
102
RTVSPropertyOp29
 70
     1
102
RTVSPropertyOp30
 70
     1
102
RTVSPropertyOp31
 70
     1
102
RTVSPropertyOp32
 70
     1
102
RTVSPropertyOp33
 70
     1
102
RTVSPropertyOp34
 70
     1
102
RTVSPropertyOp35
 70
     1
102
RTVSPropertyOp36
 70
     1
102
RTVSPropertyOp37
 70
     1
102
RTVSPropertyOp38
 70
     1
102
RTVSPropertyOp39
 70
     1
102
RTVSPropertyOp40
 70
     1
102
RTVSPropertyOp41
 70
     1
102
RTVSPropertyOp42
 70
     1
102
RTVSPropertyOp43
 70
     1
102
RTVSPropertyOp44
 70
     1
102
RTVSPropertyOp45
 70
     1
102
RTVSPropertyOp46
 70
     1
102
RTVSPropertyOp47
 70
     1
102
RTVSPropertyOp48
 70
     1
102
RTVSPropertyOp49
 70
     1
102
RTVSPropertyOp50
 70
     1
102
RTVSPropertyOp51
 70
     0
102
RTVSPropertyOp52
 70
     0
102
RTVSPropertyOp53
 70
     1
102
RTVSPropertyOp54
 70
     1
102
RTVSPropertyOp55
 70
     1
102
RTVSPropertyOp56
 70
     1
102
RTVSPropertyOp57
 70
     1
102
RTVSPost2010Prop28
280
     0
102
RTVSPost2010PropOp28
 70
     1
102
RTVSPost2010Prop29
280
     1
102
RTVSPost2010PropOp29
 70
     1
102
RTVSPost2010Prop30
280
     1
102
RTVSPost2010PropOp30
 70
     1
102
RTVSPost2010Prop31
280
     0
102
RTVSPost2010PropOp31
 70
     1
102
RTVSPost2010Prop32
280
     0
102
RTVSPost2010PropOp32
 70
     1
102
RTVSPost2010Prop33
280
     0
102
RTVSPost2010PropOp33
 70
     1
102
RTVSPost2010Prop34
280
     0
102
RTVSPost2010PropOp34
 70
     1
102
RTVSPost2010Prop35
280
     0
102
RTVSPost2010PropOp35
 70
     1
102
RTVSPost2010Prop36
280
     0
102
RTVSPost2010PropOp36
 70
     1
102
RTVSPost2010Prop37
 90
       50
102
RTVSPost2010PropOp37
 70
     1
102
RTVSPost2010Prop38
140
0.0
102
RTVSPost2010PropOp38
 70
     1
102
RTVSPost2010Prop39
140
1.0
102
RTVSPost2010PropOp39
 70
     1
102
RTVSPost2010Prop40
 90
        0
102
RTVSPost2010PropOp40
 70
     1
102
RTVSPost2010Prop41ColorIndex
 90
       18
102
RTVSPost2010Prop41ColorRGB
 90
        0
102
RTVSPost2010PropOp41
 70
     1
102
RTVSPost2010Prop42
 90
       50
102
RTVSPost2010PropOp42
 70
     1
102
RTVSPost2010Prop43
 90
        3
102
RTVSPost2010PropOp43
 70
     1
102
RTVSPost2010Prop44ColorIndex
 90
        5
102
RTVSPost2010Prop44ColorRGB
 90
      255
102
RTVSPost2010PropOp44
 70
     1
102
RTVSPost2010Prop45
280
     0
102
RTVSPost2010PropOp45
 70
     1
102
RTVSPost2010Prop46
 90
       50
102
RTVSPost2010PropOp46
 70
     1
102
RTVSPost2010Prop47
 90
       50
102
RTVSPost2010PropOp47
 70
     1
102
RTVSPost2010Prop48
 90
       50
102
RTVSPost2010PropOp48
 70
     1
102
RTVSPost2010Prop49
280
     0
102
RTVSPost2010PropOp49
 70
     1
102
RTVSPost2010Prop50
 90
       50
102
RTVSPost2010PropOp50
 70
     1
102
RTVSPost2010Prop51ColorIndex
 90
      256
102
RTVSPost2010Prop51ColorRGB
 90
-16777216
102
RTVSPost2010PropOp51
 70
     0
102
RTVSPost2010Prop52
140
1.0
102
RTVSPost2010PropOp52
 70
     0
102
RTVSPost2010Prop53
 90
        2
102
RTVSPost2010PropOp53
 70
     1
102
RTVSPost2010Prop54
  1
strokes_ogs.tif
102
RTVSPost2010PropOp54
 70
     1
102
RTVSPost2010Prop55
280
     0
102
RTVSPost2010PropOp55
 70
     1
102
RTVSPost2010Prop56
140
1.0
102
RTVSPost2010PropOp56
 70
     1
102
RTVSPost2010Prop57
140
1.0
102
RTVSPost2010PropOp57
 70
     1
  0
XRECORD
  5
67A
102
{ACAD_REACTORS
330
679
102
}
330
679
100
AcDbXrecord
280
     1
102
RTVSPropertyOp0
 70
     1
102
RTVSPropertyOp1
 70
     1
102
RTVSPropertyOp2
 70
     1
102
RTVSPropertyOp3
 70
     1
102
RTVSPropertyOp4
 70
     1
102
RTVSPropertyOp5
 70
     1
102
RTVSPropertyOp6
 70
     1
102
RTVSPropertyOp7
 70
     1
102
RTVSPropertyOp8
 70
     1
102
RTVSPropertyOp9
 70
     1
102
RTVSPropertyOp10
 70
     1
102
RTVSPropertyOp11
 70
     1
102
RTVSPropertyOp12
 70
     1
102
RTVSPropertyOp13
 70
     1
102
RTVSPropertyOp14
 70
     1
102
RTVSPropertyOp15
 70
     1
102
RTVSPropertyOp16
 70
     1
102
RTVSPropertyOp17
 70
     1
102
RTVSPropertyOp18
 70
     1
102
RTVSPropertyOp19
 70
     1
102
RTVSPropertyOp20
 70
     1
102
RTVSPropertyOp21
 70
     1
102
RTVSPropertyOp22
 70
     1
102
RTVSPropertyOp23
 70
     1
102
RTVSPropertyOp24
 70
     1
102
RTVSPropertyOp25
 70
     1
102
RTVSPropertyOp26
 70
     1
102
RTVSPropertyOp27
 70
     1
102
RTVSPropertyOp28
 70
     1
102
RTVSPropertyOp29
 70
     1
102
RTVSPropertyOp30
 70
     1
102
RTVSPropertyOp31
 70
     1
102
RTVSPropertyOp32
 70
     1
102
RTVSPropertyOp33
 70
     1
102
RTVSPropertyOp34
 70
     1
102
RTVSPropertyOp35
 70
     1
102
RTVSPropertyOp36
 70
     1
102
RTVSPropertyOp37
 70
     1
102
RTVSPropertyOp38
 70
     1
102
RTVSPropertyOp39
 70
     1
102
RTVSPropertyOp40
 70
     1
102
RTVSPropertyOp41
 70
     1
102
RTVSPropertyOp42
 70
     1
102
RTVSPropertyOp43
 70
     1
102
RTVSPropertyOp44
 70
     1
102
RTVSPropertyOp45
 70
     1
102
RTVSPropertyOp46
 70
     1
102
RTVSPropertyOp47
 70
     1
102
RTVSPropertyOp48
 70
     1
102
RTVSPropertyOp49
 70
     1
102
RTVSPropertyOp50
 70
     1
102
RTVSPropertyOp51
 70
     0
102
RTVSPropertyOp52
 70
     0
102
RTVSPropertyOp53
 70
     1
102
RTVSPropertyOp54
 70
     1
102
RTVSPropertyOp55
 70
     1
102
RTVSPropertyOp56
 70
     1
102
RTVSPropertyOp57
 70
     1
102
RTVSPost2010Prop28
280
     0
102
RTVSPost2010PropOp28
 70
     1
102
RTVSPost2010Prop29
280
     1
102
RTVSPost2010PropOp29
 70
     1
102
RTVSPost2010Prop30
280
     1
102
RTVSPost2010PropOp30
 70
     1
102
RTVSPost2010Prop31
280
     0
102
RTVSPost2010PropOp31
 70
     1
102
RTVSPost2010Prop32
280
     0
102
RTVSPost2010PropOp32
 70
     1
102
RTVSPost2010Prop33
280
     0
102
RTVSPost2010PropOp33
 70
     1
102
RTVSPost2010Prop34
280
     0
102
RTVSPost2010PropOp34
 70
     1
102
RTVSPost2010Prop35
280
     0
102
RTVSPost2010PropOp35
 70
     1
102
RTVSPost2010Prop36
280
     0
102
RTVSPost2010PropOp36
 70
     1
102
RTVSPost2010Prop37
 90
       50
102
RTVSPost2010PropOp37
 70
     1
102
RTVSPost2010Prop38
140
0.0
102
RTVSPost2010PropOp38
 70
     1
102
RTVSPost2010Prop39
140
1.0
102
RTVSPost2010PropOp39
 70
     1
102
RTVSPost2010Prop40
 90
        0
102
RTVSPost2010PropOp40
 70
     1
102
RTVSPost2010Prop41ColorIndex
 90
       18
102
RTVSPost2010Prop41ColorRGB
 90
        0
102
RTVSPost2010PropOp41
 70
     1
102
RTVSPost2010Prop42
 90
       50
102
RTVSPost2010PropOp42
 70
     1
102
RTVSPost2010Prop43
 90
        3
102
RTVSPost2010PropOp43
 70
     1
102
RTVSPost2010Prop44ColorIndex
 90
        5
102
RTVSPost2010Prop44ColorRGB
 90
      255
102
RTVSPost2010PropOp44
 70
     1
102
RTVSPost2010Prop45
280
     0
102
RTVSPost2010PropOp45
 70
     1
102
RTVSPost2010Prop46
 90
       50
102
RTVSPost2010PropOp46
 70
     1
102
RTVSPost2010Prop47
 90
       50
102
RTVSPost2010PropOp47
 70
     1
102
RTVSPost2010Prop48
 90
       50
102
RTVSPost2010PropOp48
 70
     1
102
RTVSPost2010Prop49
280
     0
102
RTVSPost2010PropOp49
 70
     1
102
RTVSPost2010Prop50
 90
       50
102
RTVSPost2010PropOp50
 70
     1
102
RTVSPost2010Prop51ColorIndex
 90
      256
102
RTVSPost2010Prop51ColorRGB
 90
-16777216
102
RTVSPost2010PropOp51
 70
     0
102
RTVSPost2010Prop52
140
1.0
102
RTVSPost2010PropOp52
 70
     0
102
RTVSPost2010Prop53
 90
        2
102
RTVSPost2010PropOp53
 70
     1
102
RTVSPost2010Prop54
  1
strokes_ogs.tif
102
RTVSPost2010PropOp54
 70
     1
102
RTVSPost2010Prop55
280
     0
102
RTVSPost2010PropOp55
 70
     1
102
RTVSPost2010Prop56
140
1.0
102
RTVSPost2010PropOp56
 70
     1
102
RTVSPost2010Prop57
140
1.0
102
RTVSPost2010PropOp57
 70
     1
  0
ENDSEC
  0
EOF
