  0
SECTION
  2
HEADER
  9
$ACADVER
  1
AC1015
  9
$ACADMAINTVER
 70
     6
  9
$DWGCODEPAGE
  3
ANSI_1252
  9
$INSBASE
 10
0.0
 20
0.0
 30
0.0
  9
$EXTMIN
 10
0.0
 20
0.0
 30
0.0
  9
$EXTMAX
 10
215.9
 20
279.4
 30
0.0
  9
$LIMMIN
 10
0.0
 20
0.0
  9
$LIMMAX
 10
215.9
 20
279.4
  9
$ORTHOMODE
 70
     0
  9
$REGENMODE
 70
     1
  9
$FILLMODE
 70
     1
  9
$QTEXTMODE
 70
     0
  9
$MIRRTEXT
 70
     1
  9
$LTSCALE
 40
1.0
  9
$ATTMODE
 70
     1
  9
$TEXTSIZE
 40
2.5
  9
$TRACEWID
 40
1.0
  9
$TEXTSTYLE
  7
Standard
  9
$CLAYER
  8
0
  9
$CELTYPE
  6
ByLayer
  9
$CECOLOR
 62
   256
  9
$CELTSCALE
 40
1.0
  9
$DISPSILH
 70
     0
  9
$DIMSCALE
 40
1.0
  9
$DIMASZ
 40
2.5
  9
$DIMEXO
 40
0.625
  9
$DIMDLI
 40
3.75
  9
$DIMRND
 40
0.0
  9
$DIMDLE
 40
0.0
  9
$DIMEXE
 40
1.25
  9
$DIMTP
 40
0.0
  9
$DIMTM
 40
0.0
  9
$DIMTXT
 40
2.5
  9
$DIMCEN
 40
2.5
  9
$DIMTSZ
 40
0.0
  9
$DIMTOL
 70
     0
  9
$DIMLIM
 70
     0
  9
$DIMTIH
 70
     0
  9
$DIMTOH
 70
     0
  9
$DIMSE1
 70
     0
  9
$DIMSE2
 70
     0
  9
$DIMTAD
 70
     1
  9
$DIMZIN
 70
     8
  9
$DIMBLK
  1

  9
$DIMASO
 70
     1
  9
$DIMSHO
 70
     1
  9
$DIMPOST
  1

  9
$DIMAPOST
  1

  9
$DIMALT
 70
     0
  9
$DIMALTD
 70
     3
  9
$DIMALTF
 40
0.0393700787
  9
$DIMLFAC
 40
1.0
  9
$DIMTOFL
 70
     1
  9
$DIMTVP
 40
0.0
  9
$DIMTIX
 70
     0
  9
$DIMSOXD
 70
     0
  9
$DIMSAH
 70
     0
  9
$DIMBLK1
  1

  9
$DIMBLK2
  1

  9
$DIMSTYLE
  2
ISO-25
  9
$DIMCLRD
 70
     0
  9
$DIMCLRE
 70
     0
  9
$DIMCLRT
 70
     0
  9
$DIMTFAC
 40
1.0
  9
$DIMGAP
 40
0.625
  9
$DIMJUST
 70
     0
  9
$DIMSD1
 70
     0
  9
$DIMSD2
 70
     0
  9
$DIMTOLJ
 70
     0
  9
$DIMTZIN
 70
     8
  9
$DIMALTZ
 70
     0
  9
$DIMALTTZ
 70
     0
  9
$DIMUPT
 70
     0
  9
$DIMDEC
 70
     2
  9
$DIMTDEC
 70
     2
  9
$DIMALTU
 70
     2
  9
$DIMALTTD
 70
     3
  9
$DIMTXSTY
  7
Standard
  9
$DIMAUNIT
 70
     0
  9
$DIMADEC
 70
     0
  9
$DIMALTRND
 40
0.0
  9
$DIMAZIN
 70
     0
  9
$DIMDSEP
 70
    44
  9
$DIMATFIT
 70
     3
  9
$DIMFRAC
 70
     0
  9
$DIMLDRBLK
  1

  9
$DIMLUNIT
 70
     2
  9
$DIMLWD
 70
    -2
  9
$DIMLWE
 70
    -2
  9
$DIMTMOVE
 70
     0
  9
$LUNITS
 70
     2
  9
$LUPREC
 70
     4
  9
$SKETCHINC
 40
1.0
  9
$FILLETRAD
 40
10.0
  9
$AUNITS
 70
     0
  9
$AUPREC
 70
     0
  9
$MENU
  1
.
  9
$ELEVATION
 40
0.0
  9
$PELEVATION
 40
0.0
  9
$THICKNESS
 40
0.0
  9
$LIMCHECK
 70
     0
  9
$CHAMFERA
 40
0.0
  9
$CHAMFERB
 40
0.0
  9
$CHAMFERC
 40
0.0
  9
$CHAMFERD
 40
0.0
  9
$SKPOLY
 70
     0
  9
$TDCREATE
 40
2457652.530937338
  9
$TDUCREATE
 40
2457652.447604005
  9
$TDUPDATE
 40
2457652.530938229
  9
$TDUUPDATE
 40
2457652.447604896
  9
$TDINDWG
 40
0.0000000116
  9
$TDUSRTIMER
 40
0.0000000116
  9
$USRTIMER
 70
     1
  9
$ANGBASE
 50
0.0
  9
$ANGDIR
 70
     0
  9
$PDMODE
 70
     0
  9
$PDSIZE
 40
0.0
  9
$PLINEWID
 40
0.0
  9
$SPLFRAME
 70
     0
  9
$SPLINETYPE
 70
     6
  9
$SPLINESEGS
 70
     8
  9
$HANDSEED
  5
1BE
  9
$SURFTAB1
 70
     6
  9
$SURFTAB2
 70
     6
  9
$SURFTYPE
 70
     6
  9
$SURFU
 70
     6
  9
$SURFV
 70
     6
  9
$UCSBASE
  2

  9
$UCSNAME
  2

  9
$UCSORG
 10
0.0
 20
0.0
 30
0.0
  9
$UCSXDIR
 10
1.0
 20
0.0
 30
0.0
  9
$UCSYDIR
 10
0.0
 20
1.0
 30
0.0
  9
$UCSORTHOREF
  2

  9
$UCSORTHOVIEW
 70
     0
  9
$UCSORGTOP
 10
0.0
 20
0.0
 30
0.0
  9
$UCSORGBOTTOM
 10
0.0
 20
0.0
 30
0.0
  9
$UCSORGLEFT
 10
0.0
 20
0.0
 30
0.0
  9
$UCSORGRIGHT
 10
0.0
 20
0.0
 30
0.0
  9
$UCSORGFRONT
 10
0.0
 20
0.0
 30
0.0
  9
$UCSORGBACK
 10
0.0
 20
0.0
 30
0.0
  9
$PUCSBASE
  2

  9
$PUCSNAME
  2

  9
$PUCSORG
 10
0.0
 20
0.0
 30
0.0
  9
$PUCSXDIR
 10
1.0
 20
0.0
 30
0.0
  9
$PUCSYDIR
 10
0.0
 20
1.0
 30
0.0
  9
$PUCSORTHOREF
  2

  9
$PUCSORTHOVIEW
 70
     0
  9
$PUCSORGTOP
 10
0.0
 20
0.0
 30
0.0
  9
$PUCSORGBOTTOM
 10
0.0
 20
0.0
 30
0.0
  9
$PUCSORGLEFT
 10
0.0
 20
0.0
 30
0.0
  9
$PUCSORGRIGHT
 10
0.0
 20
0.0
 30
0.0
  9
$PUCSORGFRONT
 10
0.0
 20
0.0
 30
0.0
  9
$PUCSORGBACK
 10
0.0
 20
0.0
 30
0.0
  9
$USERI1
 70
     0
  9
$USERI2
 70
     0
  9
$USERI3
 70
     0
  9
$USERI4
 70
     0
  9
$USERI5
 70
     0
  9
$USERR1
 40
0.0
  9
$USERR2
 40
0.0
  9
$USERR3
 40
0.0
  9
$USERR4
 40
0.0
  9
$USERR5
 40
0.0
  9
$WORLDVIEW
 70
     1
  9
$SHADEDGE
 70
     3
  9
$SHADEDIF
 70
    70
  9
$TILEMODE
 70
     1
  9
$MAXACTVP
 70
    64
  9
$PINSBASE
 10
0.0
 20
0.0
 30
0.0
  9
$PLIMCHECK
 70
     0
  9
$PEXTMIN
 10
0.0
 20
0.0
 30
0.0
  9
$PEXTMAX
 10
215.9
 20
279.4
 30
0.0
  9
$PLIMMIN
 10
0.0
 20
0.0
  9
$PLIMMAX
 10
215.9
 20
279.4
  9
$UNITMODE
 70
     0
  9
$VISRETAIN
 70
     1
  9
$PLINEGEN
 70
     0
  9
$PSLTSCALE
 70
     1
  9
$TREEDEPTH
 70
  3020
  9
$CMLSTYLE
  2
Standard
  9
$CMLJUST
 70
     0
  9
$CMLSCALE
 40
20.0
  9
$PROXYGRAPHICS
 70
     1
  9
$MEASUREMENT
 70
     1
  9
$CELWEIGHT
370
    -1
  9
$ENDCAPS
280
     0
  9
$JOINSTYLE
280
     0
  9
$LWDISPLAY
290
     0
  9
$INSUNITS
 70
     4
  9
$HYPERLINKBASE
  1

  9
$STYLESHEET
  1

  9
$XEDIT
290
     1
  9
$CEPSNTYPE
380
     0
  9
$PSTYLEMODE
290
     1
  9
$FINGERPRINTGUID
  2
{C3AA420E-CE39-4659-9750-E1DE0088DD34}
  9
$VERSIONGUID
  2
{FAEB1C32-E019-11D5-929B-00C0DF256EC4}
  9
$EXTNAMES
290
     1
  9
$PSVPSCALE
 40
0.0
  9
$OLESTARTUP
290
     0
  0
ENDSEC
  0
SECTION
  2
CLASSES
  0
CLASS
  1
ACDBDICTIONARYWDFLT
  2
AcDbDictionaryWithDefault
  3
ObjectDBX Classes
 90
        0
280
     0
281
     0
  0
CLASS
  1
VISUALSTYLE
  2
AcDbVisualStyle
  3
ObjectDBX Classes
 90
     4095
280
     0
281
     0
  0
CLASS
  1
MATERIAL
  2
AcDbMaterial
  3
ObjectDBX Classes
 90
     1153
280
     0
281
     0
  0
CLASS
  1
SCALE
  2
AcDbScale
  3
ObjectDBX Classes
 90
     1153
280
     0
281
     0
  0
CLASS
  1
SUN
  2
AcDbSun
  3
SCENEOE
 90
     1153
280
     0
281
     0
  0
CLASS
  1
DICTIONARYVAR
  2
AcDbDictionaryVar
  3
ObjectDBX Classes
 90
        0
280
     0
281
     0
  0
CLASS
  1
ACDBPLACEHOLDER
  2
AcDbPlaceHolder
  3
ObjectDBX Classes
 90
        0
280
     0
281
     0
  0
CLASS
  1
LAYOUT
  2
AcDbLayout
  3
ObjectDBX Classes
 90
        0
280
     0
281
     0
  0
ENDSEC
  0
SECTION
  2
TABLES
  0
TABLE
  2
VPORT
  5
8
330
0
100
AcDbSymbolTable
 70
     1
  0
VPORT
  5
29
330
8
100
AcDbSymbolTableRecord
100
AcDbViewportTableRecord
  2
*Active
 70
     0
 10
0.0
 20
0.0
 11
1.0
 21
1.0
 12
344.1869158879
 22
148.5
 13
0.0
 23
0.0
 14
10.0
 24
10.0
 15
10.0
 25
10.0
 16
0.0
 26
0.0
 36
1.0
 17
0.0
 27
0.0
 37
0.0
 40
297.0
 41
1.9729729729
 42
50.0
 43
0.0
 44
0.0
 50
0.0
 51
0.0
 71
     0
 72
   100
 73
     1
 74
     3
 75
     0
 76
     0
 77
     0
 78
     0
281
     0
 65
     1
110
0.0
120
0.0
130
0.0
111
1.0
121
0.0
131
0.0
112
0.0
122
1.0
132
0.0
 79
     0
146
0.0
  0
ENDTAB
  0
TABLE
  2
LTYPE
  5
5
330
0
100
AcDbSymbolTable
 70
     1
  0
LTYPE
  5
14
330
5
100
AcDbSymbolTableRecord
100
AcDbLinetypeTableRecord
  2
ByBlock
 70
     0
  3

 72
    65
 73
     0
 40
0.0
  0
LTYPE
  5
15
330
5
100
AcDbSymbolTableRecord
100
AcDbLinetypeTableRecord
  2
ByLayer
 70
     0
  3

 72
    65
 73
     0
 40
0.0
  0
LTYPE
  5
16
330
5
100
AcDbSymbolTableRecord
100
AcDbLinetypeTableRecord
  2
Continuous
 70
     0
  3
Solid line
 72
    65
 73
     0
 40
0.0
  0
ENDTAB
  0
TABLE
  2
LAYER
  5
2
330
0
100
AcDbSymbolTable
 70
     3
  0
LAYER
  5
10
330
2
100
AcDbSymbolTableRecord
100
AcDbLayerTableRecord
  2
0
 70
     0
 62
     7
  6
Continuous
370
    -3
390
F
  0
LAYER
  5
6A
330
2
100
AcDbSymbolTableRecord
100
AcDbLayerTableRecord
  2
20
 70
     0
 62
     7
  6
Continuous
370
    -3
390
F
  0
LAYER
  5
A9
330
2
100
AcDbSymbolTableRecord
100
AcDbLayerTableRecord
  2
32
 70
     0
 62
     7
  6
Continuous
370
    -3
390
F
  0
ENDTAB
  0
TABLE
  2
STYLE
  5
3
330
0
100
AcDbSymbolTable
 70
     1
  0
STYLE
  5
11
330
3
100
AcDbSymbolTableRecord
100
AcDbTextStyleTableRecord
  2
Standard
 70
     0
 40
0.0
 41
1.0
 50
0.0
 71
     0
 42
2.5
  3
txt
  4

  0
ENDTAB
  0
TABLE
  2
VIEW
  5
6
330
0
100
AcDbSymbolTable
 70
     0
  0
ENDTAB
  0
TABLE
  2
UCS
  5
7
330
0
100
AcDbSymbolTable
 70
     0
  0
ENDTAB
  0
TABLE
  2
APPID
  5
9
330
0
100
AcDbSymbolTable
 70
     1
  0
APPID
  5
12
330
9
100
AcDbSymbolTableRecord
100
AcDbRegAppTableRecord
  2
ACAD
 70
     0
  0
ENDTAB
  0
TABLE
  2
DIMSTYLE
  5
A
330
0
100
AcDbSymbolTable
 70
     1
100
AcDbDimStyleTable
  0
DIMSTYLE
105
27
330
A
100
AcDbSymbolTableRecord
100
AcDbDimStyleTableRecord
  2
ISO-25
 70
     0
 41
2.5
 42
0.625
 43
3.75
 44
1.25
 73
     0
 74
     0
 77
     1
 78
     8
140
2.5
141
2.5
143
0.0393700787
147
0.625
171
     3
172
     1
178
     0
271
     2
272
     2
274
     3
278
    44
283
     0
284
     8
340
11
  0
ENDTAB
  0
TABLE
  2
BLOCK_RECORD
  5
1
330
0
100
AcDbSymbolTable
 70
    37
  0
BLOCK_RECORD
  5
1F
330
1
100
AcDbSymbolTableRecord
100
AcDbBlockTableRecord
  2
*Model_Space
340
22
  0
BLOCK_RECORD
  5
1B
330
1
100
AcDbSymbolTableRecord
100
AcDbBlockTableRecord
  2
*Paper_Space
340
1E
  0
BLOCK_RECORD
  5
A5
330
1
100
AcDbSymbolTableRecord
100
AcDbBlockTableRecord
  2
RECT162560X223520R25_View_1
340
0
102
{BLKREFS
331
AA
331
AB
102
}
  0
BLOCK_RECORD
  5
AC
330
1
100
AcDbSymbolTableRecord
100
AcDbBlockTableRecord
  2
RECT162560X223520R25_View_2
340
0
102
{BLKREFS
331
B0
331
B1
102
}
  0
BLOCK_RECORD
  5
B2
330
1
100
AcDbSymbolTableRecord
100
AcDbBlockTableRecord
  2
RECT162560X223520R25_View_3
340
0
102
{BLKREFS
331
B6
331
B7
102
}
  0
BLOCK_RECORD
  5
B8
330
1
100
AcDbSymbolTableRecord
100
AcDbBlockTableRecord
  2
RECT162560X223520R25_View_4
340
0
102
{BLKREFS
331
BC
331
BD
102
}
  0
BLOCK_RECORD
  5
BE
330
1
100
AcDbSymbolTableRecord
100
AcDbBlockTableRecord
  2
RECT162560X223520R25_View_5
340
0
102
{BLKREFS
331
C2
331
C3
102
}
  0
BLOCK_RECORD
  5
C4
330
1
100
AcDbSymbolTableRecord
100
AcDbBlockTableRecord
  2
RECT162560X223520R25_View_6
340
0
102
{BLKREFS
331
C8
331
C9
102
}
  0
BLOCK_RECORD
  5
CA
330
1
100
AcDbSymbolTableRecord
100
AcDbBlockTableRecord
  2
RECT162560X223520R25_View_7
340
0
102
{BLKREFS
331
CE
331
CF
102
}
  0
BLOCK_RECORD
  5
D0
330
1
100
AcDbSymbolTableRecord
100
AcDbBlockTableRecord
  2
RECT325120X584000R75_View_8
340
0
102
{BLKREFS
331
D4
331
D5
102
}
  0
BLOCK_RECORD
  5
D6
330
1
100
AcDbSymbolTableRecord
100
AcDbBlockTableRecord
  2
RECT325120X584000R75_View_9
340
0
102
{BLKREFS
331
DA
331
DB
102
}
  0
BLOCK_RECORD
  5
DC
330
1
100
AcDbSymbolTableRecord
100
AcDbBlockTableRecord
  2
RECT325120X584000R75_View_10
340
0
102
{BLKREFS
331
E0
102
}
  0
BLOCK_RECORD
  5
E1
330
1
100
AcDbSymbolTableRecord
100
AcDbBlockTableRecord
  2
RECT162560X223520R25_View_11
340
0
102
{BLKREFS
331
E5
331
E6
102
}
  0
BLOCK_RECORD
  5
E7
330
1
100
AcDbSymbolTableRecord
100
AcDbBlockTableRecord
  2
RECT162560X223520R25_View_12
340
0
102
{BLKREFS
331
EB
331
EC
102
}
  0
BLOCK_RECORD
  5
ED
330
1
100
AcDbSymbolTableRecord
100
AcDbBlockTableRecord
  2
RECT162560X223520R25_View_13
340
0
102
{BLKREFS
331
F1
331
F2
102
}
  0
BLOCK_RECORD
  5
F3
330
1
100
AcDbSymbolTableRecord
100
AcDbBlockTableRecord
  2
RECT162560X223520R25_View_15
340
0
102
{BLKREFS
331
F7
331
F8
102
}
  0
BLOCK_RECORD
  5
F9
330
1
100
AcDbSymbolTableRecord
100
AcDbBlockTableRecord
  2
RECT162560X223520R25_View_16
340
0
102
{BLKREFS
331
FD
331
FE
102
}
  0
BLOCK_RECORD
  5
FF
330
1
100
AcDbSymbolTableRecord
100
AcDbBlockTableRecord
  2
RECT162560X223520R25_View_17
340
0
102
{BLKREFS
331
103
331
104
102
}
  0
BLOCK_RECORD
  5
105
330
1
100
AcDbSymbolTableRecord
100
AcDbBlockTableRecord
  2
RECT162560X223520R25_View_18
340
0
102
{BLKREFS
331
109
331
10A
102
}
  0
BLOCK_RECORD
  5
10B
330
1
100
AcDbSymbolTableRecord
100
AcDbBlockTableRecord
  2
RECT162560X223520R25_View_19
340
0
102
{BLKREFS
331
10F
331
110
102
}
  0
BLOCK_RECORD
  5
111
330
1
100
AcDbSymbolTableRecord
100
AcDbBlockTableRecord
  2
RECT162560X223520R25_View_20
340
0
102
{BLKREFS
331
115
331
116
102
}
  0
BLOCK_RECORD
  5
117
330
1
100
AcDbSymbolTableRecord
100
AcDbBlockTableRecord
  2
RECT162560X223520R25_View_21
340
0
102
{BLKREFS
331
11B
331
11C
102
}
  0
BLOCK_RECORD
  5
11D
330
1
100
AcDbSymbolTableRecord
100
AcDbBlockTableRecord
  2
RECT162560X223520R25_View_22
340
0
102
{BLKREFS
331
121
331
122
102
}
  0
BLOCK_RECORD
  5
123
330
1
100
AcDbSymbolTableRecord
100
AcDbBlockTableRecord
  2
RECT162560X223520R25_View_23
340
0
102
{BLKREFS
331
127
331
128
102
}
  0
BLOCK_RECORD
  5
129
330
1
100
AcDbSymbolTableRecord
100
AcDbBlockTableRecord
  2
RECT162560X223520R25_View_25
340
0
102
{BLKREFS
331
12D
331
12E
102
}
  0
BLOCK_RECORD
  5
12F
330
1
100
AcDbSymbolTableRecord
100
AcDbBlockTableRecord
  2
RECT162560X223520R25_View_26
340
0
102
{BLKREFS
331
133
331
134
102
}
  0
BLOCK_RECORD
  5
135
330
1
100
AcDbSymbolTableRecord
100
AcDbBlockTableRecord
  2
RECT162560X223520R25_View_27
340
0
102
{BLKREFS
331
139
331
13A
102
}
  0
BLOCK_RECORD
  5
13B
330
1
100
AcDbSymbolTableRecord
100
AcDbBlockTableRecord
  2
RECT162560X223520R25_View_28
340
0
102
{BLKREFS
331
13F
331
140
102
}
  0
BLOCK_RECORD
  5
141
330
1
100
AcDbSymbolTableRecord
100
AcDbBlockTableRecord
  2
RECT162560X223520R25_View_30
340
0
102
{BLKREFS
331
145
331
146
102
}
  0
BLOCK_RECORD
  5
147
330
1
100
AcDbSymbolTableRecord
100
AcDbBlockTableRecord
  2
RECT162560X223520R25_View_31
340
0
102
{BLKREFS
331
14B
331
14C
102
}
  0
BLOCK_RECORD
  5
14D
330
1
100
AcDbSymbolTableRecord
100
AcDbBlockTableRecord
  2
RECT162560X223520R25_View_32
340
0
102
{BLKREFS
331
151
331
152
102
}
  0
BLOCK_RECORD
  5
153
330
1
100
AcDbSymbolTableRecord
100
AcDbBlockTableRecord
  2
RECT162560X223520R25_View_34
340
0
102
{BLKREFS
331
157
331
158
102
}
  0
BLOCK_RECORD
  5
159
330
1
100
AcDbSymbolTableRecord
100
AcDbBlockTableRecord
  2
RECT162560X223520R25_View_35
340
0
102
{BLKREFS
331
15D
331
15E
102
}
  0
BLOCK_RECORD
  5
15F
330
1
100
AcDbSymbolTableRecord
100
AcDbBlockTableRecord
  2
RECT162560X223520R25_View_36
340
0
102
{BLKREFS
331
163
331
164
102
}
  0
BLOCK_RECORD
  5
165
330
1
100
AcDbSymbolTableRecord
100
AcDbBlockTableRecord
  2
RECT162560X223520R25_View_37
340
0
102
{BLKREFS
331
169
331
16A
102
}
  0
BLOCK_RECORD
  5
16B
330
1
100
AcDbSymbolTableRecord
100
AcDbBlockTableRecord
  2
RECT162560X223520R25_View_38
340
0
102
{BLKREFS
331
16F
331
170
102
}
  0
BLOCK_RECORD
  5
171
330
1
100
AcDbSymbolTableRecord
100
AcDbBlockTableRecord
  2
RECT162560X223520R25_View_39
340
0
102
{BLKREFS
331
175
331
176
102
}
  0
BLOCK_RECORD
  5
177
330
1
100
AcDbSymbolTableRecord
100
AcDbBlockTableRecord
  2
RECT162560X223520R25_View_41
340
0
102
{BLKREFS
331
17B
331
17C
102
}
  0
ENDTAB
  0
ENDSEC
  0
SECTION
  2
BLOCKS
  0
BLOCK
  5
20
330
1F
100
AcDbEntity
  8
0
100
AcDbBlockBegin
  2
*Model_Space
 70
     0
 10
0.0
 20
0.0
 30
0.0
  3
*Model_Space
  1
*Model_Space
  0
ENDBLK
  5
21
330
1F
100
AcDbEntity
  8
0
100
AcDbBlockEnd
  0
BLOCK
  5
1C
330
1B
100
AcDbEntity
 67
     1
  8
0
100
AcDbBlockBegin
  2
*Paper_Space
 70
     0
 10
0.0
 20
0.0
 30
0.0
  3
*Paper_Space
  1
*Paper_Space
  0
ENDBLK
  5
1D
330
1B
100
AcDbEntity
 67
     1
  8
0
100
AcDbBlockEnd
  0
BLOCK
  5
A7
330
A5
100
AcDbEntity
  8
0
100
AcDbBlockBegin
  2
RECT162560X223520R25_View_1
 70
     0
 10
0.0
 20
0.0
 30
0.0
  3
RECT162560X223520R25_View_1
  1
RECT162560X223520R25_View_1
  0
LWPOLYLINE
  5
A6
330
A5
100
AcDbEntity
  8
0
  6
Continuous
 62
     7
370
    30
100
AcDbPolyline
 90
        9
 70
     1
 43
0.00035
 10
1.016
 20
0.127
 10
1.016
 20
1.27
 42
0.4142
 10
0.889
 20
1.397
 10
0.127
 20
1.397
 42
0.4142
 10
0.0
 20
1.27
 10
0.0
 20
0.127
 42
0.4142
 10
0.127
 20
0.0
 10
0.889
 20
0.0
 42
0.4142067812
 10
1.016
 20
0.1270029404
 42
0.4142067812
  0
ENDBLK
  5
A8
330
A5
100
AcDbEntity
  8
0
100
AcDbBlockEnd
  0
BLOCK
  5
AE
330
AC
100
AcDbEntity
  8
0
100
AcDbBlockBegin
  2
RECT162560X223520R25_View_2
 70
     0
 10
0.0
 20
0.0
 30
0.0
  3
RECT162560X223520R25_View_2
  1
RECT162560X223520R25_View_2
  0
LWPOLYLINE
  5
AD
330
AC
100
AcDbEntity
  8
0
  6
Continuous
 62
     7
370
    30
100
AcDbPolyline
 90
        9
 70
     1
 43
0.00035
 10
1.016
 20
0.127
 10
1.016
 20
1.27
 42
0.4142
 10
0.889
 20
1.397
 10
0.127
 20
1.397
 42
0.4142
 10
0.0
 20
1.27
 10
0.0
 20
0.127
 42
0.4142
 10
0.127
 20
0.0
 10
0.889
 20
0.0
 42
0.4142067812
 10
1.016
 20
0.1270029404
 42
0.4142067812
  0
ENDBLK
  5
AF
330
AC
100
AcDbEntity
  8
0
100
AcDbBlockEnd
  0
BLOCK
  5
B4
330
B2
100
AcDbEntity
  8
0
100
AcDbBlockBegin
  2
RECT162560X223520R25_View_3
 70
     0
 10
0.0
 20
0.0
 30
0.0
  3
RECT162560X223520R25_View_3
  1
RECT162560X223520R25_View_3
  0
LWPOLYLINE
  5
B3
330
B2
100
AcDbEntity
  8
0
  6
Continuous
 62
     7
370
    30
100
AcDbPolyline
 90
        9
 70
     1
 43
0.00035
 10
1.016
 20
0.127
 10
1.016
 20
1.27
 42
0.4142
 10
0.889
 20
1.397
 10
0.127
 20
1.397
 42
0.4142
 10
0.0
 20
1.27
 10
0.0
 20
0.127
 42
0.4142
 10
0.127
 20
0.0
 10
0.889
 20
0.0
 42
0.4142067812
 10
1.016
 20
0.1270029404
 42
0.4142067812
  0
ENDBLK
  5
B5
330
B2
100
AcDbEntity
  8
0
100
AcDbBlockEnd
  0
BLOCK
  5
BA
330
B8
100
AcDbEntity
  8
0
100
AcDbBlockBegin
  2
RECT162560X223520R25_View_4
 70
     0
 10
0.0
 20
0.0
 30
0.0
  3
RECT162560X223520R25_View_4
  1
RECT162560X223520R25_View_4
  0
LWPOLYLINE
  5
B9
330
B8
100
AcDbEntity
  8
0
  6
Continuous
 62
     7
370
    30
100
AcDbPolyline
 90
        9
 70
     1
 43
0.00035
 10
1.016
 20
0.127
 10
1.016
 20
1.27
 42
0.4142
 10
0.889
 20
1.397
 10
0.127
 20
1.397
 42
0.4142
 10
0.0
 20
1.27
 10
0.0
 20
0.127
 42
0.4142
 10
0.127
 20
0.0
 10
0.889
 20
0.0
 42
0.4142067812
 10
1.016
 20
0.1270029404
 42
0.4142067812
  0
ENDBLK
  5
BB
330
B8
100
AcDbEntity
  8
0
100
AcDbBlockEnd
  0
BLOCK
  5
C0
330
BE
100
AcDbEntity
  8
0
100
AcDbBlockBegin
  2
RECT162560X223520R25_View_5
 70
     0
 10
0.0
 20
0.0
 30
0.0
  3
RECT162560X223520R25_View_5
  1
RECT162560X223520R25_View_5
  0
LWPOLYLINE
  5
BF
330
BE
100
AcDbEntity
  8
0
  6
Continuous
 62
     7
370
    30
100
AcDbPolyline
 90
        9
 70
     1
 43
0.00035
 10
1.016
 20
0.127
 10
1.016
 20
1.27
 42
0.4142
 10
0.889
 20
1.397
 10
0.127
 20
1.397
 42
0.4142
 10
0.0
 20
1.27
 10
0.0
 20
0.127
 42
0.4142
 10
0.127
 20
0.0
 10
0.889
 20
0.0
 42
0.4142067812
 10
1.016
 20
0.1270029404
 42
0.4142067812
  0
ENDBLK
  5
C1
330
BE
100
AcDbEntity
  8
0
100
AcDbBlockEnd
  0
BLOCK
  5
C6
330
C4
100
AcDbEntity
  8
0
100
AcDbBlockBegin
  2
RECT162560X223520R25_View_6
 70
     0
 10
0.0
 20
0.0
 30
0.0
  3
RECT162560X223520R25_View_6
  1
RECT162560X223520R25_View_6
  0
LWPOLYLINE
  5
C5
330
C4
100
AcDbEntity
  8
0
  6
Continuous
 62
     7
370
    30
100
AcDbPolyline
 90
        9
 70
     1
 43
0.00035
 10
1.016
 20
0.127
 10
1.016
 20
1.27
 42
0.4142
 10
0.889
 20
1.397
 10
0.127
 20
1.397
 42
0.4142
 10
0.0
 20
1.27
 10
0.0
 20
0.127
 42
0.4142
 10
0.127
 20
0.0
 10
0.889
 20
0.0
 42
0.4142067812
 10
1.016
 20
0.1270029404
 42
0.4142067812
  0
ENDBLK
  5
C7
330
C4
100
AcDbEntity
  8
0
100
AcDbBlockEnd
  0
BLOCK
  5
CC
330
CA
100
AcDbEntity
  8
0
100
AcDbBlockBegin
  2
RECT162560X223520R25_View_7
 70
     0
 10
0.0
 20
0.0
 30
0.0
  3
RECT162560X223520R25_View_7
  1
RECT162560X223520R25_View_7
  0
LWPOLYLINE
  5
CB
330
CA
100
AcDbEntity
  8
0
  6
Continuous
 62
     7
370
    30
100
AcDbPolyline
 90
        9
 70
     1
 43
0.00035
 10
1.016
 20
0.127
 10
1.016
 20
1.27
 42
0.4142
 10
0.889
 20
1.397
 10
0.127
 20
1.397
 42
0.4142
 10
0.0
 20
1.27
 10
0.0
 20
0.127
 42
0.4142
 10
0.127
 20
0.0
 10
0.889
 20
0.0
 42
0.4142067812
 10
1.016
 20
0.1270029404
 42
0.4142067812
  0
ENDBLK
  5
CD
330
CA
100
AcDbEntity
  8
0
100
AcDbBlockEnd
  0
BLOCK
  5
D2
330
D0
100
AcDbEntity
  8
0
100
AcDbBlockBegin
  2
RECT325120X584000R75_View_8
 70
     0
 10
0.0
 20
0.0
 30
0.0
  3
RECT325120X584000R75_View_8
  1
RECT325120X584000R75_View_8
  0
LWPOLYLINE
  5
D1
330
D0
100
AcDbEntity
  8
0
  6
Continuous
 62
     7
370
    30
100
AcDbPolyline
 90
        9
 70
     1
 43
0.00035
 10
2.032
 20
0.762
 10
2.032
 20
2.888
 42
0.4142
 10
1.27
 20
3.65
 10
0.762
 20
3.65
 42
0.4142
 10
0.0
 20
2.888
 10
0.0
 20
0.762
 42
0.4142
 10
0.762
 20
0.0
 10
1.27
 20
0.0
 42
0.4142
 10
2.032
 20
0.762
 42
0.4142
  0
ENDBLK
  5
D3
330
D0
100
AcDbEntity
  8
0
100
AcDbBlockEnd
  0
BLOCK
  5
D8
330
D6
100
AcDbEntity
  8
0
100
AcDbBlockBegin
  2
RECT325120X584000R75_View_9
 70
     0
 10
0.0
 20
0.0
 30
0.0
  3
RECT325120X584000R75_View_9
  1
RECT325120X584000R75_View_9
  0
LWPOLYLINE
  5
D7
330
D6
100
AcDbEntity
  8
0
  6
Continuous
 62
     7
370
    30
100
AcDbPolyline
 90
        9
 70
     1
 43
0.00035
 10
2.032
 20
0.762
 10
2.032
 20
2.888
 42
0.4142
 10
1.27
 20
3.65
 10
0.762
 20
3.65
 42
0.4142
 10
0.0
 20
2.888
 10
0.0
 20
0.762
 42
0.4142
 10
0.762
 20
0.0
 10
1.27
 20
0.0
 42
0.4142
 10
2.032
 20
0.762
 42
0.4142
  0
ENDBLK
  5
D9
330
D6
100
AcDbEntity
  8
0
100
AcDbBlockEnd
  0
BLOCK
  5
DE
330
DC
100
AcDbEntity
  8
0
100
AcDbBlockBegin
  2
RECT325120X584000R75_View_10
 70
     0
 10
0.0
 20
0.0
 30
0.0
  3
RECT325120X584000R75_View_10
  1
RECT325120X584000R75_View_10
  0
LWPOLYLINE
  5
DD
330
DC
100
AcDbEntity
  8
0
  6
Continuous
 62
     7
370
    30
100
AcDbPolyline
 90
        9
 70
     1
 43
0.00035
 10
2.032
 20
0.762
 10
2.032
 20
2.888
 42
0.4142
 10
1.27
 20
3.65
 10
0.762
 20
3.65
 42
0.4142
 10
0.0
 20
2.888
 10
0.0
 20
0.762
 42
0.4142
 10
0.762
 20
0.0
 10
1.27
 20
0.0
 42
0.4142
 10
2.032
 20
0.762
 42
0.4142
  0
ENDBLK
  5
DF
330
DC
100
AcDbEntity
  8
0
100
AcDbBlockEnd
  0
BLOCK
  5
E3
330
E1
100
AcDbEntity
  8
0
100
AcDbBlockBegin
  2
RECT162560X223520R25_View_11
 70
     0
 10
0.0
 20
0.0
 30
0.0
  3
RECT162560X223520R25_View_11
  1
RECT162560X223520R25_View_11
  0
LWPOLYLINE
  5
E2
330
E1
100
AcDbEntity
  8
0
  6
Continuous
 62
     7
370
    30
100
AcDbPolyline
 90
        9
 70
     1
 43
0.00035
 10
1.016
 20
0.127
 10
1.016
 20
1.27
 42
0.4142
 10
0.889
 20
1.397
 10
0.127
 20
1.397
 42
0.4142
 10
0.0
 20
1.27
 10
0.0
 20
0.127
 42
0.4142
 10
0.127
 20
0.0
 10
0.889
 20
0.0
 42
0.4142067812
 10
1.016
 20
0.1270029404
 42
0.4142067812
  0
ENDBLK
  5
E4
330
E1
100
AcDbEntity
  8
0
100
AcDbBlockEnd
  0
BLOCK
  5
E9
330
E7
100
AcDbEntity
  8
0
100
AcDbBlockBegin
  2
RECT162560X223520R25_View_12
 70
     0
 10
0.0
 20
0.0
 30
0.0
  3
RECT162560X223520R25_View_12
  1
RECT162560X223520R25_View_12
  0
LWPOLYLINE
  5
E8
330
E7
100
AcDbEntity
  8
0
  6
Continuous
 62
     7
370
    30
100
AcDbPolyline
 90
        9
 70
     1
 43
0.00035
 10
1.016
 20
0.127
 10
1.016
 20
1.27
 42
0.4142
 10
0.889
 20
1.397
 10
0.127
 20
1.397
 42
0.4142
 10
0.0
 20
1.27
 10
0.0
 20
0.127
 42
0.4142
 10
0.127
 20
0.0
 10
0.889
 20
0.0
 42
0.4142067812
 10
1.016
 20
0.1270029404
 42
0.4142067812
  0
ENDBLK
  5
EA
330
E7
100
AcDbEntity
  8
0
100
AcDbBlockEnd
  0
BLOCK
  5
EF
330
ED
100
AcDbEntity
  8
0
100
AcDbBlockBegin
  2
RECT162560X223520R25_View_13
 70
     0
 10
0.0
 20
0.0
 30
0.0
  3
RECT162560X223520R25_View_13
  1
RECT162560X223520R25_View_13
  0
LWPOLYLINE
  5
EE
330
ED
100
AcDbEntity
  8
0
  6
Continuous
 62
     7
370
    30
100
AcDbPolyline
 90
        9
 70
     1
 43
0.00035
 10
1.016
 20
0.127
 10
1.016
 20
1.27
 42
0.4142
 10
0.889
 20
1.397
 10
0.127
 20
1.397
 42
0.4142
 10
0.0
 20
1.27
 10
0.0
 20
0.127
 42
0.4142
 10
0.127
 20
0.0
 10
0.889
 20
0.0
 42
0.4142067812
 10
1.016
 20
0.1270029404
 42
0.4142067812
  0
ENDBLK
  5
F0
330
ED
100
AcDbEntity
  8
0
100
AcDbBlockEnd
  0
BLOCK
  5
F5
330
F3
100
AcDbEntity
  8
0
100
AcDbBlockBegin
  2
RECT162560X223520R25_View_15
 70
     0
 10
0.0
 20
0.0
 30
0.0
  3
RECT162560X223520R25_View_15
  1
RECT162560X223520R25_View_15
  0
LWPOLYLINE
  5
F4
330
F3
100
AcDbEntity
  8
0
  6
Continuous
 62
     7
370
    30
100
AcDbPolyline
 90
        9
 70
     1
 43
0.00035
 10
1.016
 20
0.127
 10
1.016
 20
1.27
 42
0.4142
 10
0.889
 20
1.397
 10
0.127
 20
1.397
 42
0.4142
 10
0.0
 20
1.27
 10
0.0
 20
0.127
 42
0.4142
 10
0.127
 20
0.0
 10
0.889
 20
0.0
 42
0.4142067812
 10
1.016
 20
0.1270029404
 42
0.4142067812
  0
ENDBLK
  5
F6
330
F3
100
AcDbEntity
  8
0
100
AcDbBlockEnd
  0
BLOCK
  5
FB
330
F9
100
AcDbEntity
  8
0
100
AcDbBlockBegin
  2
RECT162560X223520R25_View_16
 70
     0
 10
0.0
 20
0.0
 30
0.0
  3
RECT162560X223520R25_View_16
  1
RECT162560X223520R25_View_16
  0
LWPOLYLINE
  5
FA
330
F9
100
AcDbEntity
  8
0
  6
Continuous
 62
     7
370
    30
100
AcDbPolyline
 90
        9
 70
     1
 43
0.00035
 10
1.016
 20
0.127
 10
1.016
 20
1.27
 42
0.4142
 10
0.889
 20
1.397
 10
0.127
 20
1.397
 42
0.4142
 10
0.0
 20
1.27
 10
0.0
 20
0.127
 42
0.4142
 10
0.127
 20
0.0
 10
0.889
 20
0.0
 42
0.4142067812
 10
1.016
 20
0.1270029404
 42
0.4142067812
  0
ENDBLK
  5
FC
330
F9
100
AcDbEntity
  8
0
100
AcDbBlockEnd
  0
BLOCK
  5
101
330
FF
100
AcDbEntity
  8
0
100
AcDbBlockBegin
  2
RECT162560X223520R25_View_17
 70
     0
 10
0.0
 20
0.0
 30
0.0
  3
RECT162560X223520R25_View_17
  1
RECT162560X223520R25_View_17
  0
LWPOLYLINE
  5
100
330
FF
100
AcDbEntity
  8
0
  6
Continuous
 62
     7
370
    30
100
AcDbPolyline
 90
        9
 70
     1
 43
0.00035
 10
1.016
 20
0.127
 10
1.016
 20
1.27
 42
0.4142
 10
0.889
 20
1.397
 10
0.127
 20
1.397
 42
0.4142
 10
0.0
 20
1.27
 10
0.0
 20
0.127
 42
0.4142
 10
0.127
 20
0.0
 10
0.889
 20
0.0
 42
0.4142067812
 10
1.016
 20
0.1270029404
 42
0.4142067812
  0
ENDBLK
  5
102
330
FF
100
AcDbEntity
  8
0
100
AcDbBlockEnd
  0
BLOCK
  5
107
330
105
100
AcDbEntity
  8
0
100
AcDbBlockBegin
  2
RECT162560X223520R25_View_18
 70
     0
 10
0.0
 20
0.0
 30
0.0
  3
RECT162560X223520R25_View_18
  1
RECT162560X223520R25_View_18
  0
LWPOLYLINE
  5
106
330
105
100
AcDbEntity
  8
0
  6
Continuous
 62
     7
370
    30
100
AcDbPolyline
 90
        9
 70
     1
 43
0.00035
 10
1.016
 20
0.127
 10
1.016
 20
1.27
 42
0.4142
 10
0.889
 20
1.397
 10
0.127
 20
1.397
 42
0.4142
 10
0.0
 20
1.27
 10
0.0
 20
0.127
 42
0.4142
 10
0.127
 20
0.0
 10
0.889
 20
0.0
 42
0.4142067812
 10
1.016
 20
0.1270029404
 42
0.4142067812
  0
ENDBLK
  5
108
330
105
100
AcDbEntity
  8
0
100
AcDbBlockEnd
  0
BLOCK
  5
10D
330
10B
100
AcDbEntity
  8
0
100
AcDbBlockBegin
  2
RECT162560X223520R25_View_19
 70
     0
 10
0.0
 20
0.0
 30
0.0
  3
RECT162560X223520R25_View_19
  1
RECT162560X223520R25_View_19
  0
LWPOLYLINE
  5
10C
330
10B
100
AcDbEntity
  8
0
  6
Continuous
 62
     7
370
    30
100
AcDbPolyline
 90
        9
 70
     1
 43
0.00035
 10
1.016
 20
0.127
 10
1.016
 20
1.27
 42
0.4142
 10
0.889
 20
1.397
 10
0.127
 20
1.397
 42
0.4142
 10
0.0
 20
1.27
 10
0.0
 20
0.127
 42
0.4142
 10
0.127
 20
0.0
 10
0.889
 20
0.0
 42
0.4142067812
 10
1.016
 20
0.1270029404
 42
0.4142067812
  0
ENDBLK
  5
10E
330
10B
100
AcDbEntity
  8
0
100
AcDbBlockEnd
  0
BLOCK
  5
113
330
111
100
AcDbEntity
  8
0
100
AcDbBlockBegin
  2
RECT162560X223520R25_View_20
 70
     0
 10
0.0
 20
0.0
 30
0.0
  3
RECT162560X223520R25_View_20
  1
RECT162560X223520R25_View_20
  0
LWPOLYLINE
  5
112
330
111
100
AcDbEntity
  8
0
  6
Continuous
 62
     7
370
    30
100
AcDbPolyline
 90
        9
 70
     1
 43
0.00035
 10
1.016
 20
0.127
 10
1.016
 20
1.27
 42
0.4142
 10
0.889
 20
1.397
 10
0.127
 20
1.397
 42
0.4142
 10
0.0
 20
1.27
 10
0.0
 20
0.127
 42
0.4142
 10
0.127
 20
0.0
 10
0.889
 20
0.0
 42
0.4142067812
 10
1.016
 20
0.1270029404
 42
0.4142067812
  0
ENDBLK
  5
114
330
111
100
AcDbEntity
  8
0
100
AcDbBlockEnd
  0
BLOCK
  5
119
330
117
100
AcDbEntity
  8
0
100
AcDbBlockBegin
  2
RECT162560X223520R25_View_21
 70
     0
 10
0.0
 20
0.0
 30
0.0
  3
RECT162560X223520R25_View_21
  1
RECT162560X223520R25_View_21
  0
LWPOLYLINE
  5
118
330
117
100
AcDbEntity
  8
0
  6
Continuous
 62
     7
370
    30
100
AcDbPolyline
 90
        9
 70
     1
 43
0.00035
 10
1.016
 20
0.127
 10
1.016
 20
1.27
 42
0.4142
 10
0.889
 20
1.397
 10
0.127
 20
1.397
 42
0.4142
 10
0.0
 20
1.27
 10
0.0
 20
0.127
 42
0.4142
 10
0.127
 20
0.0
 10
0.889
 20
0.0
 42
0.4142067812
 10
1.016
 20
0.1270029404
 42
0.4142067812
  0
ENDBLK
  5
11A
330
117
100
AcDbEntity
  8
0
100
AcDbBlockEnd
  0
BLOCK
  5
11F
330
11D
100
AcDbEntity
  8
0
100
AcDbBlockBegin
  2
RECT162560X223520R25_View_22
 70
     0
 10
0.0
 20
0.0
 30
0.0
  3
RECT162560X223520R25_View_22
  1
RECT162560X223520R25_View_22
  0
LWPOLYLINE
  5
11E
330
11D
100
AcDbEntity
  8
0
  6
Continuous
 62
     7
370
    30
100
AcDbPolyline
 90
        9
 70
     1
 43
0.00035
 10
1.016
 20
0.127
 10
1.016
 20
1.27
 42
0.4142
 10
0.889
 20
1.397
 10
0.127
 20
1.397
 42
0.4142
 10
0.0
 20
1.27
 10
0.0
 20
0.127
 42
0.4142
 10
0.127
 20
0.0
 10
0.889
 20
0.0
 42
0.4142067812
 10
1.016
 20
0.1270029404
 42
0.4142067812
  0
ENDBLK
  5
120
330
11D
100
AcDbEntity
  8
0
100
AcDbBlockEnd
  0
BLOCK
  5
125
330
123
100
AcDbEntity
  8
0
100
AcDbBlockBegin
  2
RECT162560X223520R25_View_23
 70
     0
 10
0.0
 20
0.0
 30
0.0
  3
RECT162560X223520R25_View_23
  1
RECT162560X223520R25_View_23
  0
LWPOLYLINE
  5
124
330
123
100
AcDbEntity
  8
0
  6
Continuous
 62
     7
370
    30
100
AcDbPolyline
 90
        9
 70
     1
 43
0.00035
 10
1.016
 20
0.127
 10
1.016
 20
1.27
 42
0.4142
 10
0.889
 20
1.397
 10
0.127
 20
1.397
 42
0.4142
 10
0.0
 20
1.27
 10
0.0
 20
0.127
 42
0.4142
 10
0.127
 20
0.0
 10
0.889
 20
0.0
 42
0.4142067812
 10
1.016
 20
0.1270029404
 42
0.4142067812
  0
ENDBLK
  5
126
330
123
100
AcDbEntity
  8
0
100
AcDbBlockEnd
  0
BLOCK
  5
12B
330
129
100
AcDbEntity
  8
0
100
AcDbBlockBegin
  2
RECT162560X223520R25_View_25
 70
     0
 10
0.0
 20
0.0
 30
0.0
  3
RECT162560X223520R25_View_25
  1
RECT162560X223520R25_View_25
  0
LWPOLYLINE
  5
12A
330
129
100
AcDbEntity
  8
0
  6
Continuous
 62
     7
370
    30
100
AcDbPolyline
 90
        9
 70
     1
 43
0.00035
 10
1.016
 20
0.127
 10
1.016
 20
1.27
 42
0.4142
 10
0.889
 20
1.397
 10
0.127
 20
1.397
 42
0.4142
 10
0.0
 20
1.27
 10
0.0
 20
0.127
 42
0.4142
 10
0.127
 20
0.0
 10
0.889
 20
0.0
 42
0.4142067812
 10
1.016
 20
0.1270029404
 42
0.4142067812
  0
ENDBLK
  5
12C
330
129
100
AcDbEntity
  8
0
100
AcDbBlockEnd
  0
BLOCK
  5
131
330
12F
100
AcDbEntity
  8
0
100
AcDbBlockBegin
  2
RECT162560X223520R25_View_26
 70
     0
 10
0.0
 20
0.0
 30
0.0
  3
RECT162560X223520R25_View_26
  1
RECT162560X223520R25_View_26
  0
LWPOLYLINE
  5
130
330
12F
100
AcDbEntity
  8
0
  6
Continuous
 62
     7
370
    30
100
AcDbPolyline
 90
        9
 70
     1
 43
0.00035
 10
1.016
 20
0.127
 10
1.016
 20
1.27
 42
0.4142
 10
0.889
 20
1.397
 10
0.127
 20
1.397
 42
0.4142
 10
0.0
 20
1.27
 10
0.0
 20
0.127
 42
0.4142
 10
0.127
 20
0.0
 10
0.889
 20
0.0
 42
0.4142067812
 10
1.016
 20
0.1270029404
 42
0.4142067812
  0
ENDBLK
  5
132
330
12F
100
AcDbEntity
  8
0
100
AcDbBlockEnd
  0
BLOCK
  5
137
330
135
100
AcDbEntity
  8
0
100
AcDbBlockBegin
  2
RECT162560X223520R25_View_27
 70
     0
 10
0.0
 20
0.0
 30
0.0
  3
RECT162560X223520R25_View_27
  1
RECT162560X223520R25_View_27
  0
LWPOLYLINE
  5
136
330
135
100
AcDbEntity
  8
0
  6
Continuous
 62
     7
370
    30
100
AcDbPolyline
 90
        9
 70
     1
 43
0.00035
 10
1.016
 20
0.127
 10
1.016
 20
1.27
 42
0.4142
 10
0.889
 20
1.397
 10
0.127
 20
1.397
 42
0.4142
 10
0.0
 20
1.27
 10
0.0
 20
0.127
 42
0.4142
 10
0.127
 20
0.0
 10
0.889
 20
0.0
 42
0.4142067812
 10
1.016
 20
0.1270029404
 42
0.4142067812
  0
ENDBLK
  5
138
330
135
100
AcDbEntity
  8
0
100
AcDbBlockEnd
  0
BLOCK
  5
13D
330
13B
100
AcDbEntity
  8
0
100
AcDbBlockBegin
  2
RECT162560X223520R25_View_28
 70
     0
 10
0.0
 20
0.0
 30
0.0
  3
RECT162560X223520R25_View_28
  1
RECT162560X223520R25_View_28
  0
LWPOLYLINE
  5
13C
330
13B
100
AcDbEntity
  8
0
  6
Continuous
 62
     7
370
    30
100
AcDbPolyline
 90
        9
 70
     1
 43
0.00035
 10
1.016
 20
0.127
 10
1.016
 20
1.27
 42
0.4142
 10
0.889
 20
1.397
 10
0.127
 20
1.397
 42
0.4142
 10
0.0
 20
1.27
 10
0.0
 20
0.127
 42
0.4142
 10
0.127
 20
0.0
 10
0.889
 20
0.0
 42
0.4142067812
 10
1.016
 20
0.1270029404
 42
0.4142067812
  0
ENDBLK
  5
13E
330
13B
100
AcDbEntity
  8
0
100
AcDbBlockEnd
  0
BLOCK
  5
143
330
141
100
AcDbEntity
  8
0
100
AcDbBlockBegin
  2
RECT162560X223520R25_View_30
 70
     0
 10
0.0
 20
0.0
 30
0.0
  3
RECT162560X223520R25_View_30
  1
RECT162560X223520R25_View_30
  0
LWPOLYLINE
  5
142
330
141
100
AcDbEntity
  8
0
  6
Continuous
 62
     7
370
    30
100
AcDbPolyline
 90
        9
 70
     1
 43
0.00035
 10
1.016
 20
0.127
 10
1.016
 20
1.27
 42
0.4142
 10
0.889
 20
1.397
 10
0.127
 20
1.397
 42
0.4142
 10
0.0
 20
1.27
 10
0.0
 20
0.127
 42
0.4142
 10
0.127
 20
0.0
 10
0.889
 20
0.0
 42
0.4142067812
 10
1.016
 20
0.1270029404
 42
0.4142067812
  0
ENDBLK
  5
144
330
141
100
AcDbEntity
  8
0
100
AcDbBlockEnd
  0
BLOCK
  5
149
330
147
100
AcDbEntity
  8
0
100
AcDbBlockBegin
  2
RECT162560X223520R25_View_31
 70
     0
 10
0.0
 20
0.0
 30
0.0
  3
RECT162560X223520R25_View_31
  1
RECT162560X223520R25_View_31
  0
LWPOLYLINE
  5
148
330
147
100
AcDbEntity
  8
0
  6
Continuous
 62
     7
370
    30
100
AcDbPolyline
 90
        9
 70
     1
 43
0.00035
 10
1.016
 20
0.127
 10
1.016
 20
1.27
 42
0.4142
 10
0.889
 20
1.397
 10
0.127
 20
1.397
 42
0.4142
 10
0.0
 20
1.27
 10
0.0
 20
0.127
 42
0.4142
 10
0.127
 20
0.0
 10
0.889
 20
0.0
 42
0.4142067812
 10
1.016
 20
0.1270029404
 42
0.4142067812
  0
ENDBLK
  5
14A
330
147
100
AcDbEntity
  8
0
100
AcDbBlockEnd
  0
BLOCK
  5
14F
330
14D
100
AcDbEntity
  8
0
100
AcDbBlockBegin
  2
RECT162560X223520R25_View_32
 70
     0
 10
0.0
 20
0.0
 30
0.0
  3
RECT162560X223520R25_View_32
  1
RECT162560X223520R25_View_32
  0
LWPOLYLINE
  5
14E
330
14D
100
AcDbEntity
  8
0
  6
Continuous
 62
     7
370
    30
100
AcDbPolyline
 90
        9
 70
     1
 43
0.00035
 10
1.016
 20
0.127
 10
1.016
 20
1.27
 42
0.4142
 10
0.889
 20
1.397
 10
0.127
 20
1.397
 42
0.4142
 10
0.0
 20
1.27
 10
0.0
 20
0.127
 42
0.4142
 10
0.127
 20
0.0
 10
0.889
 20
0.0
 42
0.4142067812
 10
1.016
 20
0.1270029404
 42
0.4142067812
  0
ENDBLK
  5
150
330
14D
100
AcDbEntity
  8
0
100
AcDbBlockEnd
  0
BLOCK
  5
155
330
153
100
AcDbEntity
  8
0
100
AcDbBlockBegin
  2
RECT162560X223520R25_View_34
 70
     0
 10
0.0
 20
0.0
 30
0.0
  3
RECT162560X223520R25_View_34
  1
RECT162560X223520R25_View_34
  0
LWPOLYLINE
  5
154
330
153
100
AcDbEntity
  8
0
  6
Continuous
 62
     7
370
    30
100
AcDbPolyline
 90
        9
 70
     1
 43
0.00035
 10
1.016
 20
0.127
 10
1.016
 20
1.27
 42
0.4142
 10
0.889
 20
1.397
 10
0.127
 20
1.397
 42
0.4142
 10
0.0
 20
1.27
 10
0.0
 20
0.127
 42
0.4142
 10
0.127
 20
0.0
 10
0.889
 20
0.0
 42
0.4142067812
 10
1.016
 20
0.1270029404
 42
0.4142067812
  0
ENDBLK
  5
156
330
153
100
AcDbEntity
  8
0
100
AcDbBlockEnd
  0
BLOCK
  5
15B
330
159
100
AcDbEntity
  8
0
100
AcDbBlockBegin
  2
RECT162560X223520R25_View_35
 70
     0
 10
0.0
 20
0.0
 30
0.0
  3
RECT162560X223520R25_View_35
  1
RECT162560X223520R25_View_35
  0
LWPOLYLINE
  5
15A
330
159
100
AcDbEntity
  8
0
  6
Continuous
 62
     7
370
    30
100
AcDbPolyline
 90
        9
 70
     1
 43
0.00035
 10
1.016
 20
0.127
 10
1.016
 20
1.27
 42
0.4142
 10
0.889
 20
1.397
 10
0.127
 20
1.397
 42
0.4142
 10
0.0
 20
1.27
 10
0.0
 20
0.127
 42
0.4142
 10
0.127
 20
0.0
 10
0.889
 20
0.0
 42
0.4142067812
 10
1.016
 20
0.1270029404
 42
0.4142067812
  0
ENDBLK
  5
15C
330
159
100
AcDbEntity
  8
0
100
AcDbBlockEnd
  0
BLOCK
  5
161
330
15F
100
AcDbEntity
  8
0
100
AcDbBlockBegin
  2
RECT162560X223520R25_View_36
 70
     0
 10
0.0
 20
0.0
 30
0.0
  3
RECT162560X223520R25_View_36
  1
RECT162560X223520R25_View_36
  0
LWPOLYLINE
  5
160
330
15F
100
AcDbEntity
  8
0
  6
Continuous
 62
     7
370
    30
100
AcDbPolyline
 90
        9
 70
     1
 43
0.00035
 10
1.016
 20
0.127
 10
1.016
 20
1.27
 42
0.4142
 10
0.889
 20
1.397
 10
0.127
 20
1.397
 42
0.4142
 10
0.0
 20
1.27
 10
0.0
 20
0.127
 42
0.4142
 10
0.127
 20
0.0
 10
0.889
 20
0.0
 42
0.4142067812
 10
1.016
 20
0.1270029404
 42
0.4142067812
  0
ENDBLK
  5
162
330
15F
100
AcDbEntity
  8
0
100
AcDbBlockEnd
  0
BLOCK
  5
167
330
165
100
AcDbEntity
  8
0
100
AcDbBlockBegin
  2
RECT162560X223520R25_View_37
 70
     0
 10
0.0
 20
0.0
 30
0.0
  3
RECT162560X223520R25_View_37
  1
RECT162560X223520R25_View_37
  0
LWPOLYLINE
  5
166
330
165
100
AcDbEntity
  8
0
  6
Continuous
 62
     7
370
    30
100
AcDbPolyline
 90
        9
 70
     1
 43
0.00035
 10
1.016
 20
0.127
 10
1.016
 20
1.27
 42
0.4142
 10
0.889
 20
1.397
 10
0.127
 20
1.397
 42
0.4142
 10
0.0
 20
1.27
 10
0.0
 20
0.127
 42
0.4142
 10
0.127
 20
0.0
 10
0.889
 20
0.0
 42
0.4142067812
 10
1.016
 20
0.1270029404
 42
0.4142067812
  0
ENDBLK
  5
168
330
165
100
AcDbEntity
  8
0
100
AcDbBlockEnd
  0
BLOCK
  5
16D
330
16B
100
AcDbEntity
  8
0
100
AcDbBlockBegin
  2
RECT162560X223520R25_View_38
 70
     0
 10
0.0
 20
0.0
 30
0.0
  3
RECT162560X223520R25_View_38
  1
RECT162560X223520R25_View_38
  0
LWPOLYLINE
  5
16C
330
16B
100
AcDbEntity
  8
0
  6
Continuous
 62
     7
370
    30
100
AcDbPolyline
 90
        9
 70
     1
 43
0.00035
 10
1.016
 20
0.127
 10
1.016
 20
1.27
 42
0.4142
 10
0.889
 20
1.397
 10
0.127
 20
1.397
 42
0.4142
 10
0.0
 20
1.27
 10
0.0
 20
0.127
 42
0.4142
 10
0.127
 20
0.0
 10
0.889
 20
0.0
 42
0.4142067812
 10
1.016
 20
0.1270029404
 42
0.4142067812
  0
ENDBLK
  5
16E
330
16B
100
AcDbEntity
  8
0
100
AcDbBlockEnd
  0
BLOCK
  5
173
330
171
100
AcDbEntity
  8
0
100
AcDbBlockBegin
  2
RECT162560X223520R25_View_39
 70
     0
 10
0.0
 20
0.0
 30
0.0
  3
RECT162560X223520R25_View_39
  1
RECT162560X223520R25_View_39
  0
LWPOLYLINE
  5
172
330
171
100
AcDbEntity
  8
0
  6
Continuous
 62
     7
370
    30
100
AcDbPolyline
 90
        9
 70
     1
 43
0.00035
 10
1.016
 20
0.127
 10
1.016
 20
1.27
 42
0.4142
 10
0.889
 20
1.397
 10
0.127
 20
1.397
 42
0.4142
 10
0.0
 20
1.27
 10
0.0
 20
0.127
 42
0.4142
 10
0.127
 20
0.0
 10
0.889
 20
0.0
 42
0.4142067812
 10
1.016
 20
0.1270029404
 42
0.4142067812
  0
ENDBLK
  5
174
330
171
100
AcDbEntity
  8
0
100
AcDbBlockEnd
  0
BLOCK
  5
179
330
177
100
AcDbEntity
  8
0
100
AcDbBlockBegin
  2
RECT162560X223520R25_View_41
 70
     0
 10
0.0
 20
0.0
 30
0.0
  3
RECT162560X223520R25_View_41
  1
RECT162560X223520R25_View_41
  0
LWPOLYLINE
  5
178
330
177
100
AcDbEntity
  8
0
  6
Continuous
 62
     7
370
    30
100
AcDbPolyline
 90
        9
 70
     1
 43
0.00035
 10
1.016
 20
0.127
 10
1.016
 20
1.27
 42
0.4142
 10
0.889
 20
1.397
 10
0.127
 20
1.397
 42
0.4142
 10
0.0
 20
1.27
 10
0.0
 20
0.127
 42
0.4142
 10
0.127
 20
0.0
 10
0.889
 20
0.0
 42
0.4142067812
 10
1.016
 20
0.1270029404
 42
0.4142067812
  0
ENDBLK
  5
17A
330
177
100
AcDbEntity
  8
0
100
AcDbBlockEnd
  0
ENDSEC
  0
SECTION
  2
ENTITIES
  0
LINE
  5
6B
330
1F
100
AcDbEntity
  8
20
  6
Continuous
 62
     7
370
    30
100
AcDbLine
 10
175.1845195812
 20
129.4996119584
 30
0.0
 11
64.3348555812
 21
129.4996119584
 31
0.0
  0
LINE
  5
6C
330
1F
100
AcDbEntity
  8
20
  6
Continuous
 62
     7
370
    30
100
AcDbLine
 10
64.3348555812
 20
190.4596119584
 30
0.0
 11
175.1845195812
 21
190.4596119584
 31
0.0
  0
LINE
  5
6D
330
1F
100
AcDbEntity
  8
20
  6
Continuous
 62
     7
370
    30
100
AcDbLine
 10
175.1845195812
 20
190.4596119584
 30
0.0
 11
175.1845195812
 21
129.4996119584
 31
0.0
  0
LINE
  5
6E
330
1F
100
AcDbEntity
  8
20
  6
Continuous
 62
     7
370
    30
100
AcDbLine
 10
64.3348555812
 20
129.4996119584
 30
0.0
 11
64.3348555812
 21
190.4596119584
 31
0.0
  0
LWPOLYLINE
  5
6F
330
1F
100
AcDbEntity
  8
0
  6
Continuous
 62
     7
370
    30
100
AcDbPolyline
 90
        5
 70
     0
 43
0.0
 10
114.7201243812
 20
154.8644583584
 10
117.1975387812
 20
154.8644583584
 10
117.1975387812
 20
156.4128423584
 10
114.7201243812
 20
156.4128423584
 10
114.7201243812
 20
154.8644583584
  0
LWPOLYLINE
  5
70
330
1F
100
AcDbEntity
  8
0
  6
Continuous
 62
     7
370
    30
100
AcDbPolyline
 90
        5
 70
     0
 43
0.0
 10
114.7201243812
 20
158.8902567584
 10
117.1975387812
 20
158.8902567584
 10
117.1975387812
 20
160.4386407584
 10
114.7201243812
 20
160.4386407584
 10
114.7201243812
 20
158.8902567584
  0
LWPOLYLINE
  5
71
330
1F
100
AcDbEntity
  8
0
  6
Continuous
 62
     7
370
    30
100
AcDbPolyline
 90
        5
 70
     0
 43
0.0
 10
119.0555995812
 20
154.8644583584
 10
121.5330139812
 20
154.8644583584
 10
121.5330139812
 20
156.4128423584
 10
119.0555995812
 20
156.4128423584
 10
119.0555995812
 20
154.8644583584
  0
LWPOLYLINE
  5
72
330
1F
100
AcDbEntity
  8
0
  6
Continuous
 62
     7
370
    30
100
AcDbPolyline
 90
        5
 70
     0
 43
0.0
 10
119.0555995812
 20
158.8902567584
 10
121.5330139812
 20
158.8902567584
 10
121.5330139812
 20
160.4386407584
 10
119.0555995812
 20
160.4386407584
 10
119.0555995812
 20
158.8902567584
  0
LWPOLYLINE
  5
73
330
1F
100
AcDbEntity
  8
0
  6
Continuous
 62
     7
370
    30
100
AcDbPolyline
 90
        5
 70
     0
 43
0.0
 10
146.4906475812
 20
147.6693495584
 10
149.1728875812
 20
147.6693495584
 10
149.1728875812
 20
149.8273335584
 10
146.4906475812
 20
149.8273335584
 10
146.4906475812
 20
147.6693495584
  0
LWPOLYLINE
  5
74
330
1F
100
AcDbEntity
  8
0
  6
Continuous
 62
     7
370
    30
100
AcDbPolyline
 90
        5
 70
     0
 43
0.0
 10
151.9575403812
 20
147.6693495584
 10
154.6397803812
 20
147.6693495584
 10
154.6397803812
 20
149.8273335584
 10
151.9575403812
 20
149.8273335584
 10
151.9575403812
 20
147.6693495584
  0
LWPOLYLINE
  5
75
330
1F
100
AcDbEntity
  8
0
  6
Continuous
 62
     7
370
    30
100
AcDbPolyline
 90
        5
 70
     0
 43
0.0
 10
146.4906475812
 20
142.7145207584
 10
149.1728875812
 20
142.7145207584
 10
149.1728875812
 20
144.8725047584
 10
146.4906475812
 20
144.8725047584
 10
146.4906475812
 20
142.7145207584
  0
LWPOLYLINE
  5
76
330
1F
100
AcDbEntity
  8
0
  6
Continuous
 62
     7
370
    30
100
AcDbPolyline
 90
        5
 70
     0
 43
0.0
 10
151.9575403812
 20
142.7145207584
 10
154.6397803812
 20
142.7145207584
 10
154.6397803812
 20
144.8725047584
 10
151.9575403812
 20
144.8725047584
 10
151.9575403812
 20
142.7145207584
  0
LWPOLYLINE
  5
77
330
1F
100
AcDbEntity
  8
0
  6
Continuous
 62
     7
370
    30
100
AcDbPolyline
 90
        5
 70
     0
 43
0.0
 10
146.8003243812
 20
162.5338359584
 10
149.4825643812
 20
162.5338359584
 10
149.4825643812
 20
164.6918199584
 10
146.8003243812
 20
164.6918199584
 10
146.8003243812
 20
162.5338359584
  0
LWPOLYLINE
  5
78
330
1F
100
AcDbEntity
  8
0
  6
Continuous
 62
     7
370
    30
100
AcDbPolyline
 90
        5
 70
     0
 43
0.0
 10
152.2672171812
 20
162.5338359584
 10
154.9494571812
 20
162.5338359584
 10
154.9494571812
 20
164.6918199584
 10
152.2672171812
 20
164.6918199584
 10
152.2672171812
 20
162.5338359584
  0
LWPOLYLINE
  5
79
330
1F
100
AcDbEntity
  8
0
  6
Continuous
 62
     7
370
    30
100
AcDbPolyline
 90
        5
 70
     0
 43
0.0
 10
112.8334123812
 20
178.0079223584
 10
110.1511723812
 20
178.0079223584
 10
110.1511723812
 20
175.8499383584
 10
112.8334123812
 20
175.8499383584
 10
112.8334123812
 20
178.0079223584
  0
LWPOLYLINE
  5
7A
330
1F
100
AcDbEntity
  8
0
  6
Continuous
 62
     7
370
    30
100
AcDbPolyline
 90
        5
 70
     0
 43
0.0
 10
107.3665195812
 20
178.0079223584
 10
104.6842795812
 20
178.0079223584
 10
104.6842795812
 20
175.8499383584
 10
107.3665195812
 20
175.8499383584
 10
107.3665195812
 20
178.0079223584
  0
LWPOLYLINE
  5
7B
330
1F
100
AcDbEntity
  8
0
  6
Continuous
 62
     7
370
    30
100
AcDbPolyline
 90
        5
 70
     0
 43
0.0
 10
112.8334123812
 20
183.2724279584
 10
110.1511723812
 20
183.2724279584
 10
110.1511723812
 20
181.1144439584
 10
112.8334123812
 20
181.1144439584
 10
112.8334123812
 20
183.2724279584
  0
LWPOLYLINE
  5
7C
330
1F
100
AcDbEntity
  8
0
  6
Continuous
 62
     7
370
    30
100
AcDbPolyline
 90
        5
 70
     0
 43
0.0
 10
107.3665195812
 20
183.2724279584
 10
104.6842795812
 20
183.2724279584
 10
104.6842795812
 20
181.1144439584
 10
107.3665195812
 20
181.1144439584
 10
107.3665195812
 20
183.2724279584
  0
LWPOLYLINE
  5
7D
330
1F
100
AcDbEntity
  8
0
  6
Continuous
 62
     7
370
    30
100
AcDbPolyline
 90
        5
 70
     0
 43
0.0
 10
146.4906475812
 20
137.7596919584
 10
149.1728875812
 20
137.7596919584
 10
149.1728875812
 20
139.9176759584
 10
146.4906475812
 20
139.9176759584
 10
146.4906475812
 20
137.7596919584
  0
LWPOLYLINE
  5
7E
330
1F
100
AcDbEntity
  8
0
  6
Continuous
 62
     7
370
    30
100
AcDbPolyline
 90
        5
 70
     0
 43
0.0
 10
151.9575403812
 20
137.7596919584
 10
154.6397803812
 20
137.7596919584
 10
154.6397803812
 20
139.9176759584
 10
151.9575403812
 20
139.9176759584
 10
151.9575403812
 20
137.7596919584
  0
LWPOLYLINE
  5
7F
330
1F
100
AcDbEntity
  8
0
  6
Continuous
 62
     7
370
    30
100
AcDbPolyline
 90
        5
 70
     0
 43
0.0
 10
146.4906475812
 20
132.8048631584
 10
149.1728875812
 20
132.8048631584
 10
149.1728875812
 20
134.9628471584
 10
146.4906475812
 20
134.9628471584
 10
146.4906475812
 20
132.8048631584
  0
LWPOLYLINE
  5
80
330
1F
100
AcDbEntity
  8
0
  6
Continuous
 62
     7
370
    30
100
AcDbPolyline
 90
        5
 70
     0
 43
0.0
 10
151.9575403812
 20
132.8048631584
 10
154.6397803812
 20
132.8048631584
 10
154.6397803812
 20
134.9628471584
 10
151.9575403812
 20
134.9628471584
 10
151.9575403812
 20
132.8048631584
  0
LWPOLYLINE
  5
81
330
1F
100
AcDbEntity
  8
0
  6
Continuous
 62
     7
370
    30
100
AcDbPolyline
 90
        5
 70
     0
 43
0.0
 10
112.8334123812
 20
173.3627703584
 10
110.1511723812
 20
173.3627703584
 10
110.1511723812
 20
171.2047863584
 10
112.8334123812
 20
171.2047863584
 10
112.8334123812
 20
173.3627703584
  0
LWPOLYLINE
  5
82
330
1F
100
AcDbEntity
  8
0
  6
Continuous
 62
     7
370
    30
100
AcDbPolyline
 90
        5
 70
     0
 43
0.0
 10
107.3665195812
 20
173.3627703584
 10
104.6842795812
 20
173.3627703584
 10
104.6842795812
 20
171.2047863584
 10
107.3665195812
 20
171.2047863584
 10
107.3665195812
 20
173.3627703584
  0
LWPOLYLINE
  5
83
330
1F
100
AcDbEntity
  8
0
  6
Continuous
 62
     7
370
    30
100
AcDbPolyline
 90
        5
 70
     0
 43
0.0
 10
146.4906475812
 20
152.6241783584
 10
149.1728875812
 20
152.6241783584
 10
149.1728875812
 20
154.7821623584
 10
146.4906475812
 20
154.7821623584
 10
146.4906475812
 20
152.6241783584
  0
LWPOLYLINE
  5
84
330
1F
100
AcDbEntity
  8
0
  6
Continuous
 62
     7
370
    30
100
AcDbPolyline
 90
        5
 70
     0
 43
0.0
 10
151.9575403812
 20
152.6241783584
 10
154.6397803812
 20
152.6241783584
 10
154.6397803812
 20
154.7821623584
 10
151.9575403812
 20
154.7821623584
 10
151.9575403812
 20
152.6241783584
  0
LWPOLYLINE
  5
85
330
1F
100
AcDbEntity
  8
0
  6
Continuous
 62
     7
370
    30
100
AcDbPolyline
 90
        5
 70
     0
 43
0.0
 10
110.3267371812
 20
136.2003351584
 10
108.0102571812
 20
136.2003351584
 10
108.0102571812
 20
135.2249751584
 10
110.3267371812
 20
135.2249751584
 10
110.3267371812
 20
136.2003351584
  0
LWPOLYLINE
  5
86
330
1F
100
AcDbEntity
  8
0
  6
Continuous
 62
     7
370
    30
100
AcDbPolyline
 90
        5
 70
     0
 43
0.0
 10
110.3267371812
 20
134.3715351584
 10
108.4979371812
 20
134.3715351584
 10
108.4979371812
 20
133.3961751584
 10
110.3267371812
 20
133.3961751584
 10
110.3267371812
 20
134.3715351584
  0
LWPOLYLINE
  5
87
330
1F
100
AcDbEntity
  8
0
  6
Continuous
 62
     7
370
    30
100
AcDbPolyline
 90
        5
 70
     0
 43
0.0
 10
110.3267371812
 20
132.5427351584
 10
108.0102571812
 20
132.5427351584
 10
108.0102571812
 20
131.5673751584
 10
110.3267371812
 20
131.5673751584
 10
110.3267371812
 20
132.5427351584
  0
LWPOLYLINE
  5
88
330
1F
100
AcDbEntity
  8
0
  6
Continuous
 62
     7
370
    30
100
AcDbPolyline
 90
        5
 70
     0
 43
0.0
 10
115.2035371812
 20
135.2859351584
 10
110.8144171812
 20
135.2859351584
 10
110.8144171812
 20
132.4817751584
 10
115.2035371812
 20
132.4817751584
 10
115.2035371812
 20
135.2859351584
  0
LWPOLYLINE
  5
89
330
1F
100
AcDbEntity
  8
0
  6
Continuous
 62
     7
370
    30
100
AcDbPolyline
 90
        5
 70
     0
 43
0.0
 10
150.7261483812
 20
178.1871447584
 10
150.7261483812
 20
175.8706647584
 10
151.7015083812
 20
175.8706647584
 10
151.7015083812
 20
178.1871447584
 10
150.7261483812
 20
178.1871447584
  0
LWPOLYLINE
  5
8A
330
1F
100
AcDbEntity
  8
0
  6
Continuous
 62
     7
370
    30
100
AcDbPolyline
 90
        5
 70
     0
 43
0.0
 10
152.5549483812
 20
178.1871447584
 10
152.5549483812
 20
176.3583447584
 10
153.5303083812
 20
176.3583447584
 10
153.5303083812
 20
178.1871447584
 10
152.5549483812
 20
178.1871447584
  0
LWPOLYLINE
  5
8B
330
1F
100
AcDbEntity
  8
0
  6
Continuous
 62
     7
370
    30
100
AcDbPolyline
 90
        5
 70
     0
 43
0.0
 10
154.3837483812
 20
178.1871447584
 10
154.3837483812
 20
175.8706647584
 10
155.3591083812
 20
175.8706647584
 10
155.3591083812
 20
178.1871447584
 10
154.3837483812
 20
178.1871447584
  0
LWPOLYLINE
  5
8C
330
1F
100
AcDbEntity
  8
0
  6
Continuous
 62
     7
370
    30
100
AcDbPolyline
 90
        5
 70
     0
 43
0.0
 10
151.6405483812
 20
183.0639447584
 10
151.6405483812
 20
178.6748247584
 10
154.4447083812
 20
178.6748247584
 10
154.4447083812
 20
183.0639447584
 10
151.6405483812
 20
183.0639447584
  0
LWPOLYLINE
  5
8D
330
1F
100
AcDbEntity
  8
0
  6
Continuous
 62
     7
370
    30
100
AcDbPolyline
 90
        5
 70
     0
 43
0.0
 10
167.6047531812
 20
152.9155671584
 10
167.6047531812
 20
150.7210071584
 10
168.5801131812
 20
150.7210071584
 10
168.5801131812
 20
152.9155671584
 10
167.6047531812
 20
152.9155671584
  0
LWPOLYLINE
  5
8E
330
1F
100
AcDbEntity
  8
0
  6
Continuous
 62
     7
370
    30
100
AcDbPolyline
 90
        5
 70
     0
 43
0.0
 10
169.4323339812
 20
153.5300439584
 10
169.4323339812
 20
150.7258839584
 10
170.4076939812
 20
150.7258839584
 10
170.4076939812
 20
153.5300439584
 10
169.4323339812
 20
153.5300439584
  0
LWPOLYLINE
  5
8F
330
1F
100
AcDbEntity
  8
0
  6
Continuous
 62
     7
370
    30
100
AcDbPolyline
 90
        5
 70
     0
 43
0.0
 10
171.2599147812
 20
152.9155671584
 10
171.2599147812
 20
150.7210071584
 10
172.2352747812
 20
150.7210071584
 10
172.2352747812
 20
152.9155671584
 10
171.2599147812
 20
152.9155671584
  0
LWPOLYLINE
  5
90
330
1F
100
AcDbEntity
  8
0
  6
Continuous
 62
     7
370
    30
100
AcDbPolyline
 90
        5
 70
     0
 43
0.0
 10
119.7657835812
 20
178.3297911584
 10
121.9603435812
 20
178.3297911584
 10
121.9603435812
 20
179.3051511584
 10
119.7657835812
 20
179.3051511584
 10
119.7657835812
 20
178.3297911584
  0
LWPOLYLINE
  5
91
330
1F
100
AcDbEntity
  8
0
  6
Continuous
 62
     7
370
    30
100
AcDbPolyline
 90
        5
 70
     0
 43
0.0
 10
119.1513067812
 20
180.1573719584
 10
121.9554667812
 20
180.1573719584
 10
121.9554667812
 20
181.1327319584
 10
119.1513067812
 20
181.1327319584
 10
119.1513067812
 20
180.1573719584
  0
LWPOLYLINE
  5
92
330
1F
100
AcDbEntity
  8
0
  6
Continuous
 62
     7
370
    30
100
AcDbPolyline
 90
        5
 70
     0
 43
0.0
 10
119.7657835812
 20
181.9849527584
 10
121.9603435812
 20
181.9849527584
 10
121.9603435812
 20
182.9603127584
 10
119.7657835812
 20
182.9603127584
 10
119.7657835812
 20
181.9849527584
  0
LWPOLYLINE
  5
93
330
1F
100
AcDbEntity
  8
0
  6
Continuous
 62
     7
370
    30
100
AcDbPolyline
 90
        5
 70
     0
 43
0.0
 10
78.2690923812
 20
130.6395639584
 10
80.4636523812
 20
130.6395639584
 10
80.4636523812
 20
131.6149239584
 10
78.2690923812
 20
131.6149239584
 10
78.2690923812
 20
130.6395639584
  0
LWPOLYLINE
  5
94
330
1F
100
AcDbEntity
  8
0
  6
Continuous
 62
     7
370
    30
100
AcDbPolyline
 90
        5
 70
     0
 43
0.0
 10
77.6546155812
 20
132.4671447584
 10
80.4587755812
 20
132.4671447584
 10
80.4587755812
 20
133.4425047584
 10
77.6546155812
 20
133.4425047584
 10
77.6546155812
 20
132.4671447584
  0
LWPOLYLINE
  5
95
330
1F
100
AcDbEntity
  8
0
  6
Continuous
 62
     7
370
    30
100
AcDbPolyline
 90
        5
 70
     0
 43
0.0
 10
78.2690923812
 20
134.2947255584
 10
80.4636523812
 20
134.2947255584
 10
80.4636523812
 20
135.2700855584
 10
78.2690923812
 20
135.2700855584
 10
78.2690923812
 20
134.2947255584
  0
LWPOLYLINE
  5
96
330
1F
100
AcDbEntity
  8
0
  6
Continuous
 62
     7
370
    30
100
AcDbPolyline
 90
        5
 70
     0
 43
0.0
 10
94.0626091812
 20
130.3298871584
 10
96.2571691812
 20
130.3298871584
 10
96.2571691812
 20
131.3052471584
 10
94.0626091812
 20
131.3052471584
 10
94.0626091812
 20
130.3298871584
  0
LWPOLYLINE
  5
97
330
1F
100
AcDbEntity
  8
0
  6
Continuous
 62
     7
370
    30
100
AcDbPolyline
 90
        5
 70
     0
 43
0.0
 10
93.4481323812
 20
132.1574679584
 10
96.2522923812
 20
132.1574679584
 10
96.2522923812
 20
133.1328279584
 10
93.4481323812
 20
133.1328279584
 10
93.4481323812
 20
132.1574679584
  0
LWPOLYLINE
  5
98
330
1F
100
AcDbEntity
  8
0
  6
Continuous
 62
     7
370
    30
100
AcDbPolyline
 90
        5
 70
     0
 43
0.0
 10
94.0626091812
 20
133.9850487584
 10
96.2571691812
 20
133.9850487584
 10
96.2571691812
 20
134.9604087584
 10
94.0626091812
 20
134.9604087584
 10
94.0626091812
 20
133.9850487584
  0
LWPOLYLINE
  5
99
330
1F
100
AcDbEntity
  8
0
  6
Continuous
 62
     7
370
    30
100
AcDbPolyline
 90
        5
 70
     0
 43
0.0
 10
138.8048107812
 20
148.5800919584
 10
138.8048107812
 20
146.3855319584
 10
139.7801707812
 20
146.3855319584
 10
139.7801707812
 20
148.5800919584
 10
138.8048107812
 20
148.5800919584
  0
LWPOLYLINE
  5
9A
330
1F
100
AcDbEntity
  8
0
  6
Continuous
 62
     7
370
    30
100
AcDbPolyline
 90
        5
 70
     0
 43
0.0
 10
140.6323915812
 20
149.1945687584
 10
140.6323915812
 20
146.3904087584
 10
141.6077515812
 20
146.3904087584
 10
141.6077515812
 20
149.1945687584
 10
140.6323915812
 20
149.1945687584
  0
LWPOLYLINE
  5
9B
330
1F
100
AcDbEntity
  8
0
  6
Continuous
 62
     7
370
    30
100
AcDbPolyline
 90
        5
 70
     0
 43
0.0
 10
142.4599723812
 20
148.5800919584
 10
142.4599723812
 20
146.3855319584
 10
143.4353323812
 20
146.3855319584
 10
143.4353323812
 20
148.5800919584
 10
142.4599723812
 20
148.5800919584
  0
LWPOLYLINE
  5
9C
330
1F
100
AcDbEntity
  8
0
  6
Continuous
 62
     7
370
    30
100
AcDbPolyline
 90
        5
 70
     0
 43
0.0
 10
125.5588123812
 20
162.9934743584
 10
124.1652667812
 20
162.9934743584
 10
124.1652667812
 20
161.7547671584
 10
125.5588123812
 20
161.7547671584
 10
125.5588123812
 20
162.9934743584
  0
LWPOLYLINE
  5
9D
330
1F
100
AcDbEntity
  8
0
  6
Continuous
 62
     7
370
    30
100
AcDbPolyline
 90
        5
 70
     0
 43
0.0
 10
124.1652667812
 20
163.9225047584
 10
125.5588123812
 20
163.9225047584
 10
125.5588123812
 20
165.1612119584
 10
124.1652667812
 20
165.1612119584
 10
124.1652667812
 20
163.9225047584
  0
LWPOLYLINE
  5
9E
330
1F
100
AcDbEntity
  8
0
  6
Continuous
 62
     7
370
    30
100
AcDbPolyline
 90
        5
 70
     0
 43
0.0
 10
121.6878523812
 20
162.8386359584
 10
123.0813979812
 20
162.8386359584
 10
123.0813979812
 20
164.0773431584
 10
121.6878523812
 20
164.0773431584
 10
121.6878523812
 20
162.8386359584
  0
LWPOLYLINE
  5
9F
330
1F
100
AcDbEntity
  8
0
  6
Continuous
 62
     7
370
    30
100
AcDbPolyline
 90
        5
 70
     0
 43
0.0
 10
124.0878475812
 20
173.3676471584
 10
124.0878475812
 20
175.2257079584
 10
122.5394635812
 20
175.2257079584
 10
122.5394635812
 20
173.3676471584
 10
124.0878475812
 20
173.3676471584
  0
LWPOLYLINE
  5
A0
330
1F
100
AcDbEntity
  8
0
  6
Continuous
 62
     7
370
    30
100
AcDbPolyline
 90
        5
 70
     0
 43
0.0
 10
120.9910795812
 20
173.3676471584
 10
120.9910795812
 20
175.2257079584
 10
119.4426955812
 20
175.2257079584
 10
119.4426955812
 20
173.3676471584
 10
120.9910795812
 20
173.3676471584
  0
LWPOLYLINE
  5
A1
330
1F
100
AcDbEntity
  8
0
  6
Continuous
 62
     7
370
    30
100
AcDbPolyline
 90
        5
 70
     0
 43
0.0
 10
83.3653483812
 20
144.1031895584
 10
83.3653483812
 20
145.9612503584
 10
81.8169643812
 20
145.9612503584
 10
81.8169643812
 20
144.1031895584
 10
83.3653483812
 20
144.1031895584
  0
LWPOLYLINE
  5
A2
330
1F
100
AcDbEntity
  8
0
  6
Continuous
 62
     7
370
    30
100
AcDbPolyline
 90
        5
 70
     0
 43
0.0
 10
80.2685803812
 20
144.1031895584
 10
80.2685803812
 20
145.9612503584
 10
78.7201963812
 20
145.9612503584
 10
78.7201963812
 20
144.1031895584
 10
80.2685803812
 20
144.1031895584
  0
LWPOLYLINE
  5
A3
330
1F
100
AcDbEntity
  8
0
  6
Continuous
 62
     7
370
    30
100
AcDbPolyline
 90
        5
 70
     0
 43
0.0
 10
88.0105003812
 20
138.8386839584
 10
88.0105003812
 20
140.6967447584
 10
86.4621163812
 20
140.6967447584
 10
86.4621163812
 20
138.8386839584
 10
88.0105003812
 20
138.8386839584
  0
LWPOLYLINE
  5
A4
330
1F
100
AcDbEntity
  8
0
  6
Continuous
 62
     7
370
    30
100
AcDbPolyline
 90
        5
 70
     0
 43
0.0
 10
84.9137323812
 20
138.8386839584
 10
84.9137323812
 20
140.6967447584
 10
83.3653483812
 20
140.6967447584
 10
83.3653483812
 20
138.8386839584
 10
84.9137323812
 20
138.8386839584
  0
INSERT
  5
AA
330
1F
100
AcDbEntity
  8
32
 62
     7
100
AcDbBlockReference
  2
RECT162560X223520R25_View_1
 10
151.8039211812
 20
168.4902375584
 30
0.0
 41
-1.2192
 42
1.2192
 43
1.2192
 50
180.0
  0
INSERT
  5
AB
330
1F
100
AcDbEntity
  8
32
 62
     7
100
AcDbBlockReference
  2
RECT162560X223520R25_View_1
 10
153.9716587812
 20
168.4902375584
 30
0.0
 41
-1.2192
 42
1.2192
 43
1.2192
 50
180.0
  0
INSERT
  5
B0
330
1F
100
AcDbEntity
  8
32
 62
     7
100
AcDbBlockReference
  2
RECT162560X223520R25_View_2
 10
102.4104715812
 20
139.8451335584
 30
0.0
 41
-1.2192
 42
1.2192
 43
1.2192
  0
INSERT
  5
B1
330
1F
100
AcDbEntity
  8
32
 62
     7
100
AcDbBlockReference
  2
RECT162560X223520R25_View_2
 10
100.2427339812
 20
139.8451335584
 30
0.0
 41
-1.2192
 42
1.2192
 43
1.2192
  0
INSERT
  5
B6
330
1F
100
AcDbEntity
  8
32
 62
     7
100
AcDbBlockReference
  2
RECT162560X223520R25_View_3
 10
124.9394587812
 20
134.0386935584
 30
0.0
 41
-1.2192
 42
1.2192
 43
1.2192
 50
90.0
  0
INSERT
  5
B7
330
1F
100
AcDbEntity
  8
32
 62
     7
100
AcDbBlockReference
  2
RECT162560X223520R25_View_3
 10
124.9394587812
 20
131.8709559584
 30
0.0
 41
-1.2192
 42
1.2192
 43
1.2192
 50
90.0
  0
INSERT
  5
BC
330
1F
100
AcDbEntity
  8
32
 62
     7
100
AcDbBlockReference
  2
RECT162560X223520R25_View_4
 10
151.3394059812
 20
187.5353607584
 30
0.0
 41
-1.2192
 42
1.2192
 43
1.2192
 50
180.0
  0
INSERT
  5
BD
330
1F
100
AcDbEntity
  8
32
 62
     7
100
AcDbBlockReference
  2
RECT162560X223520R25_View_4
 10
153.5071435812
 20
187.5353607584
 30
0.0
 41
-1.2192
 42
1.2192
 43
1.2192
 50
180.0
  0
INSERT
  5
C2
330
1F
100
AcDbEntity
  8
32
 62
     7
100
AcDbBlockReference
  2
RECT162560X223520R25_View_5
 10
140.3458795812
 20
135.6644967584
 30
0.0
 41
-1.2192
 42
1.2192
 43
1.2192
 50
180.0
  0
INSERT
  5
C3
330
1F
100
AcDbEntity
  8
32
 62
     7
100
AcDbBlockReference
  2
RECT162560X223520R25_View_5
 10
142.5136171812
 20
135.6644967584
 30
0.0
 41
-1.2192
 42
1.2192
 43
1.2192
 50
180.0
  0
INSERT
  5
C8
330
1F
100
AcDbEntity
  8
32
 62
     7
100
AcDbBlockReference
  2
RECT162560X223520R25_View_6
 10
125.2491355812
 20
159.2773527584
 30
0.0
 41
-1.2192
 42
1.2192
 43
1.2192
 50
90.0
  0
INSERT
  5
C9
330
1F
100
AcDbEntity
  8
32
 62
     7
100
AcDbBlockReference
  2
RECT162560X223520R25_View_6
 10
125.2491355812
 20
157.1096151584
 30
0.0
 41
-1.2192
 42
1.2192
 43
1.2192
 50
90.0
  0
INSERT
  5
CE
330
1F
100
AcDbEntity
  8
32
 62
     7
100
AcDbBlockReference
  2
RECT162560X223520R25_View_7
 10
147.4684459812
 20
170.1934599584
 30
0.0
 41
-1.2192
 42
1.2192
 43
1.2192
 50
180.0
  0
INSERT
  5
CF
330
1F
100
AcDbEntity
  8
32
 62
     7
100
AcDbBlockReference
  2
RECT162560X223520R25_View_7
 10
149.6361835812
 20
170.1934599584
 30
0.0
 41
-1.2192
 42
1.2192
 43
1.2192
 50
180.0
  0
INSERT
  5
D4
330
1F
100
AcDbEntity
  8
32
 62
     7
100
AcDbBlockReference
  2
RECT325120X584000R75_View_8
 10
168.6813067812
 20
157.8484503584
 30
0.0
 41
-1.2192
 42
1.2192
 43
1.2192
 50
180.0
  0
INSERT
  5
D5
330
1F
100
AcDbEntity
  8
32
 62
     7
100
AcDbBlockReference
  2
RECT325120X584000R75_View_8
 10
114.8329003812
 20
179.4063447584
 30
0.0
 41
-1.2192
 42
1.2192
 43
1.2192
 50
270.0
  0
INSERT
  5
DA
330
1F
100
AcDbEntity
  8
32
 62
     7
100
AcDbBlockReference
  2
RECT325120X584000R75_View_9
 10
73.3362091812
 20
131.7161175584
 30
0.0
 41
-1.2192
 42
1.2192
 43
1.2192
 50
270.0
  0
INSERT
  5
DB
330
1F
100
AcDbEntity
  8
32
 62
     7
100
AcDbBlockReference
  2
RECT325120X584000R75_View_9
 10
89.1297259812
 20
131.4064407584
 30
0.0
 41
-1.2192
 42
1.2192
 43
1.2192
 50
270.0
  0
INSERT
  5
E0
330
1F
100
AcDbEntity
  8
32
 62
     7
100
AcDbBlockReference
  2
RECT325120X584000R75_View_10
 10
139.8813643812
 20
153.5129751584
 30
0.0
 41
-1.2192
 42
1.2192
 43
1.2192
 50
180.0
  0
INSERT
  5
E5
330
1F
100
AcDbEntity
  8
32
 62
     7
100
AcDbBlockReference
  2
RECT162560X223520R25_View_11
 10
140.3458795812
 20
139.6902951584
 30
0.0
 41
-1.2192
 42
1.2192
 43
1.2192
 50
180.0
  0
INSERT
  5
E6
330
1F
100
AcDbEntity
  8
32
 62
     7
100
AcDbBlockReference
  2
RECT162560X223520R25_View_11
 10
142.5136171812
 20
139.6902951584
 30
0.0
 41
-1.2192
 42
1.2192
 43
1.2192
 50
180.0
  0
INSERT
  5
EB
330
1F
100
AcDbEntity
  8
32
 62
     7
100
AcDbBlockReference
  2
RECT162560X223520R25_View_12
 10
127.1071963812
 20
137.6773959584
 30
0.0
 41
-1.2192
 42
1.2192
 43
1.2192
 50
270.0
  0
INSERT
  5
EC
330
1F
100
AcDbEntity
  8
32
 62
     7
100
AcDbBlockReference
  2
RECT162560X223520R25_View_12
 10
127.1071963812
 20
139.8451335584
 30
0.0
 41
-1.2192
 42
1.2192
 43
1.2192
 50
270.0
  0
INSERT
  5
F1
330
1F
100
AcDbEntity
  8
32
 62
     7
100
AcDbBlockReference
  2
RECT162560X223520R25_View_13
 10
128.8104187812
 20
148.5935031584
 30
0.0
 41
-1.2192
 42
1.2192
 43
1.2192
 50
90.0
  0
INSERT
  5
F2
330
1F
100
AcDbEntity
  8
32
 62
     7
100
AcDbBlockReference
  2
RECT162560X223520R25_View_13
 10
128.8104187812
 20
146.4257655584
 30
0.0
 41
-1.2192
 42
1.2192
 43
1.2192
 50
90.0
  0
INSERT
  5
F7
330
1F
100
AcDbEntity
  8
32
 62
     7
100
AcDbBlockReference
  2
RECT162560X223520R25_View_15
 10
138.6426571812
 20
158.1160647584
 30
0.0
 41
-1.2192
 42
1.2192
 43
1.2192
 50
180.0
  0
INSERT
  5
F8
330
1F
100
AcDbEntity
  8
32
 62
     7
100
AcDbBlockReference
  2
RECT162560X223520R25_View_15
 10
140.8103947812
 20
158.1160647584
 30
0.0
 41
-1.2192
 42
1.2192
 43
1.2192
 50
180.0
  0
INSERT
  5
FD
330
1F
100
AcDbEntity
  8
32
 62
     7
100
AcDbBlockReference
  2
RECT162560X223520R25_View_16
 10
118.5910843812
 20
134.0386935584
 30
0.0
 41
-1.2192
 42
1.2192
 43
1.2192
 50
90.0
  0
INSERT
  5
FE
330
1F
100
AcDbEntity
  8
32
 62
     7
100
AcDbBlockReference
  2
RECT162560X223520R25_View_16
 10
118.5910843812
 20
131.8709559584
 30
0.0
 41
-1.2192
 42
1.2192
 43
1.2192
 50
90.0
  0
INSERT
  5
103
330
1F
100
AcDbEntity
  8
32
 62
     7
100
AcDbBlockReference
  2
RECT162560X223520R25_View_17
 10
116.6556043812
 20
165.5483079584
 30
0.0
 41
-1.2192
 42
1.2192
 43
1.2192
 50
180.0
  0
INSERT
  5
104
330
1F
100
AcDbEntity
  8
32
 62
     7
100
AcDbBlockReference
  2
RECT162560X223520R25_View_17
 10
118.8233419812
 20
165.5483079584
 30
0.0
 41
-1.2192
 42
1.2192
 43
1.2192
 50
180.0
  0
INSERT
  5
109
330
1F
100
AcDbEntity
  8
32
 62
     7
100
AcDbBlockReference
  2
RECT162560X223520R25_View_18
 10
126.4878427812
 20
130.6322487584
 30
0.0
 41
-1.2192
 42
1.2192
 43
1.2192
 50
270.0
  0
INSERT
  5
10A
330
1F
100
AcDbEntity
  8
32
 62
     7
100
AcDbBlockReference
  2
RECT162560X223520R25_View_18
 10
126.4878427812
 20
132.7999863584
 30
0.0
 41
-1.2192
 42
1.2192
 43
1.2192
 50
270.0
  0
INSERT
  5
10F
330
1F
100
AcDbEntity
  8
32
 62
     7
100
AcDbBlockReference
  2
RECT162560X223520R25_View_19
 10
128.3459035812
 20
159.2773527584
 30
0.0
 41
-1.2192
 42
1.2192
 43
1.2192
 50
90.0
  0
INSERT
  5
110
330
1F
100
AcDbEntity
  8
32
 62
     7
100
AcDbBlockReference
  2
RECT162560X223520R25_View_19
 10
128.3459035812
 20
157.1096151584
 30
0.0
 41
-1.2192
 42
1.2192
 43
1.2192
 50
90.0
  0
INSERT
  5
115
330
1F
100
AcDbEntity
  8
32
 62
     7
100
AcDbBlockReference
  2
RECT162560X223520R25_View_20
 10
118.2814075812
 20
151.7676903584
 30
0.0
 41
-1.2192
 42
1.2192
 43
1.2192
  0
INSERT
  5
116
330
1F
100
AcDbEntity
  8
32
 62
     7
100
AcDbBlockReference
  2
RECT162560X223520R25_View_20
 10
116.1136699812
 20
151.7676903584
 30
0.0
 41
-1.2192
 42
1.2192
 43
1.2192
  0
INSERT
  5
11B
330
1F
100
AcDbEntity
  8
32
 62
     7
100
AcDbBlockReference
  2
RECT162560X223520R25_View_21
 10
111.3136795812
 20
140.5419063584
 30
0.0
 41
-1.2192
 42
1.2192
 43
1.2192
 50
90.0
  0
INSERT
  5
11C
330
1F
100
AcDbEntity
  8
32
 62
     7
100
AcDbBlockReference
  2
RECT162560X223520R25_View_21
 10
111.3136795812
 20
138.3741687584
 30
0.0
 41
-1.2192
 42
1.2192
 43
1.2192
 50
90.0
  0
INSERT
  5
121
330
1F
100
AcDbEntity
  8
32
 62
     7
100
AcDbBlockReference
  2
RECT162560X223520R25_View_22
 10
124.3201051812
 20
151.7676903584
 30
0.0
 41
-1.2192
 42
1.2192
 43
1.2192
  0
INSERT
  5
122
330
1F
100
AcDbEntity
  8
32
 62
     7
100
AcDbBlockReference
  2
RECT162560X223520R25_View_22
 10
122.1523675812
 20
151.7676903584
 30
0.0
 41
-1.2192
 42
1.2192
 43
1.2192
  0
INSERT
  5
127
330
1F
100
AcDbEntity
  8
32
 62
     7
100
AcDbBlockReference
  2
RECT162560X223520R25_View_23
 10
170.2296907812
 20
144.1806087584
 30
0.0
 41
-1.2192
 42
1.2192
 43
1.2192
  0
INSERT
  5
128
330
1F
100
AcDbEntity
  8
32
 62
     7
100
AcDbBlockReference
  2
RECT162560X223520R25_View_23
 10
168.0619531812
 20
144.1806087584
 30
0.0
 41
-1.2192
 42
1.2192
 43
1.2192
  0
INSERT
  5
12D
330
1F
100
AcDbEntity
  8
32
 62
     7
100
AcDbBlockReference
  2
RECT162560X223520R25_View_25
 10
112.8620635812
 20
141.1612599584
 30
0.0
 41
-1.2192
 42
1.2192
 43
1.2192
 50
270.0
  0
INSERT
  5
12E
330
1F
100
AcDbEntity
  8
32
 62
     7
100
AcDbBlockReference
  2
RECT162560X223520R25_View_25
 10
112.8620635812
 20
143.3289975584
 30
0.0
 41
-1.2192
 42
1.2192
 43
1.2192
 50
270.0
  0
INSERT
  5
133
330
1F
100
AcDbEntity
  8
32
 62
     7
100
AcDbBlockReference
  2
RECT162560X223520R25_View_26
 10
109.6104571812
 20
142.7870631584
 30
0.0
 41
-1.2192
 42
1.2192
 43
1.2192
 50
270.0
  0
INSERT
  5
134
330
1F
100
AcDbEntity
  8
32
 62
     7
100
AcDbBlockReference
  2
RECT162560X223520R25_View_26
 10
109.6104571812
 20
144.9548007584
 30
0.0
 41
-1.2192
 42
1.2192
 43
1.2192
 50
270.0
  0
INSERT
  5
139
330
1F
100
AcDbEntity
  8
32
 62
     7
100
AcDbBlockReference
  2
RECT162560X223520R25_View_27
 10
111.3136795812
 20
151.7676903584
 30
0.0
 41
-1.2192
 42
1.2192
 43
1.2192
 50
90.0
  0
INSERT
  5
13A
330
1F
100
AcDbEntity
  8
32
 62
     7
100
AcDbBlockReference
  2
RECT162560X223520R25_View_27
 10
111.3136795812
 20
149.5999527584
 30
0.0
 41
-1.2192
 42
1.2192
 43
1.2192
 50
90.0
  0
INSERT
  5
13F
330
1F
100
AcDbEntity
  8
32
 62
     7
100
AcDbBlockReference
  2
RECT162560X223520R25_View_28
 10
119.9846299812
 20
149.0580183584
 30
0.0
 41
-1.2192
 42
1.2192
 43
1.2192
  0
INSERT
  5
140
330
1F
100
AcDbEntity
  8
32
 62
     7
100
AcDbBlockReference
  2
RECT162560X223520R25_View_28
 10
117.8168923812
 20
149.0580183584
 30
0.0
 41
-1.2192
 42
1.2192
 43
1.2192
  0
INSERT
  5
145
330
1F
100
AcDbEntity
  8
32
 62
     7
100
AcDbBlockReference
  2
RECT162560X223520R25_View_30
 10
81.5072875812
 20
169.2644295584
 30
0.0
 41
-1.2192
 42
1.2192
 43
1.2192
  0
INSERT
  5
146
330
1F
100
AcDbEntity
  8
32
 62
     7
100
AcDbBlockReference
  2
RECT162560X223520R25_View_30
 10
79.3395499812
 20
169.2644295584
 30
0.0
 41
-1.2192
 42
1.2192
 43
1.2192
  0
INSERT
  5
14B
330
1F
100
AcDbEntity
  8
32
 62
     7
100
AcDbBlockReference
  2
RECT162560X223520R25_View_31
 10
155.2103659812
 20
170.5031367584
 30
0.0
 41
-1.2192
 42
1.2192
 43
1.2192
  0
INSERT
  5
14C
330
1F
100
AcDbEntity
  8
32
 62
     7
100
AcDbBlockReference
  2
RECT162560X223520R25_View_31
 10
153.0426283812
 20
170.5031367584
 30
0.0
 41
-1.2192
 42
1.2192
 43
1.2192
  0
INSERT
  5
151
330
1F
100
AcDbEntity
  8
32
 62
     7
100
AcDbBlockReference
  2
RECT162560X223520R25_View_32
 10
121.6878523812
 20
134.0386935584
 30
0.0
 41
-1.2192
 42
1.2192
 43
1.2192
 50
90.0
  0
INSERT
  5
152
330
1F
100
AcDbEntity
  8
32
 62
     7
100
AcDbBlockReference
  2
RECT162560X223520R25_View_32
 10
121.6878523812
 20
131.8709559584
 30
0.0
 41
-1.2192
 42
1.2192
 43
1.2192
 50
90.0
  0
INSERT
  5
157
330
1F
100
AcDbEntity
  8
32
 62
     7
100
AcDbBlockReference
  2
RECT162560X223520R25_View_34
 10
166.0490539812
 20
180.2579559584
 30
0.0
 41
-1.2192
 42
1.2192
 43
1.2192
 50
180.0
  0
INSERT
  5
158
330
1F
100
AcDbEntity
  8
32
 62
     7
100
AcDbBlockReference
  2
RECT162560X223520R25_View_34
 10
168.2167915812
 20
180.2579559584
 30
0.0
 41
-1.2192
 42
1.2192
 43
1.2192
 50
180.0
  0
INSERT
  5
15D
330
1F
100
AcDbEntity
  8
32
 62
     7
100
AcDbBlockReference
  2
RECT162560X223520R25_View_35
 10
166.0490539812
 20
176.6966727584
 30
0.0
 41
-1.2192
 42
1.2192
 43
1.2192
 50
180.0
  0
INSERT
  5
15E
330
1F
100
AcDbEntity
  8
32
 62
     7
100
AcDbBlockReference
  2
RECT162560X223520R25_View_35
 10
168.2167915812
 20
176.6966727584
 30
0.0
 41
-1.2192
 42
1.2192
 43
1.2192
 50
180.0
  0
INSERT
  5
163
330
1F
100
AcDbEntity
  8
32
 62
     7
100
AcDbBlockReference
  2
RECT162560X223520R25_View_36
 10
166.0490539812
 20
173.1353895584
 30
0.0
 41
-1.2192
 42
1.2192
 43
1.2192
 50
180.0
  0
INSERT
  5
164
330
1F
100
AcDbEntity
  8
32
 62
     7
100
AcDbBlockReference
  2
RECT162560X223520R25_View_36
 10
168.2167915812
 20
173.1353895584
 30
0.0
 41
-1.2192
 42
1.2192
 43
1.2192
 50
180.0
  0
INSERT
  5
169
330
1F
100
AcDbEntity
  8
32
 62
     7
100
AcDbBlockReference
  2
RECT162560X223520R25_View_37
 10
149.6361835812
 20
157.1870343584
 30
0.0
 41
-1.2192
 42
1.2192
 43
1.2192
  0
INSERT
  5
16A
330
1F
100
AcDbEntity
  8
32
 62
     7
100
AcDbBlockReference
  2
RECT162560X223520R25_View_37
 10
147.4684459812
 20
157.1870343584
 30
0.0
 41
-1.2192
 42
1.2192
 43
1.2192
  0
INSERT
  5
16F
330
1F
100
AcDbEntity
  8
32
 62
     7
100
AcDbBlockReference
  2
RECT162560X223520R25_View_38
 10
145.4555467812
 20
162.7612167584
 30
0.0
 41
-1.2192
 42
1.2192
 43
1.2192
  0
INSERT
  5
170
330
1F
100
AcDbEntity
  8
32
 62
     7
100
AcDbBlockReference
  2
RECT162560X223520R25_View_38
 10
143.2878091812
 20
162.7612167584
 30
0.0
 41
-1.2192
 42
1.2192
 43
1.2192
  0
INSERT
  5
175
330
1F
100
AcDbEntity
  8
32
 62
     7
100
AcDbBlockReference
  2
RECT162560X223520R25_View_39
 10
150.8748907812
 20
172.6708743584
 30
0.0
 41
-1.2192
 42
1.2192
 43
1.2192
  0
INSERT
  5
176
330
1F
100
AcDbEntity
  8
32
 62
     7
100
AcDbBlockReference
  2
RECT162560X223520R25_View_39
 10
148.7071531812
 20
172.6708743584
 30
0.0
 41
-1.2192
 42
1.2192
 43
1.2192
  0
INSERT
  5
17B
330
1F
100
AcDbEntity
  8
32
 62
     7
100
AcDbBlockReference
  2
RECT162560X223520R25_View_41
 10
69.8944075812
 20
137.8322343584
 30
0.0
 41
-1.2192
 42
1.2192
 43
1.2192
  0
INSERT
  5
17C
330
1F
100
AcDbEntity
  8
32
 62
     7
100
AcDbBlockReference
  2
RECT162560X223520R25_View_41
 10
67.7266699812
 20
137.8322343584
 30
0.0
 41
-1.2192
 42
1.2192
 43
1.2192
  0
ENDSEC
  0
SECTION
  2
OBJECTS
  0
DICTIONARY
  5
C
330
0
100
AcDbDictionary
281
     1
  3
ACAD_GROUP
350
D
  3
ACAD_LAYOUT
350
1A
  3
ACAD_MATERIAL
350
43
  3
ACAD_MLEADERSTYLE
350
17F
  3
ACAD_MLINESTYLE
350
17
  3
ACAD_PLOTSETTINGS
350
19
  3
ACAD_PLOTSTYLENAME
350
E
  3
ACAD_SCALELIST
350
47
  3
ACAD_VISUALSTYLE
350
2A
  3
AcDbVariableDictionary
350
17D
  0
DICTIONARY
  5
D
102
{ACAD_REACTORS
330
C
102
}
330
C
100
AcDbDictionary
281
     1
  0
DICTIONARY
  5
1A
102
{ACAD_REACTORS
330
C
102
}
330
C
100
AcDbDictionary
281
     1
  3
Layout1
350
1E
  3
Model
350
22
  0
DICTIONARY
  5
43
102
{ACAD_REACTORS
330
C
102
}
330
C
100
AcDbDictionary
281
     1
  3
ByBlock
350
45
  3
ByLayer
350
44
  3
Global
350
46
  0
DICTIONARY
  5
17F
102
{ACAD_REACTORS
330
C
102
}
330
C
100
AcDbDictionary
281
     1
  0
DICTIONARY
  5
17
102
{ACAD_REACTORS
330
C
102
}
330
C
100
AcDbDictionary
281
     1
  3
Standard
350
18
  0
DICTIONARY
  5
19
102
{ACAD_REACTORS
330
C
102
}
330
C
100
AcDbDictionary
281
     1
  0
ACDBDICTIONARYWDFLT
  5
E
102
{ACAD_REACTORS
330
C
102
}
330
C
100
AcDbDictionary
281
     1
  3
Normal
350
F
100
AcDbDictionaryWithDefault
340
F
  0
DICTIONARY
  5
47
102
{ACAD_REACTORS
330
C
102
}
330
C
100
AcDbDictionary
281
     1
  3
A0
350
48
  3
A1
350
49
  3
A2
350
4A
  3
A3
350
4B
  3
A4
350
4C
  3
A5
350
4D
  3
A6
350
4E
  3
A7
350
4F
  3
A8
350
50
  3
A9
350
51
  3
B0
350
52
  3
B1
350
53
  3
B2
350
54
  3
B3
350
55
  3
B4
350
56
  3
B5
350
57
  3
B6
350
58
  3
B7
350
59
  3
B8
350
5A
  3
B9
350
5B
  3
C0
350
5C
  3
C1
350
5D
  3
C2
350
5E
  3
C3
350
5F
  3
C4
350
60
  3
C5
350
61
  3
C6
350
62
  3
C7
350
63
  3
C8
350
64
  3
C9
350
65
  3
D0
350
66
  3
D1
350
67
  3
D2
350
68
  0
DICTIONARY
  5
2A
102
{ACAD_REACTORS
330
C
102
}
330
C
100
AcDbDictionary
281
     1
  3
2dWireframe
350
2F
  3
Basic
350
32
  3
Brighten
350
36
  3
ColorChange
350
3A
  3
Conceptual
350
34
  3
Dim
350
35
  3
EdgeColorOff
350
3D
  3
Facepattern
350
39
  3
Flat
350
2B
  3
FlatWithEdges
350
2C
  3
Gouraud
350
2D
  3
GouraudWithEdges
350
2E
  3
Hidden
350
31
  3
JitterOff
350
3B
  3
Linepattern
350
38
  3
OverhangOff
350
3C
  3
Realistic
350
33
  3
Shaded
350
42
  3
Shaded with edges
350
41
  3
Shades of Gray
350
3E
  3
Sketchy
350
3F
  3
Thicken
350
37
  3
Wireframe
350
30
  3
X-Ray
350
40
  0
DICTIONARY
  5
17D
102
{ACAD_REACTORS
330
C
102
}
330
C
100
AcDbDictionary
281
     1
  3
CANNOSCALE
350
186
  3
DIMASSOC
350
184
  3
HIDETEXT
350
185
  3
MSLTSCALE
350
187
  3
PSOLHEIGHT
350
181
  3
PSOLWIDTH
350
180
  0
LAYOUT
  5
1E
102
{ACAD_REACTORS
330
1A
102
}
330
1A
100
AcDbPlotSettings
  1

  2
none_device
  4

  6

 40
0.0
 41
0.0
 42
0.0
 43
0.0
 44
0.0
 45
0.0
 46
0.0
 47
0.0
 48
0.0
 49
0.0
140
0.0
141
0.0
142
1.0
143
1.0
 70
   688
 72
     1
 73
     0
 74
     5
  7

 75
    16
147
1.0
148
0.0
149
0.0
100
AcDbLayout
  1
Layout1
 70
     1
 71
     1
 10
0.0
 20
0.0
 11
215.9
 21
279.4
 12
0.0
 22
0.0
 32
0.0
 14
0.0
 24
0.0
 34
0.0
 15
215.9
 25
279.4
 35
0.0
146
0.0
 13
0.0
 23
0.0
 33
0.0
 16
1.0
 26
0.0
 36
0.0
 17
0.0
 27
1.0
 37
0.0
 76
     0
330
1B
  0
LAYOUT
  5
22
102
{ACAD_REACTORS
330
1A
102
}
330
1A
100
AcDbPlotSettings
  1

  2
none_device
  4
Letter_(8.50_x_11.00_Inches)
  6

 40
6.35
 41
6.35
 42
6.35000508
 43
6.35000508
 44
215.9
 45
279.4
 46
0.0
 47
0.0
 48
0.0
 49
0.0
140
0.0
141
0.0
142
1.0
143
1.0
 70
  1712
 72
     1
 73
     0
 74
     0
  7

 75
     0
147
1.0
148
0.0
149
0.0
100
AcDbLayout
  1
Model
 70
     1
 71
     0
 10
0.0
 20
0.0
 11
215.9
 21
279.4
 12
0.0
 22
0.0
 32
0.0
 14
0.0
 24
0.0
 34
0.0
 15
215.9
 25
279.4
 35
0.0
146
0.0
 13
0.0
 23
0.0
 33
0.0
 16
1.0
 26
0.0
 36
0.0
 17
0.0
 27
1.0
 37
0.0
 76
     0
330
1F
331
29
  0
MATERIAL
  5
45
102
{ACAD_REACTORS
330
43
102
}
102
{ACAD_XDICTIONARY
360
1BA
102
}
330
43
100
AcDbMaterial
  1
ByBlock
  0
MATERIAL
  5
44
102
{ACAD_REACTORS
330
43
102
}
102
{ACAD_XDICTIONARY
360
1B8
102
}
330
43
100
AcDbMaterial
  1
ByLayer
  0
MATERIAL
  5
46
102
{ACAD_REACTORS
330
43
102
}
102
{ACAD_XDICTIONARY
360
1BC
102
}
330
43
100
AcDbMaterial
  1
Global
  0
MLINESTYLE
  5
18
102
{ACAD_REACTORS
330
17
102
}
330
17
100
AcDbMlineStyle
  2
Standard
 70
     0
  3

 62
   256
 51
90.0
 52
90.0
 71
     2
 49
0.5
 62
   256
  6
BYLAYER
 49
-0.5
 62
   256
  6
BYLAYER
  0
ACDBPLACEHOLDER
  5
F
102
{ACAD_REACTORS
330
E
102
}
330
E
  0
SCALE
  5
48
102
{ACAD_REACTORS
330
47
102
}
330
47
100
AcDbScale
 70
     0
300
1:1
140
1.0
141
1.0
290
     1
  0
SCALE
  5
49
102
{ACAD_REACTORS
330
47
102
}
330
47
100
AcDbScale
 70
     0
300
1:2
140
1.0
141
2.0
290
     0
  0
SCALE
  5
4A
102
{ACAD_REACTORS
330
47
102
}
330
47
100
AcDbScale
 70
     0
300
1:4
140
1.0
141
4.0
290
     0
  0
SCALE
  5
4B
102
{ACAD_REACTORS
330
47
102
}
330
47
100
AcDbScale
 70
     0
300
1:5
140
1.0
141
5.0
290
     0
  0
SCALE
  5
4C
102
{ACAD_REACTORS
330
47
102
}
330
47
100
AcDbScale
 70
     0
300
1:8
140
1.0
141
8.0
290
     0
  0
SCALE
  5
4D
102
{ACAD_REACTORS
330
47
102
}
330
47
100
AcDbScale
 70
     0
300
1:10
140
1.0
141
10.0
290
     0
  0
SCALE
  5
4E
102
{ACAD_REACTORS
330
47
102
}
330
47
100
AcDbScale
 70
     0
300
1:16
140
1.0
141
16.0
290
     0
  0
SCALE
  5
4F
102
{ACAD_REACTORS
330
47
102
}
330
47
100
AcDbScale
 70
     0
300
1:20
140
1.0
141
20.0
290
     0
  0
SCALE
  5
50
102
{ACAD_REACTORS
330
47
102
}
330
47
100
AcDbScale
 70
     0
300
1:30
140
1.0
141
30.0
290
     0
  0
SCALE
  5
51
102
{ACAD_REACTORS
330
47
102
}
330
47
100
AcDbScale
 70
     0
300
1:40
140
1.0
141
40.0
290
     0
  0
SCALE
  5
52
102
{ACAD_REACTORS
330
47
102
}
330
47
100
AcDbScale
 70
     0
300
1:50
140
1.0
141
50.0
290
     0
  0
SCALE
  5
53
102
{ACAD_REACTORS
330
47
102
}
330
47
100
AcDbScale
 70
     0
300
1:100
140
1.0
141
100.0
290
     0
  0
SCALE
  5
54
102
{ACAD_REACTORS
330
47
102
}
330
47
100
AcDbScale
 70
     0
300
2:1
140
2.0
141
1.0
290
     0
  0
SCALE
  5
55
102
{ACAD_REACTORS
330
47
102
}
330
47
100
AcDbScale
 70
     0
300
4:1
140
4.0
141
1.0
290
     0
  0
SCALE
  5
56
102
{ACAD_REACTORS
330
47
102
}
330
47
100
AcDbScale
 70
     0
300
8:1
140
8.0
141
1.0
290
     0
  0
SCALE
  5
57
102
{ACAD_REACTORS
330
47
102
}
330
47
100
AcDbScale
 70
     0
300
10:1
140
10.0
141
1.0
290
     0
  0
SCALE
  5
58
102
{ACAD_REACTORS
330
47
102
}
330
47
100
AcDbScale
 70
     0
300
100:1
140
100.0
141
1.0
290
     0
  0
SCALE
  5
59
102
{ACAD_REACTORS
330
47
102
}
330
47
100
AcDbScale
 70
     0
300
1/128" = 1'-0"
140
0.0078125
141
12.0
290
     0
  0
SCALE
  5
5A
102
{ACAD_REACTORS
330
47
102
}
330
47
100
AcDbScale
 70
     0
300
1/64" = 1'-0"
140
0.015625
141
12.0
290
     0
  0
SCALE
  5
5B
102
{ACAD_REACTORS
330
47
102
}
330
47
100
AcDbScale
 70
     0
300
1/32" = 1'-0"
140
0.03125
141
12.0
290
     0
  0
SCALE
  5
5C
102
{ACAD_REACTORS
330
47
102
}
330
47
100
AcDbScale
 70
     0
300
1/16" = 1'-0"
140
0.0625
141
12.0
290
     0
  0
SCALE
  5
5D
102
{ACAD_REACTORS
330
47
102
}
330
47
100
AcDbScale
 70
     0
300
3/32" = 1'-0"
140
0.09375
141
12.0
290
     0
  0
SCALE
  5
5E
102
{ACAD_REACTORS
330
47
102
}
330
47
100
AcDbScale
 70
     0
300
1/8" = 1'-0"
140
0.125
141
12.0
290
     0
  0
SCALE
  5
5F
102
{ACAD_REACTORS
330
47
102
}
330
47
100
AcDbScale
 70
     0
300
3/16" = 1'-0"
140
0.1875
141
12.0
290
     0
  0
SCALE
  5
60
102
{ACAD_REACTORS
330
47
102
}
330
47
100
AcDbScale
 70
     0
300
1/4" = 1'-0"
140
0.25
141
12.0
290
     0
  0
SCALE
  5
61
102
{ACAD_REACTORS
330
47
102
}
330
47
100
AcDbScale
 70
     0
300
3/8" = 1'-0"
140
0.375
141
12.0
290
     0
  0
SCALE
  5
62
102
{ACAD_REACTORS
330
47
102
}
330
47
100
AcDbScale
 70
     0
300
1/2" = 1'-0"
140
0.5
141
12.0
290
     0
  0
SCALE
  5
63
102
{ACAD_REACTORS
330
47
102
}
330
47
100
AcDbScale
 70
     0
300
3/4" = 1'-0"
140
0.75
141
12.0
290
     0
  0
SCALE
  5
64
102
{ACAD_REACTORS
330
47
102
}
330
47
100
AcDbScale
 70
     0
300
1" = 1'-0"
140
1.0
141
12.0
290
     0
  0
SCALE
  5
65
102
{ACAD_REACTORS
330
47
102
}
330
47
100
AcDbScale
 70
     0
300
1-1/2" = 1'-0"
140
1.5
141
12.0
290
     0
  0
SCALE
  5
66
102
{ACAD_REACTORS
330
47
102
}
330
47
100
AcDbScale
 70
     0
300
3" = 1'-0"
140
3.0
141
12.0
290
     0
  0
SCALE
  5
67
102
{ACAD_REACTORS
330
47
102
}
330
47
100
AcDbScale
 70
     0
300
6" = 1'-0"
140
6.0
141
12.0
290
     0
  0
SCALE
  5
68
102
{ACAD_REACTORS
330
47
102
}
330
47
100
AcDbScale
 70
     0
300
1'-0" = 1'-0"
140
12.0
141
12.0
290
     0
  0
VISUALSTYLE
  5
2F
102
{ACAD_REACTORS
330
2A
102
}
102
{ACAD_XDICTIONARY
360
190
102
}
330
2A
100
AcDbVisualStyle
  2
2dWireframe
 70
     4
 71
     0
 72
     2
 73
     0
 90
        0
 40
0.6
 41
30.0
 62
     5
 63
     7
 74
     1
 91
        4
 64
     7
 65
   257
 75
     1
175
     1
 42
1.0
 92
        0
 66
   257
 43
1.0
 76
     1
 77
     6
 78
     2
 67
     7
 79
     5
170
     0
171
     0
290
     0
174
     0
 93
        1
 44
0.0
173
     0
291
     0
 45
0.0
1001
ACAD
1000
AcDbSavedByObjectVersion
1070
     0
  0
VISUALSTYLE
  5
32
102
{ACAD_REACTORS
330
2A
102
}
102
{ACAD_XDICTIONARY
360
196
102
}
330
2A
100
AcDbVisualStyle
  2
Basic
 70
     7
 71
     1
 72
     0
 73
     1
 90
        0
 40
0.6
 41
30.0
 62
     5
 63
     7
 74
     0
 91
        4
 64
     7
 65
   257
 75
     1
175
     1
 42
1.0
 92
        8
 66
     7
 43
1.0
 76
     1
 77
     6
 78
     2
 67
     7
 79
     5
170
     0
171
     0
290
     0
174
     0
 93
        1
 44
0.0
173
     0
291
     1
 45
0.0
1001
ACAD
1000
AcDbSavedByObjectVersion
1070
     0
  0
VISUALSTYLE
  5
36
102
{ACAD_REACTORS
330
2A
102
}
102
{ACAD_XDICTIONARY
360
19E
102
}
330
2A
100
AcDbVisualStyle
  2
Brighten
 70
    12
 71
     2
 72
     2
 73
     0
 90
        0
 40
0.6
 41
30.0
 62
     5
 63
     7
 74
     1
 91
        4
 64
     7
 65
   257
 75
     1
175
     1
 42
1.0
 92
        8
 66
     7
 43
1.0
 76
     1
 77
     6
 78
     2
 67
     7
 79
     5
170
     0
171
     0
290
     0
174
     0
 93
        1
 44
50.0
173
     0
291
     1
 45
0.0
1001
ACAD
1000
AcDbSavedByObjectVersion
1070
     0
  0
VISUALSTYLE
  5
3A
102
{ACAD_REACTORS
330
2A
102
}
102
{ACAD_XDICTIONARY
360
1A6
102
}
330
2A
100
AcDbVisualStyle
  2
ColorChange
 70
    16
 71
     2
 72
     2
 73
     3
 90
        0
 40
0.6
 41
30.0
 62
     5
 63
     8
 74
     1
 91
        4
 64
     7
 65
   257
 75
     1
175
     1
 42
1.0
 92
        8
 66
     8
 43
1.0
 76
     1
 77
     6
 78
     2
 67
     7
 79
     5
170
     0
171
     0
290
     0
174
     0
 93
        1
 44
0.0
173
     0
291
     1
 45
0.0
1001
ACAD
1000
AcDbSavedByObjectVersion
1070
     0
  0
VISUALSTYLE
  5
34
102
{ACAD_REACTORS
330
2A
102
}
102
{ACAD_XDICTIONARY
360
19A
102
}
330
2A
100
AcDbVisualStyle
  2
Conceptual
 70
     9
 71
     3
 72
     2
 73
     0
 90
        0
 40
0.6
 41
30.0
 62
     5
 63
     7
 74
     2
 91
        2
 64
     7
 65
   257
 75
     1
175
     1
 42
179.0
 92
        8
 66
     7
 43
1.0
 76
     1
 77
     6
 78
     2
 67
     7
 79
     3
170
     0
171
     0
290
     0
174
     0
 93
        1
 44
0.0
173
     0
291
     0
 45
0.0
1001
ACAD
1000
AcDbSavedByObjectVersion
1070
     0
  0
VISUALSTYLE
  5
35
102
{ACAD_REACTORS
330
2A
102
}
102
{ACAD_XDICTIONARY
360
19C
102
}
330
2A
100
AcDbVisualStyle
  2
Dim
 70
    11
 71
     2
 72
     2
 73
     0
 90
        0
 40
0.6
 41
30.0
 62
     5
 63
     7
 74
     1
 91
        4
 64
     7
 65
   257
 75
     1
175
     1
 42
1.0
 92
        8
 66
     7
 43
1.0
 76
     1
 77
     6
 78
     2
 67
     7
 79
     5
170
     0
171
     0
290
     0
174
     0
 93
        1
 44
-50.0
173
     0
291
     1
 45
0.0
1001
ACAD
1000
AcDbSavedByObjectVersion
1070
     0
  0
VISUALSTYLE
  5
3D
102
{ACAD_REACTORS
330
2A
102
}
102
{ACAD_XDICTIONARY
360
1AC
102
}
330
2A
100
AcDbVisualStyle
  2
EdgeColorOff
 70
    22
 71
     2
 72
     2
 73
     0
 90
        0
 40
0.6
 41
30.0
 62
     5
 63
     7
 74
     1
 91
        4
 64
     7
 65
   257
 75
     1
175
     1
 42
1.0
 92
        8
 66
     7
 43
1.0
 76
     1
 77
     6
 78
     2
 67
     7
 79
     5
170
     0
171
     0
290
     0
174
     0
 93
        1
 44
0.0
173
     0
291
     1
 45
0.0
1001
ACAD
1000
AcDbSavedByObjectVersion
1070
     0
  0
VISUALSTYLE
  5
39
102
{ACAD_REACTORS
330
2A
102
}
102
{ACAD_XDICTIONARY
360
1A4
102
}
330
2A
100
AcDbVisualStyle
  2
Facepattern
 70
    15
 71
     2
 72
     2
 73
     0
 90
        0
 40
0.6
 41
30.0
 62
     5
 63
     7
 74
     1
 91
        4
 64
     7
 65
   257
 75
     1
175
     1
 42
1.0
 92
        8
 66
     7
 43
1.0
 76
     1
 77
     6
 78
     2
 67
     7
 79
     5
170
     0
171
     0
290
     0
174
     0
 93
        1
 44
0.0
173
     0
291
     1
 45
0.0
1001
ACAD
1000
AcDbSavedByObjectVersion
1070
     0
  0
VISUALSTYLE
  5
2B
102
{ACAD_REACTORS
330
2A
102
}
102
{ACAD_XDICTIONARY
360
188
102
}
330
2A
100
AcDbVisualStyle
  2
Flat
 70
     0
 71
     2
 72
     1
 73
     1
 90
        2
 40
0.6
 41
30.0
 62
     5
 63
     7
 74
     0
 91
        0
 64
     7
 65
   257
 75
     1
175
     1
 42
1.0
 92
        8
 66
     7
 43
1.0
 76
     1
 77
     6
 78
     2
 67
     7
 79
     5
170
     0
171
     0
290
     0
174
     0
 93
       13
 44
0.0
173
     0
291
     1
 45
0.0
1001
ACAD
1000
AcDbSavedByObjectVersion
1070
     0
  0
VISUALSTYLE
  5
2C
102
{ACAD_REACTORS
330
2A
102
}
102
{ACAD_XDICTIONARY
360
18A
102
}
330
2A
100
AcDbVisualStyle
  2
FlatWithEdges
 70
     1
 71
     2
 72
     1
 73
     1
 90
        2
 40
0.6
 41
30.0
 62
     5
 63
     7
 74
     1
 91
        0
 64
     7
 65
   257
 75
     1
175
     1
 42
1.0
 92
        0
 66
   257
 43
1.0
 76
     1
 77
     6
 78
     2
 67
     7
 79
     5
170
     0
171
     0
290
     0
174
     0
 93
       13
 44
0.0
173
     0
291
     1
 45
0.0
1001
ACAD
1000
AcDbSavedByObjectVersion
1070
     0
  0
VISUALSTYLE
  5
2D
102
{ACAD_REACTORS
330
2A
102
}
102
{ACAD_XDICTIONARY
360
18C
102
}
330
2A
100
AcDbVisualStyle
  2
Gouraud
 70
     2
 71
     2
 72
     2
 73
     1
 90
        2
 40
0.6
 41
30.0
 62
     5
 63
     7
 74
     0
 91
        0
 64
     7
 65
   257
 75
     1
175
     1
 42
1.0
 92
        0
 66
     7
 43
1.0
 76
     1
 77
     6
 78
     2
 67
     7
 79
     5
170
     0
171
     0
290
     0
174
     0
 93
       13
 44
0.0
173
     0
291
     1
 45
0.0
1001
ACAD
1000
AcDbSavedByObjectVersion
1070
     0
  0
VISUALSTYLE
  5
2E
102
{ACAD_REACTORS
330
2A
102
}
102
{ACAD_XDICTIONARY
360
18E
102
}
330
2A
100
AcDbVisualStyle
  2
GouraudWithEdges
 70
     3
 71
     2
 72
     2
 73
     1
 90
        2
 40
0.6
 41
30.0
 62
     5
 63
     7
 74
     1
 91
        0
 64
     7
 65
   257
 75
     1
175
     1
 42
1.0
 92
        0
 66
   257
 43
1.0
 76
     1
 77
     6
 78
     2
 67
     7
 79
     5
170
     0
171
     0
290
     0
174
     0
 93
       13
 44
0.0
173
     0
291
     1
 45
0.0
1001
ACAD
1000
AcDbSavedByObjectVersion
1070
     0
  0
VISUALSTYLE
  5
31
102
{ACAD_REACTORS
330
2A
102
}
102
{ACAD_XDICTIONARY
360
194
102
}
330
2A
100
AcDbVisualStyle
  2
Hidden
 70
     6
 71
     1
 72
     2
 73
     2
 90
        0
 40
0.6
 41
30.0
 62
     5
 63
     7
 74
     2
 91
        2
 64
     7
 65
   257
 75
     2
175
     1
 42
40.0
 92
        0
 66
   257
 43
1.0
 76
     1
 77
     6
 78
     2
 67
     7
 79
     3
170
     0
171
     0
290
     0
174
     0
 93
        1
 44
0.0
173
     0
291
     0
 45
0.0
1001
ACAD
1000
AcDbSavedByObjectVersion
1070
     0
  0
VISUALSTYLE
  5
3B
102
{ACAD_REACTORS
330
2A
102
}
102
{ACAD_XDICTIONARY
360
1A8
102
}
330
2A
100
AcDbVisualStyle
  2
JitterOff
 70
    20
 71
     2
 72
     2
 73
     0
 90
        0
 40
0.6
 41
30.0
 62
     5
 63
     7
 74
     1
 91
        4
 64
     7
 65
   257
 75
     1
175
     1
 42
1.0
 92
       10
 66
     7
 43
1.0
 76
     1
 77
     6
 78
     2
 67
     7
 79
     5
170
     0
171
     0
290
     0
174
     0
 93
        1
 44
0.0
173
     0
291
     1
 45
0.0
1001
ACAD
1000
AcDbSavedByObjectVersion
1070
     0
  0
VISUALSTYLE
  5
38
102
{ACAD_REACTORS
330
2A
102
}
102
{ACAD_XDICTIONARY
360
1A2
102
}
330
2A
100
AcDbVisualStyle
  2
Linepattern
 70
    14
 71
     2
 72
     2
 73
     0
 90
        0
 40
0.6
 41
30.0
 62
     5
 63
     7
 74
     1
 91
        4
 64
     7
 65
   257
 75
     7
175
     7
 42
1.0
 92
        8
 66
     7
 43
1.0
 76
     1
 77
     6
 78
     2
 67
     7
 79
     5
170
     0
171
     0
290
     0
174
     0
 93
        1
 44
0.0
173
     0
291
     1
 45
0.0
1001
ACAD
1000
AcDbSavedByObjectVersion
1070
     0
  0
VISUALSTYLE
  5
3C
102
{ACAD_REACTORS
330
2A
102
}
102
{ACAD_XDICTIONARY
360
1AA
102
}
330
2A
100
AcDbVisualStyle
  2
OverhangOff
 70
    21
 71
     2
 72
     2
 73
     0
 90
        0
 40
0.6
 41
30.0
 62
     5
 63
     7
 74
     1
 91
        4
 64
     7
 65
   257
 75
     1
175
     1
 42
1.0
 92
        9
 66
     7
 43
1.0
 76
     1
 77
     6
 78
     2
 67
     7
 79
     5
170
     0
171
     0
290
     0
174
     0
 93
        1
 44
0.0
173
     0
291
     1
 45
0.0
1001
ACAD
1000
AcDbSavedByObjectVersion
1070
     0
  0
VISUALSTYLE
  5
33
102
{ACAD_REACTORS
330
2A
102
}
102
{ACAD_XDICTIONARY
360
198
102
}
330
2A
100
AcDbVisualStyle
  2
Realistic
 70
     8
 71
     2
 72
     3
 73
     0
 90
        2
 40
0.6
 41
30.0
 62
     5
 63
     7
 74
     0
 91
        0
 64
     7
 65
   257
 75
     1
175
     1
 42
1.0
 92
        8
 66
   257
 43
1.0
 76
     1
 77
     6
 78
     2
 67
     7
 79
     3
170
     0
171
     0
290
     0
174
     0
 93
       13
 44
0.0
173
     0
291
     0
 45
0.0
1001
ACAD
1000
AcDbSavedByObjectVersion
1070
     0
  0
VISUALSTYLE
  5
42
102
{ACAD_REACTORS
330
2A
102
}
102
{ACAD_XDICTIONARY
360
1B6
102
}
330
2A
100
AcDbVisualStyle
  2
Shaded
 70
    27
 71
     2
 72
     2
 73
     1
 90
        2
 40
0.6
 41
30.0
 62
     5
 63
     7
 74
     0
 91
        4
 64
     7
 65
   257
 75
     1
175
     1
 42
1.0
 92
        8
 66
   257
 43
1.0
 76
     1
 77
     6
 78
     2
 67
     8
 79
     3
170
     0
171
     0
290
     0
174
     0
 93
        5
 44
0.0
173
     0
291
     0
 45
0.0
1001
ACAD
1000
AcDbSavedByObjectVersion
1070
     0
  0
VISUALSTYLE
  5
41
102
{ACAD_REACTORS
330
2A
102
}
102
{ACAD_XDICTIONARY
360
1B4
102
}
330
2A
100
AcDbVisualStyle
  2
Shaded with edges
 70
    26
 71
     2
 72
     2
 73
     1
 90
        2
 40
0.6
 41
30.0
 62
     5
 63
     7
 74
     1
 91
       10
 64
     7
 65
   257
 75
     2
175
     1
 42
1.0
 92
        8
 66
   257
 43
1.0
 76
     1
 77
     6
 78
     2
 67
     7
 79
     3
170
     0
171
     0
290
     0
174
     0
 93
        5
 44
0.0
173
     0
291
     0
 45
0.0
1001
ACAD
1000
AcDbSavedByObjectVersion
1070
     0
  0
VISUALSTYLE
  5
3E
102
{ACAD_REACTORS
330
2A
102
}
102
{ACAD_XDICTIONARY
360
1AE
102
}
330
2A
100
AcDbVisualStyle
  2
Shades of Gray
 70
    23
 71
     2
 72
     2
 73
     3
 90
        0
 40
0.6
 41
30.0
 62
     5
 63
     7
 74
     2
 91
        2
 64
     7
 65
     7
 75
     1
175
     1
 42
40.0
 92
        8
 66
     7
 43
1.0
 76
     1
 77
     6
 78
     2
 67
     7
 79
     3
170
     0
171
     0
290
     0
174
     0
 93
        1
 44
0.0
173
     0
291
     0
 45
0.0
1001
ACAD
1000
AcDbSavedByObjectVersion
1070
     0
  0
VISUALSTYLE
  5
3F
102
{ACAD_REACTORS
330
2A
102
}
102
{ACAD_XDICTIONARY
360
1B0
102
}
330
2A
100
AcDbVisualStyle
  2
Sketchy
 70
    24
 71
     1
 72
     2
 73
     2
 90
        0
 40
0.6
 41
30.0
 62
     5
 63
     7
 74
     2
 91
        2
 64
     7
 65
     7
 75
     1
175
     1
 42
40.0
 92
       11
 66
     7
 43
1.0
 76
     1
 77
     6
 78
     2
 67
     7
 79
     6
170
     0
171
     0
290
     0
174
     0
 93
        1
 44
0.0
173
     0
291
     0
 45
0.0
1001
ACAD
1000
AcDbSavedByObjectVersion
1070
     0
  0
VISUALSTYLE
  5
37
102
{ACAD_REACTORS
330
2A
102
}
102
{ACAD_XDICTIONARY
360
1A0
102
}
330
2A
100
AcDbVisualStyle
  2
Thicken
 70
    13
 71
     2
 72
     2
 73
     0
 90
        0
 40
0.6
 41
30.0
 62
     5
 63
     7
 74
     1
 91
        4
 64
     7
 65
   257
 75
     1
175
     1
 42
1.0
 92
       12
 66
     7
 43
1.0
 76
     1
 77
     6
 78
     2
 67
     7
 79
     5
170
     0
171
     0
290
     0
174
     0
 93
        1
 44
0.0
173
     0
291
     1
 45
0.0
1001
ACAD
1000
AcDbSavedByObjectVersion
1070
     0
  0
VISUALSTYLE
  5
30
102
{ACAD_REACTORS
330
2A
102
}
102
{ACAD_XDICTIONARY
360
192
102
}
330
2A
100
AcDbVisualStyle
  2
Wireframe
 70
     5
 71
     0
 72
     2
 73
     0
 90
        0
 40
0.6
 41
30.0
 62
     5
 63
     7
 74
     1
 91
        4
 64
     7
 65
   257
 75
     1
175
     1
 42
1.0
 92
        0
 66
   257
 43
1.0
 76
     1
 77
     6
 78
     2
 67
     7
 79
     3
170
     0
171
     0
290
     0
174
     0
 93
        1
 44
0.0
173
     0
291
     0
 45
0.0
1001
ACAD
1000
AcDbSavedByObjectVersion
1070
     0
  0
VISUALSTYLE
  5
40
102
{ACAD_REACTORS
330
2A
102
}
102
{ACAD_XDICTIONARY
360
1B2
102
}
330
2A
100
AcDbVisualStyle
  2
X-Ray
 70
    25
 71
     2
 72
     2
 73
     1
 90
        1
 40
0.5
 41
30.0
 62
     5
 63
     7
 74
     1
 91
        0
 64
     7
 65
   257
 75
     1
175
     1
 42
1.0
 92
        8
 66
     7
 43
1.0
 76
     1
 77
     6
 78
     2
 67
     7
 79
     3
170
     0
171
     0
290
     0
174
     0
 93
       13
 44
0.0
173
     0
291
     0
 45
0.0
1001
ACAD
1000
AcDbSavedByObjectVersion
1070
     0
  0
DICTIONARYVAR
  5
186
102
{ACAD_REACTORS
330
17D
102
}
330
17D
100
DictionaryVariables
280
     0
  1
1:1
  0
DICTIONARYVAR
  5
184
102
{ACAD_REACTORS
330
17D
102
}
330
17D
100
DictionaryVariables
280
     0
  1
2
  0
DICTIONARYVAR
  5
185
102
{ACAD_REACTORS
330
17D
102
}
330
17D
100
DictionaryVariables
280
     0
  1
1
  0
DICTIONARYVAR
  5
187
102
{ACAD_REACTORS
330
17D
102
}
330
17D
100
DictionaryVariables
280
     0
  1
1
  0
DICTIONARYVAR
  5
181
102
{ACAD_REACTORS
330
17D
102
}
330
17D
100
DictionaryVariables
280
     0
  1
80.000000
  0
DICTIONARYVAR
  5
180
102
{ACAD_REACTORS
330
17D
102
}
330
17D
100
DictionaryVariables
280
     0
  1
5.000000
  0
DICTIONARY
  5
1BA
330
45
100
AcDbDictionary
280
     1
281
     1
  3
ACAD_XREC_ROUNDTRIP
360
1BB
  0
DICTIONARY
  5
1B8
330
44
100
AcDbDictionary
280
     1
281
     1
  3
ACAD_XREC_ROUNDTRIP
360
1B9
  0
DICTIONARY
  5
1BC
330
46
100
AcDbDictionary
280
     1
281
     1
  3
ACAD_XREC_ROUNDTRIP
360
1BD
  0
DICTIONARY
  5
190
330
2F
100
AcDbDictionary
280
     1
281
     1
  3
ACAD_XREC_ROUNDTRIP
360
191
  0
DICTIONARY
  5
196
330
32
100
AcDbDictionary
280
     1
281
     1
  3
ACAD_XREC_ROUNDTRIP
360
197
  0
DICTIONARY
  5
19E
330
36
100
AcDbDictionary
280
     1
281
     1
  3
ACAD_XREC_ROUNDTRIP
360
19F
  0
DICTIONARY
  5
1A6
330
3A
100
AcDbDictionary
280
     1
281
     1
  3
ACAD_XREC_ROUNDTRIP
360
1A7
  0
DICTIONARY
  5
19A
330
34
100
AcDbDictionary
280
     1
281
     1
  3
ACAD_XREC_ROUNDTRIP
360
19B
  0
DICTIONARY
  5
19C
330
35
100
AcDbDictionary
280
     1
281
     1
  3
ACAD_XREC_ROUNDTRIP
360
19D
  0
DICTIONARY
  5
1AC
330
3D
100
AcDbDictionary
280
     1
281
     1
  3
ACAD_XREC_ROUNDTRIP
360
1AD
  0
DICTIONARY
  5
1A4
330
39
100
AcDbDictionary
280
     1
281
     1
  3
ACAD_XREC_ROUNDTRIP
360
1A5
  0
DICTIONARY
  5
188
330
2B
100
AcDbDictionary
280
     1
281
     1
  3
ACAD_XREC_ROUNDTRIP
360
189
  0
DICTIONARY
  5
18A
330
2C
100
AcDbDictionary
280
     1
281
     1
  3
ACAD_XREC_ROUNDTRIP
360
18B
  0
DICTIONARY
  5
18C
330
2D
100
AcDbDictionary
280
     1
281
     1
  3
ACAD_XREC_ROUNDTRIP
360
18D
  0
DICTIONARY
  5
18E
330
2E
100
AcDbDictionary
280
     1
281
     1
  3
ACAD_XREC_ROUNDTRIP
360
18F
  0
DICTIONARY
  5
194
330
31
100
AcDbDictionary
280
     1
281
     1
  3
ACAD_XREC_ROUNDTRIP
360
195
  0
DICTIONARY
  5
1A8
330
3B
100
AcDbDictionary
280
     1
281
     1
  3
ACAD_XREC_ROUNDTRIP
360
1A9
  0
DICTIONARY
  5
1A2
330
38
100
AcDbDictionary
280
     1
281
     1
  3
ACAD_XREC_ROUNDTRIP
360
1A3
  0
DICTIONARY
  5
1AA
330
3C
100
AcDbDictionary
280
     1
281
     1
  3
ACAD_XREC_ROUNDTRIP
360
1AB
  0
DICTIONARY
  5
198
330
33
100
AcDbDictionary
280
     1
281
     1
  3
ACAD_XREC_ROUNDTRIP
360
199
  0
DICTIONARY
  5
1B6
330
42
100
AcDbDictionary
280
     1
281
     1
  3
ACAD_XREC_ROUNDTRIP
360
1B7
  0
DICTIONARY
  5
1B4
330
41
100
AcDbDictionary
280
     1
281
     1
  3
ACAD_XREC_ROUNDTRIP
360
1B5
  0
DICTIONARY
  5
1AE
330
3E
100
AcDbDictionary
280
     1
281
     1
  3
ACAD_XREC_ROUNDTRIP
360
1AF
  0
DICTIONARY
  5
1B0
330
3F
100
AcDbDictionary
280
     1
281
     1
  3
ACAD_XREC_ROUNDTRIP
360
1B1
  0
DICTIONARY
  5
1A0
330
37
100
AcDbDictionary
280
     1
281
     1
  3
ACAD_XREC_ROUNDTRIP
360
1A1
  0
DICTIONARY
  5
192
330
30
100
AcDbDictionary
280
     1
281
     1
  3
ACAD_XREC_ROUNDTRIP
360
193
  0
DICTIONARY
  5
1B2
330
40
100
AcDbDictionary
280
     1
281
     1
  3
ACAD_XREC_ROUNDTRIP
360
1B3
  0
XRECORD
  5
1BB
102
{ACAD_REACTORS
330
1BA
102
}
330
1BA
100
AcDbXrecord
280
     1
102
MATERIAL
148
0.0
149
0.0
149
0.0
 93
        0
 94
      127
282
     0
 72
     1
 77
     1
171
     1
175
     1
179
     1
273
     0
  0
XRECORD
  5
1B9
102
{ACAD_REACTORS
330
1B8
102
}
330
1B8
100
AcDbXrecord
280
     1
102
MATERIAL
148
0.0
149
0.0
149
0.0
 93
        0
 94
      127
282
     0
 72
     1
 77
     1
171
     1
175
     1
179
     1
273
     0
  0
XRECORD
  5
1BD
102
{ACAD_REACTORS
330
1BC
102
}
330
1BC
100
AcDbXrecord
280
     1
102
MATERIAL
148
0.0
149
0.0
149
0.0
 93
        0
 94
      127
282
     0
 72
     1
 77
     1
171
     1
175
     1
179
     1
273
     0
  0
XRECORD
  5
191
102
{ACAD_REACTORS
330
190
102
}
330
190
100
AcDbXrecord
280
     1
102
RTVSPropertyOp0
 70
     1
102
RTVSPropertyOp1
 70
     1
102
RTVSPropertyOp2
 70
     1
102
RTVSPropertyOp3
 70
     1
102
RTVSPropertyOp4
 70
     1
102
RTVSPropertyOp5
 70
     1
102
RTVSPropertyOp6
 70
     1
102
RTVSPropertyOp7
 70
     1
102
RTVSPropertyOp8
 70
     1
102
RTVSPropertyOp9
 70
     1
102
RTVSPropertyOp10
 70
     1
102
RTVSPropertyOp11
 70
     1
102
RTVSPropertyOp12
 70
     1
102
RTVSPropertyOp13
 70
     1
102
RTVSPropertyOp14
 70
     1
102
RTVSPropertyOp15
 70
     1
102
RTVSPropertyOp16
 70
     1
102
RTVSPropertyOp17
 70
     1
102
RTVSPropertyOp18
 70
     1
102
RTVSPropertyOp19
 70
     1
102
RTVSPropertyOp20
 70
     1
102
RTVSPropertyOp21
 70
     1
102
RTVSPropertyOp22
 70
     1
102
RTVSPropertyOp23
 70
     1
102
RTVSPropertyOp24
 70
     1
102
RTVSPropertyOp25
 70
     1
102
RTVSPropertyOp26
 70
     1
102
RTVSPropertyOp27
 70
     1
102
RTVSPropertyOp28
 70
     1
102
RTVSPropertyOp29
 70
     1
102
RTVSPropertyOp30
 70
     1
102
RTVSPropertyOp31
 70
     1
102
RTVSPropertyOp32
 70
     1
102
RTVSPropertyOp33
 70
     1
102
RTVSPropertyOp34
 70
     1
102
RTVSPropertyOp35
 70
     1
102
RTVSPropertyOp36
 70
     1
102
RTVSPropertyOp37
 70
     1
102
RTVSPropertyOp38
 70
     1
102
RTVSPropertyOp39
 70
     1
102
RTVSPropertyOp40
 70
     1
102
RTVSPropertyOp41
 70
     1
102
RTVSPropertyOp42
 70
     1
102
RTVSPropertyOp43
 70
     1
102
RTVSPropertyOp44
 70
     1
102
RTVSPropertyOp45
 70
     1
102
RTVSPropertyOp46
 70
     1
102
RTVSPropertyOp47
 70
     1
102
RTVSPropertyOp48
 70
     1
102
RTVSPropertyOp49
 70
     1
102
RTVSPropertyOp50
 70
     1
102
RTVSPropertyOp51
 70
     0
102
RTVSPropertyOp52
 70
     0
102
RTVSPropertyOp53
 70
     1
102
RTVSPropertyOp54
 70
     1
102
RTVSPropertyOp55
 70
     1
102
RTVSPropertyOp56
 70
     1
102
RTVSPropertyOp57
 70
     1
102
RTVSPost2010Prop28
280
     1
102
RTVSPost2010PropOp28
 70
     1
102
RTVSPost2010Prop29
280
     1
102
RTVSPost2010PropOp29
 70
     1
102
RTVSPost2010Prop30
280
     0
102
RTVSPost2010PropOp30
 70
     1
102
RTVSPost2010Prop31
280
     0
102
RTVSPost2010PropOp31
 70
     1
102
RTVSPost2010Prop32
280
     0
102
RTVSPost2010PropOp32
 70
     1
102
RTVSPost2010Prop33
280
     0
102
RTVSPost2010PropOp33
 70
     1
102
RTVSPost2010Prop34
280
     0
102
RTVSPost2010PropOp34
 70
     1
102
RTVSPost2010Prop35
280
     0
102
RTVSPost2010PropOp35
 70
     1
102
RTVSPost2010Prop36
280
     0
102
RTVSPost2010PropOp36
 70
     1
102
RTVSPost2010Prop37
 90
       50
102
RTVSPost2010PropOp37
 70
     1
102
RTVSPost2010Prop38
140
0.0
102
RTVSPost2010PropOp38
 70
     1
102
RTVSPost2010Prop39
140
1.0
102
RTVSPost2010PropOp39
 70
     1
102
RTVSPost2010Prop40
 90
        0
102
RTVSPost2010PropOp40
 70
     1
102
RTVSPost2010Prop41ColorIndex
 90
       18
102
RTVSPost2010Prop41ColorRGB
 90
        0
102
RTVSPost2010PropOp41
 70
     1
102
RTVSPost2010Prop42
 90
       50
102
RTVSPost2010PropOp42
 70
     1
102
RTVSPost2010Prop43
 90
        3
102
RTVSPost2010PropOp43
 70
     1
102
RTVSPost2010Prop44ColorIndex
 90
        5
102
RTVSPost2010Prop44ColorRGB
 90
      255
102
RTVSPost2010PropOp44
 70
     1
102
RTVSPost2010Prop45
280
     0
102
RTVSPost2010PropOp45
 70
     1
102
RTVSPost2010Prop46
 90
       50
102
RTVSPost2010PropOp46
 70
     1
102
RTVSPost2010Prop47
 90
       50
102
RTVSPost2010PropOp47
 70
     1
102
RTVSPost2010Prop48
 90
       50
102
RTVSPost2010PropOp48
 70
     1
102
RTVSPost2010Prop49
280
     0
102
RTVSPost2010PropOp49
 70
     1
102
RTVSPost2010Prop50
 90
       50
102
RTVSPost2010PropOp50
 70
     1
102
RTVSPost2010Prop51ColorIndex
 90
      256
102
RTVSPost2010Prop51ColorRGB
 90
-16777216
102
RTVSPost2010PropOp51
 70
     0
102
RTVSPost2010Prop52
140
1.0
102
RTVSPost2010PropOp52
 70
     0
102
RTVSPost2010Prop53
 90
        2
102
RTVSPost2010PropOp53
 70
     1
102
RTVSPost2010Prop54
  1
strokes_ogs.tif
102
RTVSPost2010PropOp54
 70
     1
102
RTVSPost2010Prop55
280
     0
102
RTVSPost2010PropOp55
 70
     1
102
RTVSPost2010Prop56
140
1.0
102
RTVSPost2010PropOp56
 70
     1
102
RTVSPost2010Prop57
140
1.0
102
RTVSPost2010PropOp57
 70
     1
  0
XRECORD
  5
197
102
{ACAD_REACTORS
330
196
102
}
330
196
100
AcDbXrecord
280
     1
102
RTVSPropertyOp0
 70
     1
102
RTVSPropertyOp1
 70
     1
102
RTVSPropertyOp2
 70
     1
102
RTVSPropertyOp3
 70
     1
102
RTVSPropertyOp4
 70
     1
102
RTVSPropertyOp5
 70
     1
102
RTVSPropertyOp6
 70
     1
102
RTVSPropertyOp7
 70
     1
102
RTVSPropertyOp8
 70
     1
102
RTVSPropertyOp9
 70
     1
102
RTVSPropertyOp10
 70
     1
102
RTVSPropertyOp11
 70
     1
102
RTVSPropertyOp12
 70
     1
102
RTVSPropertyOp13
 70
     1
102
RTVSPropertyOp14
 70
     1
102
RTVSPropertyOp15
 70
     1
102
RTVSPropertyOp16
 70
     1
102
RTVSPropertyOp17
 70
     1
102
RTVSPropertyOp18
 70
     1
102
RTVSPropertyOp19
 70
     1
102
RTVSPropertyOp20
 70
     1
102
RTVSPropertyOp21
 70
     1
102
RTVSPropertyOp22
 70
     1
102
RTVSPropertyOp23
 70
     1
102
RTVSPropertyOp24
 70
     1
102
RTVSPropertyOp25
 70
     1
102
RTVSPropertyOp26
 70
     1
102
RTVSPropertyOp27
 70
     1
102
RTVSPropertyOp28
 70
     1
102
RTVSPropertyOp29
 70
     1
102
RTVSPropertyOp30
 70
     1
102
RTVSPropertyOp31
 70
     1
102
RTVSPropertyOp32
 70
     1
102
RTVSPropertyOp33
 70
     1
102
RTVSPropertyOp34
 70
     1
102
RTVSPropertyOp35
 70
     1
102
RTVSPropertyOp36
 70
     1
102
RTVSPropertyOp37
 70
     1
102
RTVSPropertyOp38
 70
     1
102
RTVSPropertyOp39
 70
     1
102
RTVSPropertyOp40
 70
     1
102
RTVSPropertyOp41
 70
     1
102
RTVSPropertyOp42
 70
     1
102
RTVSPropertyOp43
 70
     1
102
RTVSPropertyOp44
 70
     1
102
RTVSPropertyOp45
 70
     1
102
RTVSPropertyOp46
 70
     1
102
RTVSPropertyOp47
 70
     1
102
RTVSPropertyOp48
 70
     1
102
RTVSPropertyOp49
 70
     1
102
RTVSPropertyOp50
 70
     1
102
RTVSPropertyOp51
 70
     0
102
RTVSPropertyOp52
 70
     0
102
RTVSPropertyOp53
 70
     1
102
RTVSPropertyOp54
 70
     1
102
RTVSPropertyOp55
 70
     1
102
RTVSPropertyOp56
 70
     1
102
RTVSPropertyOp57
 70
     1
102
RTVSPost2010Prop28
280
     0
102
RTVSPost2010PropOp28
 70
     1
102
RTVSPost2010Prop29
280
     1
102
RTVSPost2010PropOp29
 70
     1
102
RTVSPost2010Prop30
280
     1
102
RTVSPost2010PropOp30
 70
     1
102
RTVSPost2010Prop31
280
     0
102
RTVSPost2010PropOp31
 70
     1
102
RTVSPost2010Prop32
280
     0
102
RTVSPost2010PropOp32
 70
     1
102
RTVSPost2010Prop33
280
     0
102
RTVSPost2010PropOp33
 70
     1
102
RTVSPost2010Prop34
280
     0
102
RTVSPost2010PropOp34
 70
     1
102
RTVSPost2010Prop35
280
     0
102
RTVSPost2010PropOp35
 70
     1
102
RTVSPost2010Prop36
280
     0
102
RTVSPost2010PropOp36
 70
     1
102
RTVSPost2010Prop37
 90
       50
102
RTVSPost2010PropOp37
 70
     1
102
RTVSPost2010Prop38
140
0.0
102
RTVSPost2010PropOp38
 70
     1
102
RTVSPost2010Prop39
140
1.0
102
RTVSPost2010PropOp39
 70
     1
102
RTVSPost2010Prop40
 90
        0
102
RTVSPost2010PropOp40
 70
     1
102
RTVSPost2010Prop41ColorIndex
 90
       18
102
RTVSPost2010Prop41ColorRGB
 90
        0
102
RTVSPost2010PropOp41
 70
     1
102
RTVSPost2010Prop42
 90
       50
102
RTVSPost2010PropOp42
 70
     1
102
RTVSPost2010Prop43
 90
        3
102
RTVSPost2010PropOp43
 70
     1
102
RTVSPost2010Prop44ColorIndex
 90
        5
102
RTVSPost2010Prop44ColorRGB
 90
      255
102
RTVSPost2010PropOp44
 70
     1
102
RTVSPost2010Prop45
280
     0
102
RTVSPost2010PropOp45
 70
     1
102
RTVSPost2010Prop46
 90
       50
102
RTVSPost2010PropOp46
 70
     1
102
RTVSPost2010Prop47
 90
       50
102
RTVSPost2010PropOp47
 70
     1
102
RTVSPost2010Prop48
 90
       50
102
RTVSPost2010PropOp48
 70
     1
102
RTVSPost2010Prop49
280
     0
102
RTVSPost2010PropOp49
 70
     1
102
RTVSPost2010Prop50
 90
       50
102
RTVSPost2010PropOp50
 70
     1
102
RTVSPost2010Prop51ColorIndex
 90
      256
102
RTVSPost2010Prop51ColorRGB
 90
-16777216
102
RTVSPost2010PropOp51
 70
     0
102
RTVSPost2010Prop52
140
1.0
102
RTVSPost2010PropOp52
 70
     0
102
RTVSPost2010Prop53
 90
        2
102
RTVSPost2010PropOp53
 70
     1
102
RTVSPost2010Prop54
  1
strokes_ogs.tif
102
RTVSPost2010PropOp54
 70
     1
102
RTVSPost2010Prop55
280
     0
102
RTVSPost2010PropOp55
 70
     1
102
RTVSPost2010Prop56
140
1.0
102
RTVSPost2010PropOp56
 70
     1
102
RTVSPost2010Prop57
140
1.0
102
RTVSPost2010PropOp57
 70
     1
  0
XRECORD
  5
19F
102
{ACAD_REACTORS
330
19E
102
}
330
19E
100
AcDbXrecord
280
     1
102
RTVSPropertyOp0
 70
     1
102
RTVSPropertyOp1
 70
     1
102
RTVSPropertyOp2
 70
     1
102
RTVSPropertyOp3
 70
     1
102
RTVSPropertyOp4
 70
     1
102
RTVSPropertyOp5
 70
     1
102
RTVSPropertyOp6
 70
     1
102
RTVSPropertyOp7
 70
     1
102
RTVSPropertyOp8
 70
     1
102
RTVSPropertyOp9
 70
     1
102
RTVSPropertyOp10
 70
     1
102
RTVSPropertyOp11
 70
     1
102
RTVSPropertyOp12
 70
     1
102
RTVSPropertyOp13
 70
     1
102
RTVSPropertyOp14
 70
     1
102
RTVSPropertyOp15
 70
     1
102
RTVSPropertyOp16
 70
     1
102
RTVSPropertyOp17
 70
     1
102
RTVSPropertyOp18
 70
     1
102
RTVSPropertyOp19
 70
     1
102
RTVSPropertyOp20
 70
     1
102
RTVSPropertyOp21
 70
     1
102
RTVSPropertyOp22
 70
     1
102
RTVSPropertyOp23
 70
     1
102
RTVSPropertyOp24
 70
     1
102
RTVSPropertyOp25
 70
     1
102
RTVSPropertyOp26
 70
     1
102
RTVSPropertyOp27
 70
     1
102
RTVSPropertyOp28
 70
     1
102
RTVSPropertyOp29
 70
     1
102
RTVSPropertyOp30
 70
     1
102
RTVSPropertyOp31
 70
     1
102
RTVSPropertyOp32
 70
     1
102
RTVSPropertyOp33
 70
     1
102
RTVSPropertyOp34
 70
     1
102
RTVSPropertyOp35
 70
     1
102
RTVSPropertyOp36
 70
     1
102
RTVSPropertyOp37
 70
     1
102
RTVSPropertyOp38
 70
     1
102
RTVSPropertyOp39
 70
     1
102
RTVSPropertyOp40
 70
     1
102
RTVSPropertyOp41
 70
     1
102
RTVSPropertyOp42
 70
     1
102
RTVSPropertyOp43
 70
     1
102
RTVSPropertyOp44
 70
     1
102
RTVSPropertyOp45
 70
     1
102
RTVSPropertyOp46
 70
     1
102
RTVSPropertyOp47
 70
     1
102
RTVSPropertyOp48
 70
     1
102
RTVSPropertyOp49
 70
     1
102
RTVSPropertyOp50
 70
     1
102
RTVSPropertyOp51
 70
     0
102
RTVSPropertyOp52
 70
     0
102
RTVSPropertyOp53
 70
     1
102
RTVSPropertyOp54
 70
     1
102
RTVSPropertyOp55
 70
     1
102
RTVSPropertyOp56
 70
     1
102
RTVSPropertyOp57
 70
     1
102
RTVSPost2010Prop28
280
     0
102
RTVSPost2010PropOp28
 70
     1
102
RTVSPost2010Prop29
280
     1
102
RTVSPost2010PropOp29
 70
     1
102
RTVSPost2010Prop30
280
     1
102
RTVSPost2010PropOp30
 70
     1
102
RTVSPost2010Prop31
280
     0
102
RTVSPost2010PropOp31
 70
     1
102
RTVSPost2010Prop32
280
     0
102
RTVSPost2010PropOp32
 70
     1
102
RTVSPost2010Prop33
280
     0
102
RTVSPost2010PropOp33
 70
     1
102
RTVSPost2010Prop34
280
     0
102
RTVSPost2010PropOp34
 70
     1
102
RTVSPost2010Prop35
280
     0
102
RTVSPost2010PropOp35
 70
     1
102
RTVSPost2010Prop36
280
     0
102
RTVSPost2010PropOp36
 70
     1
102
RTVSPost2010Prop37
 90
       50
102
RTVSPost2010PropOp37
 70
     1
102
RTVSPost2010Prop38
140
0.0
102
RTVSPost2010PropOp38
 70
     1
102
RTVSPost2010Prop39
140
1.0
102
RTVSPost2010PropOp39
 70
     1
102
RTVSPost2010Prop40
 90
        0
102
RTVSPost2010PropOp40
 70
     1
102
RTVSPost2010Prop41ColorIndex
 90
       18
102
RTVSPost2010Prop41ColorRGB
 90
        0
102
RTVSPost2010PropOp41
 70
     1
102
RTVSPost2010Prop42
 90
       50
102
RTVSPost2010PropOp42
 70
     1
102
RTVSPost2010Prop43
 90
        3
102
RTVSPost2010PropOp43
 70
     1
102
RTVSPost2010Prop44ColorIndex
 90
        5
102
RTVSPost2010Prop44ColorRGB
 90
      255
102
RTVSPost2010PropOp44
 70
     1
102
RTVSPost2010Prop45
280
     0
102
RTVSPost2010PropOp45
 70
     1
102
RTVSPost2010Prop46
 90
       50
102
RTVSPost2010PropOp46
 70
     1
102
RTVSPost2010Prop47
 90
       50
102
RTVSPost2010PropOp47
 70
     1
102
RTVSPost2010Prop48
 90
       50
102
RTVSPost2010PropOp48
 70
     1
102
RTVSPost2010Prop49
280
     0
102
RTVSPost2010PropOp49
 70
     1
102
RTVSPost2010Prop50
 90
       50
102
RTVSPost2010PropOp50
 70
     1
102
RTVSPost2010Prop51ColorIndex
 90
      256
102
RTVSPost2010Prop51ColorRGB
 90
-16777216
102
RTVSPost2010PropOp51
 70
     0
102
RTVSPost2010Prop52
140
1.0
102
RTVSPost2010PropOp52
 70
     0
102
RTVSPost2010Prop53
 90
        2
102
RTVSPost2010PropOp53
 70
     1
102
RTVSPost2010Prop54
  1
strokes_ogs.tif
102
RTVSPost2010PropOp54
 70
     1
102
RTVSPost2010Prop55
280
     0
102
RTVSPost2010PropOp55
 70
     1
102
RTVSPost2010Prop56
140
1.0
102
RTVSPost2010PropOp56
 70
     1
102
RTVSPost2010Prop57
140
1.0
102
RTVSPost2010PropOp57
 70
     1
  0
XRECORD
  5
1A7
102
{ACAD_REACTORS
330
1A6
102
}
330
1A6
100
AcDbXrecord
280
     1
102
RTVSPropertyOp0
 70
     1
102
RTVSPropertyOp1
 70
     1
102
RTVSPropertyOp2
 70
     1
102
RTVSPropertyOp3
 70
     1
102
RTVSPropertyOp4
 70
     1
102
RTVSPropertyOp5
 70
     1
102
RTVSPropertyOp6
 70
     1
102
RTVSPropertyOp7
 70
     1
102
RTVSPropertyOp8
 70
     1
102
RTVSPropertyOp9
 70
     1
102
RTVSPropertyOp10
 70
     1
102
RTVSPropertyOp11
 70
     1
102
RTVSPropertyOp12
 70
     1
102
RTVSPropertyOp13
 70
     1
102
RTVSPropertyOp14
 70
     1
102
RTVSPropertyOp15
 70
     1
102
RTVSPropertyOp16
 70
     1
102
RTVSPropertyOp17
 70
     1
102
RTVSPropertyOp18
 70
     1
102
RTVSPropertyOp19
 70
     1
102
RTVSPropertyOp20
 70
     1
102
RTVSPropertyOp21
 70
     1
102
RTVSPropertyOp22
 70
     1
102
RTVSPropertyOp23
 70
     1
102
RTVSPropertyOp24
 70
     1
102
RTVSPropertyOp25
 70
     1
102
RTVSPropertyOp26
 70
     1
102
RTVSPropertyOp27
 70
     1
102
RTVSPropertyOp28
 70
     1
102
RTVSPropertyOp29
 70
     1
102
RTVSPropertyOp30
 70
     1
102
RTVSPropertyOp31
 70
     1
102
RTVSPropertyOp32
 70
     1
102
RTVSPropertyOp33
 70
     1
102
RTVSPropertyOp34
 70
     1
102
RTVSPropertyOp35
 70
     1
102
RTVSPropertyOp36
 70
     1
102
RTVSPropertyOp37
 70
     1
102
RTVSPropertyOp38
 70
     1
102
RTVSPropertyOp39
 70
     1
102
RTVSPropertyOp40
 70
     1
102
RTVSPropertyOp41
 70
     1
102
RTVSPropertyOp42
 70
     1
102
RTVSPropertyOp43
 70
     1
102
RTVSPropertyOp44
 70
     1
102
RTVSPropertyOp45
 70
     1
102
RTVSPropertyOp46
 70
     1
102
RTVSPropertyOp47
 70
     1
102
RTVSPropertyOp48
 70
     1
102
RTVSPropertyOp49
 70
     1
102
RTVSPropertyOp50
 70
     1
102
RTVSPropertyOp51
 70
     0
102
RTVSPropertyOp52
 70
     0
102
RTVSPropertyOp53
 70
     1
102
RTVSPropertyOp54
 70
     1
102
RTVSPropertyOp55
 70
     1
102
RTVSPropertyOp56
 70
     1
102
RTVSPropertyOp57
 70
     1
102
RTVSPost2010Prop28
280
     0
102
RTVSPost2010PropOp28
 70
     1
102
RTVSPost2010Prop29
280
     1
102
RTVSPost2010PropOp29
 70
     1
102
RTVSPost2010Prop30
280
     1
102
RTVSPost2010PropOp30
 70
     1
102
RTVSPost2010Prop31
280
     0
102
RTVSPost2010PropOp31
 70
     1
102
RTVSPost2010Prop32
280
     0
102
RTVSPost2010PropOp32
 70
     1
102
RTVSPost2010Prop33
280
     0
102
RTVSPost2010PropOp33
 70
     1
102
RTVSPost2010Prop34
280
     0
102
RTVSPost2010PropOp34
 70
     1
102
RTVSPost2010Prop35
280
     0
102
RTVSPost2010PropOp35
 70
     1
102
RTVSPost2010Prop36
280
     0
102
RTVSPost2010PropOp36
 70
     1
102
RTVSPost2010Prop37
 90
       50
102
RTVSPost2010PropOp37
 70
     1
102
RTVSPost2010Prop38
140
0.0
102
RTVSPost2010PropOp38
 70
     1
102
RTVSPost2010Prop39
140
1.0
102
RTVSPost2010PropOp39
 70
     1
102
RTVSPost2010Prop40
 90
        0
102
RTVSPost2010PropOp40
 70
     1
102
RTVSPost2010Prop41ColorIndex
 90
       18
102
RTVSPost2010Prop41ColorRGB
 90
        0
102
RTVSPost2010PropOp41
 70
     1
102
RTVSPost2010Prop42
 90
       50
102
RTVSPost2010PropOp42
 70
     1
102
RTVSPost2010Prop43
 90
        3
102
RTVSPost2010PropOp43
 70
     1
102
RTVSPost2010Prop44ColorIndex
 90
        5
102
RTVSPost2010Prop44ColorRGB
 90
      255
102
RTVSPost2010PropOp44
 70
     1
102
RTVSPost2010Prop45
280
     0
102
RTVSPost2010PropOp45
 70
     1
102
RTVSPost2010Prop46
 90
       50
102
RTVSPost2010PropOp46
 70
     1
102
RTVSPost2010Prop47
 90
       50
102
RTVSPost2010PropOp47
 70
     1
102
RTVSPost2010Prop48
 90
       50
102
RTVSPost2010PropOp48
 70
     1
102
RTVSPost2010Prop49
280
     0
102
RTVSPost2010PropOp49
 70
     1
102
RTVSPost2010Prop50
 90
       50
102
RTVSPost2010PropOp50
 70
     1
102
RTVSPost2010Prop51ColorIndex
 90
      256
102
RTVSPost2010Prop51ColorRGB
 90
-16777216
102
RTVSPost2010PropOp51
 70
     0
102
RTVSPost2010Prop52
140
1.0
102
RTVSPost2010PropOp52
 70
     0
102
RTVSPost2010Prop53
 90
        2
102
RTVSPost2010PropOp53
 70
     1
102
RTVSPost2010Prop54
  1
strokes_ogs.tif
102
RTVSPost2010PropOp54
 70
     1
102
RTVSPost2010Prop55
280
     0
102
RTVSPost2010PropOp55
 70
     1
102
RTVSPost2010Prop56
140
1.0
102
RTVSPost2010PropOp56
 70
     1
102
RTVSPost2010Prop57
140
1.0
102
RTVSPost2010PropOp57
 70
     1
  0
XRECORD
  5
19B
102
{ACAD_REACTORS
330
19A
102
}
330
19A
100
AcDbXrecord
280
     1
102
RTVSPropertyOp0
 70
     1
102
RTVSPropertyOp1
 70
     1
102
RTVSPropertyOp2
 70
     1
102
RTVSPropertyOp3
 70
     1
102
RTVSPropertyOp4
 70
     1
102
RTVSPropertyOp5
 70
     1
102
RTVSPropertyOp6
 70
     1
102
RTVSPropertyOp7
 70
     1
102
RTVSPropertyOp8
 70
     1
102
RTVSPropertyOp9
 70
     1
102
RTVSPropertyOp10
 70
     1
102
RTVSPropertyOp11
 70
     1
102
RTVSPropertyOp12
 70
     1
102
RTVSPropertyOp13
 70
     1
102
RTVSPropertyOp14
 70
     1
102
RTVSPropertyOp15
 70
     1
102
RTVSPropertyOp16
 70
     1
102
RTVSPropertyOp17
 70
     1
102
RTVSPropertyOp18
 70
     1
102
RTVSPropertyOp19
 70
     1
102
RTVSPropertyOp20
 70
     1
102
RTVSPropertyOp21
 70
     1
102
RTVSPropertyOp22
 70
     1
102
RTVSPropertyOp23
 70
     1
102
RTVSPropertyOp24
 70
     1
102
RTVSPropertyOp25
 70
     1
102
RTVSPropertyOp26
 70
     1
102
RTVSPropertyOp27
 70
     1
102
RTVSPropertyOp28
 70
     1
102
RTVSPropertyOp29
 70
     1
102
RTVSPropertyOp30
 70
     1
102
RTVSPropertyOp31
 70
     1
102
RTVSPropertyOp32
 70
     1
102
RTVSPropertyOp33
 70
     1
102
RTVSPropertyOp34
 70
     1
102
RTVSPropertyOp35
 70
     1
102
RTVSPropertyOp36
 70
     1
102
RTVSPropertyOp37
 70
     1
102
RTVSPropertyOp38
 70
     1
102
RTVSPropertyOp39
 70
     1
102
RTVSPropertyOp40
 70
     1
102
RTVSPropertyOp41
 70
     1
102
RTVSPropertyOp42
 70
     1
102
RTVSPropertyOp43
 70
     1
102
RTVSPropertyOp44
 70
     1
102
RTVSPropertyOp45
 70
     1
102
RTVSPropertyOp46
 70
     1
102
RTVSPropertyOp47
 70
     1
102
RTVSPropertyOp48
 70
     1
102
RTVSPropertyOp49
 70
     1
102
RTVSPropertyOp50
 70
     1
102
RTVSPropertyOp51
 70
     0
102
RTVSPropertyOp52
 70
     0
102
RTVSPropertyOp53
 70
     1
102
RTVSPropertyOp54
 70
     1
102
RTVSPropertyOp55
 70
     1
102
RTVSPropertyOp56
 70
     1
102
RTVSPropertyOp57
 70
     1
102
RTVSPost2010Prop28
280
     0
102
RTVSPost2010PropOp28
 70
     1
102
RTVSPost2010Prop29
280
     1
102
RTVSPost2010PropOp29
 70
     1
102
RTVSPost2010Prop30
280
     1
102
RTVSPost2010PropOp30
 70
     1
102
RTVSPost2010Prop31
280
     0
102
RTVSPost2010PropOp31
 70
     1
102
RTVSPost2010Prop32
280
     0
102
RTVSPost2010PropOp32
 70
     1
102
RTVSPost2010Prop33
280
     0
102
RTVSPost2010PropOp33
 70
     1
102
RTVSPost2010Prop34
280
     0
102
RTVSPost2010PropOp34
 70
     1
102
RTVSPost2010Prop35
280
     0
102
RTVSPost2010PropOp35
 70
     1
102
RTVSPost2010Prop36
280
     0
102
RTVSPost2010PropOp36
 70
     1
102
RTVSPost2010Prop37
 90
       50
102
RTVSPost2010PropOp37
 70
     1
102
RTVSPost2010Prop38
140
0.0
102
RTVSPost2010PropOp38
 70
     1
102
RTVSPost2010Prop39
140
1.0
102
RTVSPost2010PropOp39
 70
     1
102
RTVSPost2010Prop40
 90
        0
102
RTVSPost2010PropOp40
 70
     1
102
RTVSPost2010Prop41ColorIndex
 90
       18
102
RTVSPost2010Prop41ColorRGB
 90
        0
102
RTVSPost2010PropOp41
 70
     1
102
RTVSPost2010Prop42
 90
       50
102
RTVSPost2010PropOp42
 70
     1
102
RTVSPost2010Prop43
 90
        3
102
RTVSPost2010PropOp43
 70
     1
102
RTVSPost2010Prop44ColorIndex
 90
        5
102
RTVSPost2010Prop44ColorRGB
 90
      255
102
RTVSPost2010PropOp44
 70
     1
102
RTVSPost2010Prop45
280
     0
102
RTVSPost2010PropOp45
 70
     1
102
RTVSPost2010Prop46
 90
       50
102
RTVSPost2010PropOp46
 70
     1
102
RTVSPost2010Prop47
 90
       50
102
RTVSPost2010PropOp47
 70
     1
102
RTVSPost2010Prop48
 90
       50
102
RTVSPost2010PropOp48
 70
     1
102
RTVSPost2010Prop49
280
     0
102
RTVSPost2010PropOp49
 70
     1
102
RTVSPost2010Prop50
 90
       50
102
RTVSPost2010PropOp50
 70
     1
102
RTVSPost2010Prop51ColorIndex
 90
      256
102
RTVSPost2010Prop51ColorRGB
 90
-16777216
102
RTVSPost2010PropOp51
 70
     0
102
RTVSPost2010Prop52
140
1.0
102
RTVSPost2010PropOp52
 70
     0
102
RTVSPost2010Prop53
 90
        2
102
RTVSPost2010PropOp53
 70
     1
102
RTVSPost2010Prop54
  1
strokes_ogs.tif
102
RTVSPost2010PropOp54
 70
     1
102
RTVSPost2010Prop55
280
     0
102
RTVSPost2010PropOp55
 70
     1
102
RTVSPost2010Prop56
140
1.0
102
RTVSPost2010PropOp56
 70
     1
102
RTVSPost2010Prop57
140
1.0
102
RTVSPost2010PropOp57
 70
     1
  0
XRECORD
  5
19D
102
{ACAD_REACTORS
330
19C
102
}
330
19C
100
AcDbXrecord
280
     1
102
RTVSPropertyOp0
 70
     1
102
RTVSPropertyOp1
 70
     1
102
RTVSPropertyOp2
 70
     1
102
RTVSPropertyOp3
 70
     1
102
RTVSPropertyOp4
 70
     1
102
RTVSPropertyOp5
 70
     1
102
RTVSPropertyOp6
 70
     1
102
RTVSPropertyOp7
 70
     1
102
RTVSPropertyOp8
 70
     1
102
RTVSPropertyOp9
 70
     1
102
RTVSPropertyOp10
 70
     1
102
RTVSPropertyOp11
 70
     1
102
RTVSPropertyOp12
 70
     1
102
RTVSPropertyOp13
 70
     1
102
RTVSPropertyOp14
 70
     1
102
RTVSPropertyOp15
 70
     1
102
RTVSPropertyOp16
 70
     1
102
RTVSPropertyOp17
 70
     1
102
RTVSPropertyOp18
 70
     1
102
RTVSPropertyOp19
 70
     1
102
RTVSPropertyOp20
 70
     1
102
RTVSPropertyOp21
 70
     1
102
RTVSPropertyOp22
 70
     1
102
RTVSPropertyOp23
 70
     1
102
RTVSPropertyOp24
 70
     1
102
RTVSPropertyOp25
 70
     1
102
RTVSPropertyOp26
 70
     1
102
RTVSPropertyOp27
 70
     1
102
RTVSPropertyOp28
 70
     1
102
RTVSPropertyOp29
 70
     1
102
RTVSPropertyOp30
 70
     1
102
RTVSPropertyOp31
 70
     1
102
RTVSPropertyOp32
 70
     1
102
RTVSPropertyOp33
 70
     1
102
RTVSPropertyOp34
 70
     1
102
RTVSPropertyOp35
 70
     1
102
RTVSPropertyOp36
 70
     1
102
RTVSPropertyOp37
 70
     1
102
RTVSPropertyOp38
 70
     1
102
RTVSPropertyOp39
 70
     1
102
RTVSPropertyOp40
 70
     1
102
RTVSPropertyOp41
 70
     1
102
RTVSPropertyOp42
 70
     1
102
RTVSPropertyOp43
 70
     1
102
RTVSPropertyOp44
 70
     1
102
RTVSPropertyOp45
 70
     1
102
RTVSPropertyOp46
 70
     1
102
RTVSPropertyOp47
 70
     1
102
RTVSPropertyOp48
 70
     1
102
RTVSPropertyOp49
 70
     1
102
RTVSPropertyOp50
 70
     1
102
RTVSPropertyOp51
 70
     0
102
RTVSPropertyOp52
 70
     0
102
RTVSPropertyOp53
 70
     1
102
RTVSPropertyOp54
 70
     1
102
RTVSPropertyOp55
 70
     1
102
RTVSPropertyOp56
 70
     1
102
RTVSPropertyOp57
 70
     1
102
RTVSPost2010Prop28
280
     0
102
RTVSPost2010PropOp28
 70
     1
102
RTVSPost2010Prop29
280
     1
102
RTVSPost2010PropOp29
 70
     1
102
RTVSPost2010Prop30
280
     1
102
RTVSPost2010PropOp30
 70
     1
102
RTVSPost2010Prop31
280
     0
102
RTVSPost2010PropOp31
 70
     1
102
RTVSPost2010Prop32
280
     0
102
RTVSPost2010PropOp32
 70
     1
102
RTVSPost2010Prop33
280
     0
102
RTVSPost2010PropOp33
 70
     1
102
RTVSPost2010Prop34
280
     0
102
RTVSPost2010PropOp34
 70
     1
102
RTVSPost2010Prop35
280
     0
102
RTVSPost2010PropOp35
 70
     1
102
RTVSPost2010Prop36
280
     0
102
RTVSPost2010PropOp36
 70
     1
102
RTVSPost2010Prop37
 90
       50
102
RTVSPost2010PropOp37
 70
     1
102
RTVSPost2010Prop38
140
0.0
102
RTVSPost2010PropOp38
 70
     1
102
RTVSPost2010Prop39
140
1.0
102
RTVSPost2010PropOp39
 70
     1
102
RTVSPost2010Prop40
 90
        0
102
RTVSPost2010PropOp40
 70
     1
102
RTVSPost2010Prop41ColorIndex
 90
       18
102
RTVSPost2010Prop41ColorRGB
 90
        0
102
RTVSPost2010PropOp41
 70
     1
102
RTVSPost2010Prop42
 90
       50
102
RTVSPost2010PropOp42
 70
     1
102
RTVSPost2010Prop43
 90
        3
102
RTVSPost2010PropOp43
 70
     1
102
RTVSPost2010Prop44ColorIndex
 90
        5
102
RTVSPost2010Prop44ColorRGB
 90
      255
102
RTVSPost2010PropOp44
 70
     1
102
RTVSPost2010Prop45
280
     0
102
RTVSPost2010PropOp45
 70
     1
102
RTVSPost2010Prop46
 90
       50
102
RTVSPost2010PropOp46
 70
     1
102
RTVSPost2010Prop47
 90
       50
102
RTVSPost2010PropOp47
 70
     1
102
RTVSPost2010Prop48
 90
       50
102
RTVSPost2010PropOp48
 70
     1
102
RTVSPost2010Prop49
280
     0
102
RTVSPost2010PropOp49
 70
     1
102
RTVSPost2010Prop50
 90
       50
102
RTVSPost2010PropOp50
 70
     1
102
RTVSPost2010Prop51ColorIndex
 90
      256
102
RTVSPost2010Prop51ColorRGB
 90
-16777216
102
RTVSPost2010PropOp51
 70
     0
102
RTVSPost2010Prop52
140
1.0
102
RTVSPost2010PropOp52
 70
     0
102
RTVSPost2010Prop53
 90
        2
102
RTVSPost2010PropOp53
 70
     1
102
RTVSPost2010Prop54
  1
strokes_ogs.tif
102
RTVSPost2010PropOp54
 70
     1
102
RTVSPost2010Prop55
280
     0
102
RTVSPost2010PropOp55
 70
     1
102
RTVSPost2010Prop56
140
1.0
102
RTVSPost2010PropOp56
 70
     1
102
RTVSPost2010Prop57
140
1.0
102
RTVSPost2010PropOp57
 70
     1
  0
XRECORD
  5
1AD
102
{ACAD_REACTORS
330
1AC
102
}
330
1AC
100
AcDbXrecord
280
     1
102
RTVSPropertyOp0
 70
     0
102
RTVSPropertyOp1
 70
     0
102
RTVSPropertyOp2
 70
     0
102
RTVSPropertyOp3
 70
     0
102
RTVSPropertyOp4
 70
     0
102
RTVSPropertyOp5
 70
     0
102
RTVSPropertyOp6
 70
     0
102
RTVSPropertyOp7
 70
     0
102
RTVSPropertyOp8
 70
     0
102
RTVSPropertyOp9
 70
     0
102
RTVSPropertyOp10
 70
     0
102
RTVSPropertyOp11
 70
     0
102
RTVSPropertyOp12
 70
     0
102
RTVSPropertyOp13
 70
     0
102
RTVSPropertyOp14
 70
     2
102
RTVSPropertyOp15
 70
     0
102
RTVSPropertyOp16
 70
     0
102
RTVSPropertyOp17
 70
     0
102
RTVSPropertyOp18
 70
     0
102
RTVSPropertyOp19
 70
     0
102
RTVSPropertyOp20
 70
     0
102
RTVSPropertyOp21
 70
     0
102
RTVSPropertyOp22
 70
     0
102
RTVSPropertyOp23
 70
     0
102
RTVSPropertyOp24
 70
     0
102
RTVSPropertyOp25
 70
     0
102
RTVSPropertyOp26
 70
     0
102
RTVSPropertyOp27
 70
     0
102
RTVSPropertyOp28
 70
     0
102
RTVSPropertyOp29
 70
     0
102
RTVSPropertyOp30
 70
     0
102
RTVSPropertyOp31
 70
     0
102
RTVSPropertyOp32
 70
     0
102
RTVSPropertyOp33
 70
     0
102
RTVSPropertyOp34
 70
     0
102
RTVSPropertyOp35
 70
     0
102
RTVSPropertyOp36
 70
     0
102
RTVSPropertyOp37
 70
     0
102
RTVSPropertyOp38
 70
     0
102
RTVSPropertyOp39
 70
     0
102
RTVSPropertyOp40
 70
     0
102
RTVSPropertyOp41
 70
     0
102
RTVSPropertyOp42
 70
     0
102
RTVSPropertyOp43
 70
     0
102
RTVSPropertyOp44
 70
     0
102
RTVSPropertyOp45
 70
     0
102
RTVSPropertyOp46
 70
     0
102
RTVSPropertyOp47
 70
     0
102
RTVSPropertyOp48
 70
     0
102
RTVSPropertyOp49
 70
     0
102
RTVSPropertyOp50
 70
     0
102
RTVSPropertyOp51
 70
     0
102
RTVSPropertyOp52
 70
     0
102
RTVSPropertyOp53
 70
     0
102
RTVSPropertyOp54
 70
     0
102
RTVSPropertyOp55
 70
     0
102
RTVSPropertyOp56
 70
     0
102
RTVSPropertyOp57
 70
     0
102
RTVSPost2010Prop28
280
     0
102
RTVSPost2010PropOp28
 70
     0
102
RTVSPost2010Prop29
280
     1
102
RTVSPost2010PropOp29
 70
     0
102
RTVSPost2010Prop30
280
     1
102
RTVSPost2010PropOp30
 70
     0
102
RTVSPost2010Prop31
280
     0
102
RTVSPost2010PropOp31
 70
     0
102
RTVSPost2010Prop32
280
     0
102
RTVSPost2010PropOp32
 70
     0
102
RTVSPost2010Prop33
280
     0
102
RTVSPost2010PropOp33
 70
     0
102
RTVSPost2010Prop34
280
     0
102
RTVSPost2010PropOp34
 70
     0
102
RTVSPost2010Prop35
280
     0
102
RTVSPost2010PropOp35
 70
     0
102
RTVSPost2010Prop36
280
     0
102
RTVSPost2010PropOp36
 70
     0
102
RTVSPost2010Prop37
 90
       50
102
RTVSPost2010PropOp37
 70
     0
102
RTVSPost2010Prop38
140
0.0
102
RTVSPost2010PropOp38
 70
     0
102
RTVSPost2010Prop39
140
1.0
102
RTVSPost2010PropOp39
 70
     0
102
RTVSPost2010Prop40
 90
        0
102
RTVSPost2010PropOp40
 70
     0
102
RTVSPost2010Prop41ColorIndex
 90
       18
102
RTVSPost2010Prop41ColorRGB
 90
        0
102
RTVSPost2010PropOp41
 70
     0
102
RTVSPost2010Prop42
 90
       50
102
RTVSPost2010PropOp42
 70
     0
102
RTVSPost2010Prop43
 90
        3
102
RTVSPost2010PropOp43
 70
     0
102
RTVSPost2010Prop44ColorIndex
 90
        5
102
RTVSPost2010Prop44ColorRGB
 90
      255
102
RTVSPost2010PropOp44
 70
     0
102
RTVSPost2010Prop45
280
     0
102
RTVSPost2010PropOp45
 70
     0
102
RTVSPost2010Prop46
 90
       50
102
RTVSPost2010PropOp46
 70
     0
102
RTVSPost2010Prop47
 90
       50
102
RTVSPost2010PropOp47
 70
     0
102
RTVSPost2010Prop48
 90
       50
102
RTVSPost2010PropOp48
 70
     0
102
RTVSPost2010Prop49
280
     0
102
RTVSPost2010PropOp49
 70
     0
102
RTVSPost2010Prop50
 90
       50
102
RTVSPost2010PropOp50
 70
     0
102
RTVSPost2010Prop51ColorIndex
 90
      256
102
RTVSPost2010Prop51ColorRGB
 90
-16777216
102
RTVSPost2010PropOp51
 70
     0
102
RTVSPost2010Prop52
140
1.0
102
RTVSPost2010PropOp52
 70
     0
102
RTVSPost2010Prop53
 90
        2
102
RTVSPost2010PropOp53
 70
     0
102
RTVSPost2010Prop54
  1
strokes_ogs.tif
102
RTVSPost2010PropOp54
 70
     0
102
RTVSPost2010Prop55
280
     0
102
RTVSPost2010PropOp55
 70
     0
102
RTVSPost2010Prop56
140
1.0
102
RTVSPost2010PropOp56
 70
     0
102
RTVSPost2010Prop57
140
1.0
102
RTVSPost2010PropOp57
 70
     0
  0
XRECORD
  5
1A5
102
{ACAD_REACTORS
330
1A4
102
}
330
1A4
100
AcDbXrecord
280
     1
102
RTVSPropertyOp0
 70
     1
102
RTVSPropertyOp1
 70
     1
102
RTVSPropertyOp2
 70
     1
102
RTVSPropertyOp3
 70
     1
102
RTVSPropertyOp4
 70
     1
102
RTVSPropertyOp5
 70
     1
102
RTVSPropertyOp6
 70
     1
102
RTVSPropertyOp7
 70
     1
102
RTVSPropertyOp8
 70
     1
102
RTVSPropertyOp9
 70
     1
102
RTVSPropertyOp10
 70
     1
102
RTVSPropertyOp11
 70
     1
102
RTVSPropertyOp12
 70
     1
102
RTVSPropertyOp13
 70
     1
102
RTVSPropertyOp14
 70
     1
102
RTVSPropertyOp15
 70
     1
102
RTVSPropertyOp16
 70
     1
102
RTVSPropertyOp17
 70
     1
102
RTVSPropertyOp18
 70
     1
102
RTVSPropertyOp19
 70
     1
102
RTVSPropertyOp20
 70
     1
102
RTVSPropertyOp21
 70
     1
102
RTVSPropertyOp22
 70
     1
102
RTVSPropertyOp23
 70
     1
102
RTVSPropertyOp24
 70
     1
102
RTVSPropertyOp25
 70
     1
102
RTVSPropertyOp26
 70
     1
102
RTVSPropertyOp27
 70
     1
102
RTVSPropertyOp28
 70
     1
102
RTVSPropertyOp29
 70
     1
102
RTVSPropertyOp30
 70
     1
102
RTVSPropertyOp31
 70
     1
102
RTVSPropertyOp32
 70
     1
102
RTVSPropertyOp33
 70
     1
102
RTVSPropertyOp34
 70
     1
102
RTVSPropertyOp35
 70
     1
102
RTVSPropertyOp36
 70
     1
102
RTVSPropertyOp37
 70
     1
102
RTVSPropertyOp38
 70
     1
102
RTVSPropertyOp39
 70
     1
102
RTVSPropertyOp40
 70
     1
102
RTVSPropertyOp41
 70
     1
102
RTVSPropertyOp42
 70
     1
102
RTVSPropertyOp43
 70
     1
102
RTVSPropertyOp44
 70
     1
102
RTVSPropertyOp45
 70
     1
102
RTVSPropertyOp46
 70
     1
102
RTVSPropertyOp47
 70
     1
102
RTVSPropertyOp48
 70
     1
102
RTVSPropertyOp49
 70
     1
102
RTVSPropertyOp50
 70
     1
102
RTVSPropertyOp51
 70
     0
102
RTVSPropertyOp52
 70
     0
102
RTVSPropertyOp53
 70
     1
102
RTVSPropertyOp54
 70
     1
102
RTVSPropertyOp55
 70
     1
102
RTVSPropertyOp56
 70
     1
102
RTVSPropertyOp57
 70
     1
102
RTVSPost2010Prop28
280
     0
102
RTVSPost2010PropOp28
 70
     1
102
RTVSPost2010Prop29
280
     1
102
RTVSPost2010PropOp29
 70
     1
102
RTVSPost2010Prop30
280
     1
102
RTVSPost2010PropOp30
 70
     1
102
RTVSPost2010Prop31
280
     0
102
RTVSPost2010PropOp31
 70
     1
102
RTVSPost2010Prop32
280
     0
102
RTVSPost2010PropOp32
 70
     1
102
RTVSPost2010Prop33
280
     0
102
RTVSPost2010PropOp33
 70
     1
102
RTVSPost2010Prop34
280
     0
102
RTVSPost2010PropOp34
 70
     1
102
RTVSPost2010Prop35
280
     0
102
RTVSPost2010PropOp35
 70
     1
102
RTVSPost2010Prop36
280
     0
102
RTVSPost2010PropOp36
 70
     1
102
RTVSPost2010Prop37
 90
       50
102
RTVSPost2010PropOp37
 70
     1
102
RTVSPost2010Prop38
140
0.0
102
RTVSPost2010PropOp38
 70
     1
102
RTVSPost2010Prop39
140
1.0
102
RTVSPost2010PropOp39
 70
     1
102
RTVSPost2010Prop40
 90
        0
102
RTVSPost2010PropOp40
 70
     1
102
RTVSPost2010Prop41ColorIndex
 90
       18
102
RTVSPost2010Prop41ColorRGB
 90
        0
102
RTVSPost2010PropOp41
 70
     1
102
RTVSPost2010Prop42
 90
       50
102
RTVSPost2010PropOp42
 70
     1
102
RTVSPost2010Prop43
 90
        3
102
RTVSPost2010PropOp43
 70
     1
102
RTVSPost2010Prop44ColorIndex
 90
        5
102
RTVSPost2010Prop44ColorRGB
 90
      255
102
RTVSPost2010PropOp44
 70
     1
102
RTVSPost2010Prop45
280
     0
102
RTVSPost2010PropOp45
 70
     1
102
RTVSPost2010Prop46
 90
       50
102
RTVSPost2010PropOp46
 70
     1
102
RTVSPost2010Prop47
 90
       50
102
RTVSPost2010PropOp47
 70
     1
102
RTVSPost2010Prop48
 90
       50
102
RTVSPost2010PropOp48
 70
     1
102
RTVSPost2010Prop49
280
     0
102
RTVSPost2010PropOp49
 70
     1
102
RTVSPost2010Prop50
 90
       50
102
RTVSPost2010PropOp50
 70
     1
102
RTVSPost2010Prop51ColorIndex
 90
      256
102
RTVSPost2010Prop51ColorRGB
 90
-16777216
102
RTVSPost2010PropOp51
 70
     0
102
RTVSPost2010Prop52
140
1.0
102
RTVSPost2010PropOp52
 70
     0
102
RTVSPost2010Prop53
 90
        2
102
RTVSPost2010PropOp53
 70
     1
102
RTVSPost2010Prop54
  1
strokes_ogs.tif
102
RTVSPost2010PropOp54
 70
     1
102
RTVSPost2010Prop55
280
     0
102
RTVSPost2010PropOp55
 70
     1
102
RTVSPost2010Prop56
140
1.0
102
RTVSPost2010PropOp56
 70
     1
102
RTVSPost2010Prop57
140
1.0
102
RTVSPost2010PropOp57
 70
     1
  0
XRECORD
  5
189
102
{ACAD_REACTORS
330
188
102
}
330
188
100
AcDbXrecord
280
     1
102
RTVSPropertyOp0
 70
     1
102
RTVSPropertyOp1
 70
     1
102
RTVSPropertyOp2
 70
     1
102
RTVSPropertyOp3
 70
     1
102
RTVSPropertyOp4
 70
     1
102
RTVSPropertyOp5
 70
     1
102
RTVSPropertyOp6
 70
     1
102
RTVSPropertyOp7
 70
     1
102
RTVSPropertyOp8
 70
     1
102
RTVSPropertyOp9
 70
     1
102
RTVSPropertyOp10
 70
     1
102
RTVSPropertyOp11
 70
     1
102
RTVSPropertyOp12
 70
     1
102
RTVSPropertyOp13
 70
     1
102
RTVSPropertyOp14
 70
     1
102
RTVSPropertyOp15
 70
     1
102
RTVSPropertyOp16
 70
     1
102
RTVSPropertyOp17
 70
     1
102
RTVSPropertyOp18
 70
     1
102
RTVSPropertyOp19
 70
     1
102
RTVSPropertyOp20
 70
     1
102
RTVSPropertyOp21
 70
     1
102
RTVSPropertyOp22
 70
     1
102
RTVSPropertyOp23
 70
     1
102
RTVSPropertyOp24
 70
     1
102
RTVSPropertyOp25
 70
     1
102
RTVSPropertyOp26
 70
     1
102
RTVSPropertyOp27
 70
     1
102
RTVSPropertyOp28
 70
     1
102
RTVSPropertyOp29
 70
     1
102
RTVSPropertyOp30
 70
     1
102
RTVSPropertyOp31
 70
     1
102
RTVSPropertyOp32
 70
     1
102
RTVSPropertyOp33
 70
     1
102
RTVSPropertyOp34
 70
     1
102
RTVSPropertyOp35
 70
     1
102
RTVSPropertyOp36
 70
     1
102
RTVSPropertyOp37
 70
     1
102
RTVSPropertyOp38
 70
     1
102
RTVSPropertyOp39
 70
     1
102
RTVSPropertyOp40
 70
     1
102
RTVSPropertyOp41
 70
     1
102
RTVSPropertyOp42
 70
     1
102
RTVSPropertyOp43
 70
     1
102
RTVSPropertyOp44
 70
     1
102
RTVSPropertyOp45
 70
     1
102
RTVSPropertyOp46
 70
     1
102
RTVSPropertyOp47
 70
     1
102
RTVSPropertyOp48
 70
     1
102
RTVSPropertyOp49
 70
     1
102
RTVSPropertyOp50
 70
     1
102
RTVSPropertyOp51
 70
     0
102
RTVSPropertyOp52
 70
     0
102
RTVSPropertyOp53
 70
     1
102
RTVSPropertyOp54
 70
     1
102
RTVSPropertyOp55
 70
     1
102
RTVSPropertyOp56
 70
     1
102
RTVSPropertyOp57
 70
     1
102
RTVSPost2010Prop28
280
     0
102
RTVSPost2010PropOp28
 70
     1
102
RTVSPost2010Prop29
280
     1
102
RTVSPost2010PropOp29
 70
     1
102
RTVSPost2010Prop30
280
     1
102
RTVSPost2010PropOp30
 70
     1
102
RTVSPost2010Prop31
280
     0
102
RTVSPost2010PropOp31
 70
     1
102
RTVSPost2010Prop32
280
     0
102
RTVSPost2010PropOp32
 70
     1
102
RTVSPost2010Prop33
280
     0
102
RTVSPost2010PropOp33
 70
     1
102
RTVSPost2010Prop34
280
     0
102
RTVSPost2010PropOp34
 70
     1
102
RTVSPost2010Prop35
280
     0
102
RTVSPost2010PropOp35
 70
     1
102
RTVSPost2010Prop36
280
     0
102
RTVSPost2010PropOp36
 70
     1
102
RTVSPost2010Prop37
 90
       50
102
RTVSPost2010PropOp37
 70
     1
102
RTVSPost2010Prop38
140
0.0
102
RTVSPost2010PropOp38
 70
     1
102
RTVSPost2010Prop39
140
1.0
102
RTVSPost2010PropOp39
 70
     1
102
RTVSPost2010Prop40
 90
        0
102
RTVSPost2010PropOp40
 70
     1
102
RTVSPost2010Prop41ColorIndex
 90
       18
102
RTVSPost2010Prop41ColorRGB
 90
        0
102
RTVSPost2010PropOp41
 70
     1
102
RTVSPost2010Prop42
 90
       50
102
RTVSPost2010PropOp42
 70
     1
102
RTVSPost2010Prop43
 90
        3
102
RTVSPost2010PropOp43
 70
     1
102
RTVSPost2010Prop44ColorIndex
 90
        5
102
RTVSPost2010Prop44ColorRGB
 90
      255
102
RTVSPost2010PropOp44
 70
     1
102
RTVSPost2010Prop45
280
     0
102
RTVSPost2010PropOp45
 70
     1
102
RTVSPost2010Prop46
 90
       50
102
RTVSPost2010PropOp46
 70
     1
102
RTVSPost2010Prop47
 90
       50
102
RTVSPost2010PropOp47
 70
     1
102
RTVSPost2010Prop48
 90
       50
102
RTVSPost2010PropOp48
 70
     1
102
RTVSPost2010Prop49
280
     0
102
RTVSPost2010PropOp49
 70
     1
102
RTVSPost2010Prop50
 90
       50
102
RTVSPost2010PropOp50
 70
     1
102
RTVSPost2010Prop51ColorIndex
 90
      256
102
RTVSPost2010Prop51ColorRGB
 90
-16777216
102
RTVSPost2010PropOp51
 70
     0
102
RTVSPost2010Prop52
140
1.0
102
RTVSPost2010PropOp52
 70
     0
102
RTVSPost2010Prop53
 90
        2
102
RTVSPost2010PropOp53
 70
     1
102
RTVSPost2010Prop54
  1
strokes_ogs.tif
102
RTVSPost2010PropOp54
 70
     1
102
RTVSPost2010Prop55
280
     0
102
RTVSPost2010PropOp55
 70
     1
102
RTVSPost2010Prop56
140
1.0
102
RTVSPost2010PropOp56
 70
     1
102
RTVSPost2010Prop57
140
1.0
102
RTVSPost2010PropOp57
 70
     1
  0
XRECORD
  5
18B
102
{ACAD_REACTORS
330
18A
102
}
330
18A
100
AcDbXrecord
280
     1
102
RTVSPropertyOp0
 70
     1
102
RTVSPropertyOp1
 70
     1
102
RTVSPropertyOp2
 70
     1
102
RTVSPropertyOp3
 70
     1
102
RTVSPropertyOp4
 70
     1
102
RTVSPropertyOp5
 70
     1
102
RTVSPropertyOp6
 70
     1
102
RTVSPropertyOp7
 70
     1
102
RTVSPropertyOp8
 70
     1
102
RTVSPropertyOp9
 70
     1
102
RTVSPropertyOp10
 70
     1
102
RTVSPropertyOp11
 70
     1
102
RTVSPropertyOp12
 70
     1
102
RTVSPropertyOp13
 70
     1
102
RTVSPropertyOp14
 70
     1
102
RTVSPropertyOp15
 70
     1
102
RTVSPropertyOp16
 70
     1
102
RTVSPropertyOp17
 70
     1
102
RTVSPropertyOp18
 70
     1
102
RTVSPropertyOp19
 70
     1
102
RTVSPropertyOp20
 70
     1
102
RTVSPropertyOp21
 70
     1
102
RTVSPropertyOp22
 70
     1
102
RTVSPropertyOp23
 70
     1
102
RTVSPropertyOp24
 70
     1
102
RTVSPropertyOp25
 70
     1
102
RTVSPropertyOp26
 70
     1
102
RTVSPropertyOp27
 70
     1
102
RTVSPropertyOp28
 70
     1
102
RTVSPropertyOp29
 70
     1
102
RTVSPropertyOp30
 70
     1
102
RTVSPropertyOp31
 70
     1
102
RTVSPropertyOp32
 70
     1
102
RTVSPropertyOp33
 70
     1
102
RTVSPropertyOp34
 70
     1
102
RTVSPropertyOp35
 70
     1
102
RTVSPropertyOp36
 70
     1
102
RTVSPropertyOp37
 70
     1
102
RTVSPropertyOp38
 70
     1
102
RTVSPropertyOp39
 70
     1
102
RTVSPropertyOp40
 70
     1
102
RTVSPropertyOp41
 70
     1
102
RTVSPropertyOp42
 70
     1
102
RTVSPropertyOp43
 70
     1
102
RTVSPropertyOp44
 70
     1
102
RTVSPropertyOp45
 70
     1
102
RTVSPropertyOp46
 70
     1
102
RTVSPropertyOp47
 70
     1
102
RTVSPropertyOp48
 70
     1
102
RTVSPropertyOp49
 70
     1
102
RTVSPropertyOp50
 70
     1
102
RTVSPropertyOp51
 70
     0
102
RTVSPropertyOp52
 70
     0
102
RTVSPropertyOp53
 70
     1
102
RTVSPropertyOp54
 70
     1
102
RTVSPropertyOp55
 70
     1
102
RTVSPropertyOp56
 70
     1
102
RTVSPropertyOp57
 70
     1
102
RTVSPost2010Prop28
280
     0
102
RTVSPost2010PropOp28
 70
     1
102
RTVSPost2010Prop29
280
     1
102
RTVSPost2010PropOp29
 70
     1
102
RTVSPost2010Prop30
280
     1
102
RTVSPost2010PropOp30
 70
     1
102
RTVSPost2010Prop31
280
     0
102
RTVSPost2010PropOp31
 70
     1
102
RTVSPost2010Prop32
280
     0
102
RTVSPost2010PropOp32
 70
     1
102
RTVSPost2010Prop33
280
     0
102
RTVSPost2010PropOp33
 70
     1
102
RTVSPost2010Prop34
280
     0
102
RTVSPost2010PropOp34
 70
     1
102
RTVSPost2010Prop35
280
     0
102
RTVSPost2010PropOp35
 70
     1
102
RTVSPost2010Prop36
280
     0
102
RTVSPost2010PropOp36
 70
     1
102
RTVSPost2010Prop37
 90
       50
102
RTVSPost2010PropOp37
 70
     1
102
RTVSPost2010Prop38
140
0.0
102
RTVSPost2010PropOp38
 70
     1
102
RTVSPost2010Prop39
140
1.0
102
RTVSPost2010PropOp39
 70
     1
102
RTVSPost2010Prop40
 90
        0
102
RTVSPost2010PropOp40
 70
     1
102
RTVSPost2010Prop41ColorIndex
 90
       18
102
RTVSPost2010Prop41ColorRGB
 90
        0
102
RTVSPost2010PropOp41
 70
     1
102
RTVSPost2010Prop42
 90
       50
102
RTVSPost2010PropOp42
 70
     1
102
RTVSPost2010Prop43
 90
        3
102
RTVSPost2010PropOp43
 70
     1
102
RTVSPost2010Prop44ColorIndex
 90
        5
102
RTVSPost2010Prop44ColorRGB
 90
      255
102
RTVSPost2010PropOp44
 70
     1
102
RTVSPost2010Prop45
280
     0
102
RTVSPost2010PropOp45
 70
     1
102
RTVSPost2010Prop46
 90
       50
102
RTVSPost2010PropOp46
 70
     1
102
RTVSPost2010Prop47
 90
       50
102
RTVSPost2010PropOp47
 70
     1
102
RTVSPost2010Prop48
 90
       50
102
RTVSPost2010PropOp48
 70
     1
102
RTVSPost2010Prop49
280
     0
102
RTVSPost2010PropOp49
 70
     1
102
RTVSPost2010Prop50
 90
       50
102
RTVSPost2010PropOp50
 70
     1
102
RTVSPost2010Prop51ColorIndex
 90
      256
102
RTVSPost2010Prop51ColorRGB
 90
-16777216
102
RTVSPost2010PropOp51
 70
     0
102
RTVSPost2010Prop52
140
1.0
102
RTVSPost2010PropOp52
 70
     0
102
RTVSPost2010Prop53
 90
        2
102
RTVSPost2010PropOp53
 70
     1
102
RTVSPost2010Prop54
  1
strokes_ogs.tif
102
RTVSPost2010PropOp54
 70
     1
102
RTVSPost2010Prop55
280
     0
102
RTVSPost2010PropOp55
 70
     1
102
RTVSPost2010Prop56
140
1.0
102
RTVSPost2010PropOp56
 70
     1
102
RTVSPost2010Prop57
140
1.0
102
RTVSPost2010PropOp57
 70
     1
  0
XRECORD
  5
18D
102
{ACAD_REACTORS
330
18C
102
}
330
18C
100
AcDbXrecord
280
     1
102
RTVSPropertyOp0
 70
     1
102
RTVSPropertyOp1
 70
     1
102
RTVSPropertyOp2
 70
     1
102
RTVSPropertyOp3
 70
     1
102
RTVSPropertyOp4
 70
     1
102
RTVSPropertyOp5
 70
     1
102
RTVSPropertyOp6
 70
     1
102
RTVSPropertyOp7
 70
     1
102
RTVSPropertyOp8
 70
     1
102
RTVSPropertyOp9
 70
     1
102
RTVSPropertyOp10
 70
     1
102
RTVSPropertyOp11
 70
     1
102
RTVSPropertyOp12
 70
     1
102
RTVSPropertyOp13
 70
     1
102
RTVSPropertyOp14
 70
     1
102
RTVSPropertyOp15
 70
     1
102
RTVSPropertyOp16
 70
     1
102
RTVSPropertyOp17
 70
     1
102
RTVSPropertyOp18
 70
     1
102
RTVSPropertyOp19
 70
     1
102
RTVSPropertyOp20
 70
     1
102
RTVSPropertyOp21
 70
     1
102
RTVSPropertyOp22
 70
     1
102
RTVSPropertyOp23
 70
     1
102
RTVSPropertyOp24
 70
     1
102
RTVSPropertyOp25
 70
     1
102
RTVSPropertyOp26
 70
     1
102
RTVSPropertyOp27
 70
     1
102
RTVSPropertyOp28
 70
     1
102
RTVSPropertyOp29
 70
     1
102
RTVSPropertyOp30
 70
     1
102
RTVSPropertyOp31
 70
     1
102
RTVSPropertyOp32
 70
     1
102
RTVSPropertyOp33
 70
     1
102
RTVSPropertyOp34
 70
     1
102
RTVSPropertyOp35
 70
     1
102
RTVSPropertyOp36
 70
     1
102
RTVSPropertyOp37
 70
     1
102
RTVSPropertyOp38
 70
     1
102
RTVSPropertyOp39
 70
     1
102
RTVSPropertyOp40
 70
     1
102
RTVSPropertyOp41
 70
     1
102
RTVSPropertyOp42
 70
     1
102
RTVSPropertyOp43
 70
     1
102
RTVSPropertyOp44
 70
     1
102
RTVSPropertyOp45
 70
     1
102
RTVSPropertyOp46
 70
     1
102
RTVSPropertyOp47
 70
     1
102
RTVSPropertyOp48
 70
     1
102
RTVSPropertyOp49
 70
     1
102
RTVSPropertyOp50
 70
     1
102
RTVSPropertyOp51
 70
     0
102
RTVSPropertyOp52
 70
     0
102
RTVSPropertyOp53
 70
     1
102
RTVSPropertyOp54
 70
     1
102
RTVSPropertyOp55
 70
     1
102
RTVSPropertyOp56
 70
     1
102
RTVSPropertyOp57
 70
     1
102
RTVSPost2010Prop28
280
     0
102
RTVSPost2010PropOp28
 70
     1
102
RTVSPost2010Prop29
280
     1
102
RTVSPost2010PropOp29
 70
     1
102
RTVSPost2010Prop30
280
     1
102
RTVSPost2010PropOp30
 70
     1
102
RTVSPost2010Prop31
280
     0
102
RTVSPost2010PropOp31
 70
     1
102
RTVSPost2010Prop32
280
     0
102
RTVSPost2010PropOp32
 70
     1
102
RTVSPost2010Prop33
280
     0
102
RTVSPost2010PropOp33
 70
     1
102
RTVSPost2010Prop34
280
     0
102
RTVSPost2010PropOp34
 70
     1
102
RTVSPost2010Prop35
280
     0
102
RTVSPost2010PropOp35
 70
     1
102
RTVSPost2010Prop36
280
     0
102
RTVSPost2010PropOp36
 70
     1
102
RTVSPost2010Prop37
 90
       50
102
RTVSPost2010PropOp37
 70
     1
102
RTVSPost2010Prop38
140
0.0
102
RTVSPost2010PropOp38
 70
     1
102
RTVSPost2010Prop39
140
1.0
102
RTVSPost2010PropOp39
 70
     1
102
RTVSPost2010Prop40
 90
        0
102
RTVSPost2010PropOp40
 70
     1
102
RTVSPost2010Prop41ColorIndex
 90
       18
102
RTVSPost2010Prop41ColorRGB
 90
        0
102
RTVSPost2010PropOp41
 70
     1
102
RTVSPost2010Prop42
 90
       50
102
RTVSPost2010PropOp42
 70
     1
102
RTVSPost2010Prop43
 90
        3
102
RTVSPost2010PropOp43
 70
     1
102
RTVSPost2010Prop44ColorIndex
 90
        5
102
RTVSPost2010Prop44ColorRGB
 90
      255
102
RTVSPost2010PropOp44
 70
     1
102
RTVSPost2010Prop45
280
     0
102
RTVSPost2010PropOp45
 70
     1
102
RTVSPost2010Prop46
 90
       50
102
RTVSPost2010PropOp46
 70
     1
102
RTVSPost2010Prop47
 90
       50
102
RTVSPost2010PropOp47
 70
     1
102
RTVSPost2010Prop48
 90
       50
102
RTVSPost2010PropOp48
 70
     1
102
RTVSPost2010Prop49
280
     0
102
RTVSPost2010PropOp49
 70
     1
102
RTVSPost2010Prop50
 90
       50
102
RTVSPost2010PropOp50
 70
     1
102
RTVSPost2010Prop51ColorIndex
 90
      256
102
RTVSPost2010Prop51ColorRGB
 90
-16777216
102
RTVSPost2010PropOp51
 70
     0
102
RTVSPost2010Prop52
140
1.0
102
RTVSPost2010PropOp52
 70
     0
102
RTVSPost2010Prop53
 90
        2
102
RTVSPost2010PropOp53
 70
     1
102
RTVSPost2010Prop54
  1
strokes_ogs.tif
102
RTVSPost2010PropOp54
 70
     1
102
RTVSPost2010Prop55
280
     0
102
RTVSPost2010PropOp55
 70
     1
102
RTVSPost2010Prop56
140
1.0
102
RTVSPost2010PropOp56
 70
     1
102
RTVSPost2010Prop57
140
1.0
102
RTVSPost2010PropOp57
 70
     1
  0
XRECORD
  5
18F
102
{ACAD_REACTORS
330
18E
102
}
330
18E
100
AcDbXrecord
280
     1
102
RTVSPropertyOp0
 70
     1
102
RTVSPropertyOp1
 70
     1
102
RTVSPropertyOp2
 70
     1
102
RTVSPropertyOp3
 70
     1
102
RTVSPropertyOp4
 70
     1
102
RTVSPropertyOp5
 70
     1
102
RTVSPropertyOp6
 70
     1
102
RTVSPropertyOp7
 70
     1
102
RTVSPropertyOp8
 70
     1
102
RTVSPropertyOp9
 70
     1
102
RTVSPropertyOp10
 70
     1
102
RTVSPropertyOp11
 70
     1
102
RTVSPropertyOp12
 70
     1
102
RTVSPropertyOp13
 70
     1
102
RTVSPropertyOp14
 70
     1
102
RTVSPropertyOp15
 70
     1
102
RTVSPropertyOp16
 70
     1
102
RTVSPropertyOp17
 70
     1
102
RTVSPropertyOp18
 70
     1
102
RTVSPropertyOp19
 70
     1
102
RTVSPropertyOp20
 70
     1
102
RTVSPropertyOp21
 70
     1
102
RTVSPropertyOp22
 70
     1
102
RTVSPropertyOp23
 70
     1
102
RTVSPropertyOp24
 70
     1
102
RTVSPropertyOp25
 70
     1
102
RTVSPropertyOp26
 70
     1
102
RTVSPropertyOp27
 70
     1
102
RTVSPropertyOp28
 70
     1
102
RTVSPropertyOp29
 70
     1
102
RTVSPropertyOp30
 70
     1
102
RTVSPropertyOp31
 70
     1
102
RTVSPropertyOp32
 70
     1
102
RTVSPropertyOp33
 70
     1
102
RTVSPropertyOp34
 70
     1
102
RTVSPropertyOp35
 70
     1
102
RTVSPropertyOp36
 70
     1
102
RTVSPropertyOp37
 70
     1
102
RTVSPropertyOp38
 70
     1
102
RTVSPropertyOp39
 70
     1
102
RTVSPropertyOp40
 70
     1
102
RTVSPropertyOp41
 70
     1
102
RTVSPropertyOp42
 70
     1
102
RTVSPropertyOp43
 70
     1
102
RTVSPropertyOp44
 70
     1
102
RTVSPropertyOp45
 70
     1
102
RTVSPropertyOp46
 70
     1
102
RTVSPropertyOp47
 70
     1
102
RTVSPropertyOp48
 70
     1
102
RTVSPropertyOp49
 70
     1
102
RTVSPropertyOp50
 70
     1
102
RTVSPropertyOp51
 70
     0
102
RTVSPropertyOp52
 70
     0
102
RTVSPropertyOp53
 70
     1
102
RTVSPropertyOp54
 70
     1
102
RTVSPropertyOp55
 70
     1
102
RTVSPropertyOp56
 70
     1
102
RTVSPropertyOp57
 70
     1
102
RTVSPost2010Prop28
280
     0
102
RTVSPost2010PropOp28
 70
     1
102
RTVSPost2010Prop29
280
     1
102
RTVSPost2010PropOp29
 70
     1
102
RTVSPost2010Prop30
280
     1
102
RTVSPost2010PropOp30
 70
     1
102
RTVSPost2010Prop31
280
     0
102
RTVSPost2010PropOp31
 70
     1
102
RTVSPost2010Prop32
280
     0
102
RTVSPost2010PropOp32
 70
     1
102
RTVSPost2010Prop33
280
     0
102
RTVSPost2010PropOp33
 70
     1
102
RTVSPost2010Prop34
280
     0
102
RTVSPost2010PropOp34
 70
     1
102
RTVSPost2010Prop35
280
     0
102
RTVSPost2010PropOp35
 70
     1
102
RTVSPost2010Prop36
280
     0
102
RTVSPost2010PropOp36
 70
     1
102
RTVSPost2010Prop37
 90
       50
102
RTVSPost2010PropOp37
 70
     1
102
RTVSPost2010Prop38
140
0.0
102
RTVSPost2010PropOp38
 70
     1
102
RTVSPost2010Prop39
140
1.0
102
RTVSPost2010PropOp39
 70
     1
102
RTVSPost2010Prop40
 90
        0
102
RTVSPost2010PropOp40
 70
     1
102
RTVSPost2010Prop41ColorIndex
 90
       18
102
RTVSPost2010Prop41ColorRGB
 90
        0
102
RTVSPost2010PropOp41
 70
     1
102
RTVSPost2010Prop42
 90
       50
102
RTVSPost2010PropOp42
 70
     1
102
RTVSPost2010Prop43
 90
        3
102
RTVSPost2010PropOp43
 70
     1
102
RTVSPost2010Prop44ColorIndex
 90
        5
102
RTVSPost2010Prop44ColorRGB
 90
      255
102
RTVSPost2010PropOp44
 70
     1
102
RTVSPost2010Prop45
280
     0
102
RTVSPost2010PropOp45
 70
     1
102
RTVSPost2010Prop46
 90
       50
102
RTVSPost2010PropOp46
 70
     1
102
RTVSPost2010Prop47
 90
       50
102
RTVSPost2010PropOp47
 70
     1
102
RTVSPost2010Prop48
 90
       50
102
RTVSPost2010PropOp48
 70
     1
102
RTVSPost2010Prop49
280
     0
102
RTVSPost2010PropOp49
 70
     1
102
RTVSPost2010Prop50
 90
       50
102
RTVSPost2010PropOp50
 70
     1
102
RTVSPost2010Prop51ColorIndex
 90
      256
102
RTVSPost2010Prop51ColorRGB
 90
-16777216
102
RTVSPost2010PropOp51
 70
     0
102
RTVSPost2010Prop52
140
1.0
102
RTVSPost2010PropOp52
 70
     0
102
RTVSPost2010Prop53
 90
        2
102
RTVSPost2010PropOp53
 70
     1
102
RTVSPost2010Prop54
  1
strokes_ogs.tif
102
RTVSPost2010PropOp54
 70
     1
102
RTVSPost2010Prop55
280
     0
102
RTVSPost2010PropOp55
 70
     1
102
RTVSPost2010Prop56
140
1.0
102
RTVSPost2010PropOp56
 70
     1
102
RTVSPost2010Prop57
140
1.0
102
RTVSPost2010PropOp57
 70
     1
  0
XRECORD
  5
195
102
{ACAD_REACTORS
330
194
102
}
330
194
100
AcDbXrecord
280
     1
102
RTVSPropertyOp0
 70
     1
102
RTVSPropertyOp1
 70
     1
102
RTVSPropertyOp2
 70
     1
102
RTVSPropertyOp3
 70
     1
102
RTVSPropertyOp4
 70
     1
102
RTVSPropertyOp5
 70
     1
102
RTVSPropertyOp6
 70
     1
102
RTVSPropertyOp7
 70
     1
102
RTVSPropertyOp8
 70
     1
102
RTVSPropertyOp9
 70
     1
102
RTVSPropertyOp10
 70
     1
102
RTVSPropertyOp11
 70
     1
102
RTVSPropertyOp12
 70
     1
102
RTVSPropertyOp13
 70
     1
102
RTVSPropertyOp14
 70
     1
102
RTVSPropertyOp15
 70
     1
102
RTVSPropertyOp16
 70
     1
102
RTVSPropertyOp17
 70
     1
102
RTVSPropertyOp18
 70
     1
102
RTVSPropertyOp19
 70
     1
102
RTVSPropertyOp20
 70
     1
102
RTVSPropertyOp21
 70
     1
102
RTVSPropertyOp22
 70
     1
102
RTVSPropertyOp23
 70
     1
102
RTVSPropertyOp24
 70
     1
102
RTVSPropertyOp25
 70
     1
102
RTVSPropertyOp26
 70
     1
102
RTVSPropertyOp27
 70
     1
102
RTVSPropertyOp28
 70
     1
102
RTVSPropertyOp29
 70
     1
102
RTVSPropertyOp30
 70
     1
102
RTVSPropertyOp31
 70
     1
102
RTVSPropertyOp32
 70
     1
102
RTVSPropertyOp33
 70
     1
102
RTVSPropertyOp34
 70
     1
102
RTVSPropertyOp35
 70
     1
102
RTVSPropertyOp36
 70
     1
102
RTVSPropertyOp37
 70
     1
102
RTVSPropertyOp38
 70
     1
102
RTVSPropertyOp39
 70
     1
102
RTVSPropertyOp40
 70
     1
102
RTVSPropertyOp41
 70
     1
102
RTVSPropertyOp42
 70
     1
102
RTVSPropertyOp43
 70
     1
102
RTVSPropertyOp44
 70
     1
102
RTVSPropertyOp45
 70
     1
102
RTVSPropertyOp46
 70
     1
102
RTVSPropertyOp47
 70
     1
102
RTVSPropertyOp48
 70
     1
102
RTVSPropertyOp49
 70
     1
102
RTVSPropertyOp50
 70
     1
102
RTVSPropertyOp51
 70
     0
102
RTVSPropertyOp52
 70
     0
102
RTVSPropertyOp53
 70
     1
102
RTVSPropertyOp54
 70
     1
102
RTVSPropertyOp55
 70
     1
102
RTVSPropertyOp56
 70
     1
102
RTVSPropertyOp57
 70
     1
102
RTVSPost2010Prop28
280
     0
102
RTVSPost2010PropOp28
 70
     1
102
RTVSPost2010Prop29
280
     1
102
RTVSPost2010PropOp29
 70
     1
102
RTVSPost2010Prop30
280
     1
102
RTVSPost2010PropOp30
 70
     1
102
RTVSPost2010Prop31
280
     0
102
RTVSPost2010PropOp31
 70
     1
102
RTVSPost2010Prop32
280
     0
102
RTVSPost2010PropOp32
 70
     1
102
RTVSPost2010Prop33
280
     0
102
RTVSPost2010PropOp33
 70
     1
102
RTVSPost2010Prop34
280
     0
102
RTVSPost2010PropOp34
 70
     1
102
RTVSPost2010Prop35
280
     0
102
RTVSPost2010PropOp35
 70
     1
102
RTVSPost2010Prop36
280
     0
102
RTVSPost2010PropOp36
 70
     1
102
RTVSPost2010Prop37
 90
       50
102
RTVSPost2010PropOp37
 70
     1
102
RTVSPost2010Prop38
140
0.0
102
RTVSPost2010PropOp38
 70
     1
102
RTVSPost2010Prop39
140
1.0
102
RTVSPost2010PropOp39
 70
     1
102
RTVSPost2010Prop40
 90
        0
102
RTVSPost2010PropOp40
 70
     1
102
RTVSPost2010Prop41ColorIndex
 90
       18
102
RTVSPost2010Prop41ColorRGB
 90
        0
102
RTVSPost2010PropOp41
 70
     1
102
RTVSPost2010Prop42
 90
       50
102
RTVSPost2010PropOp42
 70
     1
102
RTVSPost2010Prop43
 90
        3
102
RTVSPost2010PropOp43
 70
     1
102
RTVSPost2010Prop44ColorIndex
 90
        5
102
RTVSPost2010Prop44ColorRGB
 90
      255
102
RTVSPost2010PropOp44
 70
     1
102
RTVSPost2010Prop45
280
     0
102
RTVSPost2010PropOp45
 70
     1
102
RTVSPost2010Prop46
 90
       50
102
RTVSPost2010PropOp46
 70
     1
102
RTVSPost2010Prop47
 90
       50
102
RTVSPost2010PropOp47
 70
     1
102
RTVSPost2010Prop48
 90
       50
102
RTVSPost2010PropOp48
 70
     1
102
RTVSPost2010Prop49
280
     0
102
RTVSPost2010PropOp49
 70
     1
102
RTVSPost2010Prop50
 90
       50
102
RTVSPost2010PropOp50
 70
     1
102
RTVSPost2010Prop51ColorIndex
 90
      256
102
RTVSPost2010Prop51ColorRGB
 90
-16777216
102
RTVSPost2010PropOp51
 70
     0
102
RTVSPost2010Prop52
140
1.0
102
RTVSPost2010PropOp52
 70
     0
102
RTVSPost2010Prop53
 90
        2
102
RTVSPost2010PropOp53
 70
     1
102
RTVSPost2010Prop54
  1
strokes_ogs.tif
102
RTVSPost2010PropOp54
 70
     1
102
RTVSPost2010Prop55
280
     0
102
RTVSPost2010PropOp55
 70
     1
102
RTVSPost2010Prop56
140
1.0
102
RTVSPost2010PropOp56
 70
     1
102
RTVSPost2010Prop57
140
1.0
102
RTVSPost2010PropOp57
 70
     1
  0
XRECORD
  5
1A9
102
{ACAD_REACTORS
330
1A8
102
}
330
1A8
100
AcDbXrecord
280
     1
102
RTVSPropertyOp0
 70
     0
102
RTVSPropertyOp1
 70
     0
102
RTVSPropertyOp2
 70
     0
102
RTVSPropertyOp3
 70
     0
102
RTVSPropertyOp4
 70
     0
102
RTVSPropertyOp5
 70
     0
102
RTVSPropertyOp6
 70
     0
102
RTVSPropertyOp7
 70
     0
102
RTVSPropertyOp8
 70
     0
102
RTVSPropertyOp9
 70
     0
102
RTVSPropertyOp10
 70
     0
102
RTVSPropertyOp11
 70
     0
102
RTVSPropertyOp12
 70
     0
102
RTVSPropertyOp13
 70
     0
102
RTVSPropertyOp14
 70
     2
102
RTVSPropertyOp15
 70
     0
102
RTVSPropertyOp16
 70
     0
102
RTVSPropertyOp17
 70
     0
102
RTVSPropertyOp18
 70
     0
102
RTVSPropertyOp19
 70
     0
102
RTVSPropertyOp20
 70
     0
102
RTVSPropertyOp21
 70
     0
102
RTVSPropertyOp22
 70
     0
102
RTVSPropertyOp23
 70
     0
102
RTVSPropertyOp24
 70
     0
102
RTVSPropertyOp25
 70
     0
102
RTVSPropertyOp26
 70
     0
102
RTVSPropertyOp27
 70
     0
102
RTVSPropertyOp28
 70
     0
102
RTVSPropertyOp29
 70
     0
102
RTVSPropertyOp30
 70
     0
102
RTVSPropertyOp31
 70
     0
102
RTVSPropertyOp32
 70
     0
102
RTVSPropertyOp33
 70
     0
102
RTVSPropertyOp34
 70
     0
102
RTVSPropertyOp35
 70
     0
102
RTVSPropertyOp36
 70
     0
102
RTVSPropertyOp37
 70
     0
102
RTVSPropertyOp38
 70
     0
102
RTVSPropertyOp39
 70
     0
102
RTVSPropertyOp40
 70
     0
102
RTVSPropertyOp41
 70
     0
102
RTVSPropertyOp42
 70
     0
102
RTVSPropertyOp43
 70
     0
102
RTVSPropertyOp44
 70
     0
102
RTVSPropertyOp45
 70
     0
102
RTVSPropertyOp46
 70
     0
102
RTVSPropertyOp47
 70
     0
102
RTVSPropertyOp48
 70
     0
102
RTVSPropertyOp49
 70
     0
102
RTVSPropertyOp50
 70
     0
102
RTVSPropertyOp51
 70
     0
102
RTVSPropertyOp52
 70
     0
102
RTVSPropertyOp53
 70
     0
102
RTVSPropertyOp54
 70
     0
102
RTVSPropertyOp55
 70
     0
102
RTVSPropertyOp56
 70
     0
102
RTVSPropertyOp57
 70
     0
102
RTVSPost2010Prop28
280
     0
102
RTVSPost2010PropOp28
 70
     0
102
RTVSPost2010Prop29
280
     1
102
RTVSPost2010PropOp29
 70
     0
102
RTVSPost2010Prop30
280
     1
102
RTVSPost2010PropOp30
 70
     0
102
RTVSPost2010Prop31
280
     0
102
RTVSPost2010PropOp31
 70
     0
102
RTVSPost2010Prop32
280
     0
102
RTVSPost2010PropOp32
 70
     0
102
RTVSPost2010Prop33
280
     0
102
RTVSPost2010PropOp33
 70
     0
102
RTVSPost2010Prop34
280
     0
102
RTVSPost2010PropOp34
 70
     0
102
RTVSPost2010Prop35
280
     0
102
RTVSPost2010PropOp35
 70
     0
102
RTVSPost2010Prop36
280
     0
102
RTVSPost2010PropOp36
 70
     0
102
RTVSPost2010Prop37
 90
       50
102
RTVSPost2010PropOp37
 70
     0
102
RTVSPost2010Prop38
140
0.0
102
RTVSPost2010PropOp38
 70
     0
102
RTVSPost2010Prop39
140
1.0
102
RTVSPost2010PropOp39
 70
     0
102
RTVSPost2010Prop40
 90
        0
102
RTVSPost2010PropOp40
 70
     0
102
RTVSPost2010Prop41ColorIndex
 90
       18
102
RTVSPost2010Prop41ColorRGB
 90
        0
102
RTVSPost2010PropOp41
 70
     0
102
RTVSPost2010Prop42
 90
       50
102
RTVSPost2010PropOp42
 70
     0
102
RTVSPost2010Prop43
 90
        3
102
RTVSPost2010PropOp43
 70
     0
102
RTVSPost2010Prop44ColorIndex
 90
        5
102
RTVSPost2010Prop44ColorRGB
 90
      255
102
RTVSPost2010PropOp44
 70
     0
102
RTVSPost2010Prop45
280
     0
102
RTVSPost2010PropOp45
 70
     0
102
RTVSPost2010Prop46
 90
       50
102
RTVSPost2010PropOp46
 70
     0
102
RTVSPost2010Prop47
 90
       50
102
RTVSPost2010PropOp47
 70
     0
102
RTVSPost2010Prop48
 90
       50
102
RTVSPost2010PropOp48
 70
     0
102
RTVSPost2010Prop49
280
     0
102
RTVSPost2010PropOp49
 70
     0
102
RTVSPost2010Prop50
 90
       50
102
RTVSPost2010PropOp50
 70
     0
102
RTVSPost2010Prop51ColorIndex
 90
      256
102
RTVSPost2010Prop51ColorRGB
 90
-16777216
102
RTVSPost2010PropOp51
 70
     0
102
RTVSPost2010Prop52
140
1.0
102
RTVSPost2010PropOp52
 70
     0
102
RTVSPost2010Prop53
 90
        2
102
RTVSPost2010PropOp53
 70
     0
102
RTVSPost2010Prop54
  1
strokes_ogs.tif
102
RTVSPost2010PropOp54
 70
     0
102
RTVSPost2010Prop55
280
     0
102
RTVSPost2010PropOp55
 70
     0
102
RTVSPost2010Prop56
140
1.0
102
RTVSPost2010PropOp56
 70
     0
102
RTVSPost2010Prop57
140
1.0
102
RTVSPost2010PropOp57
 70
     0
  0
XRECORD
  5
1A3
102
{ACAD_REACTORS
330
1A2
102
}
330
1A2
100
AcDbXrecord
280
     1
102
RTVSPropertyOp0
 70
     1
102
RTVSPropertyOp1
 70
     1
102
RTVSPropertyOp2
 70
     1
102
RTVSPropertyOp3
 70
     1
102
RTVSPropertyOp4
 70
     1
102
RTVSPropertyOp5
 70
     1
102
RTVSPropertyOp6
 70
     1
102
RTVSPropertyOp7
 70
     1
102
RTVSPropertyOp8
 70
     1
102
RTVSPropertyOp9
 70
     1
102
RTVSPropertyOp10
 70
     1
102
RTVSPropertyOp11
 70
     1
102
RTVSPropertyOp12
 70
     1
102
RTVSPropertyOp13
 70
     1
102
RTVSPropertyOp14
 70
     1
102
RTVSPropertyOp15
 70
     1
102
RTVSPropertyOp16
 70
     1
102
RTVSPropertyOp17
 70
     1
102
RTVSPropertyOp18
 70
     1
102
RTVSPropertyOp19
 70
     1
102
RTVSPropertyOp20
 70
     1
102
RTVSPropertyOp21
 70
     1
102
RTVSPropertyOp22
 70
     1
102
RTVSPropertyOp23
 70
     1
102
RTVSPropertyOp24
 70
     1
102
RTVSPropertyOp25
 70
     1
102
RTVSPropertyOp26
 70
     1
102
RTVSPropertyOp27
 70
     1
102
RTVSPropertyOp28
 70
     1
102
RTVSPropertyOp29
 70
     1
102
RTVSPropertyOp30
 70
     1
102
RTVSPropertyOp31
 70
     1
102
RTVSPropertyOp32
 70
     1
102
RTVSPropertyOp33
 70
     1
102
RTVSPropertyOp34
 70
     1
102
RTVSPropertyOp35
 70
     1
102
RTVSPropertyOp36
 70
     1
102
RTVSPropertyOp37
 70
     1
102
RTVSPropertyOp38
 70
     1
102
RTVSPropertyOp39
 70
     1
102
RTVSPropertyOp40
 70
     1
102
RTVSPropertyOp41
 70
     1
102
RTVSPropertyOp42
 70
     1
102
RTVSPropertyOp43
 70
     1
102
RTVSPropertyOp44
 70
     1
102
RTVSPropertyOp45
 70
     1
102
RTVSPropertyOp46
 70
     1
102
RTVSPropertyOp47
 70
     1
102
RTVSPropertyOp48
 70
     1
102
RTVSPropertyOp49
 70
     1
102
RTVSPropertyOp50
 70
     1
102
RTVSPropertyOp51
 70
     0
102
RTVSPropertyOp52
 70
     0
102
RTVSPropertyOp53
 70
     1
102
RTVSPropertyOp54
 70
     1
102
RTVSPropertyOp55
 70
     1
102
RTVSPropertyOp56
 70
     1
102
RTVSPropertyOp57
 70
     1
102
RTVSPost2010Prop28
280
     0
102
RTVSPost2010PropOp28
 70
     1
102
RTVSPost2010Prop29
280
     1
102
RTVSPost2010PropOp29
 70
     1
102
RTVSPost2010Prop30
280
     1
102
RTVSPost2010PropOp30
 70
     1
102
RTVSPost2010Prop31
280
     0
102
RTVSPost2010PropOp31
 70
     1
102
RTVSPost2010Prop32
280
     0
102
RTVSPost2010PropOp32
 70
     1
102
RTVSPost2010Prop33
280
     0
102
RTVSPost2010PropOp33
 70
     1
102
RTVSPost2010Prop34
280
     0
102
RTVSPost2010PropOp34
 70
     1
102
RTVSPost2010Prop35
280
     0
102
RTVSPost2010PropOp35
 70
     1
102
RTVSPost2010Prop36
280
     0
102
RTVSPost2010PropOp36
 70
     1
102
RTVSPost2010Prop37
 90
       50
102
RTVSPost2010PropOp37
 70
     1
102
RTVSPost2010Prop38
140
0.0
102
RTVSPost2010PropOp38
 70
     1
102
RTVSPost2010Prop39
140
1.0
102
RTVSPost2010PropOp39
 70
     1
102
RTVSPost2010Prop40
 90
        0
102
RTVSPost2010PropOp40
 70
     1
102
RTVSPost2010Prop41ColorIndex
 90
       18
102
RTVSPost2010Prop41ColorRGB
 90
        0
102
RTVSPost2010PropOp41
 70
     1
102
RTVSPost2010Prop42
 90
       50
102
RTVSPost2010PropOp42
 70
     1
102
RTVSPost2010Prop43
 90
        3
102
RTVSPost2010PropOp43
 70
     1
102
RTVSPost2010Prop44ColorIndex
 90
        5
102
RTVSPost2010Prop44ColorRGB
 90
      255
102
RTVSPost2010PropOp44
 70
     1
102
RTVSPost2010Prop45
280
     0
102
RTVSPost2010PropOp45
 70
     1
102
RTVSPost2010Prop46
 90
       50
102
RTVSPost2010PropOp46
 70
     1
102
RTVSPost2010Prop47
 90
       50
102
RTVSPost2010PropOp47
 70
     1
102
RTVSPost2010Prop48
 90
       50
102
RTVSPost2010PropOp48
 70
     1
102
RTVSPost2010Prop49
280
     0
102
RTVSPost2010PropOp49
 70
     1
102
RTVSPost2010Prop50
 90
       50
102
RTVSPost2010PropOp50
 70
     1
102
RTVSPost2010Prop51ColorIndex
 90
      256
102
RTVSPost2010Prop51ColorRGB
 90
-16777216
102
RTVSPost2010PropOp51
 70
     0
102
RTVSPost2010Prop52
140
1.0
102
RTVSPost2010PropOp52
 70
     0
102
RTVSPost2010Prop53
 90
        2
102
RTVSPost2010PropOp53
 70
     1
102
RTVSPost2010Prop54
  1
strokes_ogs.tif
102
RTVSPost2010PropOp54
 70
     1
102
RTVSPost2010Prop55
280
     0
102
RTVSPost2010PropOp55
 70
     1
102
RTVSPost2010Prop56
140
1.0
102
RTVSPost2010PropOp56
 70
     1
102
RTVSPost2010Prop57
140
1.0
102
RTVSPost2010PropOp57
 70
     1
  0
XRECORD
  5
1AB
102
{ACAD_REACTORS
330
1AA
102
}
330
1AA
100
AcDbXrecord
280
     1
102
RTVSPropertyOp0
 70
     0
102
RTVSPropertyOp1
 70
     0
102
RTVSPropertyOp2
 70
     0
102
RTVSPropertyOp3
 70
     0
102
RTVSPropertyOp4
 70
     0
102
RTVSPropertyOp5
 70
     0
102
RTVSPropertyOp6
 70
     0
102
RTVSPropertyOp7
 70
     0
102
RTVSPropertyOp8
 70
     0
102
RTVSPropertyOp9
 70
     0
102
RTVSPropertyOp10
 70
     0
102
RTVSPropertyOp11
 70
     0
102
RTVSPropertyOp12
 70
     0
102
RTVSPropertyOp13
 70
     0
102
RTVSPropertyOp14
 70
     2
102
RTVSPropertyOp15
 70
     0
102
RTVSPropertyOp16
 70
     0
102
RTVSPropertyOp17
 70
     0
102
RTVSPropertyOp18
 70
     0
102
RTVSPropertyOp19
 70
     0
102
RTVSPropertyOp20
 70
     0
102
RTVSPropertyOp21
 70
     0
102
RTVSPropertyOp22
 70
     0
102
RTVSPropertyOp23
 70
     0
102
RTVSPropertyOp24
 70
     0
102
RTVSPropertyOp25
 70
     0
102
RTVSPropertyOp26
 70
     0
102
RTVSPropertyOp27
 70
     0
102
RTVSPropertyOp28
 70
     0
102
RTVSPropertyOp29
 70
     0
102
RTVSPropertyOp30
 70
     0
102
RTVSPropertyOp31
 70
     0
102
RTVSPropertyOp32
 70
     0
102
RTVSPropertyOp33
 70
     0
102
RTVSPropertyOp34
 70
     0
102
RTVSPropertyOp35
 70
     0
102
RTVSPropertyOp36
 70
     0
102
RTVSPropertyOp37
 70
     0
102
RTVSPropertyOp38
 70
     0
102
RTVSPropertyOp39
 70
     0
102
RTVSPropertyOp40
 70
     0
102
RTVSPropertyOp41
 70
     0
102
RTVSPropertyOp42
 70
     0
102
RTVSPropertyOp43
 70
     0
102
RTVSPropertyOp44
 70
     0
102
RTVSPropertyOp45
 70
     0
102
RTVSPropertyOp46
 70
     0
102
RTVSPropertyOp47
 70
     0
102
RTVSPropertyOp48
 70
     0
102
RTVSPropertyOp49
 70
     0
102
RTVSPropertyOp50
 70
     0
102
RTVSPropertyOp51
 70
     0
102
RTVSPropertyOp52
 70
     0
102
RTVSPropertyOp53
 70
     0
102
RTVSPropertyOp54
 70
     0
102
RTVSPropertyOp55
 70
     0
102
RTVSPropertyOp56
 70
     0
102
RTVSPropertyOp57
 70
     0
102
RTVSPost2010Prop28
280
     0
102
RTVSPost2010PropOp28
 70
     0
102
RTVSPost2010Prop29
280
     1
102
RTVSPost2010PropOp29
 70
     0
102
RTVSPost2010Prop30
280
     1
102
RTVSPost2010PropOp30
 70
     0
102
RTVSPost2010Prop31
280
     0
102
RTVSPost2010PropOp31
 70
     0
102
RTVSPost2010Prop32
280
     0
102
RTVSPost2010PropOp32
 70
     0
102
RTVSPost2010Prop33
280
     0
102
RTVSPost2010PropOp33
 70
     0
102
RTVSPost2010Prop34
280
     0
102
RTVSPost2010PropOp34
 70
     0
102
RTVSPost2010Prop35
280
     0
102
RTVSPost2010PropOp35
 70
     0
102
RTVSPost2010Prop36
280
     0
102
RTVSPost2010PropOp36
 70
     0
102
RTVSPost2010Prop37
 90
       50
102
RTVSPost2010PropOp37
 70
     0
102
RTVSPost2010Prop38
140
0.0
102
RTVSPost2010PropOp38
 70
     0
102
RTVSPost2010Prop39
140
1.0
102
RTVSPost2010PropOp39
 70
     0
102
RTVSPost2010Prop40
 90
        0
102
RTVSPost2010PropOp40
 70
     0
102
RTVSPost2010Prop41ColorIndex
 90
       18
102
RTVSPost2010Prop41ColorRGB
 90
        0
102
RTVSPost2010PropOp41
 70
     0
102
RTVSPost2010Prop42
 90
       50
102
RTVSPost2010PropOp42
 70
     0
102
RTVSPost2010Prop43
 90
        3
102
RTVSPost2010PropOp43
 70
     0
102
RTVSPost2010Prop44ColorIndex
 90
        5
102
RTVSPost2010Prop44ColorRGB
 90
      255
102
RTVSPost2010PropOp44
 70
     0
102
RTVSPost2010Prop45
280
     0
102
RTVSPost2010PropOp45
 70
     0
102
RTVSPost2010Prop46
 90
       50
102
RTVSPost2010PropOp46
 70
     0
102
RTVSPost2010Prop47
 90
       50
102
RTVSPost2010PropOp47
 70
     0
102
RTVSPost2010Prop48
 90
       50
102
RTVSPost2010PropOp48
 70
     0
102
RTVSPost2010Prop49
280
     0
102
RTVSPost2010PropOp49
 70
     0
102
RTVSPost2010Prop50
 90
       50
102
RTVSPost2010PropOp50
 70
     0
102
RTVSPost2010Prop51ColorIndex
 90
      256
102
RTVSPost2010Prop51ColorRGB
 90
-16777216
102
RTVSPost2010PropOp51
 70
     0
102
RTVSPost2010Prop52
140
1.0
102
RTVSPost2010PropOp52
 70
     0
102
RTVSPost2010Prop53
 90
        2
102
RTVSPost2010PropOp53
 70
     0
102
RTVSPost2010Prop54
  1
strokes_ogs.tif
102
RTVSPost2010PropOp54
 70
     0
102
RTVSPost2010Prop55
280
     0
102
RTVSPost2010PropOp55
 70
     0
102
RTVSPost2010Prop56
140
1.0
102
RTVSPost2010PropOp56
 70
     0
102
RTVSPost2010Prop57
140
1.0
102
RTVSPost2010PropOp57
 70
     0
  0
XRECORD
  5
199
102
{ACAD_REACTORS
330
198
102
}
330
198
100
AcDbXrecord
280
     1
102
RTVSPropertyOp0
 70
     1
102
RTVSPropertyOp1
 70
     1
102
RTVSPropertyOp2
 70
     1
102
RTVSPropertyOp3
 70
     1
102
RTVSPropertyOp4
 70
     1
102
RTVSPropertyOp5
 70
     1
102
RTVSPropertyOp6
 70
     1
102
RTVSPropertyOp7
 70
     1
102
RTVSPropertyOp8
 70
     1
102
RTVSPropertyOp9
 70
     1
102
RTVSPropertyOp10
 70
     1
102
RTVSPropertyOp11
 70
     1
102
RTVSPropertyOp12
 70
     1
102
RTVSPropertyOp13
 70
     1
102
RTVSPropertyOp14
 70
     1
102
RTVSPropertyOp15
 70
     1
102
RTVSPropertyOp16
 70
     1
102
RTVSPropertyOp17
 70
     1
102
RTVSPropertyOp18
 70
     1
102
RTVSPropertyOp19
 70
     1
102
RTVSPropertyOp20
 70
     1
102
RTVSPropertyOp21
 70
     1
102
RTVSPropertyOp22
 70
     1
102
RTVSPropertyOp23
 70
     1
102
RTVSPropertyOp24
 70
     1
102
RTVSPropertyOp25
 70
     1
102
RTVSPropertyOp26
 70
     1
102
RTVSPropertyOp27
 70
     1
102
RTVSPropertyOp28
 70
     1
102
RTVSPropertyOp29
 70
     1
102
RTVSPropertyOp30
 70
     1
102
RTVSPropertyOp31
 70
     1
102
RTVSPropertyOp32
 70
     1
102
RTVSPropertyOp33
 70
     1
102
RTVSPropertyOp34
 70
     1
102
RTVSPropertyOp35
 70
     1
102
RTVSPropertyOp36
 70
     1
102
RTVSPropertyOp37
 70
     1
102
RTVSPropertyOp38
 70
     1
102
RTVSPropertyOp39
 70
     1
102
RTVSPropertyOp40
 70
     1
102
RTVSPropertyOp41
 70
     1
102
RTVSPropertyOp42
 70
     1
102
RTVSPropertyOp43
 70
     1
102
RTVSPropertyOp44
 70
     1
102
RTVSPropertyOp45
 70
     1
102
RTVSPropertyOp46
 70
     1
102
RTVSPropertyOp47
 70
     1
102
RTVSPropertyOp48
 70
     1
102
RTVSPropertyOp49
 70
     1
102
RTVSPropertyOp50
 70
     1
102
RTVSPropertyOp51
 70
     0
102
RTVSPropertyOp52
 70
     0
102
RTVSPropertyOp53
 70
     1
102
RTVSPropertyOp54
 70
     1
102
RTVSPropertyOp55
 70
     1
102
RTVSPropertyOp56
 70
     1
102
RTVSPropertyOp57
 70
     1
102
RTVSPost2010Prop28
280
     0
102
RTVSPost2010PropOp28
 70
     1
102
RTVSPost2010Prop29
280
     1
102
RTVSPost2010PropOp29
 70
     1
102
RTVSPost2010Prop30
280
     1
102
RTVSPost2010PropOp30
 70
     1
102
RTVSPost2010Prop31
280
     0
102
RTVSPost2010PropOp31
 70
     1
102
RTVSPost2010Prop32
280
     0
102
RTVSPost2010PropOp32
 70
     1
102
RTVSPost2010Prop33
280
     0
102
RTVSPost2010PropOp33
 70
     1
102
RTVSPost2010Prop34
280
     0
102
RTVSPost2010PropOp34
 70
     1
102
RTVSPost2010Prop35
280
     0
102
RTVSPost2010PropOp35
 70
     1
102
RTVSPost2010Prop36
280
     0
102
RTVSPost2010PropOp36
 70
     1
102
RTVSPost2010Prop37
 90
       50
102
RTVSPost2010PropOp37
 70
     1
102
RTVSPost2010Prop38
140
0.0
102
RTVSPost2010PropOp38
 70
     1
102
RTVSPost2010Prop39
140
1.0
102
RTVSPost2010PropOp39
 70
     1
102
RTVSPost2010Prop40
 90
        0
102
RTVSPost2010PropOp40
 70
     1
102
RTVSPost2010Prop41ColorIndex
 90
       18
102
RTVSPost2010Prop41ColorRGB
 90
        0
102
RTVSPost2010PropOp41
 70
     1
102
RTVSPost2010Prop42
 90
       50
102
RTVSPost2010PropOp42
 70
     1
102
RTVSPost2010Prop43
 90
        3
102
RTVSPost2010PropOp43
 70
     1
102
RTVSPost2010Prop44ColorIndex
 90
        5
102
RTVSPost2010Prop44ColorRGB
 90
      255
102
RTVSPost2010PropOp44
 70
     1
102
RTVSPost2010Prop45
280
     0
102
RTVSPost2010PropOp45
 70
     1
102
RTVSPost2010Prop46
 90
       50
102
RTVSPost2010PropOp46
 70
     1
102
RTVSPost2010Prop47
 90
       50
102
RTVSPost2010PropOp47
 70
     1
102
RTVSPost2010Prop48
 90
       50
102
RTVSPost2010PropOp48
 70
     1
102
RTVSPost2010Prop49
280
     0
102
RTVSPost2010PropOp49
 70
     1
102
RTVSPost2010Prop50
 90
       50
102
RTVSPost2010PropOp50
 70
     1
102
RTVSPost2010Prop51ColorIndex
 90
      256
102
RTVSPost2010Prop51ColorRGB
 90
-16777216
102
RTVSPost2010PropOp51
 70
     0
102
RTVSPost2010Prop52
140
1.0
102
RTVSPost2010PropOp52
 70
     0
102
RTVSPost2010Prop53
 90
        2
102
RTVSPost2010PropOp53
 70
     1
102
RTVSPost2010Prop54
  1
strokes_ogs.tif
102
RTVSPost2010PropOp54
 70
     1
102
RTVSPost2010Prop55
280
     0
102
RTVSPost2010PropOp55
 70
     1
102
RTVSPost2010Prop56
140
1.0
102
RTVSPost2010PropOp56
 70
     1
102
RTVSPost2010Prop57
140
1.0
102
RTVSPost2010PropOp57
 70
     1
  0
XRECORD
  5
1B7
102
{ACAD_REACTORS
330
1B6
102
}
330
1B6
100
AcDbXrecord
280
     1
102
RTVSPropertyOp0
 70
     1
102
RTVSPropertyOp1
 70
     1
102
RTVSPropertyOp2
 70
     1
102
RTVSPropertyOp3
 70
     1
102
RTVSPropertyOp4
 70
     1
102
RTVSPropertyOp5
 70
     1
102
RTVSPropertyOp6
 70
     1
102
RTVSPropertyOp7
 70
     1
102
RTVSPropertyOp8
 70
     1
102
RTVSPropertyOp9
 70
     1
102
RTVSPropertyOp10
 70
     1
102
RTVSPropertyOp11
 70
     1
102
RTVSPropertyOp12
 70
     1
102
RTVSPropertyOp13
 70
     1
102
RTVSPropertyOp14
 70
     1
102
RTVSPropertyOp15
 70
     1
102
RTVSPropertyOp16
 70
     1
102
RTVSPropertyOp17
 70
     1
102
RTVSPropertyOp18
 70
     1
102
RTVSPropertyOp19
 70
     1
102
RTVSPropertyOp20
 70
     1
102
RTVSPropertyOp21
 70
     1
102
RTVSPropertyOp22
 70
     1
102
RTVSPropertyOp23
 70
     1
102
RTVSPropertyOp24
 70
     1
102
RTVSPropertyOp25
 70
     1
102
RTVSPropertyOp26
 70
     1
102
RTVSPropertyOp27
 70
     1
102
RTVSPropertyOp28
 70
     1
102
RTVSPropertyOp29
 70
     1
102
RTVSPropertyOp30
 70
     1
102
RTVSPropertyOp31
 70
     1
102
RTVSPropertyOp32
 70
     1
102
RTVSPropertyOp33
 70
     1
102
RTVSPropertyOp34
 70
     1
102
RTVSPropertyOp35
 70
     1
102
RTVSPropertyOp36
 70
     1
102
RTVSPropertyOp37
 70
     1
102
RTVSPropertyOp38
 70
     1
102
RTVSPropertyOp39
 70
     1
102
RTVSPropertyOp40
 70
     1
102
RTVSPropertyOp41
 70
     1
102
RTVSPropertyOp42
 70
     1
102
RTVSPropertyOp43
 70
     1
102
RTVSPropertyOp44
 70
     1
102
RTVSPropertyOp45
 70
     1
102
RTVSPropertyOp46
 70
     1
102
RTVSPropertyOp47
 70
     1
102
RTVSPropertyOp48
 70
     1
102
RTVSPropertyOp49
 70
     1
102
RTVSPropertyOp50
 70
     1
102
RTVSPropertyOp51
 70
     0
102
RTVSPropertyOp52
 70
     0
102
RTVSPropertyOp53
 70
     1
102
RTVSPropertyOp54
 70
     1
102
RTVSPropertyOp55
 70
     1
102
RTVSPropertyOp56
 70
     1
102
RTVSPropertyOp57
 70
     1
102
RTVSPost2010Prop28
280
     0
102
RTVSPost2010PropOp28
 70
     1
102
RTVSPost2010Prop29
280
     1
102
RTVSPost2010PropOp29
 70
     1
102
RTVSPost2010Prop30
280
     1
102
RTVSPost2010PropOp30
 70
     1
102
RTVSPost2010Prop31
280
     0
102
RTVSPost2010PropOp31
 70
     1
102
RTVSPost2010Prop32
280
     0
102
RTVSPost2010PropOp32
 70
     1
102
RTVSPost2010Prop33
280
     0
102
RTVSPost2010PropOp33
 70
     1
102
RTVSPost2010Prop34
280
     0
102
RTVSPost2010PropOp34
 70
     1
102
RTVSPost2010Prop35
280
     0
102
RTVSPost2010PropOp35
 70
     1
102
RTVSPost2010Prop36
280
     0
102
RTVSPost2010PropOp36
 70
     1
102
RTVSPost2010Prop37
 90
       50
102
RTVSPost2010PropOp37
 70
     1
102
RTVSPost2010Prop38
140
0.0
102
RTVSPost2010PropOp38
 70
     1
102
RTVSPost2010Prop39
140
1.0
102
RTVSPost2010PropOp39
 70
     1
102
RTVSPost2010Prop40
 90
        0
102
RTVSPost2010PropOp40
 70
     1
102
RTVSPost2010Prop41ColorIndex
 90
       18
102
RTVSPost2010Prop41ColorRGB
 90
        0
102
RTVSPost2010PropOp41
 70
     1
102
RTVSPost2010Prop42
 90
       50
102
RTVSPost2010PropOp42
 70
     1
102
RTVSPost2010Prop43
 90
        3
102
RTVSPost2010PropOp43
 70
     1
102
RTVSPost2010Prop44ColorIndex
 90
        5
102
RTVSPost2010Prop44ColorRGB
 90
      255
102
RTVSPost2010PropOp44
 70
     1
102
RTVSPost2010Prop45
280
     0
102
RTVSPost2010PropOp45
 70
     1
102
RTVSPost2010Prop46
 90
       50
102
RTVSPost2010PropOp46
 70
     1
102
RTVSPost2010Prop47
 90
       50
102
RTVSPost2010PropOp47
 70
     1
102
RTVSPost2010Prop48
 90
       50
102
RTVSPost2010PropOp48
 70
     1
102
RTVSPost2010Prop49
280
     0
102
RTVSPost2010PropOp49
 70
     1
102
RTVSPost2010Prop50
 90
       50
102
RTVSPost2010PropOp50
 70
     1
102
RTVSPost2010Prop51ColorIndex
 90
      256
102
RTVSPost2010Prop51ColorRGB
 90
-16777216
102
RTVSPost2010PropOp51
 70
     0
102
RTVSPost2010Prop52
140
1.0
102
RTVSPost2010PropOp52
 70
     0
102
RTVSPost2010Prop53
 90
        2
102
RTVSPost2010PropOp53
 70
     1
102
RTVSPost2010Prop54
  1
strokes_ogs.tif
102
RTVSPost2010PropOp54
 70
     1
102
RTVSPost2010Prop55
280
     0
102
RTVSPost2010PropOp55
 70
     1
102
RTVSPost2010Prop56
140
1.0
102
RTVSPost2010PropOp56
 70
     1
102
RTVSPost2010Prop57
140
1.0
102
RTVSPost2010PropOp57
 70
     1
  0
XRECORD
  5
1B5
102
{ACAD_REACTORS
330
1B4
102
}
330
1B4
100
AcDbXrecord
280
     1
102
RTVSPropertyOp0
 70
     1
102
RTVSPropertyOp1
 70
     1
102
RTVSPropertyOp2
 70
     1
102
RTVSPropertyOp3
 70
     1
102
RTVSPropertyOp4
 70
     1
102
RTVSPropertyOp5
 70
     1
102
RTVSPropertyOp6
 70
     1
102
RTVSPropertyOp7
 70
     1
102
RTVSPropertyOp8
 70
     1
102
RTVSPropertyOp9
 70
     1
102
RTVSPropertyOp10
 70
     1
102
RTVSPropertyOp11
 70
     1
102
RTVSPropertyOp12
 70
     1
102
RTVSPropertyOp13
 70
     1
102
RTVSPropertyOp14
 70
     1
102
RTVSPropertyOp15
 70
     1
102
RTVSPropertyOp16
 70
     1
102
RTVSPropertyOp17
 70
     1
102
RTVSPropertyOp18
 70
     1
102
RTVSPropertyOp19
 70
     1
102
RTVSPropertyOp20
 70
     1
102
RTVSPropertyOp21
 70
     1
102
RTVSPropertyOp22
 70
     1
102
RTVSPropertyOp23
 70
     1
102
RTVSPropertyOp24
 70
     1
102
RTVSPropertyOp25
 70
     1
102
RTVSPropertyOp26
 70
     1
102
RTVSPropertyOp27
 70
     1
102
RTVSPropertyOp28
 70
     1
102
RTVSPropertyOp29
 70
     1
102
RTVSPropertyOp30
 70
     1
102
RTVSPropertyOp31
 70
     1
102
RTVSPropertyOp32
 70
     1
102
RTVSPropertyOp33
 70
     1
102
RTVSPropertyOp34
 70
     1
102
RTVSPropertyOp35
 70
     1
102
RTVSPropertyOp36
 70
     1
102
RTVSPropertyOp37
 70
     1
102
RTVSPropertyOp38
 70
     1
102
RTVSPropertyOp39
 70
     1
102
RTVSPropertyOp40
 70
     1
102
RTVSPropertyOp41
 70
     1
102
RTVSPropertyOp42
 70
     1
102
RTVSPropertyOp43
 70
     1
102
RTVSPropertyOp44
 70
     1
102
RTVSPropertyOp45
 70
     1
102
RTVSPropertyOp46
 70
     1
102
RTVSPropertyOp47
 70
     1
102
RTVSPropertyOp48
 70
     1
102
RTVSPropertyOp49
 70
     1
102
RTVSPropertyOp50
 70
     1
102
RTVSPropertyOp51
 70
     0
102
RTVSPropertyOp52
 70
     0
102
RTVSPropertyOp53
 70
     1
102
RTVSPropertyOp54
 70
     1
102
RTVSPropertyOp55
 70
     1
102
RTVSPropertyOp56
 70
     1
102
RTVSPropertyOp57
 70
     1
102
RTVSPost2010Prop28
280
     0
102
RTVSPost2010PropOp28
 70
     1
102
RTVSPost2010Prop29
280
     1
102
RTVSPost2010PropOp29
 70
     1
102
RTVSPost2010Prop30
280
     1
102
RTVSPost2010PropOp30
 70
     1
102
RTVSPost2010Prop31
280
     0
102
RTVSPost2010PropOp31
 70
     1
102
RTVSPost2010Prop32
280
     0
102
RTVSPost2010PropOp32
 70
     1
102
RTVSPost2010Prop33
280
     0
102
RTVSPost2010PropOp33
 70
     1
102
RTVSPost2010Prop34
280
     0
102
RTVSPost2010PropOp34
 70
     1
102
RTVSPost2010Prop35
280
     0
102
RTVSPost2010PropOp35
 70
     1
102
RTVSPost2010Prop36
280
     0
102
RTVSPost2010PropOp36
 70
     1
102
RTVSPost2010Prop37
 90
       50
102
RTVSPost2010PropOp37
 70
     1
102
RTVSPost2010Prop38
140
0.0
102
RTVSPost2010PropOp38
 70
     1
102
RTVSPost2010Prop39
140
1.0
102
RTVSPost2010PropOp39
 70
     1
102
RTVSPost2010Prop40
 90
        0
102
RTVSPost2010PropOp40
 70
     1
102
RTVSPost2010Prop41ColorIndex
 90
       18
102
RTVSPost2010Prop41ColorRGB
 90
        0
102
RTVSPost2010PropOp41
 70
     1
102
RTVSPost2010Prop42
 90
       50
102
RTVSPost2010PropOp42
 70
     1
102
RTVSPost2010Prop43
 90
        3
102
RTVSPost2010PropOp43
 70
     1
102
RTVSPost2010Prop44ColorIndex
 90
        5
102
RTVSPost2010Prop44ColorRGB
 90
      255
102
RTVSPost2010PropOp44
 70
     1
102
RTVSPost2010Prop45
280
     0
102
RTVSPost2010PropOp45
 70
     1
102
RTVSPost2010Prop46
 90
       50
102
RTVSPost2010PropOp46
 70
     1
102
RTVSPost2010Prop47
 90
       50
102
RTVSPost2010PropOp47
 70
     1
102
RTVSPost2010Prop48
 90
       50
102
RTVSPost2010PropOp48
 70
     1
102
RTVSPost2010Prop49
280
     0
102
RTVSPost2010PropOp49
 70
     1
102
RTVSPost2010Prop50
 90
       50
102
RTVSPost2010PropOp50
 70
     1
102
RTVSPost2010Prop51ColorIndex
 90
      256
102
RTVSPost2010Prop51ColorRGB
 90
-16777216
102
RTVSPost2010PropOp51
 70
     0
102
RTVSPost2010Prop52
140
1.0
102
RTVSPost2010PropOp52
 70
     0
102
RTVSPost2010Prop53
 90
        2
102
RTVSPost2010PropOp53
 70
     1
102
RTVSPost2010Prop54
  1
strokes_ogs.tif
102
RTVSPost2010PropOp54
 70
     1
102
RTVSPost2010Prop55
280
     0
102
RTVSPost2010PropOp55
 70
     1
102
RTVSPost2010Prop56
140
1.0
102
RTVSPost2010PropOp56
 70
     1
102
RTVSPost2010Prop57
140
1.0
102
RTVSPost2010PropOp57
 70
     1
  0
XRECORD
  5
1AF
102
{ACAD_REACTORS
330
1AE
102
}
330
1AE
100
AcDbXrecord
280
     1
102
RTVSPropertyOp0
 70
     1
102
RTVSPropertyOp1
 70
     1
102
RTVSPropertyOp2
 70
     1
102
RTVSPropertyOp3
 70
     1
102
RTVSPropertyOp4
 70
     1
102
RTVSPropertyOp5
 70
     1
102
RTVSPropertyOp6
 70
     1
102
RTVSPropertyOp7
 70
     1
102
RTVSPropertyOp8
 70
     1
102
RTVSPropertyOp9
 70
     1
102
RTVSPropertyOp10
 70
     1
102
RTVSPropertyOp11
 70
     1
102
RTVSPropertyOp12
 70
     1
102
RTVSPropertyOp13
 70
     1
102
RTVSPropertyOp14
 70
     1
102
RTVSPropertyOp15
 70
     1
102
RTVSPropertyOp16
 70
     1
102
RTVSPropertyOp17
 70
     1
102
RTVSPropertyOp18
 70
     1
102
RTVSPropertyOp19
 70
     1
102
RTVSPropertyOp20
 70
     1
102
RTVSPropertyOp21
 70
     1
102
RTVSPropertyOp22
 70
     1
102
RTVSPropertyOp23
 70
     1
102
RTVSPropertyOp24
 70
     1
102
RTVSPropertyOp25
 70
     1
102
RTVSPropertyOp26
 70
     1
102
RTVSPropertyOp27
 70
     1
102
RTVSPropertyOp28
 70
     1
102
RTVSPropertyOp29
 70
     1
102
RTVSPropertyOp30
 70
     1
102
RTVSPropertyOp31
 70
     1
102
RTVSPropertyOp32
 70
     1
102
RTVSPropertyOp33
 70
     1
102
RTVSPropertyOp34
 70
     1
102
RTVSPropertyOp35
 70
     1
102
RTVSPropertyOp36
 70
     1
102
RTVSPropertyOp37
 70
     1
102
RTVSPropertyOp38
 70
     1
102
RTVSPropertyOp39
 70
     1
102
RTVSPropertyOp40
 70
     1
102
RTVSPropertyOp41
 70
     1
102
RTVSPropertyOp42
 70
     1
102
RTVSPropertyOp43
 70
     1
102
RTVSPropertyOp44
 70
     1
102
RTVSPropertyOp45
 70
     1
102
RTVSPropertyOp46
 70
     1
102
RTVSPropertyOp47
 70
     1
102
RTVSPropertyOp48
 70
     1
102
RTVSPropertyOp49
 70
     1
102
RTVSPropertyOp50
 70
     1
102
RTVSPropertyOp51
 70
     0
102
RTVSPropertyOp52
 70
     0
102
RTVSPropertyOp53
 70
     1
102
RTVSPropertyOp54
 70
     1
102
RTVSPropertyOp55
 70
     1
102
RTVSPropertyOp56
 70
     1
102
RTVSPropertyOp57
 70
     1
102
RTVSPost2010Prop28
280
     0
102
RTVSPost2010PropOp28
 70
     1
102
RTVSPost2010Prop29
280
     1
102
RTVSPost2010PropOp29
 70
     1
102
RTVSPost2010Prop30
280
     1
102
RTVSPost2010PropOp30
 70
     1
102
RTVSPost2010Prop31
280
     0
102
RTVSPost2010PropOp31
 70
     1
102
RTVSPost2010Prop32
280
     0
102
RTVSPost2010PropOp32
 70
     1
102
RTVSPost2010Prop33
280
     0
102
RTVSPost2010PropOp33
 70
     1
102
RTVSPost2010Prop34
280
     0
102
RTVSPost2010PropOp34
 70
     1
102
RTVSPost2010Prop35
280
     0
102
RTVSPost2010PropOp35
 70
     1
102
RTVSPost2010Prop36
280
     0
102
RTVSPost2010PropOp36
 70
     1
102
RTVSPost2010Prop37
 90
       50
102
RTVSPost2010PropOp37
 70
     1
102
RTVSPost2010Prop38
140
0.0
102
RTVSPost2010PropOp38
 70
     1
102
RTVSPost2010Prop39
140
1.0
102
RTVSPost2010PropOp39
 70
     1
102
RTVSPost2010Prop40
 90
        0
102
RTVSPost2010PropOp40
 70
     1
102
RTVSPost2010Prop41ColorIndex
 90
       18
102
RTVSPost2010Prop41ColorRGB
 90
        0
102
RTVSPost2010PropOp41
 70
     1
102
RTVSPost2010Prop42
 90
       50
102
RTVSPost2010PropOp42
 70
     1
102
RTVSPost2010Prop43
 90
        3
102
RTVSPost2010PropOp43
 70
     1
102
RTVSPost2010Prop44ColorIndex
 90
        5
102
RTVSPost2010Prop44ColorRGB
 90
      255
102
RTVSPost2010PropOp44
 70
     1
102
RTVSPost2010Prop45
280
     0
102
RTVSPost2010PropOp45
 70
     1
102
RTVSPost2010Prop46
 90
       50
102
RTVSPost2010PropOp46
 70
     1
102
RTVSPost2010Prop47
 90
       50
102
RTVSPost2010PropOp47
 70
     1
102
RTVSPost2010Prop48
 90
       50
102
RTVSPost2010PropOp48
 70
     1
102
RTVSPost2010Prop49
280
     0
102
RTVSPost2010PropOp49
 70
     1
102
RTVSPost2010Prop50
 90
       50
102
RTVSPost2010PropOp50
 70
     1
102
RTVSPost2010Prop51ColorIndex
 90
      256
102
RTVSPost2010Prop51ColorRGB
 90
-16777216
102
RTVSPost2010PropOp51
 70
     0
102
RTVSPost2010Prop52
140
1.0
102
RTVSPost2010PropOp52
 70
     0
102
RTVSPost2010Prop53
 90
        2
102
RTVSPost2010PropOp53
 70
     1
102
RTVSPost2010Prop54
  1
strokes_ogs.tif
102
RTVSPost2010PropOp54
 70
     1
102
RTVSPost2010Prop55
280
     0
102
RTVSPost2010PropOp55
 70
     1
102
RTVSPost2010Prop56
140
1.0
102
RTVSPost2010PropOp56
 70
     1
102
RTVSPost2010Prop57
140
1.0
102
RTVSPost2010PropOp57
 70
     1
  0
XRECORD
  5
1B1
102
{ACAD_REACTORS
330
1B0
102
}
330
1B0
100
AcDbXrecord
280
     1
102
RTVSPropertyOp0
 70
     1
102
RTVSPropertyOp1
 70
     1
102
RTVSPropertyOp2
 70
     1
102
RTVSPropertyOp3
 70
     1
102
RTVSPropertyOp4
 70
     1
102
RTVSPropertyOp5
 70
     1
102
RTVSPropertyOp6
 70
     1
102
RTVSPropertyOp7
 70
     1
102
RTVSPropertyOp8
 70
     1
102
RTVSPropertyOp9
 70
     1
102
RTVSPropertyOp10
 70
     1
102
RTVSPropertyOp11
 70
     1
102
RTVSPropertyOp12
 70
     1
102
RTVSPropertyOp13
 70
     1
102
RTVSPropertyOp14
 70
     1
102
RTVSPropertyOp15
 70
     1
102
RTVSPropertyOp16
 70
     1
102
RTVSPropertyOp17
 70
     1
102
RTVSPropertyOp18
 70
     1
102
RTVSPropertyOp19
 70
     1
102
RTVSPropertyOp20
 70
     1
102
RTVSPropertyOp21
 70
     1
102
RTVSPropertyOp22
 70
     1
102
RTVSPropertyOp23
 70
     1
102
RTVSPropertyOp24
 70
     1
102
RTVSPropertyOp25
 70
     1
102
RTVSPropertyOp26
 70
     1
102
RTVSPropertyOp27
 70
     1
102
RTVSPropertyOp28
 70
     1
102
RTVSPropertyOp29
 70
     1
102
RTVSPropertyOp30
 70
     1
102
RTVSPropertyOp31
 70
     1
102
RTVSPropertyOp32
 70
     1
102
RTVSPropertyOp33
 70
     1
102
RTVSPropertyOp34
 70
     1
102
RTVSPropertyOp35
 70
     1
102
RTVSPropertyOp36
 70
     1
102
RTVSPropertyOp37
 70
     1
102
RTVSPropertyOp38
 70
     1
102
RTVSPropertyOp39
 70
     1
102
RTVSPropertyOp40
 70
     1
102
RTVSPropertyOp41
 70
     1
102
RTVSPropertyOp42
 70
     1
102
RTVSPropertyOp43
 70
     1
102
RTVSPropertyOp44
 70
     1
102
RTVSPropertyOp45
 70
     1
102
RTVSPropertyOp46
 70
     1
102
RTVSPropertyOp47
 70
     1
102
RTVSPropertyOp48
 70
     1
102
RTVSPropertyOp49
 70
     1
102
RTVSPropertyOp50
 70
     1
102
RTVSPropertyOp51
 70
     0
102
RTVSPropertyOp52
 70
     0
102
RTVSPropertyOp53
 70
     1
102
RTVSPropertyOp54
 70
     1
102
RTVSPropertyOp55
 70
     1
102
RTVSPropertyOp56
 70
     1
102
RTVSPropertyOp57
 70
     1
102
RTVSPost2010Prop28
280
     0
102
RTVSPost2010PropOp28
 70
     1
102
RTVSPost2010Prop29
280
     1
102
RTVSPost2010PropOp29
 70
     1
102
RTVSPost2010Prop30
280
     1
102
RTVSPost2010PropOp30
 70
     1
102
RTVSPost2010Prop31
280
     0
102
RTVSPost2010PropOp31
 70
     1
102
RTVSPost2010Prop32
280
     0
102
RTVSPost2010PropOp32
 70
     1
102
RTVSPost2010Prop33
280
     0
102
RTVSPost2010PropOp33
 70
     1
102
RTVSPost2010Prop34
280
     0
102
RTVSPost2010PropOp34
 70
     1
102
RTVSPost2010Prop35
280
     0
102
RTVSPost2010PropOp35
 70
     1
102
RTVSPost2010Prop36
280
     0
102
RTVSPost2010PropOp36
 70
     1
102
RTVSPost2010Prop37
 90
       50
102
RTVSPost2010PropOp37
 70
     1
102
RTVSPost2010Prop38
140
0.0
102
RTVSPost2010PropOp38
 70
     1
102
RTVSPost2010Prop39
140
1.0
102
RTVSPost2010PropOp39
 70
     1
102
RTVSPost2010Prop40
 90
        0
102
RTVSPost2010PropOp40
 70
     1
102
RTVSPost2010Prop41ColorIndex
 90
       18
102
RTVSPost2010Prop41ColorRGB
 90
        0
102
RTVSPost2010PropOp41
 70
     1
102
RTVSPost2010Prop42
 90
       50
102
RTVSPost2010PropOp42
 70
     1
102
RTVSPost2010Prop43
 90
        3
102
RTVSPost2010PropOp43
 70
     1
102
RTVSPost2010Prop44ColorIndex
 90
        5
102
RTVSPost2010Prop44ColorRGB
 90
      255
102
RTVSPost2010PropOp44
 70
     1
102
RTVSPost2010Prop45
280
     0
102
RTVSPost2010PropOp45
 70
     1
102
RTVSPost2010Prop46
 90
       50
102
RTVSPost2010PropOp46
 70
     1
102
RTVSPost2010Prop47
 90
       50
102
RTVSPost2010PropOp47
 70
     1
102
RTVSPost2010Prop48
 90
       50
102
RTVSPost2010PropOp48
 70
     1
102
RTVSPost2010Prop49
280
     0
102
RTVSPost2010PropOp49
 70
     1
102
RTVSPost2010Prop50
 90
       50
102
RTVSPost2010PropOp50
 70
     1
102
RTVSPost2010Prop51ColorIndex
 90
      256
102
RTVSPost2010Prop51ColorRGB
 90
-16777216
102
RTVSPost2010PropOp51
 70
     0
102
RTVSPost2010Prop52
140
1.0
102
RTVSPost2010PropOp52
 70
     0
102
RTVSPost2010Prop53
 90
        2
102
RTVSPost2010PropOp53
 70
     1
102
RTVSPost2010Prop54
  1
strokes_ogs.tif
102
RTVSPost2010PropOp54
 70
     1
102
RTVSPost2010Prop55
280
     0
102
RTVSPost2010PropOp55
 70
     1
102
RTVSPost2010Prop56
140
1.0
102
RTVSPost2010PropOp56
 70
     1
102
RTVSPost2010Prop57
140
1.0
102
RTVSPost2010PropOp57
 70
     1
  0
XRECORD
  5
1A1
102
{ACAD_REACTORS
330
1A0
102
}
330
1A0
100
AcDbXrecord
280
     1
102
RTVSPropertyOp0
 70
     1
102
RTVSPropertyOp1
 70
     1
102
RTVSPropertyOp2
 70
     1
102
RTVSPropertyOp3
 70
     1
102
RTVSPropertyOp4
 70
     1
102
RTVSPropertyOp5
 70
     1
102
RTVSPropertyOp6
 70
     1
102
RTVSPropertyOp7
 70
     1
102
RTVSPropertyOp8
 70
     1
102
RTVSPropertyOp9
 70
     1
102
RTVSPropertyOp10
 70
     1
102
RTVSPropertyOp11
 70
     1
102
RTVSPropertyOp12
 70
     1
102
RTVSPropertyOp13
 70
     1
102
RTVSPropertyOp14
 70
     1
102
RTVSPropertyOp15
 70
     1
102
RTVSPropertyOp16
 70
     1
102
RTVSPropertyOp17
 70
     1
102
RTVSPropertyOp18
 70
     1
102
RTVSPropertyOp19
 70
     1
102
RTVSPropertyOp20
 70
     1
102
RTVSPropertyOp21
 70
     1
102
RTVSPropertyOp22
 70
     1
102
RTVSPropertyOp23
 70
     1
102
RTVSPropertyOp24
 70
     1
102
RTVSPropertyOp25
 70
     1
102
RTVSPropertyOp26
 70
     1
102
RTVSPropertyOp27
 70
     1
102
RTVSPropertyOp28
 70
     1
102
RTVSPropertyOp29
 70
     1
102
RTVSPropertyOp30
 70
     1
102
RTVSPropertyOp31
 70
     1
102
RTVSPropertyOp32
 70
     1
102
RTVSPropertyOp33
 70
     1
102
RTVSPropertyOp34
 70
     1
102
RTVSPropertyOp35
 70
     1
102
RTVSPropertyOp36
 70
     1
102
RTVSPropertyOp37
 70
     1
102
RTVSPropertyOp38
 70
     1
102
RTVSPropertyOp39
 70
     1
102
RTVSPropertyOp40
 70
     1
102
RTVSPropertyOp41
 70
     1
102
RTVSPropertyOp42
 70
     1
102
RTVSPropertyOp43
 70
     1
102
RTVSPropertyOp44
 70
     1
102
RTVSPropertyOp45
 70
     1
102
RTVSPropertyOp46
 70
     1
102
RTVSPropertyOp47
 70
     1
102
RTVSPropertyOp48
 70
     1
102
RTVSPropertyOp49
 70
     1
102
RTVSPropertyOp50
 70
     1
102
RTVSPropertyOp51
 70
     0
102
RTVSPropertyOp52
 70
     0
102
RTVSPropertyOp53
 70
     1
102
RTVSPropertyOp54
 70
     1
102
RTVSPropertyOp55
 70
     1
102
RTVSPropertyOp56
 70
     1
102
RTVSPropertyOp57
 70
     1
102
RTVSPost2010Prop28
280
     0
102
RTVSPost2010PropOp28
 70
     1
102
RTVSPost2010Prop29
280
     1
102
RTVSPost2010PropOp29
 70
     1
102
RTVSPost2010Prop30
280
     1
102
RTVSPost2010PropOp30
 70
     1
102
RTVSPost2010Prop31
280
     0
102
RTVSPost2010PropOp31
 70
     1
102
RTVSPost2010Prop32
280
     0
102
RTVSPost2010PropOp32
 70
     1
102
RTVSPost2010Prop33
280
     0
102
RTVSPost2010PropOp33
 70
     1
102
RTVSPost2010Prop34
280
     0
102
RTVSPost2010PropOp34
 70
     1
102
RTVSPost2010Prop35
280
     0
102
RTVSPost2010PropOp35
 70
     1
102
RTVSPost2010Prop36
280
     0
102
RTVSPost2010PropOp36
 70
     1
102
RTVSPost2010Prop37
 90
       50
102
RTVSPost2010PropOp37
 70
     1
102
RTVSPost2010Prop38
140
0.0
102
RTVSPost2010PropOp38
 70
     1
102
RTVSPost2010Prop39
140
1.0
102
RTVSPost2010PropOp39
 70
     1
102
RTVSPost2010Prop40
 90
        0
102
RTVSPost2010PropOp40
 70
     1
102
RTVSPost2010Prop41ColorIndex
 90
       18
102
RTVSPost2010Prop41ColorRGB
 90
        0
102
RTVSPost2010PropOp41
 70
     1
102
RTVSPost2010Prop42
 90
       50
102
RTVSPost2010PropOp42
 70
     1
102
RTVSPost2010Prop43
 90
        3
102
RTVSPost2010PropOp43
 70
     1
102
RTVSPost2010Prop44ColorIndex
 90
        5
102
RTVSPost2010Prop44ColorRGB
 90
      255
102
RTVSPost2010PropOp44
 70
     1
102
RTVSPost2010Prop45
280
     0
102
RTVSPost2010PropOp45
 70
     1
102
RTVSPost2010Prop46
 90
       50
102
RTVSPost2010PropOp46
 70
     1
102
RTVSPost2010Prop47
 90
       50
102
RTVSPost2010PropOp47
 70
     1
102
RTVSPost2010Prop48
 90
       50
102
RTVSPost2010PropOp48
 70
     1
102
RTVSPost2010Prop49
280
     0
102
RTVSPost2010PropOp49
 70
     1
102
RTVSPost2010Prop50
 90
       50
102
RTVSPost2010PropOp50
 70
     1
102
RTVSPost2010Prop51ColorIndex
 90
      256
102
RTVSPost2010Prop51ColorRGB
 90
-16777216
102
RTVSPost2010PropOp51
 70
     0
102
RTVSPost2010Prop52
140
1.0
102
RTVSPost2010PropOp52
 70
     0
102
RTVSPost2010Prop53
 90
        2
102
RTVSPost2010PropOp53
 70
     1
102
RTVSPost2010Prop54
  1
strokes_ogs.tif
102
RTVSPost2010PropOp54
 70
     1
102
RTVSPost2010Prop55
280
     0
102
RTVSPost2010PropOp55
 70
     1
102
RTVSPost2010Prop56
140
1.0
102
RTVSPost2010PropOp56
 70
     1
102
RTVSPost2010Prop57
140
1.0
102
RTVSPost2010PropOp57
 70
     1
  0
XRECORD
  5
193
102
{ACAD_REACTORS
330
192
102
}
330
192
100
AcDbXrecord
280
     1
102
RTVSPropertyOp0
 70
     1
102
RTVSPropertyOp1
 70
     1
102
RTVSPropertyOp2
 70
     1
102
RTVSPropertyOp3
 70
     1
102
RTVSPropertyOp4
 70
     1
102
RTVSPropertyOp5
 70
     1
102
RTVSPropertyOp6
 70
     1
102
RTVSPropertyOp7
 70
     1
102
RTVSPropertyOp8
 70
     1
102
RTVSPropertyOp9
 70
     1
102
RTVSPropertyOp10
 70
     1
102
RTVSPropertyOp11
 70
     1
102
RTVSPropertyOp12
 70
     1
102
RTVSPropertyOp13
 70
     1
102
RTVSPropertyOp14
 70
     1
102
RTVSPropertyOp15
 70
     1
102
RTVSPropertyOp16
 70
     1
102
RTVSPropertyOp17
 70
     1
102
RTVSPropertyOp18
 70
     1
102
RTVSPropertyOp19
 70
     1
102
RTVSPropertyOp20
 70
     1
102
RTVSPropertyOp21
 70
     1
102
RTVSPropertyOp22
 70
     1
102
RTVSPropertyOp23
 70
     1
102
RTVSPropertyOp24
 70
     1
102
RTVSPropertyOp25
 70
     1
102
RTVSPropertyOp26
 70
     1
102
RTVSPropertyOp27
 70
     1
102
RTVSPropertyOp28
 70
     1
102
RTVSPropertyOp29
 70
     1
102
RTVSPropertyOp30
 70
     1
102
RTVSPropertyOp31
 70
     1
102
RTVSPropertyOp32
 70
     1
102
RTVSPropertyOp33
 70
     1
102
RTVSPropertyOp34
 70
     1
102
RTVSPropertyOp35
 70
     1
102
RTVSPropertyOp36
 70
     1
102
RTVSPropertyOp37
 70
     1
102
RTVSPropertyOp38
 70
     1
102
RTVSPropertyOp39
 70
     1
102
RTVSPropertyOp40
 70
     1
102
RTVSPropertyOp41
 70
     1
102
RTVSPropertyOp42
 70
     1
102
RTVSPropertyOp43
 70
     1
102
RTVSPropertyOp44
 70
     1
102
RTVSPropertyOp45
 70
     1
102
RTVSPropertyOp46
 70
     1
102
RTVSPropertyOp47
 70
     1
102
RTVSPropertyOp48
 70
     1
102
RTVSPropertyOp49
 70
     1
102
RTVSPropertyOp50
 70
     1
102
RTVSPropertyOp51
 70
     0
102
RTVSPropertyOp52
 70
     0
102
RTVSPropertyOp53
 70
     1
102
RTVSPropertyOp54
 70
     1
102
RTVSPropertyOp55
 70
     1
102
RTVSPropertyOp56
 70
     1
102
RTVSPropertyOp57
 70
     1
102
RTVSPost2010Prop28
280
     0
102
RTVSPost2010PropOp28
 70
     1
102
RTVSPost2010Prop29
280
     1
102
RTVSPost2010PropOp29
 70
     1
102
RTVSPost2010Prop30
280
     1
102
RTVSPost2010PropOp30
 70
     1
102
RTVSPost2010Prop31
280
     0
102
RTVSPost2010PropOp31
 70
     1
102
RTVSPost2010Prop32
280
     0
102
RTVSPost2010PropOp32
 70
     1
102
RTVSPost2010Prop33
280
     0
102
RTVSPost2010PropOp33
 70
     1
102
RTVSPost2010Prop34
280
     0
102
RTVSPost2010PropOp34
 70
     1
102
RTVSPost2010Prop35
280
     0
102
RTVSPost2010PropOp35
 70
     1
102
RTVSPost2010Prop36
280
     0
102
RTVSPost2010PropOp36
 70
     1
102
RTVSPost2010Prop37
 90
       50
102
RTVSPost2010PropOp37
 70
     1
102
RTVSPost2010Prop38
140
0.0
102
RTVSPost2010PropOp38
 70
     1
102
RTVSPost2010Prop39
140
1.0
102
RTVSPost2010PropOp39
 70
     1
102
RTVSPost2010Prop40
 90
        0
102
RTVSPost2010PropOp40
 70
     1
102
RTVSPost2010Prop41ColorIndex
 90
       18
102
RTVSPost2010Prop41ColorRGB
 90
        0
102
RTVSPost2010PropOp41
 70
     1
102
RTVSPost2010Prop42
 90
       50
102
RTVSPost2010PropOp42
 70
     1
102
RTVSPost2010Prop43
 90
        3
102
RTVSPost2010PropOp43
 70
     1
102
RTVSPost2010Prop44ColorIndex
 90
        5
102
RTVSPost2010Prop44ColorRGB
 90
      255
102
RTVSPost2010PropOp44
 70
     1
102
RTVSPost2010Prop45
280
     0
102
RTVSPost2010PropOp45
 70
     1
102
RTVSPost2010Prop46
 90
       50
102
RTVSPost2010PropOp46
 70
     1
102
RTVSPost2010Prop47
 90
       50
102
RTVSPost2010PropOp47
 70
     1
102
RTVSPost2010Prop48
 90
       50
102
RTVSPost2010PropOp48
 70
     1
102
RTVSPost2010Prop49
280
     0
102
RTVSPost2010PropOp49
 70
     1
102
RTVSPost2010Prop50
 90
       50
102
RTVSPost2010PropOp50
 70
     1
102
RTVSPost2010Prop51ColorIndex
 90
      256
102
RTVSPost2010Prop51ColorRGB
 90
-16777216
102
RTVSPost2010PropOp51
 70
     0
102
RTVSPost2010Prop52
140
1.0
102
RTVSPost2010PropOp52
 70
     0
102
RTVSPost2010Prop53
 90
        2
102
RTVSPost2010PropOp53
 70
     1
102
RTVSPost2010Prop54
  1
strokes_ogs.tif
102
RTVSPost2010PropOp54
 70
     1
102
RTVSPost2010Prop55
280
     0
102
RTVSPost2010PropOp55
 70
     1
102
RTVSPost2010Prop56
140
1.0
102
RTVSPost2010PropOp56
 70
     1
102
RTVSPost2010Prop57
140
1.0
102
RTVSPost2010PropOp57
 70
     1
  0
XRECORD
  5
1B3
102
{ACAD_REACTORS
330
1B2
102
}
330
1B2
100
AcDbXrecord
280
     1
102
RTVSPropertyOp0
 70
     1
102
RTVSPropertyOp1
 70
     1
102
RTVSPropertyOp2
 70
     1
102
RTVSPropertyOp3
 70
     1
102
RTVSPropertyOp4
 70
     1
102
RTVSPropertyOp5
 70
     1
102
RTVSPropertyOp6
 70
     1
102
RTVSPropertyOp7
 70
     1
102
RTVSPropertyOp8
 70
     1
102
RTVSPropertyOp9
 70
     1
102
RTVSPropertyOp10
 70
     1
102
RTVSPropertyOp11
 70
     1
102
RTVSPropertyOp12
 70
     1
102
RTVSPropertyOp13
 70
     1
102
RTVSPropertyOp14
 70
     1
102
RTVSPropertyOp15
 70
     1
102
RTVSPropertyOp16
 70
     1
102
RTVSPropertyOp17
 70
     1
102
RTVSPropertyOp18
 70
     1
102
RTVSPropertyOp19
 70
     1
102
RTVSPropertyOp20
 70
     1
102
RTVSPropertyOp21
 70
     1
102
RTVSPropertyOp22
 70
     1
102
RTVSPropertyOp23
 70
     1
102
RTVSPropertyOp24
 70
     1
102
RTVSPropertyOp25
 70
     1
102
RTVSPropertyOp26
 70
     1
102
RTVSPropertyOp27
 70
     1
102
RTVSPropertyOp28
 70
     1
102
RTVSPropertyOp29
 70
     1
102
RTVSPropertyOp30
 70
     1
102
RTVSPropertyOp31
 70
     1
102
RTVSPropertyOp32
 70
     1
102
RTVSPropertyOp33
 70
     1
102
RTVSPropertyOp34
 70
     1
102
RTVSPropertyOp35
 70
     1
102
RTVSPropertyOp36
 70
     1
102
RTVSPropertyOp37
 70
     1
102
RTVSPropertyOp38
 70
     1
102
RTVSPropertyOp39
 70
     1
102
RTVSPropertyOp40
 70
     1
102
RTVSPropertyOp41
 70
     1
102
RTVSPropertyOp42
 70
     1
102
RTVSPropertyOp43
 70
     1
102
RTVSPropertyOp44
 70
     1
102
RTVSPropertyOp45
 70
     1
102
RTVSPropertyOp46
 70
     1
102
RTVSPropertyOp47
 70
     1
102
RTVSPropertyOp48
 70
     1
102
RTVSPropertyOp49
 70
     1
102
RTVSPropertyOp50
 70
     1
102
RTVSPropertyOp51
 70
     0
102
RTVSPropertyOp52
 70
     0
102
RTVSPropertyOp53
 70
     1
102
RTVSPropertyOp54
 70
     1
102
RTVSPropertyOp55
 70
     1
102
RTVSPropertyOp56
 70
     1
102
RTVSPropertyOp57
 70
     1
102
RTVSPost2010Prop28
280
     0
102
RTVSPost2010PropOp28
 70
     1
102
RTVSPost2010Prop29
280
     1
102
RTVSPost2010PropOp29
 70
     1
102
RTVSPost2010Prop30
280
     1
102
RTVSPost2010PropOp30
 70
     1
102
RTVSPost2010Prop31
280
     0
102
RTVSPost2010PropOp31
 70
     1
102
RTVSPost2010Prop32
280
     0
102
RTVSPost2010PropOp32
 70
     1
102
RTVSPost2010Prop33
280
     0
102
RTVSPost2010PropOp33
 70
     1
102
RTVSPost2010Prop34
280
     0
102
RTVSPost2010PropOp34
 70
     1
102
RTVSPost2010Prop35
280
     0
102
RTVSPost2010PropOp35
 70
     1
102
RTVSPost2010Prop36
280
     0
102
RTVSPost2010PropOp36
 70
     1
102
RTVSPost2010Prop37
 90
       50
102
RTVSPost2010PropOp37
 70
     1
102
RTVSPost2010Prop38
140
0.0
102
RTVSPost2010PropOp38
 70
     1
102
RTVSPost2010Prop39
140
1.0
102
RTVSPost2010PropOp39
 70
     1
102
RTVSPost2010Prop40
 90
        0
102
RTVSPost2010PropOp40
 70
     1
102
RTVSPost2010Prop41ColorIndex
 90
       18
102
RTVSPost2010Prop41ColorRGB
 90
        0
102
RTVSPost2010PropOp41
 70
     1
102
RTVSPost2010Prop42
 90
       50
102
RTVSPost2010PropOp42
 70
     1
102
RTVSPost2010Prop43
 90
        3
102
RTVSPost2010PropOp43
 70
     1
102
RTVSPost2010Prop44ColorIndex
 90
        5
102
RTVSPost2010Prop44ColorRGB
 90
      255
102
RTVSPost2010PropOp44
 70
     1
102
RTVSPost2010Prop45
280
     0
102
RTVSPost2010PropOp45
 70
     1
102
RTVSPost2010Prop46
 90
       50
102
RTVSPost2010PropOp46
 70
     1
102
RTVSPost2010Prop47
 90
       50
102
RTVSPost2010PropOp47
 70
     1
102
RTVSPost2010Prop48
 90
       50
102
RTVSPost2010PropOp48
 70
     1
102
RTVSPost2010Prop49
280
     0
102
RTVSPost2010PropOp49
 70
     1
102
RTVSPost2010Prop50
 90
       50
102
RTVSPost2010PropOp50
 70
     1
102
RTVSPost2010Prop51ColorIndex
 90
      256
102
RTVSPost2010Prop51ColorRGB
 90
-16777216
102
RTVSPost2010PropOp51
 70
     0
102
RTVSPost2010Prop52
140
1.0
102
RTVSPost2010PropOp52
 70
     0
102
RTVSPost2010Prop53
 90
        2
102
RTVSPost2010PropOp53
 70
     1
102
RTVSPost2010Prop54
  1
strokes_ogs.tif
102
RTVSPost2010PropOp54
 70
     1
102
RTVSPost2010Prop55
280
     0
102
RTVSPost2010PropOp55
 70
     1
102
RTVSPost2010Prop56
140
1.0
102
RTVSPost2010PropOp56
 70
     1
102
RTVSPost2010Prop57
140
1.0
102
RTVSPost2010PropOp57
 70
     1
  0
ENDSEC
  0
EOF
