  0
SECTION
  2
HEADER
  9
$ACADVER
  1
AC1015
  9
$ACADMAINTVER
 70
     6
  9
$DWGCODEPAGE
  3
ANSI_1252
  9
$INSBASE
 10
0.0
 20
0.0
 30
0.0
  9
$EXTMIN
 10
0.0
 20
0.0
 30
0.0
  9
$EXTMAX
 10
215.9
 20
279.4
 30
0.0
  9
$LIMMIN
 10
0.0
 20
0.0
  9
$LIMMAX
 10
215.9
 20
279.4
  9
$ORTHOMODE
 70
     0
  9
$REGENMODE
 70
     1
  9
$FILLMODE
 70
     1
  9
$QTEXTMODE
 70
     0
  9
$MIRRTEXT
 70
     1
  9
$LTSCALE
 40
1.0
  9
$ATTMODE
 70
     1
  9
$TEXTSIZE
 40
2.5
  9
$TRACEWID
 40
1.0
  9
$TEXTSTYLE
  7
Standard
  9
$CLAYER
  8
0
  9
$CELTYPE
  6
ByLayer
  9
$CECOLOR
 62
   256
  9
$CELTSCALE
 40
1.0
  9
$DISPSILH
 70
     0
  9
$DIMSCALE
 40
1.0
  9
$DIMASZ
 40
2.5
  9
$DIMEXO
 40
0.625
  9
$DIMDLI
 40
3.75
  9
$DIMRND
 40
0.0
  9
$DIMDLE
 40
0.0
  9
$DIMEXE
 40
1.25
  9
$DIMTP
 40
0.0
  9
$DIMTM
 40
0.0
  9
$DIMTXT
 40
2.5
  9
$DIMCEN
 40
2.5
  9
$DIMTSZ
 40
0.0
  9
$DIMTOL
 70
     0
  9
$DIMLIM
 70
     0
  9
$DIMTIH
 70
     0
  9
$DIMTOH
 70
     0
  9
$DIMSE1
 70
     0
  9
$DIMSE2
 70
     0
  9
$DIMTAD
 70
     1
  9
$DIMZIN
 70
     8
  9
$DIMBLK
  1

  9
$DIMASO
 70
     1
  9
$DIMSHO
 70
     1
  9
$DIMPOST
  1

  9
$DIMAPOST
  1

  9
$DIMALT
 70
     0
  9
$DIMALTD
 70
     3
  9
$DIMALTF
 40
0.0393700787
  9
$DIMLFAC
 40
1.0
  9
$DIMTOFL
 70
     1
  9
$DIMTVP
 40
0.0
  9
$DIMTIX
 70
     0
  9
$DIMSOXD
 70
     0
  9
$DIMSAH
 70
     0
  9
$DIMBLK1
  1

  9
$DIMBLK2
  1

  9
$DIMSTYLE
  2
ISO-25
  9
$DIMCLRD
 70
     0
  9
$DIMCLRE
 70
     0
  9
$DIMCLRT
 70
     0
  9
$DIMTFAC
 40
1.0
  9
$DIMGAP
 40
0.625
  9
$DIMJUST
 70
     0
  9
$DIMSD1
 70
     0
  9
$DIMSD2
 70
     0
  9
$DIMTOLJ
 70
     0
  9
$DIMTZIN
 70
     8
  9
$DIMALTZ
 70
     0
  9
$DIMALTTZ
 70
     0
  9
$DIMUPT
 70
     0
  9
$DIMDEC
 70
     2
  9
$DIMTDEC
 70
     2
  9
$DIMALTU
 70
     2
  9
$DIMALTTD
 70
     3
  9
$DIMTXSTY
  7
Standard
  9
$DIMAUNIT
 70
     0
  9
$DIMADEC
 70
     0
  9
$DIMALTRND
 40
0.0
  9
$DIMAZIN
 70
     0
  9
$DIMDSEP
 70
    44
  9
$DIMATFIT
 70
     3
  9
$DIMFRAC
 70
     0
  9
$DIMLDRBLK
  1

  9
$DIMLUNIT
 70
     2
  9
$DIMLWD
 70
    -2
  9
$DIMLWE
 70
    -2
  9
$DIMTMOVE
 70
     0
  9
$LUNITS
 70
     2
  9
$LUPREC
 70
     4
  9
$SKETCHINC
 40
1.0
  9
$FILLETRAD
 40
10.0
  9
$AUNITS
 70
     0
  9
$AUPREC
 70
     0
  9
$MENU
  1
.
  9
$ELEVATION
 40
0.0
  9
$PELEVATION
 40
0.0
  9
$THICKNESS
 40
0.0
  9
$LIMCHECK
 70
     0
  9
$CHAMFERA
 40
0.0
  9
$CHAMFERB
 40
0.0
  9
$CHAMFERC
 40
0.0
  9
$CHAMFERD
 40
0.0
  9
$SKPOLY
 70
     0
  9
$TDCREATE
 40
2457270.685647361
  9
$TDUCREATE
 40
2457270.602314028
  9
$TDUPDATE
 40
2457270.685649213
  9
$TDUUPDATE
 40
2457270.602315879
  9
$TDINDWG
 40
0.0000000116
  9
$TDUSRTIMER
 40
0.0000000116
  9
$USRTIMER
 70
     1
  9
$ANGBASE
 50
0.0
  9
$ANGDIR
 70
     0
  9
$PDMODE
 70
     0
  9
$PDSIZE
 40
0.0
  9
$PLINEWID
 40
0.0
  9
$SPLFRAME
 70
     0
  9
$SPLINETYPE
 70
     6
  9
$SPLINESEGS
 70
     8
  9
$HANDSEED
  5
3D0
  9
$SURFTAB1
 70
     6
  9
$SURFTAB2
 70
     6
  9
$SURFTYPE
 70
     6
  9
$SURFU
 70
     6
  9
$SURFV
 70
     6
  9
$UCSBASE
  2

  9
$UCSNAME
  2

  9
$UCSORG
 10
0.0
 20
0.0
 30
0.0
  9
$UCSXDIR
 10
1.0
 20
0.0
 30
0.0
  9
$UCSYDIR
 10
0.0
 20
1.0
 30
0.0
  9
$UCSORTHOREF
  2

  9
$UCSORTHOVIEW
 70
     0
  9
$UCSORGTOP
 10
0.0
 20
0.0
 30
0.0
  9
$UCSORGBOTTOM
 10
0.0
 20
0.0
 30
0.0
  9
$UCSORGLEFT
 10
0.0
 20
0.0
 30
0.0
  9
$UCSORGRIGHT
 10
0.0
 20
0.0
 30
0.0
  9
$UCSORGFRONT
 10
0.0
 20
0.0
 30
0.0
  9
$UCSORGBACK
 10
0.0
 20
0.0
 30
0.0
  9
$PUCSBASE
  2

  9
$PUCSNAME
  2

  9
$PUCSORG
 10
0.0
 20
0.0
 30
0.0
  9
$PUCSXDIR
 10
1.0
 20
0.0
 30
0.0
  9
$PUCSYDIR
 10
0.0
 20
1.0
 30
0.0
  9
$PUCSORTHOREF
  2

  9
$PUCSORTHOVIEW
 70
     0
  9
$PUCSORGTOP
 10
0.0
 20
0.0
 30
0.0
  9
$PUCSORGBOTTOM
 10
0.0
 20
0.0
 30
0.0
  9
$PUCSORGLEFT
 10
0.0
 20
0.0
 30
0.0
  9
$PUCSORGRIGHT
 10
0.0
 20
0.0
 30
0.0
  9
$PUCSORGFRONT
 10
0.0
 20
0.0
 30
0.0
  9
$PUCSORGBACK
 10
0.0
 20
0.0
 30
0.0
  9
$USERI1
 70
     0
  9
$USERI2
 70
     0
  9
$USERI3
 70
     0
  9
$USERI4
 70
     0
  9
$USERI5
 70
     0
  9
$USERR1
 40
0.0
  9
$USERR2
 40
0.0
  9
$USERR3
 40
0.0
  9
$USERR4
 40
0.0
  9
$USERR5
 40
0.0
  9
$WORLDVIEW
 70
     1
  9
$SHADEDGE
 70
     3
  9
$SHADEDIF
 70
    70
  9
$TILEMODE
 70
     1
  9
$MAXACTVP
 70
    64
  9
$PINSBASE
 10
0.0
 20
0.0
 30
0.0
  9
$PLIMCHECK
 70
     0
  9
$PEXTMIN
 10
0.0
 20
0.0
 30
0.0
  9
$PEXTMAX
 10
215.9
 20
279.4
 30
0.0
  9
$PLIMMIN
 10
0.0
 20
0.0
  9
$PLIMMAX
 10
215.9
 20
279.4
  9
$UNITMODE
 70
     0
  9
$VISRETAIN
 70
     1
  9
$PLINEGEN
 70
     0
  9
$PSLTSCALE
 70
     1
  9
$TREEDEPTH
 70
  3020
  9
$CMLSTYLE
  2
Standard
  9
$CMLJUST
 70
     0
  9
$CMLSCALE
 40
20.0
  9
$PROXYGRAPHICS
 70
     1
  9
$MEASUREMENT
 70
     1
  9
$CELWEIGHT
370
    -1
  9
$ENDCAPS
280
     0
  9
$JOINSTYLE
280
     0
  9
$LWDISPLAY
290
     0
  9
$INSUNITS
 70
     4
  9
$HYPERLINKBASE
  1

  9
$STYLESHEET
  1

  9
$XEDIT
290
     1
  9
$CEPSNTYPE
380
     0
  9
$PSTYLEMODE
290
     1
  9
$FINGERPRINTGUID
  2
{FAEEDE94-AE1D-4CBE-9262-E4332E0A7876}
  9
$VERSIONGUID
  2
{FAEB1C32-E019-11D5-929B-00C0DF256EC4}
  9
$EXTNAMES
290
     1
  9
$PSVPSCALE
 40
0.0
  9
$OLESTARTUP
290
     0
  0
ENDSEC
  0
SECTION
  2
CLASSES
  0
CLASS
  1
ACDBDICTIONARYWDFLT
  2
AcDbDictionaryWithDefault
  3
ObjectDBX Classes
 90
        0
280
     0
281
     0
  0
CLASS
  1
VISUALSTYLE
  2
AcDbVisualStyle
  3
ObjectDBX Classes
 90
     4095
280
     0
281
     0
  0
CLASS
  1
MATERIAL
  2
AcDbMaterial
  3
ObjectDBX Classes
 90
     1153
280
     0
281
     0
  0
CLASS
  1
SCALE
  2
AcDbScale
  3
ObjectDBX Classes
 90
     1153
280
     0
281
     0
  0
CLASS
  1
SUN
  2
AcDbSun
  3
SCENEOE
 90
     1153
280
     0
281
     0
  0
CLASS
  1
DICTIONARYVAR
  2
AcDbDictionaryVar
  3
ObjectDBX Classes
 90
        0
280
     0
281
     0
  0
CLASS
  1
ACDBPLACEHOLDER
  2
AcDbPlaceHolder
  3
ObjectDBX Classes
 90
        0
280
     0
281
     0
  0
CLASS
  1
LAYOUT
  2
AcDbLayout
  3
ObjectDBX Classes
 90
        0
280
     0
281
     0
  0
ENDSEC
  0
SECTION
  2
TABLES
  0
TABLE
  2
VPORT
  5
8
330
0
100
AcDbSymbolTable
 70
     1
  0
VPORT
  5
29
330
8
100
AcDbSymbolTableRecord
100
AcDbViewportTableRecord
  2
*Active
 70
     0
 10
0.0
 20
0.0
 11
1.0
 21
1.0
 12
344.1869158879
 22
148.5
 13
0.0
 23
0.0
 14
10.0
 24
10.0
 15
10.0
 25
10.0
 16
0.0
 26
0.0
 36
1.0
 17
0.0
 27
0.0
 37
0.0
 40
297.0
 41
1.9729729729
 42
50.0
 43
0.0
 44
0.0
 50
0.0
 51
0.0
 71
     0
 72
   100
 73
     1
 74
     3
 75
     0
 76
     0
 77
     0
 78
     0
281
     0
 65
     1
110
0.0
120
0.0
130
0.0
111
1.0
121
0.0
131
0.0
112
0.0
122
1.0
132
0.0
 79
     0
146
0.0
  0
ENDTAB
  0
TABLE
  2
LTYPE
  5
5
330
0
100
AcDbSymbolTable
 70
     1
  0
LTYPE
  5
14
330
5
100
AcDbSymbolTableRecord
100
AcDbLinetypeTableRecord
  2
ByBlock
 70
     0
  3

 72
    65
 73
     0
 40
0.0
  0
LTYPE
  5
15
330
5
100
AcDbSymbolTableRecord
100
AcDbLinetypeTableRecord
  2
ByLayer
 70
     0
  3

 72
    65
 73
     0
 40
0.0
  0
LTYPE
  5
16
330
5
100
AcDbSymbolTableRecord
100
AcDbLinetypeTableRecord
  2
Continuous
 70
     0
  3
Solid line
 72
    65
 73
     0
 40
0.0
  0
ENDTAB
  0
TABLE
  2
LAYER
  5
2
330
0
100
AcDbSymbolTable
 70
     3
  0
LAYER
  5
10
330
2
100
AcDbSymbolTableRecord
100
AcDbLayerTableRecord
  2
0
 70
     0
 62
     7
  6
Continuous
370
    -3
390
F
  0
LAYER
  5
6A
330
2
100
AcDbSymbolTableRecord
100
AcDbLayerTableRecord
  2
50
 70
     0
 62
     7
  6
Continuous
370
    -3
390
F
  0
LAYER
  5
382
330
2
100
AcDbSymbolTableRecord
100
AcDbLayerTableRecord
  2
Default
 70
     0
 62
     7
  6
Continuous
370
    -3
390
F
  0
ENDTAB
  0
TABLE
  2
STYLE
  5
3
330
0
100
AcDbSymbolTable
 70
     1
  0
STYLE
  5
11
330
3
100
AcDbSymbolTableRecord
100
AcDbTextStyleTableRecord
  2
Standard
 70
     0
 40
0.0
 41
1.0
 50
0.0
 71
     0
 42
2.5
  3
txt
  4

  0
ENDTAB
  0
TABLE
  2
VIEW
  5
6
330
0
100
AcDbSymbolTable
 70
     0
  0
ENDTAB
  0
TABLE
  2
UCS
  5
7
330
0
100
AcDbSymbolTable
 70
     0
  0
ENDTAB
  0
TABLE
  2
APPID
  5
9
330
0
100
AcDbSymbolTable
 70
     1
  0
APPID
  5
12
330
9
100
AcDbSymbolTableRecord
100
AcDbRegAppTableRecord
  2
ACAD
 70
     0
  0
ENDTAB
  0
TABLE
  2
DIMSTYLE
  5
A
330
0
100
AcDbSymbolTable
 70
     1
100
AcDbDimStyleTable
  0
DIMSTYLE
105
27
330
A
100
AcDbSymbolTableRecord
100
AcDbDimStyleTableRecord
  2
ISO-25
 70
     0
 41
2.5
 42
0.625
 43
3.75
 44
1.25
 73
     0
 74
     0
 77
     1
 78
     8
140
2.5
141
2.5
143
0.0393700787
147
0.625
171
     3
172
     1
178
     0
271
     2
272
     2
274
     3
278
    44
283
     0
284
     8
340
11
  0
ENDTAB
  0
TABLE
  2
BLOCK_RECORD
  5
1
330
0
100
AcDbSymbolTable
 70
     1
  0
BLOCK_RECORD
  5
1F
330
1
100
AcDbSymbolTableRecord
100
AcDbBlockTableRecord
  2
*Model_Space
340
22
  0
BLOCK_RECORD
  5
1B
330
1
100
AcDbSymbolTableRecord
100
AcDbBlockTableRecord
  2
*Paper_Space
340
1E
  0
ENDTAB
  0
ENDSEC
  0
SECTION
  2
BLOCKS
  0
BLOCK
  5
20
330
1F
100
AcDbEntity
  8
0
100
AcDbBlockBegin
  2
*Model_Space
 70
     0
 10
0.0
 20
0.0
 30
0.0
  3
*Model_Space
  1
*Model_Space
  0
ENDBLK
  5
21
330
1F
100
AcDbEntity
  8
0
100
AcDbBlockEnd
  0
BLOCK
  5
1C
330
1B
100
AcDbEntity
 67
     1
  8
0
100
AcDbBlockBegin
  2
*Paper_Space
 70
     0
 10
0.0
 20
0.0
 30
0.0
  3
*Paper_Space
  1
*Paper_Space
  0
ENDBLK
  5
1D
330
1B
100
AcDbEntity
 67
     1
  8
0
100
AcDbBlockEnd
  0
ENDSEC
  0
SECTION
  2
ENTITIES
  0
LINE
  5
6B
330
1F
100
AcDbEntity
  8
50
  6
Continuous
 62
   251
370
    30
100
AcDbLine
 10
0.0
 20
0.0
 30
0.0
 11
96.0
 21
0.0
 31
0.0
  0
LINE
  5
6C
330
1F
100
AcDbEntity
  8
50
  6
Continuous
 62
   251
370
    30
100
AcDbLine
 10
96.0
 20
0.0
 30
0.0
 11
96.0
 21
55.0
 31
0.0
  0
LINE
  5
6D
330
1F
100
AcDbEntity
  8
50
  6
Continuous
 62
   251
370
    30
100
AcDbLine
 10
96.0
 20
55.0
 30
0.0
 11
0.0
 21
55.0
 31
0.0
  0
LINE
  5
6E
330
1F
100
AcDbEntity
  8
50
  6
Continuous
 62
   251
370
    30
100
AcDbLine
 10
0.0
 20
55.0
 30
0.0
 11
0.0
 21
0.0
 31
0.0
  0
LINE
  5
6F
330
1F
100
AcDbEntity
  8
50
  6
Continuous
 62
   251
370
    30
100
AcDbLine
 10
12.7
 20
52.5
 30
0.0
 11
11.5
 21
52.5
 31
0.0
  0
LINE
  5
70
330
1F
100
AcDbEntity
  8
50
  6
Continuous
 62
   251
370
    30
100
AcDbLine
 10
11.5
 20
52.5
 30
0.0
 11
11.5
 21
53.6
 31
0.0
  0
LINE
  5
71
330
1F
100
AcDbEntity
  8
50
  6
Continuous
 62
   251
370
    30
100
AcDbLine
 10
63.8
 20
52.5
 30
0.0
 11
62.5
 21
52.5
 31
0.0
  0
LINE
  5
72
330
1F
100
AcDbEntity
  8
50
  6
Continuous
 62
   251
370
    30
100
AcDbLine
 10
62.5
 20
52.5
 30
0.0
 11
62.5
 21
53.8
 31
0.0
  0
LINE
  5
73
330
1F
100
AcDbEntity
  8
50
  6
Continuous
 62
   251
370
    30
100
AcDbLine
 10
91.6
 20
52.5
 30
0.0
 11
90.3
 21
52.5
 31
0.0
  0
LINE
  5
74
330
1F
100
AcDbEntity
  8
50
  6
Continuous
 62
   251
370
    30
100
AcDbLine
 10
90.3
 20
52.5
 30
0.0
 11
90.3
 21
53.9
 31
0.0
  0
LINE
  5
75
330
1F
100
AcDbEntity
  8
50
  6
Continuous
 62
   251
370
    30
100
AcDbLine
 10
95.8
 20
7.1
 30
0.0
 11
94.5
 21
7.1
 31
0.0
  0
LINE
  5
76
330
1F
100
AcDbEntity
  8
50
  6
Continuous
 62
   251
370
    30
100
AcDbLine
 10
94.5
 20
7.1
 30
0.0
 11
94.5
 21
8.5
 31
0.0
  0
LINE
  5
77
330
1F
100
AcDbEntity
  8
50
  6
Continuous
 62
   251
370
    30
100
AcDbLine
 10
63.8
 20
2.5
 30
0.0
 11
62.5
 21
2.5
 31
0.0
  0
LINE
  5
78
330
1F
100
AcDbEntity
  8
50
  6
Continuous
 62
   251
370
    30
100
AcDbLine
 10
62.5
 20
2.5
 30
0.0
 11
62.5
 21
3.8
 31
0.0
  0
LINE
  5
79
330
1F
100
AcDbEntity
  8
50
  6
Continuous
 62
   251
370
    30
100
AcDbLine
 10
12.8
 20
2.5
 30
0.0
 11
11.5
 21
2.5
 31
0.0
  0
LINE
  5
7A
330
1F
100
AcDbEntity
  8
50
  6
Continuous
 62
   251
370
    30
100
AcDbLine
 10
11.5
 20
2.5
 30
0.0
 11
11.5
 21
3.8
 31
0.0
  0
LINE
  5
7B
330
1F
100
AcDbEntity
  8
50
  6
Continuous
 62
   251
370
    30
100
AcDbLine
 10
29.3845
 20
5.445
 30
0.0
 11
29.3845
 21
2.695
 31
0.0
  0
LINE
  5
7C
330
1F
100
AcDbEntity
  8
50
  6
Continuous
 62
   251
370
    30
100
AcDbLine
 10
29.3845
 20
2.695
 30
0.0
 11
27.3845
 21
2.695
 31
0.0
  0
LINE
  5
7D
330
1F
100
AcDbEntity
  8
50
  6
Continuous
 62
   251
370
    30
100
AcDbLine
 10
27.3845
 20
2.695
 30
0.0
 11
27.3845
 21
5.545
 31
0.0
  0
LINE
  5
7E
330
1F
100
AcDbEntity
  8
50
  6
Continuous
 62
   251
370
    30
100
AcDbLine
 10
27.3845
 20
5.545
 30
0.0
 11
26.7845
 21
5.545
 31
0.0
  0
ARC
  5
7F
330
1F
100
AcDbEntity
  8
50
  6
Continuous
 62
   251
370
    30
100
AcDbCircle
 10
26.7845
 20
5.945
 30
0.0
 40
0.4
100
AcDbArc
 50
180.0
 51
270.0
  0
LINE
  5
80
330
1F
100
AcDbEntity
  8
50
  6
Continuous
 62
   251
370
    30
100
AcDbLine
 10
26.3845
 20
5.945
 30
0.0
 11
26.3845
 21
8.845
 31
0.0
  0
ARC
  5
81
330
1F
100
AcDbEntity
  8
50
  6
Continuous
 62
   251
370
    30
100
AcDbCircle
 10
26.7845
 20
8.845
 30
0.0
 40
0.4
100
AcDbArc
 50
90.0
 51
180.0
  0
LINE
  5
82
330
1F
100
AcDbEntity
  8
50
  6
Continuous
 62
   251
370
    30
100
AcDbLine
 10
26.7845
 20
9.245
 30
0.0
 11
29.9845
 21
9.245
 31
0.0
  0
ARC
  5
83
330
1F
100
AcDbEntity
  8
50
  6
Continuous
 62
   251
370
    30
100
AcDbCircle
 10
29.9845
 20
8.845
 30
0.0
 40
0.4
100
AcDbArc
 50
0.0
 51
90.0
  0
LINE
  5
84
330
1F
100
AcDbEntity
  8
50
  6
Continuous
 62
   251
370
    30
100
AcDbLine
 10
30.3845
 20
8.845
 30
0.0
 11
30.3845
 21
5.945
 31
0.0
  0
ARC
  5
85
330
1F
100
AcDbEntity
  8
50
  6
Continuous
 62
   251
370
    30
100
AcDbCircle
 10
29.9845
 20
5.945
 30
0.0
 40
0.4
100
AcDbArc
 50
270.0
 51
0.0
  0
LINE
  5
86
330
1F
100
AcDbEntity
  8
50
  6
Continuous
 62
   251
370
    30
100
AcDbLine
 10
29.9845
 20
5.545
 30
0.0
 11
29.3845
 21
5.545
 31
0.0
  0
LINE
  5
87
330
1F
100
AcDbEntity
  8
50
  6
Continuous
 62
   251
370
    30
100
AcDbLine
 10
29.3845
 20
5.545
 30
0.0
 11
29.3845
 21
5.445
 31
0.0
  0
LINE
  5
88
330
1F
100
AcDbEntity
  8
50
  6
Continuous
 62
   251
370
    30
100
AcDbLine
 10
43.7925
 20
9.3775
 30
0.0
 11
43.7925
 21
12.1775
 31
0.0
  0
LINE
  5
89
330
1F
100
AcDbEntity
  8
50
  6
Continuous
 62
   251
370
    30
100
AcDbLine
 10
43.7925
 20
12.1775
 30
0.0
 11
45.7425
 21
12.1775
 31
0.0
  0
LINE
  5
8A
330
1F
100
AcDbEntity
  8
50
  6
Continuous
 62
   251
370
    30
100
AcDbLine
 10
45.7425
 20
12.1775
 30
0.0
 11
45.7425
 21
9.3775
 31
0.0
  0
LINE
  5
8B
330
1F
100
AcDbEntity
  8
50
  6
Continuous
 62
   251
370
    30
100
AcDbLine
 10
45.7425
 20
9.3775
 30
0.0
 11
46.3675
 21
9.3775
 31
0.0
  0
LINE
  5
8C
330
1F
100
AcDbEntity
  8
50
  6
Continuous
 62
   251
370
    30
100
AcDbLine
 10
42.7675
 20
5.8125
 30
0.0
 11
42.7675
 21
8.9775
 31
0.0
  0
ARC
  5
8D
330
1F
100
AcDbEntity
  8
50
  6
Continuous
 62
   251
370
    30
100
AcDbCircle
 10
43.1675
 20
8.9775
 30
0.0
 40
0.4
100
AcDbArc
 50
90.0
 51
180.0
  0
LINE
  5
8E
330
1F
100
AcDbEntity
  8
50
  6
Continuous
 62
   251
370
    30
100
AcDbLine
 10
43.1675
 20
9.3775
 30
0.0
 11
43.7925
 21
9.3775
 31
0.0
  0
LINE
  5
8F
330
1F
100
AcDbEntity
  8
50
  6
Continuous
 62
   251
370
    30
100
AcDbLine
 10
47.6025
 20
9.3775
 30
0.0
 11
47.6025
 21
12.1775
 31
0.0
  0
LINE
  5
90
330
1F
100
AcDbEntity
  8
50
  6
Continuous
 62
   251
370
    30
100
AcDbLine
 10
47.6025
 20
12.1775
 30
0.0
 11
49.5525
 21
12.1775
 31
0.0
  0
LINE
  5
91
330
1F
100
AcDbEntity
  8
50
  6
Continuous
 62
   251
370
    30
100
AcDbLine
 10
49.5525
 20
12.1775
 30
0.0
 11
49.5525
 21
9.3775
 31
0.0
  0
LINE
  5
92
330
1F
100
AcDbEntity
  8
50
  6
Continuous
 62
   251
370
    30
100
AcDbLine
 10
49.5525
 20
9.3775
 30
0.0
 11
50.1775
 21
9.3775
 31
0.0
  0
ARC
  5
93
330
1F
100
AcDbEntity
  8
50
  6
Continuous
 62
   251
370
    30
100
AcDbCircle
 10
50.1775
 20
8.9775
 30
0.0
 40
0.4
100
AcDbArc
 50
0.0
 51
90.0
  0
LINE
  5
94
330
1F
100
AcDbEntity
  8
50
  6
Continuous
 62
   251
370
    30
100
AcDbLine
 10
50.5775
 20
8.9775
 30
0.0
 11
50.5775
 21
5.1275
 31
0.0
  0
LINE
  5
95
330
1F
100
AcDbEntity
  8
50
  6
Continuous
 62
   251
370
    30
100
AcDbLine
 10
46.3675
 20
9.3775
 30
0.0
 11
47.6025
 21
9.3775
 31
0.0
  0
LINE
  5
96
330
1F
100
AcDbEntity
  8
50
  6
Continuous
 62
   251
370
    30
100
AcDbLine
 10
58.76
 20
29.04
 30
0.0
 11
58.76
 21
26.24
 31
0.0
  0
LINE
  5
97
330
1F
100
AcDbEntity
  8
50
  6
Continuous
 62
   251
370
    30
100
AcDbLine
 10
58.76
 20
26.24
 30
0.0
 11
56.81
 21
26.24
 31
0.0
  0
LINE
  5
98
330
1F
100
AcDbEntity
  8
50
  6
Continuous
 62
   251
370
    30
100
AcDbLine
 10
56.81
 20
26.24
 30
0.0
 11
56.81
 21
29.04
 31
0.0
  0
LINE
  5
99
330
1F
100
AcDbEntity
  8
50
  6
Continuous
 62
   251
370
    30
100
AcDbLine
 10
56.81
 20
29.04
 30
0.0
 11
56.185
 21
29.04
 31
0.0
  0
ARC
  5
9A
330
1F
100
AcDbEntity
  8
50
  6
Continuous
 62
   251
370
    30
100
AcDbCircle
 10
56.185
 20
29.44
 30
0.0
 40
0.4
100
AcDbArc
 50
180.0
 51
270.0
  0
LINE
  5
9B
330
1F
100
AcDbEntity
  8
50
  6
Continuous
 62
   251
370
    30
100
AcDbLine
 10
55.785
 20
29.44
 30
0.0
 11
55.785
 21
32.34
 31
0.0
  0
ARC
  5
9C
330
1F
100
AcDbEntity
  8
50
  6
Continuous
 62
   251
370
    30
100
AcDbCircle
 10
56.185
 20
32.34
 30
0.0
 40
0.4
100
AcDbArc
 50
90.0
 51
180.0
  0
LINE
  5
9D
330
1F
100
AcDbEntity
  8
50
  6
Continuous
 62
   251
370
    30
100
AcDbLine
 10
56.185
 20
32.74
 30
0.0
 11
57.425
 21
32.74
 31
0.0
  0
LINE
  5
9E
330
1F
100
AcDbEntity
  8
50
  6
Continuous
 62
   251
370
    30
100
AcDbLine
 10
59.785
 20
31.67
 30
0.0
 11
59.785
 21
29.44
 31
0.0
  0
ARC
  5
9F
330
1F
100
AcDbEntity
  8
50
  6
Continuous
 62
   251
370
    30
100
AcDbCircle
 10
59.385
 20
29.44
 30
0.0
 40
0.4
100
AcDbArc
 50
270.0
 51
0.0
  0
LINE
  5
A0
330
1F
100
AcDbEntity
  8
50
  6
Continuous
 62
   251
370
    30
100
AcDbLine
 10
59.385
 20
29.04
 30
0.0
 11
58.76
 21
29.04
 31
0.0
  0
LINE
  5
A1
330
1F
100
AcDbEntity
  8
50
  6
Continuous
 62
   251
370
    30
100
AcDbLine
 10
49.235
 20
24.722
 30
0.0
 11
49.235
 21
21.922
 31
0.0
  0
LINE
  5
A2
330
1F
100
AcDbEntity
  8
50
  6
Continuous
 62
   251
370
    30
100
AcDbLine
 10
49.235
 20
21.922
 30
0.0
 11
47.285
 21
21.922
 31
0.0
  0
LINE
  5
A3
330
1F
100
AcDbEntity
  8
50
  6
Continuous
 62
   251
370
    30
100
AcDbLine
 10
47.285
 20
21.922
 30
0.0
 11
47.285
 21
24.722
 31
0.0
  0
LINE
  5
A4
330
1F
100
AcDbEntity
  8
50
  6
Continuous
 62
   251
370
    30
100
AcDbLine
 10
47.285
 20
24.722
 30
0.0
 11
47.1565
 21
24.722
 31
0.0
  0
LINE
  5
A5
330
1F
100
AcDbEntity
  8
50
  6
Continuous
 62
   251
370
    30
100
AcDbLine
 10
46.26
 20
26.995
 30
0.0
 11
46.26
 21
28.022
 31
0.0
  0
ARC
  5
A6
330
1F
100
AcDbEntity
  8
50
  6
Continuous
 62
   251
370
    30
100
AcDbCircle
 10
46.66
 20
28.022
 30
0.0
 40
0.4
100
AcDbArc
 50
90.0
 51
180.0
  0
LINE
  5
A7
330
1F
100
AcDbEntity
  8
50
  6
Continuous
 62
   251
370
    30
100
AcDbLine
 10
46.66
 20
28.422
 30
0.0
 11
49.86
 21
28.422
 31
0.0
  0
ARC
  5
A8
330
1F
100
AcDbEntity
  8
50
  6
Continuous
 62
   251
370
    30
100
AcDbCircle
 10
49.86
 20
28.022
 30
0.0
 40
0.4
100
AcDbArc
 50
0.0
 51
90.0
  0
LINE
  5
A9
330
1F
100
AcDbEntity
  8
50
  6
Continuous
 62
   251
370
    30
100
AcDbLine
 10
50.26
 20
28.022
 30
0.0
 11
50.26
 21
26.995
 31
0.0
  0
LINE
  5
AA
330
1F
100
AcDbEntity
  8
50
  6
Continuous
 62
   251
370
    30
100
AcDbLine
 10
49.3
 20
24.722
 30
0.0
 11
49.235
 21
24.722
 31
0.0
  0
LINE
  5
AB
330
1F
100
AcDbEntity
  8
50
  6
Continuous
 62
   251
370
    30
100
AcDbLine
 10
62.325
 20
40.72
 30
0.0
 11
57.825
 21
40.72
 31
0.0
  0
ARC
  5
AC
330
1F
100
AcDbEntity
  8
50
  6
Continuous
 62
   251
370
    30
100
AcDbCircle
 10
57.825
 20
40.32
 30
0.0
 40
0.4
100
AcDbArc
 50
90.0
 51
180.0
  0
LINE
  5
AD
330
1F
100
AcDbEntity
  8
50
  6
Continuous
 62
   251
370
    30
100
AcDbLine
 10
57.425
 20
40.32
 30
0.0
 11
57.425
 21
38.42
 31
0.0
  0
ARC
  5
AE
330
1F
100
AcDbEntity
  8
50
  6
Continuous
 62
   251
370
    30
100
AcDbCircle
 10
57.825
 20
38.42
 30
0.0
 40
0.4
100
AcDbArc
 50
180.0
 51
270.0
  0
LINE
  5
AF
330
1F
100
AcDbEntity
  8
50
  6
Continuous
 62
   251
370
    30
100
AcDbLine
 10
57.825
 20
38.02
 30
0.0
 11
62.325
 21
38.02
 31
0.0
  0
LINE
  5
B0
330
1F
100
AcDbEntity
  8
50
  6
Continuous
 62
   251
370
    30
100
AcDbLine
 10
62.325
 20
38.02
 30
0.0
 11
62.325
 21
37.77
 31
0.0
  0
ARC
  5
B1
330
1F
100
AcDbEntity
  8
50
  6
Continuous
 62
   251
370
    30
100
AcDbCircle
 10
62.725
 20
37.77
 30
0.0
 40
0.4
100
AcDbArc
 50
180.0
 51
270.0
  0
LINE
  5
B2
330
1F
100
AcDbEntity
  8
50
  6
Continuous
 62
   251
370
    30
100
AcDbLine
 10
62.725
 20
37.37
 30
0.0
 11
65.425
 21
37.37
 31
0.0
  0
ARC
  5
B3
330
1F
100
AcDbEntity
  8
50
  6
Continuous
 62
   251
370
    30
100
AcDbCircle
 10
65.425
 20
37.77
 30
0.0
 40
0.4
100
AcDbArc
 50
270.0
 51
360.0
  0
LINE
  5
B4
330
1F
100
AcDbEntity
  8
50
  6
Continuous
 62
   251
370
    30
100
AcDbLine
 10
65.825
 20
37.77
 30
0.0
 11
65.825
 21
40.97
 31
0.0
  0
LINE
  5
B5
330
1F
100
AcDbEntity
  8
50
  6
Continuous
 62
   251
370
    30
100
AcDbLine
 10
62.325
 20
40.97
 30
0.0
 11
62.325
 21
40.72
 31
0.0
  0
LINE
  5
B6
330
1F
100
AcDbEntity
  8
50
  6
Continuous
 62
   251
370
    30
100
AcDbLine
 10
62.325
 20
43.895
 30
0.0
 11
57.825
 21
43.895
 31
0.0
  0
ARC
  5
B7
330
1F
100
AcDbEntity
  8
50
  6
Continuous
 62
   251
370
    30
100
AcDbCircle
 10
57.825
 20
43.495
 30
0.0
 40
0.4
100
AcDbArc
 50
90.0
 51
180.0
  0
LINE
  5
B8
330
1F
100
AcDbEntity
  8
50
  6
Continuous
 62
   251
370
    30
100
AcDbLine
 10
57.425
 20
43.495
 30
0.0
 11
57.425
 21
41.595
 31
0.0
  0
ARC
  5
B9
330
1F
100
AcDbEntity
  8
50
  6
Continuous
 62
   251
370
    30
100
AcDbCircle
 10
57.825
 20
41.595
 30
0.0
 40
0.4
100
AcDbArc
 50
180.0
 51
270.0
  0
LINE
  5
BA
330
1F
100
AcDbEntity
  8
50
  6
Continuous
 62
   251
370
    30
100
AcDbLine
 10
57.825
 20
41.195
 30
0.0
 11
62.325
 21
41.195
 31
0.0
  0
LINE
  5
BB
330
1F
100
AcDbEntity
  8
50
  6
Continuous
 62
   251
370
    30
100
AcDbLine
 10
62.325
 20
41.195
 30
0.0
 11
62.325
 21
40.945
 31
0.0
  0
LINE
  5
BC
330
1F
100
AcDbEntity
  8
50
  6
Continuous
 62
   251
370
    30
100
AcDbLine
 10
65.825
 20
40.945
 30
0.0
 11
65.825
 21
44.145
 31
0.0
  0
ARC
  5
BD
330
1F
100
AcDbEntity
  8
50
  6
Continuous
 62
   251
370
    30
100
AcDbCircle
 10
65.425
 20
44.145
 30
0.0
 40
0.4
100
AcDbArc
 50
0.0
 51
90.0
  0
LINE
  5
BE
330
1F
100
AcDbEntity
  8
50
  6
Continuous
 62
   251
370
    30
100
AcDbLine
 10
65.425
 20
44.545
 30
0.0
 11
62.725
 21
44.545
 31
0.0
  0
ARC
  5
BF
330
1F
100
AcDbEntity
  8
50
  6
Continuous
 62
   251
370
    30
100
AcDbCircle
 10
62.725
 20
44.145
 30
0.0
 40
0.4
100
AcDbArc
 50
90.0
 51
180.0
  0
LINE
  5
C0
330
1F
100
AcDbEntity
  8
50
  6
Continuous
 62
   251
370
    30
100
AcDbLine
 10
62.325
 20
44.145
 30
0.0
 11
62.325
 21
43.895
 31
0.0
  0
LINE
  5
C1
330
1F
100
AcDbEntity
  8
50
  6
Continuous
 62
   251
370
    30
100
AcDbLine
 10
10.255
 20
18.495
 30
0.0
 11
5.755
 21
18.495
 31
0.0
  0
ARC
  5
C2
330
1F
100
AcDbEntity
  8
50
  6
Continuous
 62
   251
370
    30
100
AcDbCircle
 10
5.755
 20
18.095
 30
0.0
 40
0.4
100
AcDbArc
 50
90.0
 51
180.0
  0
LINE
  5
C3
330
1F
100
AcDbEntity
  8
50
  6
Continuous
 62
   251
370
    30
100
AcDbLine
 10
5.355
 20
18.095
 30
0.0
 11
5.355
 21
16.195
 31
0.0
  0
ARC
  5
C4
330
1F
100
AcDbEntity
  8
50
  6
Continuous
 62
   251
370
    30
100
AcDbCircle
 10
5.755
 20
16.195
 30
0.0
 40
0.4
100
AcDbArc
 50
180.0
 51
270.0
  0
LINE
  5
C5
330
1F
100
AcDbEntity
  8
50
  6
Continuous
 62
   251
370
    30
100
AcDbLine
 10
5.755
 20
15.795
 30
0.0
 11
10.255
 21
15.795
 31
0.0
  0
LINE
  5
C6
330
1F
100
AcDbEntity
  8
50
  6
Continuous
 62
   251
370
    30
100
AcDbLine
 10
10.255
 20
15.795
 30
0.0
 11
10.255
 21
15.545
 31
0.0
  0
LINE
  5
C7
330
1F
100
AcDbEntity
  8
50
  6
Continuous
 62
   251
370
    30
100
AcDbLine
 10
13.755
 20
15.545
 30
0.0
 11
13.755
 21
18.745
 31
0.0
  0
LINE
  5
C8
330
1F
100
AcDbEntity
  8
50
  6
Continuous
 62
   251
370
    30
100
AcDbLine
 10
10.255
 20
18.745
 30
0.0
 11
10.255
 21
18.495
 31
0.0
  0
LINE
  5
C9
330
1F
100
AcDbEntity
  8
50
  6
Continuous
 62
   251
370
    30
100
AcDbLine
 10
10.255
 20
15.32
 30
0.0
 11
5.755
 21
15.32
 31
0.0
  0
ARC
  5
CA
330
1F
100
AcDbEntity
  8
50
  6
Continuous
 62
   251
370
    30
100
AcDbCircle
 10
5.755
 20
14.92
 30
0.0
 40
0.4
100
AcDbArc
 50
90.0
 51
180.0
  0
LINE
  5
CB
330
1F
100
AcDbEntity
  8
50
  6
Continuous
 62
   251
370
    30
100
AcDbLine
 10
5.355
 20
14.92
 30
0.0
 11
5.355
 21
13.02
 31
0.0
  0
ARC
  5
CC
330
1F
100
AcDbEntity
  8
50
  6
Continuous
 62
   251
370
    30
100
AcDbCircle
 10
5.755
 20
13.02
 30
0.0
 40
0.4
100
AcDbArc
 50
180.0
 51
270.0
  0
LINE
  5
CD
330
1F
100
AcDbEntity
  8
50
  6
Continuous
 62
   251
370
    30
100
AcDbLine
 10
5.755
 20
12.62
 30
0.0
 11
10.255
 21
12.62
 31
0.0
  0
LINE
  5
CE
330
1F
100
AcDbEntity
  8
50
  6
Continuous
 62
   251
370
    30
100
AcDbLine
 10
10.255
 20
12.62
 30
0.0
 11
10.255
 21
12.37
 31
0.0
  0
LINE
  5
CF
330
1F
100
AcDbEntity
  8
50
  6
Continuous
 62
   251
370
    30
100
AcDbLine
 10
13.755
 20
12.37
 30
0.0
 11
13.755
 21
15.57
 31
0.0
  0
LINE
  5
D0
330
1F
100
AcDbEntity
  8
50
  6
Continuous
 62
   251
370
    30
100
AcDbLine
 10
10.255
 20
15.57
 30
0.0
 11
10.255
 21
15.32
 31
0.0
  0
LINE
  5
D1
330
1F
100
AcDbEntity
  8
50
  6
Continuous
 62
   251
370
    30
100
AcDbLine
 10
10.255
 20
12.145
 30
0.0
 11
5.755
 21
12.145
 31
0.0
  0
ARC
  5
D2
330
1F
100
AcDbEntity
  8
50
  6
Continuous
 62
   251
370
    30
100
AcDbCircle
 10
5.755
 20
11.745
 30
0.0
 40
0.4
100
AcDbArc
 50
90.0
 51
180.0
  0
LINE
  5
D3
330
1F
100
AcDbEntity
  8
50
  6
Continuous
 62
   251
370
    30
100
AcDbLine
 10
5.355
 20
11.745
 30
0.0
 11
5.355
 21
9.845
 31
0.0
  0
ARC
  5
D4
330
1F
100
AcDbEntity
  8
50
  6
Continuous
 62
   251
370
    30
100
AcDbCircle
 10
5.755
 20
9.845
 30
0.0
 40
0.4
100
AcDbArc
 50
180.0
 51
270.0
  0
LINE
  5
D5
330
1F
100
AcDbEntity
  8
50
  6
Continuous
 62
   251
370
    30
100
AcDbLine
 10
5.755
 20
9.445
 30
0.0
 11
10.255
 21
9.445
 31
0.0
  0
LINE
  5
D6
330
1F
100
AcDbEntity
  8
50
  6
Continuous
 62
   251
370
    30
100
AcDbLine
 10
10.255
 20
9.445
 30
0.0
 11
10.255
 21
9.195
 31
0.0
  0
LINE
  5
D7
330
1F
100
AcDbEntity
  8
50
  6
Continuous
 62
   251
370
    30
100
AcDbLine
 10
13.755
 20
9.195
 30
0.0
 11
13.755
 21
12.395
 31
0.0
  0
LINE
  5
D8
330
1F
100
AcDbEntity
  8
50
  6
Continuous
 62
   251
370
    30
100
AcDbLine
 10
10.255
 20
12.395
 30
0.0
 11
10.255
 21
12.145
 31
0.0
  0
LINE
  5
D9
330
1F
100
AcDbEntity
  8
50
  6
Continuous
 62
   251
370
    30
100
AcDbLine
 10
10.255
 20
8.97
 30
0.0
 11
5.755
 21
8.97
 31
0.0
  0
ARC
  5
DA
330
1F
100
AcDbEntity
  8
50
  6
Continuous
 62
   251
370
    30
100
AcDbCircle
 10
5.755
 20
8.57
 30
0.0
 40
0.4
100
AcDbArc
 50
90.0
 51
180.0
  0
LINE
  5
DB
330
1F
100
AcDbEntity
  8
50
  6
Continuous
 62
   251
370
    30
100
AcDbLine
 10
5.355
 20
8.57
 30
0.0
 11
5.355
 21
6.67
 31
0.0
  0
ARC
  5
DC
330
1F
100
AcDbEntity
  8
50
  6
Continuous
 62
   251
370
    30
100
AcDbCircle
 10
5.755
 20
6.67
 30
0.0
 40
0.4
100
AcDbArc
 50
180.0
 51
270.0
  0
LINE
  5
DD
330
1F
100
AcDbEntity
  8
50
  6
Continuous
 62
   251
370
    30
100
AcDbLine
 10
5.755
 20
6.27
 30
0.0
 11
10.255
 21
6.27
 31
0.0
  0
LINE
  5
DE
330
1F
100
AcDbEntity
  8
50
  6
Continuous
 62
   251
370
    30
100
AcDbLine
 10
10.255
 20
6.27
 30
0.0
 11
10.255
 21
6.02
 31
0.0
  0
ARC
  5
DF
330
1F
100
AcDbEntity
  8
50
  6
Continuous
 62
   251
370
    30
100
AcDbCircle
 10
10.655
 20
6.02
 30
0.0
 40
0.4
100
AcDbArc
 50
180.0
 51
270.0
  0
LINE
  5
E0
330
1F
100
AcDbEntity
  8
50
  6
Continuous
 62
   251
370
    30
100
AcDbLine
 10
10.655
 20
5.62
 30
0.0
 11
13.355
 21
5.62
 31
0.0
  0
ARC
  5
E1
330
1F
100
AcDbEntity
  8
50
  6
Continuous
 62
   251
370
    30
100
AcDbCircle
 10
13.355
 20
6.02
 30
0.0
 40
0.4
100
AcDbArc
 50
270.0
 51
0.0
  0
LINE
  5
E2
330
1F
100
AcDbEntity
  8
50
  6
Continuous
 62
   251
370
    30
100
AcDbLine
 10
13.755
 20
6.02
 30
0.0
 11
13.755
 21
9.22
 31
0.0
  0
LINE
  5
E3
330
1F
100
AcDbEntity
  8
50
  6
Continuous
 62
   251
370
    30
100
AcDbLine
 10
10.255
 20
9.22
 30
0.0
 11
10.255
 21
8.97
 31
0.0
  0
LINE
  5
E4
330
1F
100
AcDbEntity
  8
50
  6
Continuous
 62
   251
370
    30
100
AcDbLine
 10
62.325
 20
34.37
 30
0.0
 11
57.825
 21
34.37
 31
0.0
  0
ARC
  5
E5
330
1F
100
AcDbEntity
  8
50
  6
Continuous
 62
   251
370
    30
100
AcDbCircle
 10
57.825
 20
33.97
 30
0.0
 40
0.4
100
AcDbArc
 50
90.0
 51
180.0
  0
LINE
  5
E6
330
1F
100
AcDbEntity
  8
50
  6
Continuous
 62
   251
370
    30
100
AcDbLine
 10
57.425
 20
33.97
 30
0.0
 11
57.425
 21
32.74
 31
0.0
  0
LINE
  5
E7
330
1F
100
AcDbEntity
  8
50
  6
Continuous
 62
   251
370
    30
100
AcDbLine
 10
59.785
 20
31.67
 30
0.0
 11
62.325
 21
31.67
 31
0.0
  0
LINE
  5
E8
330
1F
100
AcDbEntity
  8
50
  6
Continuous
 62
   251
370
    30
100
AcDbLine
 10
62.325
 20
31.67
 30
0.0
 11
62.325
 21
31.42
 31
0.0
  0
ARC
  5
E9
330
1F
100
AcDbEntity
  8
50
  6
Continuous
 62
   251
370
    30
100
AcDbCircle
 10
62.725
 20
31.42
 30
0.0
 40
0.4
100
AcDbArc
 50
180.0
 51
270.0
  0
LINE
  5
EA
330
1F
100
AcDbEntity
  8
50
  6
Continuous
 62
   251
370
    30
100
AcDbLine
 10
62.725
 20
31.02
 30
0.0
 11
65.425
 21
31.02
 31
0.0
  0
ARC
  5
EB
330
1F
100
AcDbEntity
  8
50
  6
Continuous
 62
   251
370
    30
100
AcDbCircle
 10
65.425
 20
31.42
 30
0.0
 40
0.4
100
AcDbArc
 50
270.0
 51
0.0
  0
LINE
  5
EC
330
1F
100
AcDbEntity
  8
50
  6
Continuous
 62
   251
370
    30
100
AcDbLine
 10
65.825
 20
31.42
 30
0.0
 11
65.825
 21
34.62
 31
0.0
  0
ARC
  5
ED
330
1F
100
AcDbEntity
  8
50
  6
Continuous
 62
   251
370
    30
100
AcDbCircle
 10
65.425
 20
34.62
 30
0.0
 40
0.4
100
AcDbArc
 50
0.0
 51
90.0
  0
LINE
  5
EE
330
1F
100
AcDbEntity
  8
50
  6
Continuous
 62
   251
370
    30
100
AcDbLine
 10
65.425
 20
35.02
 30
0.0
 11
62.725
 21
35.02
 31
0.0
  0
ARC
  5
EF
330
1F
100
AcDbEntity
  8
50
  6
Continuous
 62
   251
370
    30
100
AcDbCircle
 10
62.725
 20
34.62
 30
0.0
 40
0.4
100
AcDbArc
 50
90.0
 51
180.0
  0
LINE
  5
F0
330
1F
100
AcDbEntity
  8
50
  6
Continuous
 62
   251
370
    30
100
AcDbLine
 10
62.325
 20
34.62
 30
0.0
 11
62.325
 21
34.37
 31
0.0
  0
LINE
  5
F1
330
1F
100
AcDbEntity
  8
50
  6
Continuous
 62
   251
370
    30
100
AcDbLine
 10
10.255
 20
21.67
 30
0.0
 11
5.755
 21
21.67
 31
0.0
  0
ARC
  5
F2
330
1F
100
AcDbEntity
  8
50
  6
Continuous
 62
   251
370
    30
100
AcDbCircle
 10
5.755
 20
21.27
 30
0.0
 40
0.4
100
AcDbArc
 50
90.0
 51
180.0
  0
LINE
  5
F3
330
1F
100
AcDbEntity
  8
50
  6
Continuous
 62
   251
370
    30
100
AcDbLine
 10
5.355
 20
21.27
 30
0.0
 11
5.355
 21
19.37
 31
0.0
  0
ARC
  5
F4
330
1F
100
AcDbEntity
  8
50
  6
Continuous
 62
   251
370
    30
100
AcDbCircle
 10
5.755
 20
19.37
 30
0.0
 40
0.4
100
AcDbArc
 50
180.0
 51
270.0
  0
LINE
  5
F5
330
1F
100
AcDbEntity
  8
50
  6
Continuous
 62
   251
370
    30
100
AcDbLine
 10
5.755
 20
18.97
 30
0.0
 11
10.255
 21
18.97
 31
0.0
  0
LINE
  5
F6
330
1F
100
AcDbEntity
  8
50
  6
Continuous
 62
   251
370
    30
100
AcDbLine
 10
10.255
 20
18.97
 30
0.0
 11
10.255
 21
18.72
 31
0.0
  0
LINE
  5
F7
330
1F
100
AcDbEntity
  8
50
  6
Continuous
 62
   251
370
    30
100
AcDbLine
 10
13.755
 20
18.72
 30
0.0
 11
13.755
 21
21.92
 31
0.0
  0
ARC
  5
F8
330
1F
100
AcDbEntity
  8
50
  6
Continuous
 62
   251
370
    30
100
AcDbCircle
 10
13.355
 20
21.92
 30
0.0
 40
0.4
100
AcDbArc
 50
0.0
 51
90.0
  0
LINE
  5
F9
330
1F
100
AcDbEntity
  8
50
  6
Continuous
 62
   251
370
    30
100
AcDbLine
 10
13.355
 20
22.32
 30
0.0
 11
10.655
 21
22.32
 31
0.0
  0
ARC
  5
FA
330
1F
100
AcDbEntity
  8
50
  6
Continuous
 62
   251
370
    30
100
AcDbCircle
 10
10.655
 20
21.92
 30
0.0
 40
0.4
100
AcDbArc
 50
90.0
 51
180.0
  0
LINE
  5
FB
330
1F
100
AcDbEntity
  8
50
  6
Continuous
 62
   251
370
    30
100
AcDbLine
 10
10.255
 20
21.92
 30
0.0
 11
10.255
 21
21.67
 31
0.0
  0
LINE
  5
FC
330
1F
100
AcDbEntity
  8
50
  6
Continuous
 62
   251
370
    30
100
AcDbLine
 10
29.805
 20
9.6
 30
0.0
 11
24.805
 21
9.6
 31
0.0
  0
LINE
  5
FD
330
1F
100
AcDbEntity
  8
50
  6
Continuous
 62
   251
370
    30
100
AcDbLine
 10
24.805
 20
9.6
 30
0.0
 11
24.805
 21
14.7
 31
0.0
  0
LINE
  5
FE
330
1F
100
AcDbEntity
  8
50
  6
Continuous
 62
   251
370
    30
100
AcDbLine
 10
24.805
 20
14.7
 30
0.0
 11
24.205
 21
14.7
 31
0.0
  0
ARC
  5
FF
330
1F
100
AcDbEntity
  8
50
  6
Continuous
 62
   251
370
    30
100
AcDbCircle
 10
24.205
 20
15.1
 30
0.0
 40
0.4
100
AcDbArc
 50
180.0
 51
270.0
  0
LINE
  5
100
330
1F
100
AcDbEntity
  8
50
  6
Continuous
 62
   251
370
    30
100
AcDbLine
 10
23.805
 20
15.1
 30
0.0
 11
23.805
 21
19.0
 31
0.0
  0
ARC
  5
101
330
1F
100
AcDbEntity
  8
50
  6
Continuous
 62
   251
370
    30
100
AcDbCircle
 10
24.205
 20
19.0
 30
0.0
 40
0.4
100
AcDbArc
 50
90.0
 51
180.0
  0
LINE
  5
102
330
1F
100
AcDbEntity
  8
50
  6
Continuous
 62
   251
370
    30
100
AcDbLine
 10
24.205
 20
19.4
 30
0.0
 11
30.405
 21
19.4
 31
0.0
  0
ARC
  5
103
330
1F
100
AcDbEntity
  8
50
  6
Continuous
 62
   251
370
    30
100
AcDbCircle
 10
30.405
 20
19.0
 30
0.0
 40
0.4
100
AcDbArc
 50
0.0
 51
90.0
  0
LINE
  5
104
330
1F
100
AcDbEntity
  8
50
  6
Continuous
 62
   251
370
    30
100
AcDbLine
 10
30.805
 20
19.0
 30
0.0
 11
30.805
 21
15.1
 31
0.0
  0
ARC
  5
105
330
1F
100
AcDbEntity
  8
50
  6
Continuous
 62
   251
370
    30
100
AcDbCircle
 10
30.405
 20
15.1
 30
0.0
 40
0.4
100
AcDbArc
 50
270.0
 51
0.0
  0
LINE
  5
106
330
1F
100
AcDbEntity
  8
50
  6
Continuous
 62
   251
370
    30
100
AcDbLine
 10
30.405
 20
14.7
 30
0.0
 11
29.805
 21
14.7
 31
0.0
  0
LINE
  5
107
330
1F
100
AcDbEntity
  8
50
  6
Continuous
 62
   251
370
    30
100
AcDbLine
 10
29.805
 20
14.7
 30
0.0
 11
29.805
 21
9.6
 31
0.0
  0
LINE
  5
108
330
1F
100
AcDbEntity
  8
50
  6
Continuous
 62
   251
370
    30
100
AcDbLine
 10
87.07
 20
39.4
 30
0.0
 11
87.07
 21
49.5
 31
0.0
  0
LINE
  5
109
330
1F
100
AcDbEntity
  8
50
  6
Continuous
 62
   251
370
    30
100
AcDbLine
 10
92.57
 20
50.49
 30
0.0
 11
96.47
 21
50.49
 31
0.0
  0
ARC
  5
10A
330
1F
100
AcDbEntity
  8
50
  6
Continuous
 62
   251
370
    30
100
AcDbCircle
 10
96.47
 20
50.09
 30
0.0
 40
0.4
100
AcDbArc
 50
0.0
 51
90.0
  0
LINE
  5
10B
330
1F
100
AcDbEntity
  8
50
  6
Continuous
 62
   251
370
    30
100
AcDbLine
 10
96.87
 20
50.09
 30
0.0
 11
96.87
 21
38.81
 31
0.0
  0
ARC
  5
10C
330
1F
100
AcDbEntity
  8
50
  6
Continuous
 62
   251
370
    30
100
AcDbCircle
 10
96.47
 20
38.81
 30
0.0
 40
0.4
100
AcDbArc
 50
270.0
 51
0.0
  0
LINE
  5
10D
330
1F
100
AcDbEntity
  8
50
  6
Continuous
 62
   251
370
    30
100
AcDbLine
 10
96.47
 20
38.41
 30
0.0
 11
92.57
 21
38.41
 31
0.0
  0
ARC
  5
10E
330
1F
100
AcDbEntity
  8
50
  6
Continuous
 62
   251
370
    30
100
AcDbCircle
 10
92.57
 20
38.81
 30
0.0
 40
0.4
100
AcDbArc
 50
180.0
 51
270.0
  0
LINE
  5
10F
330
1F
100
AcDbEntity
  8
50
  6
Continuous
 62
   251
370
    30
100
AcDbLine
 10
92.17
 20
38.81
 30
0.0
 11
92.17
 21
39.4
 31
0.0
  0
LINE
  5
110
330
1F
100
AcDbEntity
  8
50
  6
Continuous
 62
   251
370
    30
100
AcDbLine
 10
92.17
 20
39.4
 30
0.0
 11
87.07
 21
39.4
 31
0.0
  0
LINE
  5
111
330
1F
100
AcDbEntity
  8
50
  6
Continuous
 62
   251
370
    30
100
AcDbLine
 10
87.07
 20
49.5
 30
0.0
 11
92.17
 21
49.5
 31
0.0
  0
LINE
  5
112
330
1F
100
AcDbEntity
  8
50
  6
Continuous
 62
   251
370
    30
100
AcDbLine
 10
92.17
 20
49.5
 30
0.0
 11
92.17
 21
50.09
 31
0.0
  0
ARC
  5
113
330
1F
100
AcDbEntity
  8
50
  6
Continuous
 62
   251
370
    30
100
AcDbCircle
 10
92.57
 20
50.09
 30
0.0
 40
0.4
100
AcDbArc
 50
90.0
 51
180.0
  0
LINE
  5
114
330
1F
100
AcDbEntity
  8
50
  6
Continuous
 62
   251
370
    30
100
AcDbLine
 10
56.475
 20
12.775
 30
0.0
 11
51.475
 21
12.775
 31
0.0
  0
LINE
  5
115
330
1F
100
AcDbEntity
  8
50
  6
Continuous
 62
   251
370
    30
100
AcDbLine
 10
51.475
 20
12.775
 30
0.0
 11
51.475
 21
17.875
 31
0.0
  0
LINE
  5
116
330
1F
100
AcDbEntity
  8
50
  6
Continuous
 62
   251
370
    30
100
AcDbLine
 10
51.475
 20
17.875
 30
0.0
 11
50.875
 21
17.875
 31
0.0
  0
ARC
  5
117
330
1F
100
AcDbEntity
  8
50
  6
Continuous
 62
   251
370
    30
100
AcDbCircle
 10
50.875
 20
18.275
 30
0.0
 40
0.4
100
AcDbArc
 50
180.0
 51
270.0
  0
LINE
  5
118
330
1F
100
AcDbEntity
  8
50
  6
Continuous
 62
   251
370
    30
100
AcDbLine
 10
50.475
 20
18.275
 30
0.0
 11
50.475
 21
21.375
 31
0.0
  0
ARC
  5
119
330
1F
100
AcDbEntity
  8
50
  6
Continuous
 62
   251
370
    30
100
AcDbCircle
 10
50.875
 20
21.375
 30
0.0
 40
0.4
100
AcDbArc
 50
90.0
 51
180.0
  0
LINE
  5
11A
330
1F
100
AcDbEntity
  8
50
  6
Continuous
 62
   251
370
    30
100
AcDbLine
 10
50.875
 20
21.775
 30
0.0
 11
57.0773752072
 21
21.77731235
 31
0.0
  0
LINE
  5
11B
330
1F
100
AcDbEntity
  8
50
  6
Continuous
 62
   251
370
    30
100
AcDbLine
 10
56.475
 20
17.745
 30
0.0
 11
56.475
 21
12.775
 31
0.0
  0
LINE
  5
11C
330
1F
100
AcDbEntity
  8
50
  6
Continuous
 62
   251
370
    30
100
AcDbLine
 10
32.858
 20
5.065
 30
0.0
 11
31.258
 21
5.065
 31
0.0
  0
ARC
  5
11D
330
1F
100
AcDbEntity
  8
50
  6
Continuous
 62
   251
370
    30
100
AcDbCircle
 10
31.258
 20
5.465
 30
0.0
 40
0.4
100
AcDbArc
 50
180.0
 51
270.0
  0
LINE
  5
11E
330
1F
100
AcDbEntity
  8
50
  6
Continuous
 62
   251
370
    30
100
AcDbLine
 10
30.858
 20
5.465
 30
0.0
 11
30.858
 21
5.965
 31
0.0
  0
ARC
  5
11F
330
1F
100
AcDbEntity
  8
50
  6
Continuous
 62
   251
370
    30
100
AcDbCircle
 10
31.258
 20
5.965
 30
0.0
 40
0.4
100
AcDbArc
 50
90.0
 51
180.0
  0
LINE
  5
120
330
1F
100
AcDbEntity
  8
50
  6
Continuous
 62
   251
370
    30
100
AcDbLine
 10
31.258
 20
6.365
 30
0.0
 11
32.858
 21
6.365
 31
0.0
  0
LINE
  5
121
330
1F
100
AcDbEntity
  8
50
  6
Continuous
 62
   251
370
    30
100
AcDbLine
 10
32.858
 20
5.065
 30
0.0
 11
32.858
 21
4.615
 31
0.0
  0
ARC
  5
122
330
1F
100
AcDbEntity
  8
50
  6
Continuous
 62
   251
370
    30
100
AcDbCircle
 10
33.258
 20
4.615
 30
0.0
 40
0.4
100
AcDbArc
 50
180.0
 51
270.0
  0
LINE
  5
123
330
1F
100
AcDbEntity
  8
50
  6
Continuous
 62
   251
370
    30
100
AcDbLine
 10
33.258
 20
4.215
 30
0.0
 11
35.358
 21
4.215
 31
0.0
  0
ARC
  5
124
330
1F
100
AcDbEntity
  8
50
  6
Continuous
 62
   251
370
    30
100
AcDbCircle
 10
35.358
 20
4.615
 30
0.0
 40
0.4
100
AcDbArc
 50
270.0
 51
0.0
  0
LINE
  5
125
330
1F
100
AcDbEntity
  8
50
  6
Continuous
 62
   251
370
    30
100
AcDbLine
 10
35.758
 20
4.615
 30
0.0
 11
35.758
 21
6.815
 31
0.0
  0
ARC
  5
126
330
1F
100
AcDbEntity
  8
50
  6
Continuous
 62
   251
370
    30
100
AcDbCircle
 10
35.358
 20
6.815
 30
0.0
 40
0.4
100
AcDbArc
 50
0.0
 51
90.0
  0
LINE
  5
127
330
1F
100
AcDbEntity
  8
50
  6
Continuous
 62
   251
370
    30
100
AcDbLine
 10
35.358
 20
7.215
 30
0.0
 11
33.258
 21
7.215
 31
0.0
  0
ARC
  5
128
330
1F
100
AcDbEntity
  8
50
  6
Continuous
 62
   251
370
    30
100
AcDbCircle
 10
33.258
 20
6.815
 30
0.0
 40
0.4
100
AcDbArc
 50
90.0
 51
180.0
  0
LINE
  5
129
330
1F
100
AcDbEntity
  8
50
  6
Continuous
 62
   251
370
    30
100
AcDbLine
 10
32.858
 20
6.815
 30
0.0
 11
32.858
 21
6.365
 31
0.0
  0
LINE
  5
12A
330
1F
100
AcDbEntity
  8
50
  6
Continuous
 62
   251
370
    30
100
AcDbLine
 10
23.51
 20
11.7125
 30
0.0
 11
23.51
 21
10.1125
 31
0.0
  0
ARC
  5
12B
330
1F
100
AcDbEntity
  8
50
  6
Continuous
 62
   251
370
    30
100
AcDbCircle
 10
23.11
 20
10.1125
 30
0.0
 40
0.4
100
AcDbArc
 50
270.0
 51
0.0
  0
LINE
  5
12C
330
1F
100
AcDbEntity
  8
50
  6
Continuous
 62
   251
370
    30
100
AcDbLine
 10
23.11
 20
9.7125
 30
0.0
 11
22.61
 21
9.7125
 31
0.0
  0
ARC
  5
12D
330
1F
100
AcDbEntity
  8
50
  6
Continuous
 62
   251
370
    30
100
AcDbCircle
 10
22.61
 20
10.1125
 30
0.0
 40
0.4
100
AcDbArc
 50
180.0
 51
270.0
  0
LINE
  5
12E
330
1F
100
AcDbEntity
  8
50
  6
Continuous
 62
   251
370
    30
100
AcDbLine
 10
22.21
 20
10.1125
 30
0.0
 11
22.21
 21
11.7125
 31
0.0
  0
LINE
  5
12F
330
1F
100
AcDbEntity
  8
50
  6
Continuous
 62
   251
370
    30
100
AcDbLine
 10
23.51
 20
11.7125
 30
0.0
 11
23.96
 21
11.7125
 31
0.0
  0
ARC
  5
130
330
1F
100
AcDbEntity
  8
50
  6
Continuous
 62
   251
370
    30
100
AcDbCircle
 10
23.96
 20
12.1125
 30
0.0
 40
0.4
100
AcDbArc
 50
270.0
 51
0.0
  0
LINE
  5
131
330
1F
100
AcDbEntity
  8
50
  6
Continuous
 62
   251
370
    30
100
AcDbLine
 10
24.36
 20
12.1125
 30
0.0
 11
24.36
 21
14.2125
 31
0.0
  0
ARC
  5
132
330
1F
100
AcDbEntity
  8
50
  6
Continuous
 62
   251
370
    30
100
AcDbCircle
 10
23.96
 20
14.2125
 30
0.0
 40
0.4
100
AcDbArc
 50
0.0
 51
90.0
  0
LINE
  5
133
330
1F
100
AcDbEntity
  8
50
  6
Continuous
 62
   251
370
    30
100
AcDbLine
 10
23.96
 20
14.6125
 30
0.0
 11
21.76
 21
14.6125
 31
0.0
  0
ARC
  5
134
330
1F
100
AcDbEntity
  8
50
  6
Continuous
 62
   251
370
    30
100
AcDbCircle
 10
21.76
 20
14.2125
 30
0.0
 40
0.4
100
AcDbArc
 50
90.0
 51
180.0
  0
LINE
  5
135
330
1F
100
AcDbEntity
  8
50
  6
Continuous
 62
   251
370
    30
100
AcDbLine
 10
21.36
 20
14.2125
 30
0.0
 11
21.36
 21
12.1125
 31
0.0
  0
ARC
  5
136
330
1F
100
AcDbEntity
  8
50
  6
Continuous
 62
   251
370
    30
100
AcDbCircle
 10
21.76
 20
12.1125
 30
0.0
 40
0.4
100
AcDbArc
 50
180.0
 51
270.0
  0
LINE
  5
137
330
1F
100
AcDbEntity
  8
50
  6
Continuous
 62
   251
370
    30
100
AcDbLine
 10
21.76
 20
11.7125
 30
0.0
 11
22.21
 21
11.7125
 31
0.0
  0
LINE
  5
138
330
1F
100
AcDbEntity
  8
50
  6
Continuous
 62
   251
370
    30
100
AcDbLine
 10
33.62
 20
8.5575
 30
0.0
 11
32.02
 21
8.5575
 31
0.0
  0
ARC
  5
139
330
1F
100
AcDbEntity
  8
50
  6
Continuous
 62
   251
370
    30
100
AcDbCircle
 10
32.02
 20
8.9575
 30
0.0
 40
0.4
100
AcDbArc
 50
180.0
 51
270.0
  0
LINE
  5
13A
330
1F
100
AcDbEntity
  8
50
  6
Continuous
 62
   251
370
    30
100
AcDbLine
 10
31.62
 20
8.9575
 30
0.0
 11
31.62
 21
9.4575
 31
0.0
  0
ARC
  5
13B
330
1F
100
AcDbEntity
  8
50
  6
Continuous
 62
   251
370
    30
100
AcDbCircle
 10
32.02
 20
9.4575
 30
0.0
 40
0.4
100
AcDbArc
 50
90.0
 51
180.0
  0
LINE
  5
13C
330
1F
100
AcDbEntity
  8
50
  6
Continuous
 62
   251
370
    30
100
AcDbLine
 10
32.02
 20
9.8575
 30
0.0
 11
33.62
 21
9.8575
 31
0.0
  0
LINE
  5
13D
330
1F
100
AcDbEntity
  8
50
  6
Continuous
 62
   251
370
    30
100
AcDbLine
 10
33.62
 20
8.5575
 30
0.0
 11
33.62
 21
8.1075
 31
0.0
  0
ARC
  5
13E
330
1F
100
AcDbEntity
  8
50
  6
Continuous
 62
   251
370
    30
100
AcDbCircle
 10
34.02
 20
8.1075
 30
0.0
 40
0.4
100
AcDbArc
 50
180.0
 51
270.0
  0
LINE
  5
13F
330
1F
100
AcDbEntity
  8
50
  6
Continuous
 62
   251
370
    30
100
AcDbLine
 10
34.02
 20
7.7075
 30
0.0
 11
36.12
 21
7.7075
 31
0.0
  0
ARC
  5
140
330
1F
100
AcDbEntity
  8
50
  6
Continuous
 62
   251
370
    30
100
AcDbCircle
 10
36.12
 20
8.1075
 30
0.0
 40
0.4
100
AcDbArc
 50
270.0
 51
0.0
  0
LINE
  5
141
330
1F
100
AcDbEntity
  8
50
  6
Continuous
 62
   251
370
    30
100
AcDbLine
 10
36.52
 20
8.1075
 30
0.0
 11
36.52
 21
10.3075
 31
0.0
  0
ARC
  5
142
330
1F
100
AcDbEntity
  8
50
  6
Continuous
 62
   251
370
    30
100
AcDbCircle
 10
36.12
 20
10.3075
 30
0.0
 40
0.4
100
AcDbArc
 50
0.0
 51
90.0
  0
LINE
  5
143
330
1F
100
AcDbEntity
  8
50
  6
Continuous
 62
   251
370
    30
100
AcDbLine
 10
36.12
 20
10.7075
 30
0.0
 11
34.02
 21
10.7075
 31
0.0
  0
ARC
  5
144
330
1F
100
AcDbEntity
  8
50
  6
Continuous
 62
   251
370
    30
100
AcDbCircle
 10
34.02
 20
10.3075
 30
0.0
 40
0.4
100
AcDbArc
 50
90.0
 51
180.0
  0
LINE
  5
145
330
1F
100
AcDbEntity
  8
50
  6
Continuous
 62
   251
370
    30
100
AcDbLine
 10
33.62
 20
10.3075
 30
0.0
 11
33.62
 21
9.8575
 31
0.0
  0
LINE
  5
146
330
1F
100
AcDbEntity
  8
50
  6
Continuous
 62
   251
370
    30
100
AcDbLine
 10
33.62
 20
12.3675
 30
0.0
 11
32.02
 21
12.3675
 31
0.0
  0
ARC
  5
147
330
1F
100
AcDbEntity
  8
50
  6
Continuous
 62
   251
370
    30
100
AcDbCircle
 10
32.02
 20
12.7675
 30
0.0
 40
0.4
100
AcDbArc
 50
180.0
 51
270.0
  0
LINE
  5
148
330
1F
100
AcDbEntity
  8
50
  6
Continuous
 62
   251
370
    30
100
AcDbLine
 10
31.62
 20
12.7675
 30
0.0
 11
31.62
 21
13.2675
 31
0.0
  0
ARC
  5
149
330
1F
100
AcDbEntity
  8
50
  6
Continuous
 62
   251
370
    30
100
AcDbCircle
 10
32.02
 20
13.2675
 30
0.0
 40
0.4
100
AcDbArc
 50
90.0
 51
180.0
  0
LINE
  5
14A
330
1F
100
AcDbEntity
  8
50
  6
Continuous
 62
   251
370
    30
100
AcDbLine
 10
32.02
 20
13.6675
 30
0.0
 11
33.62
 21
13.6675
 31
0.0
  0
LINE
  5
14B
330
1F
100
AcDbEntity
  8
50
  6
Continuous
 62
   251
370
    30
100
AcDbLine
 10
33.62
 20
12.3675
 30
0.0
 11
33.62
 21
11.9175
 31
0.0
  0
ARC
  5
14C
330
1F
100
AcDbEntity
  8
50
  6
Continuous
 62
   251
370
    30
100
AcDbCircle
 10
34.02
 20
11.9175
 30
0.0
 40
0.4
100
AcDbArc
 50
180.0
 51
270.0
  0
LINE
  5
14D
330
1F
100
AcDbEntity
  8
50
  6
Continuous
 62
   251
370
    30
100
AcDbLine
 10
34.02
 20
11.5175
 30
0.0
 11
36.12
 21
11.5175
 31
0.0
  0
ARC
  5
14E
330
1F
100
AcDbEntity
  8
50
  6
Continuous
 62
   251
370
    30
100
AcDbCircle
 10
36.12
 20
11.9175
 30
0.0
 40
0.4
100
AcDbArc
 50
270.0
 51
0.0
  0
LINE
  5
14F
330
1F
100
AcDbEntity
  8
50
  6
Continuous
 62
   251
370
    30
100
AcDbLine
 10
36.52
 20
11.9175
 30
0.0
 11
36.52
 21
14.1175
 31
0.0
  0
ARC
  5
150
330
1F
100
AcDbEntity
  8
50
  6
Continuous
 62
   251
370
    30
100
AcDbCircle
 10
36.12
 20
14.1175
 30
0.0
 40
0.4
100
AcDbArc
 50
0.0
 51
90.0
  0
LINE
  5
151
330
1F
100
AcDbEntity
  8
50
  6
Continuous
 62
   251
370
    30
100
AcDbLine
 10
36.12
 20
14.5175
 30
0.0
 11
34.02
 21
14.5175
 31
0.0
  0
ARC
  5
152
330
1F
100
AcDbEntity
  8
50
  6
Continuous
 62
   251
370
    30
100
AcDbCircle
 10
34.02
 20
14.1175
 30
0.0
 40
0.4
100
AcDbArc
 50
90.0
 51
180.0
  0
LINE
  5
153
330
1F
100
AcDbEntity
  8
50
  6
Continuous
 62
   251
370
    30
100
AcDbLine
 10
33.62
 20
14.1175
 30
0.0
 11
33.62
 21
13.6675
 31
0.0
  0
LINE
  5
154
330
1F
100
AcDbEntity
  8
50
  6
Continuous
 62
   251
370
    30
100
AcDbLine
 10
46.3065
 20
24.095
 30
0.0
 11
46.3065
 21
22.495
 31
0.0
  0
ARC
  5
155
330
1F
100
AcDbEntity
  8
50
  6
Continuous
 62
   251
370
    30
100
AcDbCircle
 10
45.9065
 20
22.495
 30
0.0
 40
0.4
100
AcDbArc
 50
270.0
 51
0.0
  0
LINE
  5
156
330
1F
100
AcDbEntity
  8
50
  6
Continuous
 62
   251
370
    30
100
AcDbLine
 10
45.9065
 20
22.095
 30
0.0
 11
45.4065
 21
22.095
 31
0.0
  0
ARC
  5
157
330
1F
100
AcDbEntity
  8
50
  6
Continuous
 62
   251
370
    30
100
AcDbCircle
 10
45.4065
 20
22.495
 30
0.0
 40
0.4
100
AcDbArc
 50
180.0
 51
270.0
  0
LINE
  5
158
330
1F
100
AcDbEntity
  8
50
  6
Continuous
 62
   251
370
    30
100
AcDbLine
 10
45.0065
 20
22.495
 30
0.0
 11
45.0065
 21
24.095
 31
0.0
  0
LINE
  5
159
330
1F
100
AcDbEntity
  8
50
  6
Continuous
 62
   251
370
    30
100
AcDbLine
 10
46.3065
 20
24.095
 30
0.0
 11
46.7565
 21
24.095
 31
0.0
  0
ARC
  5
15A
330
1F
100
AcDbEntity
  8
50
  6
Continuous
 62
   251
370
    30
100
AcDbCircle
 10
46.7565
 20
24.495
 30
0.0
 40
0.4
100
AcDbArc
 50
270.0
 51
0.0
  0
LINE
  5
15B
330
1F
100
AcDbEntity
  8
50
  6
Continuous
 62
   251
370
    30
100
AcDbLine
 10
47.1565
 20
24.495
 30
0.0
 11
47.1565
 21
24.722
 31
0.0
  0
LINE
  5
15C
330
1F
100
AcDbEntity
  8
50
  6
Continuous
 62
   251
370
    30
100
AcDbLine
 10
46.26
 20
26.995
 30
0.0
 11
44.5565
 21
26.995
 31
0.0
  0
ARC
  5
15D
330
1F
100
AcDbEntity
  8
50
  6
Continuous
 62
   251
370
    30
100
AcDbCircle
 10
44.5565
 20
26.595
 30
0.0
 40
0.4
100
AcDbArc
 50
90.0
 51
180.0
  0
LINE
  5
15E
330
1F
100
AcDbEntity
  8
50
  6
Continuous
 62
   251
370
    30
100
AcDbLine
 10
44.1565
 20
26.595
 30
0.0
 11
44.1565
 21
24.495
 31
0.0
  0
ARC
  5
15F
330
1F
100
AcDbEntity
  8
50
  6
Continuous
 62
   251
370
    30
100
AcDbCircle
 10
44.5565
 20
24.495
 30
0.0
 40
0.4
100
AcDbArc
 50
180.0
 51
270.0
  0
LINE
  5
160
330
1F
100
AcDbEntity
  8
50
  6
Continuous
 62
   251
370
    30
100
AcDbLine
 10
44.5565
 20
24.095
 30
0.0
 11
45.0065
 21
24.095
 31
0.0
  0
LINE
  5
161
330
1F
100
AcDbEntity
  8
50
  6
Continuous
 62
   251
370
    30
100
AcDbLine
 10
57.77
 20
21.9425
 30
0.0
 11
57.77
 21
23.5425
 31
0.0
  0
ARC
  5
162
330
1F
100
AcDbEntity
  8
50
  6
Continuous
 62
   251
370
    30
100
AcDbCircle
 10
58.17
 20
23.5425
 30
0.0
 40
0.4
100
AcDbArc
 50
90.0
 51
180.0
  0
LINE
  5
163
330
1F
100
AcDbEntity
  8
50
  6
Continuous
 62
   251
370
    30
100
AcDbLine
 10
58.17
 20
23.9425
 30
0.0
 11
58.67
 21
23.9425
 31
0.0
  0
ARC
  5
164
330
1F
100
AcDbEntity
  8
50
  6
Continuous
 62
   251
370
    30
100
AcDbCircle
 10
58.67
 20
23.5425
 30
0.0
 40
0.4
100
AcDbArc
 50
0.0
 51
90.0
  0
LINE
  5
165
330
1F
100
AcDbEntity
  8
50
  6
Continuous
 62
   251
370
    30
100
AcDbLine
 10
59.07
 20
23.5425
 30
0.0
 11
59.07
 21
21.9425
 31
0.0
  0
LINE
  5
166
330
1F
100
AcDbEntity
  8
50
  6
Continuous
 62
   251
370
    30
100
AcDbLine
 10
57.77
 20
21.9425
 30
0.0
 11
57.0773752072
 21
21.77731235
 31
0.0
  0
LINE
  5
167
330
1F
100
AcDbEntity
  8
50
  6
Continuous
 62
   251
370
    30
100
AcDbLine
 10
59.92
 20
19.4425
 30
0.0
 11
59.92
 21
21.5425
 31
0.0
  0
ARC
  5
168
330
1F
100
AcDbEntity
  8
50
  6
Continuous
 62
   251
370
    30
100
AcDbCircle
 10
59.52
 20
21.5425
 30
0.0
 40
0.4
100
AcDbArc
 50
0.0
 51
90.0
  0
LINE
  5
169
330
1F
100
AcDbEntity
  8
50
  6
Continuous
 62
   251
370
    30
100
AcDbLine
 10
59.52
 20
21.9425
 30
0.0
 11
59.07
 21
21.9425
 31
0.0
  0
LINE
  5
16A
330
1F
100
AcDbEntity
  8
50
  6
Continuous
 62
   251
370
    30
100
AcDbLine
 10
55.26
 20
24.095
 30
0.0
 11
55.26
 21
22.495
 31
0.0
  0
ARC
  5
16B
330
1F
100
AcDbEntity
  8
50
  6
Continuous
 62
   251
370
    30
100
AcDbCircle
 10
54.86
 20
22.495
 30
0.0
 40
0.4
100
AcDbArc
 50
270.0
 51
0.0
  0
LINE
  5
16C
330
1F
100
AcDbEntity
  8
50
  6
Continuous
 62
   251
370
    30
100
AcDbLine
 10
54.86
 20
22.095
 30
0.0
 11
54.36
 21
22.095
 31
0.0
  0
ARC
  5
16D
330
1F
100
AcDbEntity
  8
50
  6
Continuous
 62
   251
370
    30
100
AcDbCircle
 10
54.36
 20
22.495
 30
0.0
 40
0.4
100
AcDbArc
 50
180.0
 51
270.0
  0
LINE
  5
16E
330
1F
100
AcDbEntity
  8
50
  6
Continuous
 62
   251
370
    30
100
AcDbLine
 10
53.96
 20
22.495
 30
0.0
 11
53.96
 21
24.095
 31
0.0
  0
LINE
  5
16F
330
1F
100
AcDbEntity
  8
50
  6
Continuous
 62
   251
370
    30
100
AcDbLine
 10
55.26
 20
24.095
 30
0.0
 11
55.71
 21
24.095
 31
0.0
  0
ARC
  5
170
330
1F
100
AcDbEntity
  8
50
  6
Continuous
 62
   251
370
    30
100
AcDbCircle
 10
55.71
 20
24.495
 30
0.0
 40
0.4
100
AcDbArc
 50
270.0
 51
0.0
  0
LINE
  5
171
330
1F
100
AcDbEntity
  8
50
  6
Continuous
 62
   251
370
    30
100
AcDbLine
 10
56.11
 20
24.495
 30
0.0
 11
56.11
 21
26.595
 31
0.0
  0
ARC
  5
172
330
1F
100
AcDbEntity
  8
50
  6
Continuous
 62
   251
370
    30
100
AcDbCircle
 10
55.71
 20
26.595
 30
0.0
 40
0.4
100
AcDbArc
 50
0.0
 51
90.0
  0
LINE
  5
173
330
1F
100
AcDbEntity
  8
50
  6
Continuous
 62
   251
370
    30
100
AcDbLine
 10
55.71
 20
26.995
 30
0.0
 11
53.51
 21
26.995
 31
0.0
  0
ARC
  5
174
330
1F
100
AcDbEntity
  8
50
  6
Continuous
 62
   251
370
    30
100
AcDbCircle
 10
53.51
 20
26.595
 30
0.0
 40
0.4
100
AcDbArc
 50
90.0
 51
180.0
  0
LINE
  5
175
330
1F
100
AcDbEntity
  8
50
  6
Continuous
 62
   251
370
    30
100
AcDbLine
 10
53.11
 20
26.595
 30
0.0
 11
53.11
 21
24.495
 31
0.0
  0
ARC
  5
176
330
1F
100
AcDbEntity
  8
50
  6
Continuous
 62
   251
370
    30
100
AcDbCircle
 10
53.51
 20
24.495
 30
0.0
 40
0.4
100
AcDbArc
 50
180.0
 51
270.0
  0
LINE
  5
177
330
1F
100
AcDbEntity
  8
50
  6
Continuous
 62
   251
370
    30
100
AcDbLine
 10
53.51
 20
24.095
 30
0.0
 11
53.96
 21
24.095
 31
0.0
  0
LINE
  5
178
330
1F
100
AcDbEntity
  8
50
  6
Continuous
 62
   251
370
    30
100
AcDbLine
 10
51.45
 20
24.095
 30
0.0
 11
51.45
 21
22.495
 31
0.0
  0
ARC
  5
179
330
1F
100
AcDbEntity
  8
50
  6
Continuous
 62
   251
370
    30
100
AcDbCircle
 10
51.05
 20
22.495
 30
0.0
 40
0.4
100
AcDbArc
 50
270.0
 51
0.0
  0
LINE
  5
17A
330
1F
100
AcDbEntity
  8
50
  6
Continuous
 62
   251
370
    30
100
AcDbLine
 10
51.05
 20
22.095
 30
0.0
 11
50.55
 21
22.095
 31
0.0
  0
ARC
  5
17B
330
1F
100
AcDbEntity
  8
50
  6
Continuous
 62
   251
370
    30
100
AcDbCircle
 10
50.55
 20
22.495
 30
0.0
 40
0.4
100
AcDbArc
 50
180.0
 51
270.0
  0
LINE
  5
17C
330
1F
100
AcDbEntity
  8
50
  6
Continuous
 62
   251
370
    30
100
AcDbLine
 10
50.15
 20
22.495
 30
0.0
 11
50.15
 21
24.095
 31
0.0
  0
LINE
  5
17D
330
1F
100
AcDbEntity
  8
50
  6
Continuous
 62
   251
370
    30
100
AcDbLine
 10
51.45
 20
24.095
 30
0.0
 11
51.9
 21
24.095
 31
0.0
  0
ARC
  5
17E
330
1F
100
AcDbEntity
  8
50
  6
Continuous
 62
   251
370
    30
100
AcDbCircle
 10
51.9
 20
24.495
 30
0.0
 40
0.4
100
AcDbArc
 50
270.0
 51
0.0
  0
LINE
  5
17F
330
1F
100
AcDbEntity
  8
50
  6
Continuous
 62
   251
370
    30
100
AcDbLine
 10
52.3
 20
24.495
 30
0.0
 11
52.3
 21
26.595
 31
0.0
  0
ARC
  5
180
330
1F
100
AcDbEntity
  8
50
  6
Continuous
 62
   251
370
    30
100
AcDbCircle
 10
51.9
 20
26.595
 30
0.0
 40
0.4
100
AcDbArc
 50
0.0
 51
90.0
  0
LINE
  5
181
330
1F
100
AcDbEntity
  8
50
  6
Continuous
 62
   251
370
    30
100
AcDbLine
 10
51.9
 20
26.995
 30
0.0
 11
50.26
 21
26.995
 31
0.0
  0
LINE
  5
182
330
1F
100
AcDbEntity
  8
50
  6
Continuous
 62
   251
370
    30
100
AcDbLine
 10
49.3
 20
24.722
 30
0.0
 11
49.3
 21
24.495
 31
0.0
  0
ARC
  5
183
330
1F
100
AcDbEntity
  8
50
  6
Continuous
 62
   251
370
    30
100
AcDbCircle
 10
49.7
 20
24.495
 30
0.0
 40
0.4
100
AcDbArc
 50
180.0
 51
270.0
  0
LINE
  5
184
330
1F
100
AcDbEntity
  8
50
  6
Continuous
 62
   251
370
    30
100
AcDbLine
 10
49.7
 20
24.095
 30
0.0
 11
50.15
 21
24.095
 31
0.0
  0
LINE
  5
185
330
1F
100
AcDbEntity
  8
50
  6
Continuous
 62
   251
370
    30
100
AcDbLine
 10
22.845
 20
36.23
 30
0.0
 11
22.845
 21
37.83
 31
0.0
  0
ARC
  5
186
330
1F
100
AcDbEntity
  8
50
  6
Continuous
 62
   251
370
    30
100
AcDbCircle
 10
23.245
 20
37.83
 30
0.0
 40
0.4
100
AcDbArc
 50
90.0
 51
180.0
  0
LINE
  5
187
330
1F
100
AcDbEntity
  8
50
  6
Continuous
 62
   251
370
    30
100
AcDbLine
 10
23.245
 20
38.23
 30
0.0
 11
23.745
 21
38.23
 31
0.0
  0
ARC
  5
188
330
1F
100
AcDbEntity
  8
50
  6
Continuous
 62
   251
370
    30
100
AcDbCircle
 10
23.745
 20
37.83
 30
0.0
 40
0.4
100
AcDbArc
 50
0.0
 51
90.0
  0
LINE
  5
189
330
1F
100
AcDbEntity
  8
50
  6
Continuous
 62
   251
370
    30
100
AcDbLine
 10
24.145
 20
37.83
 30
0.0
 11
24.145
 21
36.23
 31
0.0
  0
LINE
  5
18A
330
1F
100
AcDbEntity
  8
50
  6
Continuous
 62
   251
370
    30
100
AcDbLine
 10
22.845
 20
36.23
 30
0.0
 11
22.395
 21
36.23
 31
0.0
  0
ARC
  5
18B
330
1F
100
AcDbEntity
  8
50
  6
Continuous
 62
   251
370
    30
100
AcDbCircle
 10
22.395
 20
35.83
 30
0.0
 40
0.4
100
AcDbArc
 50
90.0
 51
180.0
  0
LINE
  5
18C
330
1F
100
AcDbEntity
  8
50
  6
Continuous
 62
   251
370
    30
100
AcDbLine
 10
21.995
 20
35.83
 30
0.0
 11
21.995
 21
33.73
 31
0.0
  0
ARC
  5
18D
330
1F
100
AcDbEntity
  8
50
  6
Continuous
 62
   251
370
    30
100
AcDbCircle
 10
22.395
 20
33.73
 30
0.0
 40
0.4
100
AcDbArc
 50
180.0
 51
270.0
  0
LINE
  5
18E
330
1F
100
AcDbEntity
  8
50
  6
Continuous
 62
   251
370
    30
100
AcDbLine
 10
22.395
 20
33.33
 30
0.0
 11
24.595
 21
33.33
 31
0.0
  0
ARC
  5
18F
330
1F
100
AcDbEntity
  8
50
  6
Continuous
 62
   251
370
    30
100
AcDbCircle
 10
24.595
 20
33.73
 30
0.0
 40
0.4
100
AcDbArc
 50
270.0
 51
360.0
  0
LINE
  5
190
330
1F
100
AcDbEntity
  8
50
  6
Continuous
 62
   251
370
    30
100
AcDbLine
 10
24.995
 20
33.73
 30
0.0
 11
24.995
 21
35.83
 31
0.0
  0
ARC
  5
191
330
1F
100
AcDbEntity
  8
50
  6
Continuous
 62
   251
370
    30
100
AcDbCircle
 10
24.595
 20
35.83
 30
0.0
 40
0.4
100
AcDbArc
 50
0.0
 51
90.0
  0
LINE
  5
192
330
1F
100
AcDbEntity
  8
50
  6
Continuous
 62
   251
370
    30
100
AcDbLine
 10
24.595
 20
36.23
 30
0.0
 11
24.145
 21
36.23
 31
0.0
  0
LINE
  5
193
330
1F
100
AcDbEntity
  8
50
  6
Continuous
 62
   251
370
    30
100
AcDbLine
 10
44.1675
 20
16.525
 30
0.0
 11
45.7675
 21
16.525
 31
0.0
  0
ARC
  5
194
330
1F
100
AcDbEntity
  8
50
  6
Continuous
 62
   251
370
    30
100
AcDbCircle
 10
45.7675
 20
16.125
 30
0.0
 40
0.4
100
AcDbArc
 50
0.0
 51
90.0
  0
LINE
  5
195
330
1F
100
AcDbEntity
  8
50
  6
Continuous
 62
   251
370
    30
100
AcDbLine
 10
46.1675
 20
16.125
 30
0.0
 11
46.1675
 21
15.625
 31
0.0
  0
ARC
  5
196
330
1F
100
AcDbEntity
  8
50
  6
Continuous
 62
   251
370
    30
100
AcDbCircle
 10
45.7675
 20
15.625
 30
0.0
 40
0.4
100
AcDbArc
 50
270.0
 51
0.0
  0
LINE
  5
197
330
1F
100
AcDbEntity
  8
50
  6
Continuous
 62
   251
370
    30
100
AcDbLine
 10
45.7675
 20
15.225
 30
0.0
 11
44.1675
 21
15.225
 31
0.0
  0
LINE
  5
198
330
1F
100
AcDbEntity
  8
50
  6
Continuous
 62
   251
370
    30
100
AcDbLine
 10
44.1675
 20
16.525
 30
0.0
 11
44.1675
 21
16.975
 31
0.0
  0
ARC
  5
199
330
1F
100
AcDbEntity
  8
50
  6
Continuous
 62
   251
370
    30
100
AcDbCircle
 10
43.7675
 20
16.975
 30
0.0
 40
0.4
100
AcDbArc
 50
0.0
 51
90.0
  0
LINE
  5
19A
330
1F
100
AcDbEntity
  8
50
  6
Continuous
 62
   251
370
    30
100
AcDbLine
 10
43.7675
 20
17.375
 30
0.0
 11
41.6675
 21
17.375
 31
0.0
  0
ARC
  5
19B
330
1F
100
AcDbEntity
  8
50
  6
Continuous
 62
   251
370
    30
100
AcDbCircle
 10
41.6675
 20
16.975
 30
0.0
 40
0.4
100
AcDbArc
 50
90.0
 51
180.0
  0
LINE
  5
19C
330
1F
100
AcDbEntity
  8
50
  6
Continuous
 62
   251
370
    30
100
AcDbLine
 10
41.2675
 20
16.975
 30
0.0
 11
41.2675
 21
14.775
 31
0.0
  0
ARC
  5
19D
330
1F
100
AcDbEntity
  8
50
  6
Continuous
 62
   251
370
    30
100
AcDbCircle
 10
41.6675
 20
14.775
 30
0.0
 40
0.4
100
AcDbArc
 50
180.0
 51
270.0
  0
LINE
  5
19E
330
1F
100
AcDbEntity
  8
50
  6
Continuous
 62
   251
370
    30
100
AcDbLine
 10
41.6675
 20
14.375
 30
0.0
 11
43.7675
 21
14.375
 31
0.0
  0
ARC
  5
19F
330
1F
100
AcDbEntity
  8
50
  6
Continuous
 62
   251
370
    30
100
AcDbCircle
 10
43.7675
 20
14.775
 30
0.0
 40
0.4
100
AcDbArc
 50
270.0
 51
0.0
  0
LINE
  5
1A0
330
1F
100
AcDbEntity
  8
50
  6
Continuous
 62
   251
370
    30
100
AcDbLine
 10
44.1675
 20
14.775
 30
0.0
 11
44.1675
 21
15.225
 31
0.0
  0
LINE
  5
1A1
330
1F
100
AcDbEntity
  8
50
  6
Continuous
 62
   251
370
    30
100
AcDbLine
 10
24.145
 20
42.51
 30
0.0
 11
24.145
 21
40.91
 31
0.0
  0
ARC
  5
1A2
330
1F
100
AcDbEntity
  8
50
  6
Continuous
 62
   251
370
    30
100
AcDbCircle
 10
23.745
 20
40.91
 30
0.0
 40
0.4
100
AcDbArc
 50
270.0
 51
0.0
  0
LINE
  5
1A3
330
1F
100
AcDbEntity
  8
50
  6
Continuous
 62
   251
370
    30
100
AcDbLine
 10
23.745
 20
40.51
 30
0.0
 11
23.245
 21
40.51
 31
0.0
  0
ARC
  5
1A4
330
1F
100
AcDbEntity
  8
50
  6
Continuous
 62
   251
370
    30
100
AcDbCircle
 10
23.245
 20
40.91
 30
0.0
 40
0.4
100
AcDbArc
 50
180.0
 51
270.0
  0
LINE
  5
1A5
330
1F
100
AcDbEntity
  8
50
  6
Continuous
 62
   251
370
    30
100
AcDbLine
 10
22.845
 20
40.91
 30
0.0
 11
22.845
 21
42.51
 31
0.0
  0
LINE
  5
1A6
330
1F
100
AcDbEntity
  8
50
  6
Continuous
 62
   251
370
    30
100
AcDbLine
 10
24.145
 20
42.51
 30
0.0
 11
24.595
 21
42.51
 31
0.0
  0
ARC
  5
1A7
330
1F
100
AcDbEntity
  8
50
  6
Continuous
 62
   251
370
    30
100
AcDbCircle
 10
24.595
 20
42.91
 30
0.0
 40
0.4
100
AcDbArc
 50
270.0
 51
0.0
  0
LINE
  5
1A8
330
1F
100
AcDbEntity
  8
50
  6
Continuous
 62
   251
370
    30
100
AcDbLine
 10
24.995
 20
42.91
 30
0.0
 11
24.995
 21
45.01
 31
0.0
  0
ARC
  5
1A9
330
1F
100
AcDbEntity
  8
50
  6
Continuous
 62
   251
370
    30
100
AcDbCircle
 10
24.595
 20
45.01
 30
0.0
 40
0.4
100
AcDbArc
 50
0.0
 51
90.0
  0
LINE
  5
1AA
330
1F
100
AcDbEntity
  8
50
  6
Continuous
 62
   251
370
    30
100
AcDbLine
 10
24.595
 20
45.41
 30
0.0
 11
22.395
 21
45.41
 31
0.0
  0
ARC
  5
1AB
330
1F
100
AcDbEntity
  8
50
  6
Continuous
 62
   251
370
    30
100
AcDbCircle
 10
22.395
 20
45.01
 30
0.0
 40
0.4
100
AcDbArc
 50
90.0
 51
180.0
  0
LINE
  5
1AC
330
1F
100
AcDbEntity
  8
50
  6
Continuous
 62
   251
370
    30
100
AcDbLine
 10
21.995
 20
45.01
 30
0.0
 11
21.995
 21
42.91
 31
0.0
  0
ARC
  5
1AD
330
1F
100
AcDbEntity
  8
50
  6
Continuous
 62
   251
370
    30
100
AcDbCircle
 10
22.395
 20
42.91
 30
0.0
 40
0.4
100
AcDbArc
 50
180.0
 51
270.0
  0
LINE
  5
1AE
330
1F
100
AcDbEntity
  8
50
  6
Continuous
 62
   251
370
    30
100
AcDbLine
 10
22.395
 20
42.51
 30
0.0
 11
22.845
 21
42.51
 31
0.0
  0
LINE
  5
1AF
330
1F
100
AcDbEntity
  8
50
  6
Continuous
 62
   251
370
    30
100
AcDbLine
 10
49.545
 20
16.7925
 30
0.0
 11
49.545
 21
15.1925
 31
0.0
  0
ARC
  5
1B0
330
1F
100
AcDbEntity
  8
50
  6
Continuous
 62
   251
370
    30
100
AcDbCircle
 10
49.145
 20
15.1925
 30
0.0
 40
0.4
100
AcDbArc
 50
270.0
 51
0.0
  0
LINE
  5
1B1
330
1F
100
AcDbEntity
  8
50
  6
Continuous
 62
   251
370
    30
100
AcDbLine
 10
49.145
 20
14.7925
 30
0.0
 11
48.645
 21
14.7925
 31
0.0
  0
ARC
  5
1B2
330
1F
100
AcDbEntity
  8
50
  6
Continuous
 62
   251
370
    30
100
AcDbCircle
 10
48.645
 20
15.1925
 30
0.0
 40
0.4
100
AcDbArc
 50
180.0
 51
270.0
  0
LINE
  5
1B3
330
1F
100
AcDbEntity
  8
50
  6
Continuous
 62
   251
370
    30
100
AcDbLine
 10
48.245
 20
15.1925
 30
0.0
 11
48.245
 21
16.7925
 31
0.0
  0
LINE
  5
1B4
330
1F
100
AcDbEntity
  8
50
  6
Continuous
 62
   251
370
    30
100
AcDbLine
 10
49.545
 20
16.7925
 30
0.0
 11
49.995
 21
16.7925
 31
0.0
  0
ARC
  5
1B5
330
1F
100
AcDbEntity
  8
50
  6
Continuous
 62
   251
370
    30
100
AcDbCircle
 10
49.995
 20
17.1925
 30
0.0
 40
0.4
100
AcDbArc
 50
270.0
 51
0.0
  0
LINE
  5
1B6
330
1F
100
AcDbEntity
  8
50
  6
Continuous
 62
   251
370
    30
100
AcDbLine
 10
50.395
 20
17.1925
 30
0.0
 11
50.395
 21
19.2925
 31
0.0
  0
ARC
  5
1B7
330
1F
100
AcDbEntity
  8
50
  6
Continuous
 62
   251
370
    30
100
AcDbCircle
 10
49.995
 20
19.2925
 30
0.0
 40
0.4
100
AcDbArc
 50
0.0
 51
90.0
  0
LINE
  5
1B8
330
1F
100
AcDbEntity
  8
50
  6
Continuous
 62
   251
370
    30
100
AcDbLine
 10
49.995
 20
19.6925
 30
0.0
 11
47.795
 21
19.6925
 31
0.0
  0
ARC
  5
1B9
330
1F
100
AcDbEntity
  8
50
  6
Continuous
 62
   251
370
    30
100
AcDbCircle
 10
47.795
 20
19.2925
 30
0.0
 40
0.4
100
AcDbArc
 50
90.0
 51
180.0
  0
LINE
  5
1BA
330
1F
100
AcDbEntity
  8
50
  6
Continuous
 62
   251
370
    30
100
AcDbLine
 10
47.395
 20
19.2925
 30
0.0
 11
47.395
 21
17.1925
 31
0.0
  0
ARC
  5
1BB
330
1F
100
AcDbEntity
  8
50
  6
Continuous
 62
   251
370
    30
100
AcDbCircle
 10
47.795
 20
17.1925
 30
0.0
 40
0.4
100
AcDbArc
 50
180.0
 51
270.0
  0
LINE
  5
1BC
330
1F
100
AcDbEntity
  8
50
  6
Continuous
 62
   251
370
    30
100
AcDbLine
 10
47.795
 20
16.7925
 30
0.0
 11
48.245
 21
16.7925
 31
0.0
  0
LINE
  5
1BD
330
1F
100
AcDbEntity
  8
50
  6
Continuous
 62
   251
370
    30
100
AcDbLine
 10
27.32
 20
42.51
 30
0.0
 11
27.32
 21
40.91
 31
0.0
  0
ARC
  5
1BE
330
1F
100
AcDbEntity
  8
50
  6
Continuous
 62
   251
370
    30
100
AcDbCircle
 10
26.92
 20
40.91
 30
0.0
 40
0.4
100
AcDbArc
 50
270.0
 51
0.0
  0
LINE
  5
1BF
330
1F
100
AcDbEntity
  8
50
  6
Continuous
 62
   251
370
    30
100
AcDbLine
 10
26.92
 20
40.51
 30
0.0
 11
26.42
 21
40.51
 31
0.0
  0
ARC
  5
1C0
330
1F
100
AcDbEntity
  8
50
  6
Continuous
 62
   251
370
    30
100
AcDbCircle
 10
26.42
 20
40.91
 30
0.0
 40
0.4
100
AcDbArc
 50
180.0
 51
270.0
  0
LINE
  5
1C1
330
1F
100
AcDbEntity
  8
50
  6
Continuous
 62
   251
370
    30
100
AcDbLine
 10
26.02
 20
40.91
 30
0.0
 11
26.02
 21
42.51
 31
0.0
  0
LINE
  5
1C2
330
1F
100
AcDbEntity
  8
50
  6
Continuous
 62
   251
370
    30
100
AcDbLine
 10
27.32
 20
42.51
 30
0.0
 11
27.77
 21
42.51
 31
0.0
  0
ARC
  5
1C3
330
1F
100
AcDbEntity
  8
50
  6
Continuous
 62
   251
370
    30
100
AcDbCircle
 10
27.77
 20
42.91
 30
0.0
 40
0.4
100
AcDbArc
 50
270.0
 51
0.0
  0
LINE
  5
1C4
330
1F
100
AcDbEntity
  8
50
  6
Continuous
 62
   251
370
    30
100
AcDbLine
 10
28.17
 20
42.91
 30
0.0
 11
28.17
 21
45.01
 31
0.0
  0
ARC
  5
1C5
330
1F
100
AcDbEntity
  8
50
  6
Continuous
 62
   251
370
    30
100
AcDbCircle
 10
27.77
 20
45.01
 30
0.0
 40
0.4
100
AcDbArc
 50
0.0
 51
90.0
  0
LINE
  5
1C6
330
1F
100
AcDbEntity
  8
50
  6
Continuous
 62
   251
370
    30
100
AcDbLine
 10
27.77
 20
45.41
 30
0.0
 11
25.57
 21
45.41
 31
0.0
  0
ARC
  5
1C7
330
1F
100
AcDbEntity
  8
50
  6
Continuous
 62
   251
370
    30
100
AcDbCircle
 10
25.57
 20
45.01
 30
0.0
 40
0.4
100
AcDbArc
 50
90.0
 51
180.0
  0
LINE
  5
1C8
330
1F
100
AcDbEntity
  8
50
  6
Continuous
 62
   251
370
    30
100
AcDbLine
 10
25.17
 20
45.01
 30
0.0
 11
25.17
 21
42.91
 31
0.0
  0
ARC
  5
1C9
330
1F
100
AcDbEntity
  8
50
  6
Continuous
 62
   251
370
    30
100
AcDbCircle
 10
25.57
 20
42.91
 30
0.0
 40
0.4
100
AcDbArc
 50
180.0
 51
270.0
  0
LINE
  5
1CA
330
1F
100
AcDbEntity
  8
50
  6
Continuous
 62
   251
370
    30
100
AcDbLine
 10
25.57
 20
42.51
 30
0.0
 11
26.02
 21
42.51
 31
0.0
  0
LINE
  5
1CB
330
1F
100
AcDbEntity
  8
50
  6
Continuous
 62
   251
370
    30
100
AcDbLine
 10
26.02
 20
36.23
 30
0.0
 11
26.02
 21
37.83
 31
0.0
  0
ARC
  5
1CC
330
1F
100
AcDbEntity
  8
50
  6
Continuous
 62
   251
370
    30
100
AcDbCircle
 10
26.42
 20
37.83
 30
0.0
 40
0.4
100
AcDbArc
 50
90.0
 51
180.0
  0
LINE
  5
1CD
330
1F
100
AcDbEntity
  8
50
  6
Continuous
 62
   251
370
    30
100
AcDbLine
 10
26.42
 20
38.23
 30
0.0
 11
26.92
 21
38.23
 31
0.0
  0
ARC
  5
1CE
330
1F
100
AcDbEntity
  8
50
  6
Continuous
 62
   251
370
    30
100
AcDbCircle
 10
26.92
 20
37.83
 30
0.0
 40
0.4
100
AcDbArc
 50
0.0
 51
90.0
  0
LINE
  5
1CF
330
1F
100
AcDbEntity
  8
50
  6
Continuous
 62
   251
370
    30
100
AcDbLine
 10
27.32
 20
37.83
 30
0.0
 11
27.32
 21
36.23
 31
0.0
  0
LINE
  5
1D0
330
1F
100
AcDbEntity
  8
50
  6
Continuous
 62
   251
370
    30
100
AcDbLine
 10
26.02
 20
36.23
 30
0.0
 11
25.57
 21
36.23
 31
0.0
  0
ARC
  5
1D1
330
1F
100
AcDbEntity
  8
50
  6
Continuous
 62
   251
370
    30
100
AcDbCircle
 10
25.57
 20
35.83
 30
0.0
 40
0.4
100
AcDbArc
 50
90.0
 51
180.0
  0
LINE
  5
1D2
330
1F
100
AcDbEntity
  8
50
  6
Continuous
 62
   251
370
    30
100
AcDbLine
 10
25.17
 20
35.83
 30
0.0
 11
25.17
 21
33.73
 31
0.0
  0
ARC
  5
1D3
330
1F
100
AcDbEntity
  8
50
  6
Continuous
 62
   251
370
    30
100
AcDbCircle
 10
25.57
 20
33.73
 30
0.0
 40
0.4
100
AcDbArc
 50
180.0
 51
270.0
  0
LINE
  5
1D4
330
1F
100
AcDbEntity
  8
50
  6
Continuous
 62
   251
370
    30
100
AcDbLine
 10
25.57
 20
33.33
 30
0.0
 11
27.77
 21
33.33
 31
0.0
  0
ARC
  5
1D5
330
1F
100
AcDbEntity
  8
50
  6
Continuous
 62
   251
370
    30
100
AcDbCircle
 10
27.77
 20
33.73
 30
0.0
 40
0.4
100
AcDbArc
 50
270.0
 51
360.0
  0
LINE
  5
1D6
330
1F
100
AcDbEntity
  8
50
  6
Continuous
 62
   251
370
    30
100
AcDbLine
 10
28.17
 20
33.73
 30
0.0
 11
28.17
 21
35.83
 31
0.0
  0
ARC
  5
1D7
330
1F
100
AcDbEntity
  8
50
  6
Continuous
 62
   251
370
    30
100
AcDbCircle
 10
27.77
 20
35.83
 30
0.0
 40
0.4
100
AcDbArc
 50
0.0
 51
90.0
  0
LINE
  5
1D8
330
1F
100
AcDbEntity
  8
50
  6
Continuous
 62
   251
370
    30
100
AcDbLine
 10
27.77
 20
36.23
 30
0.0
 11
27.32
 21
36.23
 31
0.0
  0
LINE
  5
1D9
330
1F
100
AcDbEntity
  8
50
  6
Continuous
 62
   251
370
    30
100
AcDbLine
 10
59.07
 20
17.745
 30
0.0
 11
59.07
 21
16.145
 31
0.0
  0
ARC
  5
1DA
330
1F
100
AcDbEntity
  8
50
  6
Continuous
 62
   251
370
    30
100
AcDbCircle
 10
58.67
 20
16.145
 30
0.0
 40
0.4
100
AcDbArc
 50
270.0
 51
0.0
  0
LINE
  5
1DB
330
1F
100
AcDbEntity
  8
50
  6
Continuous
 62
   251
370
    30
100
AcDbLine
 10
58.67
 20
15.745
 30
0.0
 11
58.17
 21
15.745
 31
0.0
  0
ARC
  5
1DC
330
1F
100
AcDbEntity
  8
50
  6
Continuous
 62
   251
370
    30
100
AcDbCircle
 10
58.17
 20
16.145
 30
0.0
 40
0.4
100
AcDbArc
 50
180.0
 51
270.0
  0
LINE
  5
1DD
330
1F
100
AcDbEntity
  8
50
  6
Continuous
 62
   251
370
    30
100
AcDbLine
 10
57.77
 20
16.145
 30
0.0
 11
57.77
 21
17.745
 31
0.0
  0
LINE
  5
1DE
330
1F
100
AcDbEntity
  8
50
  6
Continuous
 62
   251
370
    30
100
AcDbLine
 10
59.07
 20
17.745
 30
0.0
 11
59.52
 21
17.745
 31
0.0
  0
ARC
  5
1DF
330
1F
100
AcDbEntity
  8
50
  6
Continuous
 62
   251
370
    30
100
AcDbCircle
 10
59.52
 20
18.145
 30
0.0
 40
0.4
100
AcDbArc
 50
270.0
 51
0.0
  0
LINE
  5
1E0
330
1F
100
AcDbEntity
  8
50
  6
Continuous
 62
   251
370
    30
100
AcDbLine
 10
59.92
 20
18.145
 30
0.0
 11
59.92
 21
20.245
 31
0.0
  0
LINE
  5
1E1
330
1F
100
AcDbEntity
  8
50
  6
Continuous
 62
   251
370
    30
100
AcDbLine
 10
56.475
 20
17.745
 30
0.0
 11
57.77
 21
17.745
 31
0.0
  0
LINE
  5
1E2
330
1F
100
AcDbEntity
  8
50
  6
Continuous
 62
   251
370
    30
100
AcDbLine
 10
53.6225
 20
9.51
 30
0.0
 11
52.0225
 21
9.51
 31
0.0
  0
ARC
  5
1E3
330
1F
100
AcDbEntity
  8
50
  6
Continuous
 62
   251
370
    30
100
AcDbCircle
 10
52.0225
 20
9.91
 30
0.0
 40
0.4
100
AcDbArc
 50
180.0
 51
270.0
  0
LINE
  5
1E4
330
1F
100
AcDbEntity
  8
50
  6
Continuous
 62
   251
370
    30
100
AcDbLine
 10
51.6225
 20
9.91
 30
0.0
 11
51.6225
 21
10.41
 31
0.0
  0
ARC
  5
1E5
330
1F
100
AcDbEntity
  8
50
  6
Continuous
 62
   251
370
    30
100
AcDbCircle
 10
52.0225
 20
10.41
 30
0.0
 40
0.4
100
AcDbArc
 50
90.0
 51
180.0
  0
LINE
  5
1E6
330
1F
100
AcDbEntity
  8
50
  6
Continuous
 62
   251
370
    30
100
AcDbLine
 10
52.0225
 20
10.81
 30
0.0
 11
53.6225
 21
10.81
 31
0.0
  0
LINE
  5
1E7
330
1F
100
AcDbEntity
  8
50
  6
Continuous
 62
   251
370
    30
100
AcDbLine
 10
53.6225
 20
9.51
 30
0.0
 11
53.6225
 21
9.06
 31
0.0
  0
LINE
  5
1E8
330
1F
100
AcDbEntity
  8
50
  6
Continuous
 62
   251
370
    30
100
AcDbLine
 10
56.5225
 20
9.06
 30
0.0
 11
56.5225
 21
10.125
 31
0.0
  0
LINE
  5
1E9
330
1F
100
AcDbEntity
  8
50
  6
Continuous
 62
   251
370
    30
100
AcDbLine
 10
56.285
 20
11.66
 30
0.0
 11
54.0225
 21
11.66
 31
0.0
  0
ARC
  5
1EA
330
1F
100
AcDbEntity
  8
50
  6
Continuous
 62
   251
370
    30
100
AcDbCircle
 10
54.0225
 20
11.26
 30
0.0
 40
0.4
100
AcDbArc
 50
90.0
 51
180.0
  0
LINE
  5
1EB
330
1F
100
AcDbEntity
  8
50
  6
Continuous
 62
   251
370
    30
100
AcDbLine
 10
53.6225
 20
11.26
 30
0.0
 11
53.6225
 21
10.81
 31
0.0
  0
LINE
  5
1EC
330
1F
100
AcDbEntity
  8
50
  6
Continuous
 62
   251
370
    30
100
AcDbLine
 10
53.6225
 20
6.335
 30
0.0
 11
52.0225
 21
6.335
 31
0.0
  0
ARC
  5
1ED
330
1F
100
AcDbEntity
  8
50
  6
Continuous
 62
   251
370
    30
100
AcDbCircle
 10
52.0225
 20
6.735
 30
0.0
 40
0.4
100
AcDbArc
 50
180.0
 51
270.0
  0
LINE
  5
1EE
330
1F
100
AcDbEntity
  8
50
  6
Continuous
 62
   251
370
    30
100
AcDbLine
 10
51.6225
 20
6.735
 30
0.0
 11
51.6225
 21
7.235
 31
0.0
  0
ARC
  5
1EF
330
1F
100
AcDbEntity
  8
50
  6
Continuous
 62
   251
370
    30
100
AcDbCircle
 10
52.0225
 20
7.235
 30
0.0
 40
0.4
100
AcDbArc
 50
90.0
 51
180.0
  0
LINE
  5
1F0
330
1F
100
AcDbEntity
  8
50
  6
Continuous
 62
   251
370
    30
100
AcDbLine
 10
52.0225
 20
7.635
 30
0.0
 11
53.6225
 21
7.635
 31
0.0
  0
LINE
  5
1F1
330
1F
100
AcDbEntity
  8
50
  6
Continuous
 62
   251
370
    30
100
AcDbLine
 10
53.6225
 20
6.335
 30
0.0
 11
53.6225
 21
5.2275
 31
0.0
  0
LINE
  5
1F2
330
1F
100
AcDbEntity
  8
50
  6
Continuous
 62
   251
370
    30
100
AcDbLine
 10
56.5225
 20
5.885
 30
0.0
 11
56.5225
 21
9.06
 31
0.0
  0
LINE
  5
1F3
330
1F
100
AcDbEntity
  8
50
  6
Continuous
 62
   251
370
    30
100
AcDbLine
 10
53.6225
 20
9.06
 30
0.0
 11
53.6225
 21
7.635
 31
0.0
  0
LINE
  5
1F4
330
1F
100
AcDbEntity
  8
50
  6
Continuous
 62
   251
370
    30
100
AcDbLine
 10
53.6225
 20
3.4775
 30
0.0
 11
52.0225
 21
3.4775
 31
0.0
  0
ARC
  5
1F5
330
1F
100
AcDbEntity
  8
50
  6
Continuous
 62
   251
370
    30
100
AcDbCircle
 10
52.0225
 20
3.8775
 30
0.0
 40
0.4
100
AcDbArc
 50
180.0
 51
270.0
  0
LINE
  5
1F6
330
1F
100
AcDbEntity
  8
50
  6
Continuous
 62
   251
370
    30
100
AcDbLine
 10
51.6225
 20
3.8775
 30
0.0
 11
51.6225
 21
4.3775
 31
0.0
  0
ARC
  5
1F7
330
1F
100
AcDbEntity
  8
50
  6
Continuous
 62
   251
370
    30
100
AcDbCircle
 10
52.0225
 20
4.3775
 30
0.0
 40
0.4
100
AcDbArc
 50
90.0
 51
180.0
  0
LINE
  5
1F8
330
1F
100
AcDbEntity
  8
50
  6
Continuous
 62
   251
370
    30
100
AcDbLine
 10
52.0225
 20
4.7775
 30
0.0
 11
53.6225
 21
4.7775
 31
0.0
  0
LINE
  5
1F9
330
1F
100
AcDbEntity
  8
50
  6
Continuous
 62
   251
370
    30
100
AcDbLine
 10
53.6225
 20
3.4775
 30
0.0
 11
53.6225
 21
3.0275
 31
0.0
  0
ARC
  5
1FA
330
1F
100
AcDbEntity
  8
50
  6
Continuous
 62
   251
370
    30
100
AcDbCircle
 10
54.0225
 20
3.0275
 30
0.0
 40
0.4
100
AcDbArc
 50
180.0
 51
270.0
  0
LINE
  5
1FB
330
1F
100
AcDbEntity
  8
50
  6
Continuous
 62
   251
370
    30
100
AcDbLine
 10
54.0225
 20
2.6275
 30
0.0
 11
56.285
 21
2.6275
 31
0.0
  0
LINE
  5
1FC
330
1F
100
AcDbEntity
  8
50
  6
Continuous
 62
   251
370
    30
100
AcDbLine
 10
56.5225
 20
3.845
 30
0.0
 11
56.5225
 21
5.885
 31
0.0
  0
LINE
  5
1FD
330
1F
100
AcDbEntity
  8
50
  6
Continuous
 62
   251
370
    30
100
AcDbLine
 10
53.6225
 20
5.2275
 30
0.0
 11
53.6225
 21
4.7775
 31
0.0
  0
LINE
  5
1FE
330
1F
100
AcDbEntity
  8
50
  6
Continuous
 62
   251
370
    30
100
AcDbLine
 10
49.2275
 20
4.7275
 30
0.0
 11
49.2275
 21
3.1275
 31
0.0
  0
ARC
  5
1FF
330
1F
100
AcDbEntity
  8
50
  6
Continuous
 62
   251
370
    30
100
AcDbCircle
 10
48.8275
 20
3.1275
 30
0.0
 40
0.4
100
AcDbArc
 50
270.0
 51
360.0
  0
LINE
  5
200
330
1F
100
AcDbEntity
  8
50
  6
Continuous
 62
   251
370
    30
100
AcDbLine
 10
48.8275
 20
2.7275
 30
0.0
 11
48.3275
 21
2.7275
 31
0.0
  0
ARC
  5
201
330
1F
100
AcDbEntity
  8
50
  6
Continuous
 62
   251
370
    30
100
AcDbCircle
 10
48.3275
 20
3.1275
 30
0.0
 40
0.4
100
AcDbArc
 50
180.0
 51
270.0
  0
LINE
  5
202
330
1F
100
AcDbEntity
  8
50
  6
Continuous
 62
   251
370
    30
100
AcDbLine
 10
47.9275
 20
3.1275
 30
0.0
 11
47.9275
 21
4.7275
 31
0.0
  0
LINE
  5
203
330
1F
100
AcDbEntity
  8
50
  6
Continuous
 62
   251
370
    30
100
AcDbLine
 10
49.2275
 20
4.7275
 30
0.0
 11
50.1775
 21
4.7275
 31
0.0
  0
LINE
  5
204
330
1F
100
AcDbEntity
  8
50
  6
Continuous
 62
   251
370
    30
100
AcDbLine
 10
47.0775
 20
5.4125
 30
0.0
 11
47.0775
 21
5.1275
 31
0.0
  0
ARC
  5
205
330
1F
100
AcDbEntity
  8
50
  6
Continuous
 62
   251
370
    30
100
AcDbCircle
 10
47.4775
 20
5.1275
 30
0.0
 40
0.4
100
AcDbArc
 50
180.0
 51
270.0
  0
LINE
  5
206
330
1F
100
AcDbEntity
  8
50
  6
Continuous
 62
   251
370
    30
100
AcDbLine
 10
47.4775
 20
4.7275
 30
0.0
 11
47.9275
 21
4.7275
 31
0.0
  0
LINE
  5
207
330
1F
100
AcDbEntity
  8
50
  6
Continuous
 62
   251
370
    30
100
AcDbLine
 10
58.435
 20
10.125
 30
0.0
 11
58.435
 21
8.525
 31
0.0
  0
ARC
  5
208
330
1F
100
AcDbEntity
  8
50
  6
Continuous
 62
   251
370
    30
100
AcDbCircle
 10
58.035
 20
8.525
 30
0.0
 40
0.4
100
AcDbArc
 50
270.0
 51
0.0
  0
LINE
  5
209
330
1F
100
AcDbEntity
  8
50
  6
Continuous
 62
   251
370
    30
100
AcDbLine
 10
58.035
 20
8.125
 30
0.0
 11
57.535
 21
8.125
 31
0.0
  0
ARC
  5
20A
330
1F
100
AcDbEntity
  8
50
  6
Continuous
 62
   251
370
    30
100
AcDbCircle
 10
57.535
 20
8.525
 30
0.0
 40
0.4
100
AcDbArc
 50
180.0
 51
270.0
  0
LINE
  5
20B
330
1F
100
AcDbEntity
  8
50
  6
Continuous
 62
   251
370
    30
100
AcDbLine
 10
57.135
 20
8.525
 30
0.0
 11
57.135
 21
10.125
 31
0.0
  0
LINE
  5
20C
330
1F
100
AcDbEntity
  8
50
  6
Continuous
 62
   251
370
    30
100
AcDbLine
 10
58.435
 20
10.125
 30
0.0
 11
58.885
 21
10.125
 31
0.0
  0
ARC
  5
20D
330
1F
100
AcDbEntity
  8
50
  6
Continuous
 62
   251
370
    30
100
AcDbCircle
 10
58.885
 20
10.525
 30
0.0
 40
0.4
100
AcDbArc
 50
270.0
 51
0.0
  0
LINE
  5
20E
330
1F
100
AcDbEntity
  8
50
  6
Continuous
 62
   251
370
    30
100
AcDbLine
 10
59.285
 20
10.525
 30
0.0
 11
59.285
 21
12.625
 31
0.0
  0
ARC
  5
20F
330
1F
100
AcDbEntity
  8
50
  6
Continuous
 62
   251
370
    30
100
AcDbCircle
 10
58.885
 20
12.625
 30
0.0
 40
0.4
100
AcDbArc
 50
0.0
 51
90.0
  0
LINE
  5
210
330
1F
100
AcDbEntity
  8
50
  6
Continuous
 62
   251
370
    30
100
AcDbLine
 10
58.885
 20
13.025
 30
0.0
 11
56.685
 21
13.025
 31
0.0
  0
ARC
  5
211
330
1F
100
AcDbEntity
  8
50
  6
Continuous
 62
   251
370
    30
100
AcDbCircle
 10
56.685
 20
12.625
 30
0.0
 40
0.4
100
AcDbArc
 50
90.0
 51
180.0
  0
LINE
  5
212
330
1F
100
AcDbEntity
  8
50
  6
Continuous
 62
   251
370
    30
100
AcDbLine
 10
56.285
 20
12.625
 30
0.0
 11
56.285
 21
11.66
 31
0.0
  0
LINE
  5
213
330
1F
100
AcDbEntity
  8
50
  6
Continuous
 62
   251
370
    30
100
AcDbLine
 10
57.135
 20
10.125
 30
0.0
 11
56.5225
 21
10.125
 31
0.0
  0
LINE
  5
214
330
1F
100
AcDbEntity
  8
50
  6
Continuous
 62
   251
370
    30
100
AcDbLine
 10
57.135
 20
3.845
 30
0.0
 11
57.135
 21
5.445
 31
0.0
  0
ARC
  5
215
330
1F
100
AcDbEntity
  8
50
  6
Continuous
 62
   251
370
    30
100
AcDbCircle
 10
57.535
 20
5.445
 30
0.0
 40
0.4
100
AcDbArc
 50
90.0
 51
180.0
  0
LINE
  5
216
330
1F
100
AcDbEntity
  8
50
  6
Continuous
 62
   251
370
    30
100
AcDbLine
 10
57.535
 20
5.845
 30
0.0
 11
58.035
 21
5.845
 31
0.0
  0
ARC
  5
217
330
1F
100
AcDbEntity
  8
50
  6
Continuous
 62
   251
370
    30
100
AcDbCircle
 10
58.035
 20
5.445
 30
0.0
 40
0.4
100
AcDbArc
 50
0.0
 51
90.0
  0
LINE
  5
218
330
1F
100
AcDbEntity
  8
50
  6
Continuous
 62
   251
370
    30
100
AcDbLine
 10
58.435
 20
5.445
 30
0.0
 11
58.435
 21
3.845
 31
0.0
  0
LINE
  5
219
330
1F
100
AcDbEntity
  8
50
  6
Continuous
 62
   251
370
    30
100
AcDbLine
 10
56.5225
 20
3.845
 30
0.0
 11
57.135
 21
3.845
 31
0.0
  0
LINE
  5
21A
330
1F
100
AcDbEntity
  8
50
  6
Continuous
 62
   251
370
    30
100
AcDbLine
 10
56.285
 20
2.6275
 30
0.0
 11
56.285
 21
1.345
 31
0.0
  0
ARC
  5
21B
330
1F
100
AcDbEntity
  8
50
  6
Continuous
 62
   251
370
    30
100
AcDbCircle
 10
56.685
 20
1.345
 30
0.0
 40
0.4
100
AcDbArc
 50
180.0
 51
270.0
  0
LINE
  5
21C
330
1F
100
AcDbEntity
  8
50
  6
Continuous
 62
   251
370
    30
100
AcDbLine
 10
56.685
 20
0.945
 30
0.0
 11
58.885
 21
0.945
 31
0.0
  0
ARC
  5
21D
330
1F
100
AcDbEntity
  8
50
  6
Continuous
 62
   251
370
    30
100
AcDbCircle
 10
58.885
 20
1.345
 30
0.0
 40
0.4
100
AcDbArc
 50
270.0
 51
0.0
  0
LINE
  5
21E
330
1F
100
AcDbEntity
  8
50
  6
Continuous
 62
   251
370
    30
100
AcDbLine
 10
59.285
 20
1.345
 30
0.0
 11
59.285
 21
3.445
 31
0.0
  0
ARC
  5
21F
330
1F
100
AcDbEntity
  8
50
  6
Continuous
 62
   251
370
    30
100
AcDbCircle
 10
58.885
 20
3.445
 30
0.0
 40
0.4
100
AcDbArc
 50
0.0
 51
90.0
  0
LINE
  5
220
330
1F
100
AcDbEntity
  8
50
  6
Continuous
 62
   251
370
    30
100
AcDbLine
 10
58.885
 20
3.845
 30
0.0
 11
58.435
 21
3.845
 31
0.0
  0
LINE
  5
221
330
1F
100
AcDbEntity
  8
50
  6
Continuous
 62
   251
370
    30
100
AcDbLine
 10
6.315
 20
34.91
 30
0.0
 11
4.715
 21
34.91
 31
0.0
  0
ARC
  5
222
330
1F
100
AcDbEntity
  8
50
  6
Continuous
 62
   251
370
    30
100
AcDbCircle
 10
4.715
 20
35.31
 30
0.0
 40
0.4
100
AcDbArc
 50
180.0
 51
270.0
  0
LINE
  5
223
330
1F
100
AcDbEntity
  8
50
  6
Continuous
 62
   251
370
    30
100
AcDbLine
 10
4.315
 20
35.31
 30
0.0
 11
4.315
 21
35.81
 31
0.0
  0
ARC
  5
224
330
1F
100
AcDbEntity
  8
50
  6
Continuous
 62
   251
370
    30
100
AcDbCircle
 10
4.715
 20
35.81
 30
0.0
 40
0.4
100
AcDbArc
 50
90.0
 51
180.0
  0
LINE
  5
225
330
1F
100
AcDbEntity
  8
50
  6
Continuous
 62
   251
370
    30
100
AcDbLine
 10
4.715
 20
36.21
 30
0.0
 11
6.315
 21
36.21
 31
0.0
  0
LINE
  5
226
330
1F
100
AcDbEntity
  8
50
  6
Continuous
 62
   251
370
    30
100
AcDbLine
 10
6.315
 20
34.91
 30
0.0
 11
6.315
 21
34.46
 31
0.0
  0
LINE
  5
227
330
1F
100
AcDbEntity
  8
50
  6
Continuous
 62
   251
370
    30
100
AcDbLine
 10
8.66
 20
37.06
 30
0.0
 11
6.715
 21
37.06
 31
0.0
  0
ARC
  5
228
330
1F
100
AcDbEntity
  8
50
  6
Continuous
 62
   251
370
    30
100
AcDbCircle
 10
6.715
 20
36.66
 30
0.0
 40
0.4
100
AcDbArc
 50
90.0
 51
180.0
  0
LINE
  5
229
330
1F
100
AcDbEntity
  8
50
  6
Continuous
 62
   251
370
    30
100
AcDbLine
 10
6.315
 20
36.66
 30
0.0
 11
6.315
 21
36.21
 31
0.0
  0
LINE
  5
22A
330
1F
100
AcDbEntity
  8
50
  6
Continuous
 62
   251
370
    30
100
AcDbLine
 10
9.51
 20
33.055
 30
0.0
 11
9.51
 21
34.655
 31
0.0
  0
ARC
  5
22B
330
1F
100
AcDbEntity
  8
50
  6
Continuous
 62
   251
370
    30
100
AcDbCircle
 10
9.91
 20
34.655
 30
0.0
 40
0.4
100
AcDbArc
 50
90.0
 51
180.0
  0
LINE
  5
22C
330
1F
100
AcDbEntity
  8
50
  6
Continuous
 62
   251
370
    30
100
AcDbLine
 10
9.91
 20
35.055
 30
0.0
 11
10.41
 21
35.055
 31
0.0
  0
ARC
  5
22D
330
1F
100
AcDbEntity
  8
50
  6
Continuous
 62
   251
370
    30
100
AcDbCircle
 10
10.41
 20
34.655
 30
0.0
 40
0.4
100
AcDbArc
 50
0.0
 51
90.0
  0
LINE
  5
22E
330
1F
100
AcDbEntity
  8
50
  6
Continuous
 62
   251
370
    30
100
AcDbLine
 10
10.81
 20
34.655
 30
0.0
 11
10.81
 21
33.055
 31
0.0
  0
LINE
  5
22F
330
1F
100
AcDbEntity
  8
50
  6
Continuous
 62
   251
370
    30
100
AcDbLine
 10
9.51
 20
33.055
 30
0.0
 11
9.06
 21
33.055
 31
0.0
  0
LINE
  5
230
330
1F
100
AcDbEntity
  8
50
  6
Continuous
 62
   251
370
    30
100
AcDbLine
 10
9.065
 20
30.155
 30
0.0
 11
9.43
 21
30.155
 31
0.0
  0
LINE
  5
231
330
1F
100
AcDbEntity
  8
50
  6
Continuous
 62
   251
370
    30
100
AcDbLine
 10
11.66
 20
32.575
 30
0.0
 11
11.66
 21
32.655
 31
0.0
  0
ARC
  5
232
330
1F
100
AcDbEntity
  8
50
  6
Continuous
 62
   251
370
    30
100
AcDbCircle
 10
11.26
 20
32.655
 30
0.0
 40
0.4
100
AcDbArc
 50
0.0
 51
90.0
  0
LINE
  5
233
330
1F
100
AcDbEntity
  8
50
  6
Continuous
 62
   251
370
    30
100
AcDbLine
 10
11.26
 20
33.055
 30
0.0
 11
10.81
 21
33.055
 31
0.0
  0
LINE
  5
234
330
1F
100
AcDbEntity
  8
50
  6
Continuous
 62
   251
370
    30
100
AcDbLine
 10
86.325
 20
35.545
 30
0.0
 11
84.725
 21
35.545
 31
0.0
  0
ARC
  5
235
330
1F
100
AcDbEntity
  8
50
  6
Continuous
 62
   251
370
    30
100
AcDbCircle
 10
84.725
 20
35.945
 30
0.0
 40
0.4
100
AcDbArc
 50
180.0
 51
270.0
  0
LINE
  5
236
330
1F
100
AcDbEntity
  8
50
  6
Continuous
 62
   251
370
    30
100
AcDbLine
 10
84.325
 20
35.945
 30
0.0
 11
84.325
 21
36.445
 31
0.0
  0
ARC
  5
237
330
1F
100
AcDbEntity
  8
50
  6
Continuous
 62
   251
370
    30
100
AcDbCircle
 10
84.725
 20
36.445
 30
0.0
 40
0.4
100
AcDbArc
 50
90.0
 51
180.0
  0
LINE
  5
238
330
1F
100
AcDbEntity
  8
50
  6
Continuous
 62
   251
370
    30
100
AcDbLine
 10
84.725
 20
36.845
 30
0.0
 11
86.325
 21
36.845
 31
0.0
  0
LINE
  5
239
330
1F
100
AcDbEntity
  8
50
  6
Continuous
 62
   251
370
    30
100
AcDbLine
 10
86.325
 20
35.545
 30
0.0
 11
86.325
 21
35.095
 31
0.0
  0
ARC
  5
23A
330
1F
100
AcDbEntity
  8
50
  6
Continuous
 62
   251
370
    30
100
AcDbCircle
 10
86.725
 20
35.095
 30
0.0
 40
0.4
100
AcDbArc
 50
180.0
 51
270.0
  0
LINE
  5
23B
330
1F
100
AcDbEntity
  8
50
  6
Continuous
 62
   251
370
    30
100
AcDbLine
 10
86.725
 20
34.695
 30
0.0
 11
88.825
 21
34.695
 31
0.0
  0
ARC
  5
23C
330
1F
100
AcDbEntity
  8
50
  6
Continuous
 62
   251
370
    30
100
AcDbCircle
 10
88.825
 20
35.095
 30
0.0
 40
0.4
100
AcDbArc
 50
270.0
 51
0.0
  0
LINE
  5
23D
330
1F
100
AcDbEntity
  8
50
  6
Continuous
 62
   251
370
    30
100
AcDbLine
 10
89.225
 20
35.095
 30
0.0
 11
89.225
 21
37.295
 31
0.0
  0
ARC
  5
23E
330
1F
100
AcDbEntity
  8
50
  6
Continuous
 62
   251
370
    30
100
AcDbCircle
 10
88.825
 20
37.295
 30
0.0
 40
0.4
100
AcDbArc
 50
0.0
 51
90.0
  0
LINE
  5
23F
330
1F
100
AcDbEntity
  8
50
  6
Continuous
 62
   251
370
    30
100
AcDbLine
 10
88.825
 20
37.695
 30
0.0
 11
86.725
 21
37.695
 31
0.0
  0
ARC
  5
240
330
1F
100
AcDbEntity
  8
50
  6
Continuous
 62
   251
370
    30
100
AcDbCircle
 10
86.725
 20
37.295
 30
0.0
 40
0.4
100
AcDbArc
 50
90.0
 51
180.0
  0
LINE
  5
241
330
1F
100
AcDbEntity
  8
50
  6
Continuous
 62
   251
370
    30
100
AcDbLine
 10
86.325
 20
37.295
 30
0.0
 11
86.325
 21
36.845
 31
0.0
  0
LINE
  5
242
330
1F
100
AcDbEntity
  8
50
  6
Continuous
 62
   251
370
    30
100
AcDbLine
 10
91.405
 20
34.275
 30
0.0
 11
89.805
 21
34.275
 31
0.0
  0
ARC
  5
243
330
1F
100
AcDbEntity
  8
50
  6
Continuous
 62
   251
370
    30
100
AcDbCircle
 10
89.805
 20
34.675
 30
0.0
 40
0.4
100
AcDbArc
 50
180.0
 51
270.0
  0
LINE
  5
244
330
1F
100
AcDbEntity
  8
50
  6
Continuous
 62
   251
370
    30
100
AcDbLine
 10
89.405
 20
34.675
 30
0.0
 11
89.405
 21
35.175
 31
0.0
  0
ARC
  5
245
330
1F
100
AcDbEntity
  8
50
  6
Continuous
 62
   251
370
    30
100
AcDbCircle
 10
89.805
 20
35.175
 30
0.0
 40
0.4
100
AcDbArc
 50
90.0
 51
180.0
  0
LINE
  5
246
330
1F
100
AcDbEntity
  8
50
  6
Continuous
 62
   251
370
    30
100
AcDbLine
 10
89.805
 20
35.575
 30
0.0
 11
91.405
 21
35.575
 31
0.0
  0
LINE
  5
247
330
1F
100
AcDbEntity
  8
50
  6
Continuous
 62
   251
370
    30
100
AcDbLine
 10
91.405
 20
34.275
 30
0.0
 11
91.405
 21
33.825
 31
0.0
  0
ARC
  5
248
330
1F
100
AcDbEntity
  8
50
  6
Continuous
 62
   251
370
    30
100
AcDbCircle
 10
91.805
 20
33.825
 30
0.0
 40
0.4
100
AcDbArc
 50
180.0
 51
270.0
  0
LINE
  5
249
330
1F
100
AcDbEntity
  8
50
  6
Continuous
 62
   251
370
    30
100
AcDbLine
 10
91.805
 20
33.425
 30
0.0
 11
93.905
 21
33.425
 31
0.0
  0
ARC
  5
24A
330
1F
100
AcDbEntity
  8
50
  6
Continuous
 62
   251
370
    30
100
AcDbCircle
 10
93.905
 20
33.825
 30
0.0
 40
0.4
100
AcDbArc
 50
270.0
 51
0.0
  0
LINE
  5
24B
330
1F
100
AcDbEntity
  8
50
  6
Continuous
 62
   251
370
    30
100
AcDbLine
 10
94.305
 20
33.825
 30
0.0
 11
94.305
 21
36.025
 31
0.0
  0
ARC
  5
24C
330
1F
100
AcDbEntity
  8
50
  6
Continuous
 62
   251
370
    30
100
AcDbCircle
 10
93.905
 20
36.025
 30
0.0
 40
0.4
100
AcDbArc
 50
0.0
 51
90.0
  0
LINE
  5
24D
330
1F
100
AcDbEntity
  8
50
  6
Continuous
 62
   251
370
    30
100
AcDbLine
 10
93.905
 20
36.425
 30
0.0
 11
91.805
 21
36.425
 31
0.0
  0
ARC
  5
24E
330
1F
100
AcDbEntity
  8
50
  6
Continuous
 62
   251
370
    30
100
AcDbCircle
 10
91.805
 20
36.025
 30
0.0
 40
0.4
100
AcDbArc
 50
90.0
 51
180.0
  0
LINE
  5
24F
330
1F
100
AcDbEntity
  8
50
  6
Continuous
 62
   251
370
    30
100
AcDbLine
 10
91.405
 20
36.025
 30
0.0
 11
91.405
 21
35.575
 31
0.0
  0
LINE
  5
250
330
1F
100
AcDbEntity
  8
50
  6
Continuous
 62
   251
370
    30
100
AcDbLine
 10
4.41
 20
47.2925
 30
0.0
 11
2.81
 21
47.2925
 31
0.0
  0
ARC
  5
251
330
1F
100
AcDbEntity
  8
50
  6
Continuous
 62
   251
370
    30
100
AcDbCircle
 10
2.81
 20
47.6925
 30
0.0
 40
0.4
100
AcDbArc
 50
180.0
 51
270.0
  0
LINE
  5
252
330
1F
100
AcDbEntity
  8
50
  6
Continuous
 62
   251
370
    30
100
AcDbLine
 10
2.41
 20
47.6925
 30
0.0
 11
2.41
 21
48.1925
 31
0.0
  0
ARC
  5
253
330
1F
100
AcDbEntity
  8
50
  6
Continuous
 62
   251
370
    30
100
AcDbCircle
 10
2.81
 20
48.1925
 30
0.0
 40
0.4
100
AcDbArc
 50
90.0
 51
180.0
  0
LINE
  5
254
330
1F
100
AcDbEntity
  8
50
  6
Continuous
 62
   251
370
    30
100
AcDbLine
 10
2.81
 20
48.5925
 30
0.0
 11
4.41
 21
48.5925
 31
0.0
  0
LINE
  5
255
330
1F
100
AcDbEntity
  8
50
  6
Continuous
 62
   251
370
    30
100
AcDbLine
 10
4.41
 20
47.2925
 30
0.0
 11
4.41
 21
46.8425
 31
0.0
  0
LINE
  5
256
330
1F
100
AcDbEntity
  8
50
  6
Continuous
 62
   251
370
    30
100
AcDbLine
 10
7.31
 20
46.8425
 30
0.0
 11
7.31
 21
49.0425
 31
0.0
  0
ARC
  5
257
330
1F
100
AcDbEntity
  8
50
  6
Continuous
 62
   251
370
    30
100
AcDbCircle
 10
6.91
 20
49.0425
 30
0.0
 40
0.4
100
AcDbArc
 50
0.0
 51
90.0
  0
LINE
  5
258
330
1F
100
AcDbEntity
  8
50
  6
Continuous
 62
   251
370
    30
100
AcDbLine
 10
6.91
 20
49.4425
 30
0.0
 11
4.81
 21
49.4425
 31
0.0
  0
ARC
  5
259
330
1F
100
AcDbEntity
  8
50
  6
Continuous
 62
   251
370
    30
100
AcDbCircle
 10
4.81
 20
49.0425
 30
0.0
 40
0.4
100
AcDbArc
 50
90.0
 51
180.0
  0
LINE
  5
25A
330
1F
100
AcDbEntity
  8
50
  6
Continuous
 62
   251
370
    30
100
AcDbLine
 10
4.41
 20
49.0425
 30
0.0
 11
4.41
 21
48.5925
 31
0.0
  0
LINE
  5
25B
330
1F
100
AcDbEntity
  8
50
  6
Continuous
 62
   251
370
    30
100
AcDbLine
 10
4.41
 20
44.435
 30
0.0
 11
2.81
 21
44.435
 31
0.0
  0
ARC
  5
25C
330
1F
100
AcDbEntity
  8
50
  6
Continuous
 62
   251
370
    30
100
AcDbCircle
 10
2.81
 20
44.835
 30
0.0
 40
0.4
100
AcDbArc
 50
180.0
 51
270.0
  0
LINE
  5
25D
330
1F
100
AcDbEntity
  8
50
  6
Continuous
 62
   251
370
    30
100
AcDbLine
 10
2.41
 20
44.835
 30
0.0
 11
2.41
 21
45.335
 31
0.0
  0
ARC
  5
25E
330
1F
100
AcDbEntity
  8
50
  6
Continuous
 62
   251
370
    30
100
AcDbCircle
 10
2.81
 20
45.335
 30
0.0
 40
0.4
100
AcDbArc
 50
90.0
 51
180.0
  0
LINE
  5
25F
330
1F
100
AcDbEntity
  8
50
  6
Continuous
 62
   251
370
    30
100
AcDbLine
 10
2.81
 20
45.735
 30
0.0
 11
4.41
 21
45.735
 31
0.0
  0
LINE
  5
260
330
1F
100
AcDbEntity
  8
50
  6
Continuous
 62
   251
370
    30
100
AcDbLine
 10
4.41
 20
44.435
 30
0.0
 11
4.41
 21
43.985
 31
0.0
  0
LINE
  5
261
330
1F
100
AcDbEntity
  8
50
  6
Continuous
 62
   251
370
    30
100
AcDbLine
 10
7.31
 20
43.985
 30
0.0
 11
7.31
 21
46.8425
 31
0.0
  0
LINE
  5
262
330
1F
100
AcDbEntity
  8
50
  6
Continuous
 62
   251
370
    30
100
AcDbLine
 10
4.41
 20
46.8425
 30
0.0
 11
4.41
 21
45.735
 31
0.0
  0
LINE
  5
263
330
1F
100
AcDbEntity
  8
50
  6
Continuous
 62
   251
370
    30
100
AcDbLine
 10
4.41
 20
41.5775
 30
0.0
 11
2.81
 21
41.5775
 31
0.0
  0
ARC
  5
264
330
1F
100
AcDbEntity
  8
50
  6
Continuous
 62
   251
370
    30
100
AcDbCircle
 10
2.81
 20
41.9775
 30
0.0
 40
0.4
100
AcDbArc
 50
180.0
 51
270.0
  0
LINE
  5
265
330
1F
100
AcDbEntity
  8
50
  6
Continuous
 62
   251
370
    30
100
AcDbLine
 10
2.41
 20
41.9775
 30
0.0
 11
2.41
 21
42.4775
 31
0.0
  0
ARC
  5
266
330
1F
100
AcDbEntity
  8
50
  6
Continuous
 62
   251
370
    30
100
AcDbCircle
 10
2.81
 20
42.4775
 30
0.0
 40
0.4
100
AcDbArc
 50
90.0
 51
180.0
  0
LINE
  5
267
330
1F
100
AcDbEntity
  8
50
  6
Continuous
 62
   251
370
    30
100
AcDbLine
 10
2.81
 20
42.8775
 30
0.0
 11
4.41
 21
42.8775
 31
0.0
  0
LINE
  5
268
330
1F
100
AcDbEntity
  8
50
  6
Continuous
 62
   251
370
    30
100
AcDbLine
 10
4.41
 20
41.5775
 30
0.0
 11
4.41
 21
41.1275
 31
0.0
  0
ARC
  5
269
330
1F
100
AcDbEntity
  8
50
  6
Continuous
 62
   251
370
    30
100
AcDbCircle
 10
4.81
 20
41.1275
 30
0.0
 40
0.4
100
AcDbArc
 50
180.0
 51
270.0
  0
LINE
  5
26A
330
1F
100
AcDbEntity
  8
50
  6
Continuous
 62
   251
370
    30
100
AcDbLine
 10
4.81
 20
40.7275
 30
0.0
 11
6.91
 21
40.7275
 31
0.0
  0
ARC
  5
26B
330
1F
100
AcDbEntity
  8
50
  6
Continuous
 62
   251
370
    30
100
AcDbCircle
 10
6.91
 20
41.1275
 30
0.0
 40
0.4
100
AcDbArc
 50
270.0
 51
0.0
  0
LINE
  5
26C
330
1F
100
AcDbEntity
  8
50
  6
Continuous
 62
   251
370
    30
100
AcDbLine
 10
7.31
 20
41.1275
 30
0.0
 11
7.31
 21
43.985
 31
0.0
  0
LINE
  5
26D
330
1F
100
AcDbEntity
  8
50
  6
Continuous
 62
   251
370
    30
100
AcDbLine
 10
4.41
 20
43.985
 30
0.0
 11
4.41
 21
42.8775
 31
0.0
  0
LINE
  5
26E
330
1F
100
AcDbEntity
  8
50
  6
Continuous
 62
   251
370
    30
100
AcDbLine
 10
88.23
 20
27.925
 30
0.0
 11
86.63
 21
27.925
 31
0.0
  0
ARC
  5
26F
330
1F
100
AcDbEntity
  8
50
  6
Continuous
 62
   251
370
    30
100
AcDbCircle
 10
86.63
 20
28.325
 30
0.0
 40
0.4
100
AcDbArc
 50
180.0
 51
270.0
  0
LINE
  5
270
330
1F
100
AcDbEntity
  8
50
  6
Continuous
 62
   251
370
    30
100
AcDbLine
 10
86.23
 20
28.325
 30
0.0
 11
86.23
 21
28.825
 31
0.0
  0
ARC
  5
271
330
1F
100
AcDbEntity
  8
50
  6
Continuous
 62
   251
370
    30
100
AcDbCircle
 10
86.63
 20
28.825
 30
0.0
 40
0.4
100
AcDbArc
 50
90.0
 51
180.0
  0
LINE
  5
272
330
1F
100
AcDbEntity
  8
50
  6
Continuous
 62
   251
370
    30
100
AcDbLine
 10
86.63
 20
29.225
 30
0.0
 11
88.23
 21
29.225
 31
0.0
  0
LINE
  5
273
330
1F
100
AcDbEntity
  8
50
  6
Continuous
 62
   251
370
    30
100
AcDbLine
 10
88.23
 20
27.925
 30
0.0
 11
88.23
 21
27.475
 31
0.0
  0
ARC
  5
274
330
1F
100
AcDbEntity
  8
50
  6
Continuous
 62
   251
370
    30
100
AcDbCircle
 10
88.63
 20
27.475
 30
0.0
 40
0.4
100
AcDbArc
 50
180.0
 51
270.0
  0
LINE
  5
275
330
1F
100
AcDbEntity
  8
50
  6
Continuous
 62
   251
370
    30
100
AcDbLine
 10
88.63
 20
27.075
 30
0.0
 11
90.8925
 21
27.075
 31
0.0
  0
LINE
  5
276
330
1F
100
AcDbEntity
  8
50
  6
Continuous
 62
   251
370
    30
100
AcDbLine
 10
91.13
 20
28.5825
 30
0.0
 11
91.13
 21
29.675
 31
0.0
  0
ARC
  5
277
330
1F
100
AcDbEntity
  8
50
  6
Continuous
 62
   251
370
    30
100
AcDbCircle
 10
90.73
 20
29.675
 30
0.0
 40
0.4
100
AcDbArc
 50
0.0
 51
90.0
  0
LINE
  5
278
330
1F
100
AcDbEntity
  8
50
  6
Continuous
 62
   251
370
    30
100
AcDbLine
 10
90.73
 20
30.075
 30
0.0
 11
88.63
 21
30.075
 31
0.0
  0
ARC
  5
279
330
1F
100
AcDbEntity
  8
50
  6
Continuous
 62
   251
370
    30
100
AcDbCircle
 10
88.63
 20
29.675
 30
0.0
 40
0.4
100
AcDbArc
 50
90.0
 51
180.0
  0
LINE
  5
27A
330
1F
100
AcDbEntity
  8
50
  6
Continuous
 62
   251
370
    30
100
AcDbLine
 10
88.23
 20
29.675
 30
0.0
 11
88.23
 21
29.225
 31
0.0
  0
LINE
  5
27B
330
1F
100
AcDbEntity
  8
50
  6
Continuous
 62
   251
370
    30
100
AcDbLine
 10
93.0425
 20
25.6825
 30
0.0
 11
93.0425
 21
24.0825
 31
0.0
  0
ARC
  5
27C
330
1F
100
AcDbEntity
  8
50
  6
Continuous
 62
   251
370
    30
100
AcDbCircle
 10
92.6425
 20
24.0825
 30
0.0
 40
0.4
100
AcDbArc
 50
270.0
 51
0.0
  0
LINE
  5
27D
330
1F
100
AcDbEntity
  8
50
  6
Continuous
 62
   251
370
    30
100
AcDbLine
 10
92.6425
 20
23.6825
 30
0.0
 11
92.1425
 21
23.6825
 31
0.0
  0
ARC
  5
27E
330
1F
100
AcDbEntity
  8
50
  6
Continuous
 62
   251
370
    30
100
AcDbCircle
 10
92.1425
 20
24.0825
 30
0.0
 40
0.4
100
AcDbArc
 50
180.0
 51
270.0
  0
LINE
  5
27F
330
1F
100
AcDbEntity
  8
50
  6
Continuous
 62
   251
370
    30
100
AcDbLine
 10
91.7425
 20
24.0825
 30
0.0
 11
91.7425
 21
25.6825
 31
0.0
  0
LINE
  5
280
330
1F
100
AcDbEntity
  8
50
  6
Continuous
 62
   251
370
    30
100
AcDbLine
 10
93.0425
 20
25.6825
 30
0.0
 11
93.4925
 21
25.6825
 31
0.0
  0
ARC
  5
281
330
1F
100
AcDbEntity
  8
50
  6
Continuous
 62
   251
370
    30
100
AcDbCircle
 10
93.4925
 20
26.0825
 30
0.0
 40
0.4
100
AcDbArc
 50
270.0
 51
0.0
  0
LINE
  5
282
330
1F
100
AcDbEntity
  8
50
  6
Continuous
 62
   251
370
    30
100
AcDbLine
 10
93.8925
 20
26.0825
 30
0.0
 11
93.8925
 21
28.1825
 31
0.0
  0
ARC
  5
283
330
1F
100
AcDbEntity
  8
50
  6
Continuous
 62
   251
370
    30
100
AcDbCircle
 10
93.4925
 20
28.1825
 30
0.0
 40
0.4
100
AcDbArc
 50
0.0
 51
90.0
  0
LINE
  5
284
330
1F
100
AcDbEntity
  8
50
  6
Continuous
 62
   251
370
    30
100
AcDbLine
 10
93.4925
 20
28.5825
 30
0.0
 11
91.13
 21
28.5825
 31
0.0
  0
LINE
  5
285
330
1F
100
AcDbEntity
  8
50
  6
Continuous
 62
   251
370
    30
100
AcDbLine
 10
90.8925
 20
27.075
 30
0.0
 11
90.8925
 21
26.0825
 31
0.0
  0
ARC
  5
286
330
1F
100
AcDbEntity
  8
50
  6
Continuous
 62
   251
370
    30
100
AcDbCircle
 10
91.2925
 20
26.0825
 30
0.0
 40
0.4
100
AcDbArc
 50
180.0
 51
270.0
  0
LINE
  5
287
330
1F
100
AcDbEntity
  8
50
  6
Continuous
 62
   251
370
    30
100
AcDbLine
 10
91.2925
 20
25.6825
 30
0.0
 11
91.7425
 21
25.6825
 31
0.0
  0
LINE
  5
288
330
1F
100
AcDbEntity
  8
50
  6
Continuous
 62
   251
370
    30
100
AcDbLine
 10
88.23
 20
20.94
 30
0.0
 11
86.63
 21
20.94
 31
0.0
  0
ARC
  5
289
330
1F
100
AcDbEntity
  8
50
  6
Continuous
 62
   251
370
    30
100
AcDbCircle
 10
86.63
 20
21.34
 30
0.0
 40
0.4
100
AcDbArc
 50
180.0
 51
270.0
  0
LINE
  5
28A
330
1F
100
AcDbEntity
  8
50
  6
Continuous
 62
   251
370
    30
100
AcDbLine
 10
86.23
 20
21.34
 30
0.0
 11
86.23
 21
21.84
 31
0.0
  0
ARC
  5
28B
330
1F
100
AcDbEntity
  8
50
  6
Continuous
 62
   251
370
    30
100
AcDbCircle
 10
86.63
 20
21.84
 30
0.0
 40
0.4
100
AcDbArc
 50
90.0
 51
180.0
  0
LINE
  5
28C
330
1F
100
AcDbEntity
  8
50
  6
Continuous
 62
   251
370
    30
100
AcDbLine
 10
86.63
 20
22.24
 30
0.0
 11
88.23
 21
22.24
 31
0.0
  0
LINE
  5
28D
330
1F
100
AcDbEntity
  8
50
  6
Continuous
 62
   251
370
    30
100
AcDbLine
 10
88.23
 20
20.94
 30
0.0
 11
88.23
 21
20.49
 31
0.0
  0
ARC
  5
28E
330
1F
100
AcDbEntity
  8
50
  6
Continuous
 62
   251
370
    30
100
AcDbCircle
 10
88.63
 20
20.49
 30
0.0
 40
0.4
100
AcDbArc
 50
180.0
 51
270.0
  0
LINE
  5
28F
330
1F
100
AcDbEntity
  8
50
  6
Continuous
 62
   251
370
    30
100
AcDbLine
 10
88.63
 20
20.09
 30
0.0
 11
90.8925
 21
20.09
 31
0.0
  0
LINE
  5
290
330
1F
100
AcDbEntity
  8
50
  6
Continuous
 62
   251
370
    30
100
AcDbLine
 10
91.13
 20
21.28
 30
0.0
 11
91.13
 21
22.69
 31
0.0
  0
ARC
  5
291
330
1F
100
AcDbEntity
  8
50
  6
Continuous
 62
   251
370
    30
100
AcDbCircle
 10
90.73
 20
22.69
 30
0.0
 40
0.4
100
AcDbArc
 50
0.0
 51
90.0
  0
LINE
  5
292
330
1F
100
AcDbEntity
  8
50
  6
Continuous
 62
   251
370
    30
100
AcDbLine
 10
90.73
 20
23.09
 30
0.0
 11
88.63
 21
23.09
 31
0.0
  0
ARC
  5
293
330
1F
100
AcDbEntity
  8
50
  6
Continuous
 62
   251
370
    30
100
AcDbCircle
 10
88.63
 20
22.69
 30
0.0
 40
0.4
100
AcDbArc
 50
90.0
 51
180.0
  0
LINE
  5
294
330
1F
100
AcDbEntity
  8
50
  6
Continuous
 62
   251
370
    30
100
AcDbLine
 10
88.23
 20
22.69
 30
0.0
 11
88.23
 21
22.24
 31
0.0
  0
LINE
  5
295
330
1F
100
AcDbEntity
  8
50
  6
Continuous
 62
   251
370
    30
100
AcDbLine
 10
93.0425
 20
18.38
 30
0.0
 11
93.0425
 21
16.78
 31
0.0
  0
ARC
  5
296
330
1F
100
AcDbEntity
  8
50
  6
Continuous
 62
   251
370
    30
100
AcDbCircle
 10
92.6425
 20
16.78
 30
0.0
 40
0.4
100
AcDbArc
 50
270.0
 51
0.0
  0
LINE
  5
297
330
1F
100
AcDbEntity
  8
50
  6
Continuous
 62
   251
370
    30
100
AcDbLine
 10
92.6425
 20
16.38
 30
0.0
 11
92.1425
 21
16.38
 31
0.0
  0
ARC
  5
298
330
1F
100
AcDbEntity
  8
50
  6
Continuous
 62
   251
370
    30
100
AcDbCircle
 10
92.1425
 20
16.78
 30
0.0
 40
0.4
100
AcDbArc
 50
180.0
 51
270.0
  0
LINE
  5
299
330
1F
100
AcDbEntity
  8
50
  6
Continuous
 62
   251
370
    30
100
AcDbLine
 10
91.7425
 20
16.78
 30
0.0
 11
91.7425
 21
18.38
 31
0.0
  0
LINE
  5
29A
330
1F
100
AcDbEntity
  8
50
  6
Continuous
 62
   251
370
    30
100
AcDbLine
 10
93.0425
 20
18.38
 30
0.0
 11
93.4925
 21
18.38
 31
0.0
  0
ARC
  5
29B
330
1F
100
AcDbEntity
  8
50
  6
Continuous
 62
   251
370
    30
100
AcDbCircle
 10
93.4925
 20
18.78
 30
0.0
 40
0.4
100
AcDbArc
 50
270.0
 51
0.0
  0
LINE
  5
29C
330
1F
100
AcDbEntity
  8
50
  6
Continuous
 62
   251
370
    30
100
AcDbLine
 10
93.8925
 20
18.78
 30
0.0
 11
93.8925
 21
20.88
 31
0.0
  0
ARC
  5
29D
330
1F
100
AcDbEntity
  8
50
  6
Continuous
 62
   251
370
    30
100
AcDbCircle
 10
93.4925
 20
20.88
 30
0.0
 40
0.4
100
AcDbArc
 50
0.0
 51
90.0
  0
LINE
  5
29E
330
1F
100
AcDbEntity
  8
50
  6
Continuous
 62
   251
370
    30
100
AcDbLine
 10
93.4925
 20
21.28
 30
0.0
 11
91.13
 21
21.28
 31
0.0
  0
LINE
  5
29F
330
1F
100
AcDbEntity
  8
50
  6
Continuous
 62
   251
370
    30
100
AcDbLine
 10
90.8925
 20
20.09
 30
0.0
 11
90.8925
 21
18.78
 31
0.0
  0
ARC
  5
2A0
330
1F
100
AcDbEntity
  8
50
  6
Continuous
 62
   251
370
    30
100
AcDbCircle
 10
91.2925
 20
18.78
 30
0.0
 40
0.4
100
AcDbArc
 50
180.0
 51
270.0
  0
LINE
  5
2A1
330
1F
100
AcDbEntity
  8
50
  6
Continuous
 62
   251
370
    30
100
AcDbLine
 10
91.2925
 20
18.38
 30
0.0
 11
91.7425
 21
18.38
 31
0.0
  0
LINE
  5
2A2
330
1F
100
AcDbEntity
  8
50
  6
Continuous
 62
   251
370
    30
100
AcDbLine
 10
88.23
 20
13.6375
 30
0.0
 11
86.63
 21
13.6375
 31
0.0
  0
ARC
  5
2A3
330
1F
100
AcDbEntity
  8
50
  6
Continuous
 62
   251
370
    30
100
AcDbCircle
 10
86.63
 20
14.0375
 30
0.0
 40
0.4
100
AcDbArc
 50
180.0
 51
270.0
  0
LINE
  5
2A4
330
1F
100
AcDbEntity
  8
50
  6
Continuous
 62
   251
370
    30
100
AcDbLine
 10
86.23
 20
14.0375
 30
0.0
 11
86.23
 21
14.5375
 31
0.0
  0
ARC
  5
2A5
330
1F
100
AcDbEntity
  8
50
  6
Continuous
 62
   251
370
    30
100
AcDbCircle
 10
86.63
 20
14.5375
 30
0.0
 40
0.4
100
AcDbArc
 50
90.0
 51
180.0
  0
LINE
  5
2A6
330
1F
100
AcDbEntity
  8
50
  6
Continuous
 62
   251
370
    30
100
AcDbLine
 10
86.63
 20
14.9375
 30
0.0
 11
88.23
 21
14.9375
 31
0.0
  0
LINE
  5
2A7
330
1F
100
AcDbEntity
  8
50
  6
Continuous
 62
   251
370
    30
100
AcDbLine
 10
88.23
 20
13.6375
 30
0.0
 11
88.23
 21
13.1875
 31
0.0
  0
ARC
  5
2A8
330
1F
100
AcDbEntity
  8
50
  6
Continuous
 62
   251
370
    30
100
AcDbCircle
 10
88.63
 20
13.1875
 30
0.0
 40
0.4
100
AcDbArc
 50
180.0
 51
270.0
  0
LINE
  5
2A9
330
1F
100
AcDbEntity
  8
50
  6
Continuous
 62
   251
370
    30
100
AcDbLine
 10
88.63
 20
12.7875
 30
0.0
 11
90.829
 21
12.7875
 31
0.0
  0
LINE
  5
2AA
330
1F
100
AcDbEntity
  8
50
  6
Continuous
 62
   251
370
    30
100
AcDbLine
 10
91.13
 20
14.295
 30
0.0
 11
91.13
 21
15.3875
 31
0.0
  0
ARC
  5
2AB
330
1F
100
AcDbEntity
  8
50
  6
Continuous
 62
   251
370
    30
100
AcDbCircle
 10
90.73
 20
15.3875
 30
0.0
 40
0.4
100
AcDbArc
 50
0.0
 51
90.0
  0
LINE
  5
2AC
330
1F
100
AcDbEntity
  8
50
  6
Continuous
 62
   251
370
    30
100
AcDbLine
 10
90.73
 20
15.7875
 30
0.0
 11
88.63
 21
15.7875
 31
0.0
  0
ARC
  5
2AD
330
1F
100
AcDbEntity
  8
50
  6
Continuous
 62
   251
370
    30
100
AcDbCircle
 10
88.63
 20
15.3875
 30
0.0
 40
0.4
100
AcDbArc
 50
90.0
 51
180.0
  0
LINE
  5
2AE
330
1F
100
AcDbEntity
  8
50
  6
Continuous
 62
   251
370
    30
100
AcDbLine
 10
88.23
 20
15.3875
 30
0.0
 11
88.23
 21
14.9375
 31
0.0
  0
LINE
  5
2AF
330
1F
100
AcDbEntity
  8
50
  6
Continuous
 62
   251
370
    30
100
AcDbLine
 10
33.3025
 20
46.6575
 30
0.0
 11
31.7025
 21
46.6575
 31
0.0
  0
ARC
  5
2B0
330
1F
100
AcDbEntity
  8
50
  6
Continuous
 62
   251
370
    30
100
AcDbCircle
 10
31.7025
 20
47.0575
 30
0.0
 40
0.4
100
AcDbArc
 50
180.0
 51
270.0
  0
LINE
  5
2B1
330
1F
100
AcDbEntity
  8
50
  6
Continuous
 62
   251
370
    30
100
AcDbLine
 10
31.3025
 20
47.0575
 30
0.0
 11
31.3025
 21
47.5575
 31
0.0
  0
ARC
  5
2B2
330
1F
100
AcDbEntity
  8
50
  6
Continuous
 62
   251
370
    30
100
AcDbCircle
 10
31.7025
 20
47.5575
 30
0.0
 40
0.4
100
AcDbArc
 50
90.0
 51
180.0
  0
LINE
  5
2B3
330
1F
100
AcDbEntity
  8
50
  6
Continuous
 62
   251
370
    30
100
AcDbLine
 10
31.7025
 20
47.9575
 30
0.0
 11
33.3025
 21
47.9575
 31
0.0
  0
LINE
  5
2B4
330
1F
100
AcDbEntity
  8
50
  6
Continuous
 62
   251
370
    30
100
AcDbLine
 10
33.3025
 20
46.6575
 30
0.0
 11
33.3025
 21
46.2075
 31
0.0
  0
ARC
  5
2B5
330
1F
100
AcDbEntity
  8
50
  6
Continuous
 62
   251
370
    30
100
AcDbCircle
 10
33.7025
 20
46.2075
 30
0.0
 40
0.4
100
AcDbArc
 50
180.0
 51
270.0
  0
LINE
  5
2B6
330
1F
100
AcDbEntity
  8
50
  6
Continuous
 62
   251
370
    30
100
AcDbLine
 10
33.7025
 20
45.8075
 30
0.0
 11
35.8025
 21
45.8075
 31
0.0
  0
ARC
  5
2B7
330
1F
100
AcDbEntity
  8
50
  6
Continuous
 62
   251
370
    30
100
AcDbCircle
 10
35.8025
 20
46.2075
 30
0.0
 40
0.4
100
AcDbArc
 50
270.0
 51
360.0
  0
LINE
  5
2B8
330
1F
100
AcDbEntity
  8
50
  6
Continuous
 62
   251
370
    30
100
AcDbLine
 10
36.2025
 20
46.2075
 30
0.0
 11
36.2025
 21
48.4075
 31
0.0
  0
ARC
  5
2B9
330
1F
100
AcDbEntity
  8
50
  6
Continuous
 62
   251
370
    30
100
AcDbCircle
 10
35.8025
 20
48.4075
 30
0.0
 40
0.4
100
AcDbArc
 50
0.0
 51
90.0
  0
LINE
  5
2BA
330
1F
100
AcDbEntity
  8
50
  6
Continuous
 62
   251
370
    30
100
AcDbLine
 10
35.8025
 20
48.8075
 30
0.0
 11
33.7025
 21
48.8075
 31
0.0
  0
ARC
  5
2BB
330
1F
100
AcDbEntity
  8
50
  6
Continuous
 62
   251
370
    30
100
AcDbCircle
 10
33.7025
 20
48.4075
 30
0.0
 40
0.4
100
AcDbArc
 50
90.0
 51
180.0
  0
LINE
  5
2BC
330
1F
100
AcDbEntity
  8
50
  6
Continuous
 62
   251
370
    30
100
AcDbLine
 10
33.3025
 20
48.4075
 30
0.0
 11
33.3025
 21
47.9575
 31
0.0
  0
LINE
  5
2BD
330
1F
100
AcDbEntity
  8
50
  6
Continuous
 62
   251
370
    30
100
AcDbLine
 10
92.979
 20
11.395
 30
0.0
 11
92.979
 21
9.795
 31
0.0
  0
ARC
  5
2BE
330
1F
100
AcDbEntity
  8
50
  6
Continuous
 62
   251
370
    30
100
AcDbCircle
 10
92.579
 20
9.795
 30
0.0
 40
0.4
100
AcDbArc
 50
270.0
 51
0.0
  0
LINE
  5
2BF
330
1F
100
AcDbEntity
  8
50
  6
Continuous
 62
   251
370
    30
100
AcDbLine
 10
92.579
 20
9.395
 30
0.0
 11
92.079
 21
9.395
 31
0.0
  0
ARC
  5
2C0
330
1F
100
AcDbEntity
  8
50
  6
Continuous
 62
   251
370
    30
100
AcDbCircle
 10
92.079
 20
9.795
 30
0.0
 40
0.4
100
AcDbArc
 50
180.0
 51
270.0
  0
LINE
  5
2C1
330
1F
100
AcDbEntity
  8
50
  6
Continuous
 62
   251
370
    30
100
AcDbLine
 10
91.679
 20
9.795
 30
0.0
 11
91.679
 21
11.395
 31
0.0
  0
LINE
  5
2C2
330
1F
100
AcDbEntity
  8
50
  6
Continuous
 62
   251
370
    30
100
AcDbLine
 10
92.979
 20
11.395
 30
0.0
 11
93.429
 21
11.395
 31
0.0
  0
ARC
  5
2C3
330
1F
100
AcDbEntity
  8
50
  6
Continuous
 62
   251
370
    30
100
AcDbCircle
 10
93.429
 20
11.795
 30
0.0
 40
0.4
100
AcDbArc
 50
270.0
 51
0.0
  0
LINE
  5
2C4
330
1F
100
AcDbEntity
  8
50
  6
Continuous
 62
   251
370
    30
100
AcDbLine
 10
93.829
 20
11.795
 30
0.0
 11
93.829
 21
13.895
 31
0.0
  0
ARC
  5
2C5
330
1F
100
AcDbEntity
  8
50
  6
Continuous
 62
   251
370
    30
100
AcDbCircle
 10
93.429
 20
13.895
 30
0.0
 40
0.4
100
AcDbArc
 50
0.0
 51
90.0
  0
LINE
  5
2C6
330
1F
100
AcDbEntity
  8
50
  6
Continuous
 62
   251
370
    30
100
AcDbLine
 10
93.429
 20
14.295
 30
0.0
 11
91.13
 21
14.295
 31
0.0
  0
LINE
  5
2C7
330
1F
100
AcDbEntity
  8
50
  6
Continuous
 62
   251
370
    30
100
AcDbLine
 10
90.829
 20
12.7875
 30
0.0
 11
90.829
 21
11.795
 31
0.0
  0
ARC
  5
2C8
330
1F
100
AcDbEntity
  8
50
  6
Continuous
 62
   251
370
    30
100
AcDbCircle
 10
91.229
 20
11.795
 30
0.0
 40
0.4
100
AcDbArc
 50
180.0
 51
270.0
  0
LINE
  5
2C9
330
1F
100
AcDbEntity
  8
50
  6
Continuous
 62
   251
370
    30
100
AcDbLine
 10
91.229
 20
11.395
 30
0.0
 11
91.679
 21
11.395
 31
0.0
  0
LINE
  5
2CA
330
1F
100
AcDbEntity
  8
50
  6
Continuous
 62
   251
370
    30
100
AcDbLine
 10
91.679
 20
11.395
 30
0.0
 11
91.679
 21
9.795
 31
0.0
  0
ARC
  5
2CB
330
1F
100
AcDbEntity
  8
50
  6
Continuous
 62
   251
370
    30
100
AcDbCircle
 10
92.079
 20
9.795
 30
0.0
 40
0.4
100
AcDbArc
 50
180.0
 51
270.0
  0
LINE
  5
2CC
330
1F
100
AcDbEntity
  8
50
  6
Continuous
 62
   251
370
    30
100
AcDbLine
 10
92.079
 20
9.395
 30
0.0
 11
92.579
 21
9.395
 31
0.0
  0
ARC
  5
2CD
330
1F
100
AcDbEntity
  8
50
  6
Continuous
 62
   251
370
    30
100
AcDbCircle
 10
92.579
 20
9.795
 30
0.0
 40
0.4
100
AcDbArc
 50
270.0
 51
0.0
  0
LINE
  5
2CE
330
1F
100
AcDbEntity
  8
50
  6
Continuous
 62
   251
370
    30
100
AcDbLine
 10
92.979
 20
9.795
 30
0.0
 11
92.979
 21
11.395
 31
0.0
  0
LINE
  5
2CF
330
1F
100
AcDbEntity
  8
50
  6
Continuous
 62
   251
370
    30
100
AcDbLine
 10
91.679
 20
11.395
 30
0.0
 11
91.229
 21
11.395
 31
0.0
  0
ARC
  5
2D0
330
1F
100
AcDbEntity
  8
50
  6
Continuous
 62
   251
370
    30
100
AcDbCircle
 10
91.229
 20
11.795
 30
0.0
 40
0.4
100
AcDbArc
 50
180.0
 51
270.0
  0
ARC
  5
2D1
330
1F
100
AcDbEntity
  8
50
  6
Continuous
 62
   251
370
    30
100
AcDbCircle
 10
93.429
 20
13.895
 30
0.0
 40
0.4
100
AcDbArc
 50
0.0
 51
90.0
  0
LINE
  5
2D2
330
1F
100
AcDbEntity
  8
50
  6
Continuous
 62
   251
370
    30
100
AcDbLine
 10
93.829
 20
13.895
 30
0.0
 11
93.829
 21
11.795
 31
0.0
  0
ARC
  5
2D3
330
1F
100
AcDbEntity
  8
50
  6
Continuous
 62
   251
370
    30
100
AcDbCircle
 10
93.429
 20
11.795
 30
0.0
 40
0.4
100
AcDbArc
 50
270.0
 51
0.0
  0
LINE
  5
2D4
330
1F
100
AcDbEntity
  8
50
  6
Continuous
 62
   251
370
    30
100
AcDbLine
 10
93.429
 20
11.395
 30
0.0
 11
92.979
 21
11.395
 31
0.0
  0
LINE
  5
2D5
330
1F
100
AcDbEntity
  8
50
  6
Continuous
 62
   251
370
    30
100
AcDbLine
 10
65.694
 20
6.238
 30
0.0
 11
67.294
 21
6.238
 31
0.0
  0
ARC
  5
2D6
330
1F
100
AcDbEntity
  8
50
  6
Continuous
 62
   251
370
    30
100
AcDbCircle
 10
67.294
 20
5.838
 30
0.0
 40
0.4
100
AcDbArc
 50
0.0
 51
90.0
  0
LINE
  5
2D7
330
1F
100
AcDbEntity
  8
50
  6
Continuous
 62
   251
370
    30
100
AcDbLine
 10
67.694
 20
5.838
 30
0.0
 11
67.694
 21
5.338
 31
0.0
  0
ARC
  5
2D8
330
1F
100
AcDbEntity
  8
50
  6
Continuous
 62
   251
370
    30
100
AcDbCircle
 10
67.294
 20
5.338
 30
0.0
 40
0.4
100
AcDbArc
 50
270.0
 51
0.0
  0
LINE
  5
2D9
330
1F
100
AcDbEntity
  8
50
  6
Continuous
 62
   251
370
    30
100
AcDbLine
 10
67.294
 20
4.938
 30
0.0
 11
65.694
 21
4.938
 31
0.0
  0
LINE
  5
2DA
330
1F
100
AcDbEntity
  8
50
  6
Continuous
 62
   251
370
    30
100
AcDbLine
 10
65.694
 20
6.238
 30
0.0
 11
65.694
 21
6.688
 31
0.0
  0
ARC
  5
2DB
330
1F
100
AcDbEntity
  8
50
  6
Continuous
 62
   251
370
    30
100
AcDbCircle
 10
65.294
 20
6.688
 30
0.0
 40
0.4
100
AcDbArc
 50
0.0
 51
90.0
  0
LINE
  5
2DC
330
1F
100
AcDbEntity
  8
50
  6
Continuous
 62
   251
370
    30
100
AcDbLine
 10
65.294
 20
7.088
 30
0.0
 11
63.194
 21
7.088
 31
0.0
  0
ARC
  5
2DD
330
1F
100
AcDbEntity
  8
50
  6
Continuous
 62
   251
370
    30
100
AcDbCircle
 10
63.194
 20
6.688
 30
0.0
 40
0.4
100
AcDbArc
 50
90.0
 51
180.0
  0
LINE
  5
2DE
330
1F
100
AcDbEntity
  8
50
  6
Continuous
 62
   251
370
    30
100
AcDbLine
 10
62.794
 20
6.688
 30
0.0
 11
62.794
 21
4.488
 31
0.0
  0
ARC
  5
2DF
330
1F
100
AcDbEntity
  8
50
  6
Continuous
 62
   251
370
    30
100
AcDbCircle
 10
63.194
 20
4.488
 30
0.0
 40
0.4
100
AcDbArc
 50
180.0
 51
270.0
  0
LINE
  5
2E0
330
1F
100
AcDbEntity
  8
50
  6
Continuous
 62
   251
370
    30
100
AcDbLine
 10
63.194
 20
4.088
 30
0.0
 11
65.294
 21
4.088
 31
0.0
  0
ARC
  5
2E1
330
1F
100
AcDbEntity
  8
50
  6
Continuous
 62
   251
370
    30
100
AcDbCircle
 10
65.294
 20
4.488
 30
0.0
 40
0.4
100
AcDbArc
 50
270.0
 51
0.0
  0
LINE
  5
2E2
330
1F
100
AcDbEntity
  8
50
  6
Continuous
 62
   251
370
    30
100
AcDbLine
 10
65.694
 20
4.488
 30
0.0
 11
65.694
 21
4.938
 31
0.0
  0
LINE
  5
2E3
330
1F
100
AcDbEntity
  8
50
  6
Continuous
 62
   251
370
    30
100
AcDbLine
 10
79.086
 20
10.272
 30
0.0
 11
77.486
 21
10.272
 31
0.0
  0
ARC
  5
2E4
330
1F
100
AcDbEntity
  8
50
  6
Continuous
 62
   251
370
    30
100
AcDbCircle
 10
77.486
 20
10.672
 30
0.0
 40
0.4
100
AcDbArc
 50
180.0
 51
270.0
  0
LINE
  5
2E5
330
1F
100
AcDbEntity
  8
50
  6
Continuous
 62
   251
370
    30
100
AcDbLine
 10
77.086
 20
10.672
 30
0.0
 11
77.086
 21
11.172
 31
0.0
  0
ARC
  5
2E6
330
1F
100
AcDbEntity
  8
50
  6
Continuous
 62
   251
370
    30
100
AcDbCircle
 10
77.486
 20
11.172
 30
0.0
 40
0.4
100
AcDbArc
 50
90.0
 51
180.0
  0
LINE
  5
2E7
330
1F
100
AcDbEntity
  8
50
  6
Continuous
 62
   251
370
    30
100
AcDbLine
 10
77.486
 20
11.572
 30
0.0
 11
79.086
 21
11.572
 31
0.0
  0
LINE
  5
2E8
330
1F
100
AcDbEntity
  8
50
  6
Continuous
 62
   251
370
    30
100
AcDbLine
 10
79.086
 20
10.272
 30
0.0
 11
79.086
 21
9.822
 31
0.0
  0
ARC
  5
2E9
330
1F
100
AcDbEntity
  8
50
  6
Continuous
 62
   251
370
    30
100
AcDbCircle
 10
79.486
 20
9.822
 30
0.0
 40
0.4
100
AcDbArc
 50
180.0
 51
270.0
  0
LINE
  5
2EA
330
1F
100
AcDbEntity
  8
50
  6
Continuous
 62
   251
370
    30
100
AcDbLine
 10
79.486
 20
9.422
 30
0.0
 11
81.586
 21
9.422
 31
0.0
  0
ARC
  5
2EB
330
1F
100
AcDbEntity
  8
50
  6
Continuous
 62
   251
370
    30
100
AcDbCircle
 10
81.586
 20
9.822
 30
0.0
 40
0.4
100
AcDbArc
 50
270.0
 51
0.0
  0
LINE
  5
2EC
330
1F
100
AcDbEntity
  8
50
  6
Continuous
 62
   251
370
    30
100
AcDbLine
 10
81.986
 20
9.822
 30
0.0
 11
81.986
 21
12.022
 31
0.0
  0
ARC
  5
2ED
330
1F
100
AcDbEntity
  8
50
  6
Continuous
 62
   251
370
    30
100
AcDbCircle
 10
81.586
 20
12.022
 30
0.0
 40
0.4
100
AcDbArc
 50
0.0
 51
90.0
  0
LINE
  5
2EE
330
1F
100
AcDbEntity
  8
50
  6
Continuous
 62
   251
370
    30
100
AcDbLine
 10
81.586
 20
12.422
 30
0.0
 11
79.486
 21
12.422
 31
0.0
  0
ARC
  5
2EF
330
1F
100
AcDbEntity
  8
50
  6
Continuous
 62
   251
370
    30
100
AcDbCircle
 10
79.486
 20
12.022
 30
0.0
 40
0.4
100
AcDbArc
 50
90.0
 51
180.0
  0
LINE
  5
2F0
330
1F
100
AcDbEntity
  8
50
  6
Continuous
 62
   251
370
    30
100
AcDbLine
 10
79.086
 20
12.022
 30
0.0
 11
79.086
 21
11.572
 31
0.0
  0
LINE
  5
2F1
330
1F
100
AcDbEntity
  8
50
  6
Continuous
 62
   251
370
    30
100
AcDbLine
 10
9.065
 20
30.155
 30
0.0
 11
9.065
 21
25.61
 31
0.0
  0
LINE
  5
2F2
330
1F
100
AcDbEntity
  8
50
  6
Continuous
 62
   251
370
    30
100
AcDbLine
 10
9.065
 20
25.61
 30
0.0
 11
2.365
 21
25.61
 31
0.0
  0
LINE
  5
2F3
330
1F
100
AcDbEntity
  8
50
  6
Continuous
 62
   251
370
    30
100
AcDbLine
 10
2.365
 20
25.61
 30
0.0
 11
2.365
 21
34.06
 31
0.0
  0
LINE
  5
2F4
330
1F
100
AcDbEntity
  8
50
  6
Continuous
 62
   251
370
    30
100
AcDbLine
 10
32.305
 20
16.28
 30
0.0
 11
34.305
 21
16.28
 31
0.0
  0
LINE
  5
2F5
330
1F
100
AcDbEntity
  8
50
  6
Continuous
 62
   251
370
    30
100
AcDbLine
 10
34.305
 20
19.28
 30
0.0
 11
32.305
 21
19.28
 31
0.0
  0
LINE
  5
2F6
330
1F
100
AcDbEntity
  8
50
  6
Continuous
 62
   251
370
    30
100
AcDbLine
 10
32.305
 20
19.28
 30
0.0
 11
32.305
 21
16.28
 31
0.0
  0
LINE
  5
2F7
330
1F
100
AcDbEntity
  8
50
  6
Continuous
 62
   251
370
    30
100
AcDbLine
 10
34.305
 20
19.28
 30
0.0
 11
34.305
 21
19.38
 31
0.0
  0
ARC
  5
2F8
330
1F
100
AcDbEntity
  8
50
  6
Continuous
 62
   251
370
    30
100
AcDbCircle
 10
34.705
 20
19.38
 30
0.0
 40
0.4
100
AcDbArc
 50
90.0
 51
180.0
  0
LINE
  5
2F9
330
1F
100
AcDbEntity
  8
50
  6
Continuous
 62
   251
370
    30
100
AcDbLine
 10
34.705
 20
19.78
 30
0.0
 11
37.255
 21
19.78
 31
0.0
  0
ARC
  5
2FA
330
1F
100
AcDbEntity
  8
50
  6
Continuous
 62
   251
370
    30
100
AcDbCircle
 10
37.255
 20
19.38
 30
0.0
 40
0.4
100
AcDbArc
 50
0.0
 51
90.0
  0
LINE
  5
2FB
330
1F
100
AcDbEntity
  8
50
  6
Continuous
 62
   251
370
    30
100
AcDbLine
 10
37.655
 20
19.38
 30
0.0
 11
37.655
 21
16.18
 31
0.0
  0
ARC
  5
2FC
330
1F
100
AcDbEntity
  8
50
  6
Continuous
 62
   251
370
    30
100
AcDbCircle
 10
37.255
 20
16.18
 30
0.0
 40
0.4
100
AcDbArc
 50
270.0
 51
0.0
  0
LINE
  5
2FD
330
1F
100
AcDbEntity
  8
50
  6
Continuous
 62
   251
370
    30
100
AcDbLine
 10
37.255
 20
15.78
 30
0.0
 11
34.705
 21
15.78
 31
0.0
  0
ARC
  5
2FE
330
1F
100
AcDbEntity
  8
50
  6
Continuous
 62
   251
370
    30
100
AcDbCircle
 10
34.705
 20
16.18
 30
0.0
 40
0.4
100
AcDbArc
 50
180.0
 51
270.0
  0
LINE
  5
2FF
330
1F
100
AcDbEntity
  8
50
  6
Continuous
 62
   251
370
    30
100
AcDbLine
 10
34.305
 20
16.18
 30
0.0
 11
34.305
 21
16.28
 31
0.0
  0
LINE
  5
300
330
1F
100
AcDbEntity
  8
50
  6
Continuous
 62
   251
370
    30
100
AcDbLine
 10
24.685
 20
46.125
 30
0.0
 11
26.685
 21
46.125
 31
0.0
  0
LINE
  5
301
330
1F
100
AcDbEntity
  8
50
  6
Continuous
 62
   251
370
    30
100
AcDbLine
 10
26.685
 20
49.125
 30
0.0
 11
24.685
 21
49.125
 31
0.0
  0
LINE
  5
302
330
1F
100
AcDbEntity
  8
50
  6
Continuous
 62
   251
370
    30
100
AcDbLine
 10
24.685
 20
49.125
 30
0.0
 11
24.685
 21
46.125
 31
0.0
  0
LINE
  5
303
330
1F
100
AcDbEntity
  8
50
  6
Continuous
 62
   251
370
    30
100
AcDbLine
 10
26.685
 20
49.125
 30
0.0
 11
26.685
 21
49.225
 31
0.0
  0
ARC
  5
304
330
1F
100
AcDbEntity
  8
50
  6
Continuous
 62
   251
370
    30
100
AcDbCircle
 10
27.085
 20
49.225
 30
0.0
 40
0.4
100
AcDbArc
 50
90.0
 51
180.0
  0
LINE
  5
305
330
1F
100
AcDbEntity
  8
50
  6
Continuous
 62
   251
370
    30
100
AcDbLine
 10
27.085
 20
49.625
 30
0.0
 11
29.635
 21
49.625
 31
0.0
  0
ARC
  5
306
330
1F
100
AcDbEntity
  8
50
  6
Continuous
 62
   251
370
    30
100
AcDbCircle
 10
29.635
 20
49.225
 30
0.0
 40
0.4
100
AcDbArc
 50
0.0
 51
90.0
  0
LINE
  5
307
330
1F
100
AcDbEntity
  8
50
  6
Continuous
 62
   251
370
    30
100
AcDbLine
 10
30.035
 20
49.225
 30
0.0
 11
30.035
 21
46.025
 31
0.0
  0
ARC
  5
308
330
1F
100
AcDbEntity
  8
50
  6
Continuous
 62
   251
370
    30
100
AcDbCircle
 10
29.635
 20
46.025
 30
0.0
 40
0.4
100
AcDbArc
 50
270.0
 51
360.0
  0
LINE
  5
309
330
1F
100
AcDbEntity
  8
50
  6
Continuous
 62
   251
370
    30
100
AcDbLine
 10
29.635
 20
45.625
 30
0.0
 11
27.085
 21
45.625
 31
0.0
  0
ARC
  5
30A
330
1F
100
AcDbEntity
  8
50
  6
Continuous
 62
   251
370
    30
100
AcDbCircle
 10
27.085
 20
46.025
 30
0.0
 40
0.4
100
AcDbArc
 50
180.0
 51
270.0
  0
LINE
  5
30B
330
1F
100
AcDbEntity
  8
50
  6
Continuous
 62
   251
370
    30
100
AcDbLine
 10
26.685
 20
46.025
 30
0.0
 11
26.685
 21
46.125
 31
0.0
  0
LINE
  5
30C
330
1F
100
AcDbEntity
  8
50
  6
Continuous
 62
   251
370
    30
100
AcDbLine
 10
28.7175
 20
34.605
 30
0.0
 11
28.7175
 21
43.605
 31
0.0
  0
LINE
  5
30D
330
1F
100
AcDbEntity
  8
50
  6
Continuous
 62
   251
370
    30
100
AcDbLine
 10
28.7175
 20
43.605
 30
0.0
 11
35.4175
 21
43.605
 31
0.0
  0
LINE
  5
30E
330
1F
100
AcDbEntity
  8
50
  6
Continuous
 62
   251
370
    30
100
AcDbLine
 10
35.4175
 20
43.605
 30
0.0
 11
35.4175
 21
34.605
 31
0.0
  0
ARC
  5
30F
330
1F
100
AcDbEntity
  8
50
  6
Continuous
 62
   251
370
    30
100
AcDbCircle
 10
34.6175
 20
34.605
 30
0.0
 40
0.8
100
AcDbArc
 50
270.0
 51
0.0
  0
LINE
  5
310
330
1F
100
AcDbEntity
  8
50
  6
Continuous
 62
   251
370
    30
100
AcDbLine
 10
34.6175
 20
33.805
 30
0.0
 11
29.5175
 21
33.805
 31
0.0
  0
ARC
  5
311
330
1F
100
AcDbEntity
  8
50
  6
Continuous
 62
   251
370
    30
100
AcDbCircle
 10
29.5175
 20
34.605
 30
0.0
 40
0.8
100
AcDbArc
 50
180.0
 51
270.0
  0
LINE
  5
312
330
1F
100
AcDbEntity
  8
50
  6
Continuous
 62
   251
370
    30
100
AcDbLine
 10
46.585
 20
3.4125
 30
0.0
 11
46.585
 21
5.4125
 31
0.0
  0
LINE
  5
313
330
1F
100
AcDbEntity
  8
50
  6
Continuous
 62
   251
370
    30
100
AcDbLine
 10
43.585
 20
5.4125
 30
0.0
 11
43.585
 21
3.4125
 31
0.0
  0
LINE
  5
314
330
1F
100
AcDbEntity
  8
50
  6
Continuous
 62
   251
370
    30
100
AcDbLine
 10
43.585
 20
3.4125
 30
0.0
 11
46.585
 21
3.4125
 31
0.0
  0
LINE
  5
315
330
1F
100
AcDbEntity
  8
50
  6
Continuous
 62
   251
370
    30
100
AcDbLine
 10
43.585
 20
5.4125
 30
0.0
 11
43.1675
 21
5.4125
 31
0.0
  0
LINE
  5
316
330
1F
100
AcDbEntity
  8
50
  6
Continuous
 62
   251
370
    30
100
AcDbLine
 10
47.0775
 20
5.4125
 30
0.0
 11
46.585
 21
5.4125
 31
0.0
  0
LINE
  5
317
330
1F
100
AcDbEntity
  8
50
  6
Continuous
 62
   251
370
    30
100
AcDbLine
 10
65.6425
 20
24.2175
 30
0.0
 11
67.6425
 21
24.2175
 31
0.0
  0
LINE
  5
318
330
1F
100
AcDbEntity
  8
50
  6
Continuous
 62
   251
370
    30
100
AcDbLine
 10
67.6425
 20
27.2175
 30
0.0
 11
65.6425
 21
27.2175
 31
0.0
  0
LINE
  5
319
330
1F
100
AcDbEntity
  8
50
  6
Continuous
 62
   251
370
    30
100
AcDbLine
 10
65.6425
 20
27.2175
 30
0.0
 11
65.6425
 21
24.2175
 31
0.0
  0
LINE
  5
31A
330
1F
100
AcDbEntity
  8
50
  6
Continuous
 62
   251
370
    30
100
AcDbLine
 10
67.6425
 20
27.2175
 30
0.0
 11
67.6425
 21
27.3175
 31
0.0
  0
ARC
  5
31B
330
1F
100
AcDbEntity
  8
50
  6
Continuous
 62
   251
370
    30
100
AcDbCircle
 10
68.0425
 20
27.3175
 30
0.0
 40
0.4
100
AcDbArc
 50
90.0
 51
180.0
  0
LINE
  5
31C
330
1F
100
AcDbEntity
  8
50
  6
Continuous
 62
   251
370
    30
100
AcDbLine
 10
68.0425
 20
27.7175
 30
0.0
 11
70.5925
 21
27.7175
 31
0.0
  0
ARC
  5
31D
330
1F
100
AcDbEntity
  8
50
  6
Continuous
 62
   251
370
    30
100
AcDbCircle
 10
70.5925
 20
27.3175
 30
0.0
 40
0.4
100
AcDbArc
 50
0.0
 51
90.0
  0
LINE
  5
31E
330
1F
100
AcDbEntity
  8
50
  6
Continuous
 62
   251
370
    30
100
AcDbLine
 10
70.9925
 20
27.3175
 30
0.0
 11
70.9925
 21
24.1175
 31
0.0
  0
ARC
  5
31F
330
1F
100
AcDbEntity
  8
50
  6
Continuous
 62
   251
370
    30
100
AcDbCircle
 10
70.5925
 20
24.1175
 30
0.0
 40
0.4
100
AcDbArc
 50
270.0
 51
0.0
  0
LINE
  5
320
330
1F
100
AcDbEntity
  8
50
  6
Continuous
 62
   251
370
    30
100
AcDbLine
 10
70.5925
 20
23.7175
 30
0.0
 11
68.0425
 21
23.7175
 31
0.0
  0
ARC
  5
321
330
1F
100
AcDbEntity
  8
50
  6
Continuous
 62
   251
370
    30
100
AcDbCircle
 10
68.0425
 20
24.1175
 30
0.0
 40
0.4
100
AcDbArc
 50
180.0
 51
270.0
  0
LINE
  5
322
330
1F
100
AcDbEntity
  8
50
  6
Continuous
 62
   251
370
    30
100
AcDbLine
 10
67.6425
 20
24.1175
 30
0.0
 11
67.6425
 21
24.2175
 31
0.0
  0
LINE
  5
323
330
1F
100
AcDbEntity
  8
50
  6
Continuous
 62
   251
370
    30
100
AcDbLine
 10
12.93
 20
27.225
 30
0.0
 11
12.93
 21
29.225
 31
0.0
  0
LINE
  5
324
330
1F
100
AcDbEntity
  8
50
  6
Continuous
 62
   251
370
    30
100
AcDbLine
 10
9.93
 20
29.225
 30
0.0
 11
9.93
 21
27.225
 31
0.0
  0
LINE
  5
325
330
1F
100
AcDbEntity
  8
50
  6
Continuous
 62
   251
370
    30
100
AcDbLine
 10
9.93
 20
27.225
 30
0.0
 11
12.93
 21
27.225
 31
0.0
  0
LINE
  5
326
330
1F
100
AcDbEntity
  8
50
  6
Continuous
 62
   251
370
    30
100
AcDbLine
 10
9.93
 20
29.225
 30
0.0
 11
9.83
 21
29.225
 31
0.0
  0
ARC
  5
327
330
1F
100
AcDbEntity
  8
50
  6
Continuous
 62
   251
370
    30
100
AcDbCircle
 10
9.83
 20
29.625
 30
0.0
 40
0.4
100
AcDbArc
 50
180.0
 51
270.0
  0
LINE
  5
328
330
1F
100
AcDbEntity
  8
50
  6
Continuous
 62
   251
370
    30
100
AcDbLine
 10
9.43
 20
29.625
 30
0.0
 11
9.43
 21
30.155
 31
0.0
  0
LINE
  5
329
330
1F
100
AcDbEntity
  8
50
  6
Continuous
 62
   251
370
    30
100
AcDbLine
 10
11.66
 20
32.575
 30
0.0
 11
13.03
 21
32.575
 31
0.0
  0
ARC
  5
32A
330
1F
100
AcDbEntity
  8
50
  6
Continuous
 62
   251
370
    30
100
AcDbCircle
 10
13.03
 20
32.175
 30
0.0
 40
0.4
100
AcDbArc
 50
0.0
 51
90.0
  0
LINE
  5
32B
330
1F
100
AcDbEntity
  8
50
  6
Continuous
 62
   251
370
    30
100
AcDbLine
 10
13.43
 20
32.175
 30
0.0
 11
13.43
 21
29.625
 31
0.0
  0
ARC
  5
32C
330
1F
100
AcDbEntity
  8
50
  6
Continuous
 62
   251
370
    30
100
AcDbCircle
 10
13.03
 20
29.625
 30
0.0
 40
0.4
100
AcDbArc
 50
270.0
 51
360.0
  0
LINE
  5
32D
330
1F
100
AcDbEntity
  8
50
  6
Continuous
 62
   251
370
    30
100
AcDbLine
 10
13.03
 20
29.225
 30
0.0
 11
12.93
 21
29.225
 31
0.0
  0
LINE
  5
32E
330
1F
100
AcDbEntity
  8
50
  6
Continuous
 62
   251
370
    30
100
AcDbLine
 10
89.2975
 20
33.25
 30
0.0
 11
87.2975
 21
33.25
 31
0.0
  0
LINE
  5
32F
330
1F
100
AcDbEntity
  8
50
  6
Continuous
 62
   251
370
    30
100
AcDbLine
 10
87.2975
 20
30.25
 30
0.0
 11
89.2975
 21
30.25
 31
0.0
  0
LINE
  5
330
330
1F
100
AcDbEntity
  8
50
  6
Continuous
 62
   251
370
    30
100
AcDbLine
 10
89.2975
 20
30.25
 30
0.0
 11
89.2975
 21
33.25
 31
0.0
  0
LINE
  5
331
330
1F
100
AcDbEntity
  8
50
  6
Continuous
 62
   251
370
    30
100
AcDbLine
 10
87.2975
 20
30.25
 30
0.0
 11
87.2975
 21
30.15
 31
0.0
  0
ARC
  5
332
330
1F
100
AcDbEntity
  8
50
  6
Continuous
 62
   251
370
    30
100
AcDbCircle
 10
86.8975
 20
30.15
 30
0.0
 40
0.4
100
AcDbArc
 50
270.0
 51
0.0
  0
LINE
  5
333
330
1F
100
AcDbEntity
  8
50
  6
Continuous
 62
   251
370
    30
100
AcDbLine
 10
86.8975
 20
29.75
 30
0.0
 11
84.3475
 21
29.75
 31
0.0
  0
ARC
  5
334
330
1F
100
AcDbEntity
  8
50
  6
Continuous
 62
   251
370
    30
100
AcDbCircle
 10
84.3475
 20
30.15
 30
0.0
 40
0.4
100
AcDbArc
 50
180.0
 51
270.0
  0
LINE
  5
335
330
1F
100
AcDbEntity
  8
50
  6
Continuous
 62
   251
370
    30
100
AcDbLine
 10
83.9475
 20
30.15
 30
0.0
 11
83.9475
 21
33.35
 31
0.0
  0
ARC
  5
336
330
1F
100
AcDbEntity
  8
50
  6
Continuous
 62
   251
370
    30
100
AcDbCircle
 10
84.3475
 20
33.35
 30
0.0
 40
0.4
100
AcDbArc
 50
90.0
 51
180.0
  0
LINE
  5
337
330
1F
100
AcDbEntity
  8
50
  6
Continuous
 62
   251
370
    30
100
AcDbLine
 10
84.3475
 20
33.75
 30
0.0
 11
86.8975
 21
33.75
 31
0.0
  0
ARC
  5
338
330
1F
100
AcDbEntity
  8
50
  6
Continuous
 62
   251
370
    30
100
AcDbCircle
 10
86.8975
 20
33.35
 30
0.0
 40
0.4
100
AcDbArc
 50
0.0
 51
90.0
  0
LINE
  5
339
330
1F
100
AcDbEntity
  8
50
  6
Continuous
 62
   251
370
    30
100
AcDbLine
 10
87.2975
 20
33.35
 30
0.0
 11
87.2975
 21
33.25
 31
0.0
  0
LINE
  5
33A
330
1F
100
AcDbEntity
  8
50
  6
Continuous
 62
   251
370
    30
100
AcDbLine
 10
83.9
 20
30.71
 30
0.0
 11
81.9
 21
30.71
 31
0.0
  0
LINE
  5
33B
330
1F
100
AcDbEntity
  8
50
  6
Continuous
 62
   251
370
    30
100
AcDbLine
 10
81.9
 20
27.71
 30
0.0
 11
83.9
 21
27.71
 31
0.0
  0
LINE
  5
33C
330
1F
100
AcDbEntity
  8
50
  6
Continuous
 62
   251
370
    30
100
AcDbLine
 10
83.9
 20
27.71
 30
0.0
 11
83.9
 21
30.71
 31
0.0
  0
LINE
  5
33D
330
1F
100
AcDbEntity
  8
50
  6
Continuous
 62
   251
370
    30
100
AcDbLine
 10
81.9
 20
27.71
 30
0.0
 11
81.9
 21
27.61
 31
0.0
  0
ARC
  5
33E
330
1F
100
AcDbEntity
  8
50
  6
Continuous
 62
   251
370
    30
100
AcDbCircle
 10
81.5
 20
27.61
 30
0.0
 40
0.4
100
AcDbArc
 50
270.0
 51
0.0
  0
LINE
  5
33F
330
1F
100
AcDbEntity
  8
50
  6
Continuous
 62
   251
370
    30
100
AcDbLine
 10
81.5
 20
27.21
 30
0.0
 11
78.95
 21
27.21
 31
0.0
  0
ARC
  5
340
330
1F
100
AcDbEntity
  8
50
  6
Continuous
 62
   251
370
    30
100
AcDbCircle
 10
78.95
 20
27.61
 30
0.0
 40
0.4
100
AcDbArc
 50
180.0
 51
270.0
  0
LINE
  5
341
330
1F
100
AcDbEntity
  8
50
  6
Continuous
 62
   251
370
    30
100
AcDbLine
 10
78.55
 20
27.61
 30
0.0
 11
78.55
 21
30.81
 31
0.0
  0
ARC
  5
342
330
1F
100
AcDbEntity
  8
50
  6
Continuous
 62
   251
370
    30
100
AcDbCircle
 10
78.95
 20
30.81
 30
0.0
 40
0.4
100
AcDbArc
 50
90.0
 51
180.0
  0
LINE
  5
343
330
1F
100
AcDbEntity
  8
50
  6
Continuous
 62
   251
370
    30
100
AcDbLine
 10
78.95
 20
31.21
 30
0.0
 11
81.5
 21
31.21
 31
0.0
  0
ARC
  5
344
330
1F
100
AcDbEntity
  8
50
  6
Continuous
 62
   251
370
    30
100
AcDbCircle
 10
81.5
 20
30.81
 30
0.0
 40
0.4
100
AcDbArc
 50
0.0
 51
90.0
  0
LINE
  5
345
330
1F
100
AcDbEntity
  8
50
  6
Continuous
 62
   251
370
    30
100
AcDbLine
 10
81.9
 20
30.81
 30
0.0
 11
81.9
 21
30.71
 31
0.0
  0
LINE
  5
346
330
1F
100
AcDbEntity
  8
50
  6
Continuous
 62
   251
370
    30
100
AcDbLine
 10
89.2975
 20
26.265
 30
0.0
 11
87.2975
 21
26.265
 31
0.0
  0
LINE
  5
347
330
1F
100
AcDbEntity
  8
50
  6
Continuous
 62
   251
370
    30
100
AcDbLine
 10
87.2975
 20
23.265
 30
0.0
 11
89.2975
 21
23.265
 31
0.0
  0
LINE
  5
348
330
1F
100
AcDbEntity
  8
50
  6
Continuous
 62
   251
370
    30
100
AcDbLine
 10
89.2975
 20
23.265
 30
0.0
 11
89.2975
 21
26.265
 31
0.0
  0
LINE
  5
349
330
1F
100
AcDbEntity
  8
50
  6
Continuous
 62
   251
370
    30
100
AcDbLine
 10
87.2975
 20
23.265
 30
0.0
 11
87.2975
 21
23.165
 31
0.0
  0
ARC
  5
34A
330
1F
100
AcDbEntity
  8
50
  6
Continuous
 62
   251
370
    30
100
AcDbCircle
 10
86.8975
 20
23.165
 30
0.0
 40
0.4
100
AcDbArc
 50
270.0
 51
0.0
  0
LINE
  5
34B
330
1F
100
AcDbEntity
  8
50
  6
Continuous
 62
   251
370
    30
100
AcDbLine
 10
86.8975
 20
22.765
 30
0.0
 11
84.3475
 21
22.765
 31
0.0
  0
ARC
  5
34C
330
1F
100
AcDbEntity
  8
50
  6
Continuous
 62
   251
370
    30
100
AcDbCircle
 10
84.3475
 20
23.165
 30
0.0
 40
0.4
100
AcDbArc
 50
180.0
 51
270.0
  0
LINE
  5
34D
330
1F
100
AcDbEntity
  8
50
  6
Continuous
 62
   251
370
    30
100
AcDbLine
 10
83.9475
 20
23.165
 30
0.0
 11
83.9475
 21
26.365
 31
0.0
  0
ARC
  5
34E
330
1F
100
AcDbEntity
  8
50
  6
Continuous
 62
   251
370
    30
100
AcDbCircle
 10
84.3475
 20
26.365
 30
0.0
 40
0.4
100
AcDbArc
 50
90.0
 51
180.0
  0
LINE
  5
34F
330
1F
100
AcDbEntity
  8
50
  6
Continuous
 62
   251
370
    30
100
AcDbLine
 10
84.3475
 20
26.765
 30
0.0
 11
86.8975
 21
26.765
 31
0.0
  0
ARC
  5
350
330
1F
100
AcDbEntity
  8
50
  6
Continuous
 62
   251
370
    30
100
AcDbCircle
 10
86.8975
 20
26.365
 30
0.0
 40
0.4
100
AcDbArc
 50
0.0
 51
90.0
  0
LINE
  5
351
330
1F
100
AcDbEntity
  8
50
  6
Continuous
 62
   251
370
    30
100
AcDbLine
 10
87.2975
 20
26.365
 30
0.0
 11
87.2975
 21
26.265
 31
0.0
  0
LINE
  5
352
330
1F
100
AcDbEntity
  8
50
  6
Continuous
 62
   251
370
    30
100
AcDbLine
 10
83.5825
 20
23.725
 30
0.0
 11
81.5825
 21
23.725
 31
0.0
  0
LINE
  5
353
330
1F
100
AcDbEntity
  8
50
  6
Continuous
 62
   251
370
    30
100
AcDbLine
 10
81.5825
 20
20.725
 30
0.0
 11
83.5825
 21
20.725
 31
0.0
  0
LINE
  5
354
330
1F
100
AcDbEntity
  8
50
  6
Continuous
 62
   251
370
    30
100
AcDbLine
 10
83.5825
 20
20.725
 30
0.0
 11
83.5825
 21
23.725
 31
0.0
  0
LINE
  5
355
330
1F
100
AcDbEntity
  8
50
  6
Continuous
 62
   251
370
    30
100
AcDbLine
 10
81.5825
 20
20.725
 30
0.0
 11
81.5825
 21
20.625
 31
0.0
  0
ARC
  5
356
330
1F
100
AcDbEntity
  8
50
  6
Continuous
 62
   251
370
    30
100
AcDbCircle
 10
81.1825
 20
20.625
 30
0.0
 40
0.4
100
AcDbArc
 50
270.0
 51
0.0
  0
LINE
  5
357
330
1F
100
AcDbEntity
  8
50
  6
Continuous
 62
   251
370
    30
100
AcDbLine
 10
81.1825
 20
20.225
 30
0.0
 11
78.6325
 21
20.225
 31
0.0
  0
ARC
  5
358
330
1F
100
AcDbEntity
  8
50
  6
Continuous
 62
   251
370
    30
100
AcDbCircle
 10
78.6325
 20
20.625
 30
0.0
 40
0.4
100
AcDbArc
 50
180.0
 51
270.0
  0
LINE
  5
359
330
1F
100
AcDbEntity
  8
50
  6
Continuous
 62
   251
370
    30
100
AcDbLine
 10
78.2325
 20
20.625
 30
0.0
 11
78.2325
 21
23.825
 31
0.0
  0
ARC
  5
35A
330
1F
100
AcDbEntity
  8
50
  6
Continuous
 62
   251
370
    30
100
AcDbCircle
 10
78.6325
 20
23.825
 30
0.0
 40
0.4
100
AcDbArc
 50
90.0
 51
180.0
  0
LINE
  5
35B
330
1F
100
AcDbEntity
  8
50
  6
Continuous
 62
   251
370
    30
100
AcDbLine
 10
78.6325
 20
24.225
 30
0.0
 11
81.1825
 21
24.225
 31
0.0
  0
ARC
  5
35C
330
1F
100
AcDbEntity
  8
50
  6
Continuous
 62
   251
370
    30
100
AcDbCircle
 10
81.1825
 20
23.825
 30
0.0
 40
0.4
100
AcDbArc
 50
0.0
 51
90.0
  0
LINE
  5
35D
330
1F
100
AcDbEntity
  8
50
  6
Continuous
 62
   251
370
    30
100
AcDbLine
 10
81.5825
 20
23.825
 30
0.0
 11
81.5825
 21
23.725
 31
0.0
  0
LINE
  5
35E
330
1F
100
AcDbEntity
  8
50
  6
Continuous
 62
   251
370
    30
100
AcDbLine
 10
89.2975
 20
19.5975
 30
0.0
 11
87.2975
 21
19.5975
 31
0.0
  0
LINE
  5
35F
330
1F
100
AcDbEntity
  8
50
  6
Continuous
 62
   251
370
    30
100
AcDbLine
 10
87.2975
 20
16.5975
 30
0.0
 11
89.2975
 21
16.5975
 31
0.0
  0
LINE
  5
360
330
1F
100
AcDbEntity
  8
50
  6
Continuous
 62
   251
370
    30
100
AcDbLine
 10
89.2975
 20
16.5975
 30
0.0
 11
89.2975
 21
19.5975
 31
0.0
  0
LINE
  5
361
330
1F
100
AcDbEntity
  8
50
  6
Continuous
 62
   251
370
    30
100
AcDbLine
 10
87.2975
 20
16.5975
 30
0.0
 11
87.2975
 21
16.4975
 31
0.0
  0
ARC
  5
362
330
1F
100
AcDbEntity
  8
50
  6
Continuous
 62
   251
370
    30
100
AcDbCircle
 10
86.8975
 20
16.4975
 30
0.0
 40
0.4
100
AcDbArc
 50
270.0
 51
0.0
  0
LINE
  5
363
330
1F
100
AcDbEntity
  8
50
  6
Continuous
 62
   251
370
    30
100
AcDbLine
 10
86.8975
 20
16.0975
 30
0.0
 11
84.3475
 21
16.0975
 31
0.0
  0
ARC
  5
364
330
1F
100
AcDbEntity
  8
50
  6
Continuous
 62
   251
370
    30
100
AcDbCircle
 10
84.3475
 20
16.4975
 30
0.0
 40
0.4
100
AcDbArc
 50
180.0
 51
270.0
  0
LINE
  5
365
330
1F
100
AcDbEntity
  8
50
  6
Continuous
 62
   251
370
    30
100
AcDbLine
 10
83.9475
 20
16.4975
 30
0.0
 11
83.9475
 21
19.6975
 31
0.0
  0
ARC
  5
366
330
1F
100
AcDbEntity
  8
50
  6
Continuous
 62
   251
370
    30
100
AcDbCircle
 10
84.3475
 20
19.6975
 30
0.0
 40
0.4
100
AcDbArc
 50
90.0
 51
180.0
  0
LINE
  5
367
330
1F
100
AcDbEntity
  8
50
  6
Continuous
 62
   251
370
    30
100
AcDbLine
 10
84.3475
 20
20.0975
 30
0.0
 11
86.8975
 21
20.0975
 31
0.0
  0
ARC
  5
368
330
1F
100
AcDbEntity
  8
50
  6
Continuous
 62
   251
370
    30
100
AcDbCircle
 10
86.8975
 20
19.6975
 30
0.0
 40
0.4
100
AcDbArc
 50
0.0
 51
90.0
  0
LINE
  5
369
330
1F
100
AcDbEntity
  8
50
  6
Continuous
 62
   251
370
    30
100
AcDbLine
 10
87.2975
 20
19.6975
 30
0.0
 11
87.2975
 21
19.5975
 31
0.0
  0
LINE
  5
36A
330
1F
100
AcDbEntity
  8
50
  6
Continuous
 62
   251
370
    30
100
AcDbLine
 10
83.9
 20
16.74
 30
0.0
 11
81.9
 21
16.74
 31
0.0
  0
LINE
  5
36B
330
1F
100
AcDbEntity
  8
50
  6
Continuous
 62
   251
370
    30
100
AcDbLine
 10
81.9
 20
13.74
 30
0.0
 11
83.9
 21
13.74
 31
0.0
  0
LINE
  5
36C
330
1F
100
AcDbEntity
  8
50
  6
Continuous
 62
   251
370
    30
100
AcDbLine
 10
83.9
 20
13.74
 30
0.0
 11
83.9
 21
16.74
 31
0.0
  0
LINE
  5
36D
330
1F
100
AcDbEntity
  8
50
  6
Continuous
 62
   251
370
    30
100
AcDbLine
 10
81.9
 20
13.74
 30
0.0
 11
81.9
 21
13.64
 31
0.0
  0
ARC
  5
36E
330
1F
100
AcDbEntity
  8
50
  6
Continuous
 62
   251
370
    30
100
AcDbCircle
 10
81.5
 20
13.64
 30
0.0
 40
0.4
100
AcDbArc
 50
270.0
 51
0.0
  0
LINE
  5
36F
330
1F
100
AcDbEntity
  8
50
  6
Continuous
 62
   251
370
    30
100
AcDbLine
 10
81.5
 20
13.24
 30
0.0
 11
78.95
 21
13.24
 31
0.0
  0
ARC
  5
370
330
1F
100
AcDbEntity
  8
50
  6
Continuous
 62
   251
370
    30
100
AcDbCircle
 10
78.95
 20
13.64
 30
0.0
 40
0.4
100
AcDbArc
 50
180.0
 51
270.0
  0
LINE
  5
371
330
1F
100
AcDbEntity
  8
50
  6
Continuous
 62
   251
370
    30
100
AcDbLine
 10
78.55
 20
13.64
 30
0.0
 11
78.55
 21
16.84
 31
0.0
  0
ARC
  5
372
330
1F
100
AcDbEntity
  8
50
  6
Continuous
 62
   251
370
    30
100
AcDbCircle
 10
78.95
 20
16.84
 30
0.0
 40
0.4
100
AcDbArc
 50
90.0
 51
180.0
  0
LINE
  5
373
330
1F
100
AcDbEntity
  8
50
  6
Continuous
 62
   251
370
    30
100
AcDbLine
 10
78.95
 20
17.24
 30
0.0
 11
81.5
 21
17.24
 31
0.0
  0
ARC
  5
374
330
1F
100
AcDbEntity
  8
50
  6
Continuous
 62
   251
370
    30
100
AcDbCircle
 10
81.5
 20
16.84
 30
0.0
 40
0.4
100
AcDbArc
 50
0.0
 51
90.0
  0
LINE
  5
375
330
1F
100
AcDbEntity
  8
50
  6
Continuous
 62
   251
370
    30
100
AcDbLine
 10
81.9
 20
16.84
 30
0.0
 11
81.9
 21
16.74
 31
0.0
  0
LINE
  5
376
330
1F
100
AcDbEntity
  8
50
  6
Continuous
 62
   251
370
    30
100
AcDbLine
 10
78.425
 20
0.7775
 30
0.0
 11
69.425
 21
0.7775
 31
0.0
  0
LINE
  5
377
330
1F
100
AcDbEntity
  8
50
  6
Continuous
 62
   251
370
    30
100
AcDbLine
 10
69.425
 20
0.7775
 30
0.0
 11
69.425
 21
7.4775
 31
0.0
  0
LINE
  5
378
330
1F
100
AcDbEntity
  8
50
  6
Continuous
 62
   251
370
    30
100
AcDbLine
 10
69.425
 20
7.4775
 30
0.0
 11
78.425
 21
7.4775
 31
0.0
  0
ARC
  5
379
330
1F
100
AcDbEntity
  8
50
  6
Continuous
 62
   251
370
    30
100
AcDbCircle
 10
78.425
 20
6.6775
 30
0.0
 40
0.8
100
AcDbArc
 50
0.0
 51
90.0
  0
LINE
  5
37A
330
1F
100
AcDbEntity
  8
50
  6
Continuous
 62
   251
370
    30
100
AcDbLine
 10
79.225
 20
6.6775
 30
0.0
 11
79.225
 21
1.5775
 31
0.0
  0
ARC
  5
37B
330
1F
100
AcDbEntity
  8
50
  6
Continuous
 62
   251
370
    30
100
AcDbCircle
 10
78.425
 20
1.5775
 30
0.0
 40
0.8
100
AcDbArc
 50
270.0
 51
0.0
  0
LINE
  5
37C
330
1F
100
AcDbEntity
  8
50
  6
Continuous
 62
   251
370
    30
100
AcDbLine
 10
89.5375
 20
0.7775
 30
0.0
 11
80.5375
 21
0.7775
 31
0.0
  0
LINE
  5
37D
330
1F
100
AcDbEntity
  8
50
  6
Continuous
 62
   251
370
    30
100
AcDbLine
 10
80.5375
 20
0.7775
 30
0.0
 11
80.5375
 21
7.4775
 31
0.0
  0
LINE
  5
37E
330
1F
100
AcDbEntity
  8
50
  6
Continuous
 62
   251
370
    30
100
AcDbLine
 10
80.5375
 20
7.4775
 30
0.0
 11
89.5375
 21
7.4775
 31
0.0
  0
ARC
  5
37F
330
1F
100
AcDbEntity
  8
50
  6
Continuous
 62
   251
370
    30
100
AcDbCircle
 10
89.5375
 20
6.6775
 30
0.0
 40
0.8
100
AcDbArc
 50
0.0
 51
90.0
  0
LINE
  5
380
330
1F
100
AcDbEntity
  8
50
  6
Continuous
 62
   251
370
    30
100
AcDbLine
 10
90.3375
 20
6.6775
 30
0.0
 11
90.3375
 21
1.5775
 31
0.0
  0
ARC
  5
381
330
1F
100
AcDbEntity
  8
50
  6
Continuous
 62
   251
370
    30
100
AcDbCircle
 10
89.5375
 20
1.5775
 30
0.0
 40
0.8
100
AcDbArc
 50
270.0
 51
0.0
  0
LINE
  5
383
330
1F
100
AcDbEntity
  8
Default
  6
Continuous
 62
     7
370
     9
100
AcDbLine
 10
6.315
 20
34.46
 30
0.0
 11
2.765
 21
34.46
 31
0.0
  0
LINE
  5
384
330
1F
100
AcDbEntity
  8
Default
  6
Continuous
 62
     7
370
     0
100
AcDbLine
 10
9.06
 20
33.055
 30
0.0
 11
9.06
 21
36.66
 31
0.0
  0
ARC
  5
385
330
1F
100
AcDbEntity
  8
Default
  6
Continuous
 62
     7
370
     0
100
AcDbCircle
 10
2.765
 20
34.06
 30
0.0
 40
0.4
100
AcDbArc
 50
90.0
 51
180.0
  0
ARC
  5
386
330
1F
100
AcDbEntity
  8
Default
  6
Continuous
 62
     7
370
     0
100
AcDbCircle
 10
50.1775
 20
5.1275
 30
0.0
 40
0.4
100
AcDbArc
 50
270.0
 51
0.0
  0
ARC
  5
387
330
1F
100
AcDbEntity
  8
Default
  6
Continuous
 62
     7
370
     0
100
AcDbCircle
 10
43.1675
 20
5.8125
 30
0.0
 40
0.4
100
AcDbArc
 50
180.0
 51
270.0
  0
ARC
  5
388
330
1F
100
AcDbEntity
  8
Default
  6
Continuous
 62
     7
370
    40
100
AcDbCircle
 10
8.66
 20
36.66
 30
0.0
 40
0.4
100
AcDbArc
 50
0.0
 51
90.0
  0
CIRCLE
  5
389
330
1F
100
AcDbEntity
  8
Default
  6
Continuous
 62
     7
370
    40
100
AcDbCircle
 10
11.5
 20
52.5
 30
0.0
 40
1.1
  0
CIRCLE
  5
38A
330
1F
100
AcDbEntity
  8
Default
  6
Continuous
 62
     7
370
    40
100
AcDbCircle
 10
62.5
 20
52.5
 30
0.0
 40
1.1
  0
CIRCLE
  5
38B
330
1F
100
AcDbEntity
  8
Default
  6
Continuous
 62
     7
370
    40
100
AcDbCircle
 10
90.3
 20
52.5
 30
0.0
 40
1.1
  0
CIRCLE
  5
38C
330
1F
100
AcDbEntity
  8
Default
  6
Continuous
 62
     7
370
    40
100
AcDbCircle
 10
94.5
 20
7.1
 30
0.0
 40
1.1
  0
CIRCLE
  5
38D
330
1F
100
AcDbEntity
  8
Default
  6
Continuous
 62
     7
370
    40
100
AcDbCircle
 10
62.5
 20
2.5
 30
0.0
 40
1.1
  0
CIRCLE
  5
38E
330
1F
100
AcDbEntity
  8
Default
  6
Continuous
 62
     7
370
    40
100
AcDbCircle
 10
11.5
 20
2.5
 30
0.0
 40
1.1
  0
ENDSEC
  0
SECTION
  2
OBJECTS
  0
DICTIONARY
  5
C
330
0
100
AcDbDictionary
281
     1
  3
ACAD_GROUP
350
D
  3
ACAD_LAYOUT
350
1A
  3
ACAD_MATERIAL
350
43
  3
ACAD_MLEADERSTYLE
350
391
  3
ACAD_MLINESTYLE
350
17
  3
ACAD_PLOTSETTINGS
350
19
  3
ACAD_PLOTSTYLENAME
350
E
  3
ACAD_SCALELIST
350
47
  3
ACAD_VISUALSTYLE
350
2A
  3
AcDbVariableDictionary
350
38F
  0
DICTIONARY
  5
D
102
{ACAD_REACTORS
330
C
102
}
330
C
100
AcDbDictionary
281
     1
  0
DICTIONARY
  5
1A
102
{ACAD_REACTORS
330
C
102
}
330
C
100
AcDbDictionary
281
     1
  3
Layout1
350
1E
  3
Model
350
22
  0
DICTIONARY
  5
43
102
{ACAD_REACTORS
330
C
102
}
330
C
100
AcDbDictionary
281
     1
  3
ByBlock
350
45
  3
ByLayer
350
44
  3
Global
350
46
  0
DICTIONARY
  5
391
102
{ACAD_REACTORS
330
C
102
}
330
C
100
AcDbDictionary
281
     1
  0
DICTIONARY
  5
17
102
{ACAD_REACTORS
330
C
102
}
330
C
100
AcDbDictionary
281
     1
  3
Standard
350
18
  0
DICTIONARY
  5
19
102
{ACAD_REACTORS
330
C
102
}
330
C
100
AcDbDictionary
281
     1
  0
ACDBDICTIONARYWDFLT
  5
E
102
{ACAD_REACTORS
330
C
102
}
330
C
100
AcDbDictionary
281
     1
  3
Normal
350
F
100
AcDbDictionaryWithDefault
340
F
  0
DICTIONARY
  5
47
102
{ACAD_REACTORS
330
C
102
}
330
C
100
AcDbDictionary
281
     1
  3
A0
350
48
  3
A1
350
49
  3
A2
350
4A
  3
A3
350
4B
  3
A4
350
4C
  3
A5
350
4D
  3
A6
350
4E
  3
A7
350
4F
  3
A8
350
50
  3
A9
350
51
  3
B0
350
52
  3
B1
350
53
  3
B2
350
54
  3
B3
350
55
  3
B4
350
56
  3
B5
350
57
  3
B6
350
58
  3
B7
350
59
  3
B8
350
5A
  3
B9
350
5B
  3
C0
350
5C
  3
C1
350
5D
  3
C2
350
5E
  3
C3
350
5F
  3
C4
350
60
  3
C5
350
61
  3
C6
350
62
  3
C7
350
63
  3
C8
350
64
  3
C9
350
65
  3
D0
350
66
  3
D1
350
67
  3
D2
350
68
  0
DICTIONARY
  5
2A
102
{ACAD_REACTORS
330
C
102
}
330
C
100
AcDbDictionary
281
     1
  3
2dWireframe
350
2F
  3
Basic
350
32
  3
Brighten
350
36
  3
ColorChange
350
3A
  3
Conceptual
350
34
  3
Dim
350
35
  3
EdgeColorOff
350
3D
  3
Facepattern
350
39
  3
Flat
350
2B
  3
FlatWithEdges
350
2C
  3
Gouraud
350
2D
  3
GouraudWithEdges
350
2E
  3
Hidden
350
31
  3
JitterOff
350
3B
  3
Linepattern
350
38
  3
OverhangOff
350
3C
  3
Realistic
350
33
  3
Shaded
350
42
  3
Shaded with edges
350
41
  3
Shades of Gray
350
3E
  3
Sketchy
350
3F
  3
Thicken
350
37
  3
Wireframe
350
30
  3
X-Ray
350
40
  0
DICTIONARY
  5
38F
102
{ACAD_REACTORS
330
C
102
}
330
C
100
AcDbDictionary
281
     1
  3
CANNOSCALE
350
398
  3
DIMASSOC
350
396
  3
HIDETEXT
350
397
  3
MSLTSCALE
350
399
  3
PSOLHEIGHT
350
393
  3
PSOLWIDTH
350
392
  0
LAYOUT
  5
1E
102
{ACAD_REACTORS
330
1A
102
}
330
1A
100
AcDbPlotSettings
  1

  2
none_device
  4

  6

 40
0.0
 41
0.0
 42
0.0
 43
0.0
 44
0.0
 45
0.0
 46
0.0
 47
0.0
 48
0.0
 49
0.0
140
0.0
141
0.0
142
1.0
143
1.0
 70
   688
 72
     1
 73
     0
 74
     5
  7

 75
    16
147
1.0
148
0.0
149
0.0
100
AcDbLayout
  1
Layout1
 70
     1
 71
     1
 10
0.0
 20
0.0
 11
215.9
 21
279.4
 12
0.0
 22
0.0
 32
0.0
 14
0.0
 24
0.0
 34
0.0
 15
215.9
 25
279.4
 35
0.0
146
0.0
 13
0.0
 23
0.0
 33
0.0
 16
1.0
 26
0.0
 36
0.0
 17
0.0
 27
1.0
 37
0.0
 76
     0
330
1B
  0
LAYOUT
  5
22
102
{ACAD_REACTORS
330
1A
102
}
330
1A
100
AcDbPlotSettings
  1

  2
none_device
  4
Letter_(8.50_x_11.00_Inches)
  6

 40
6.35
 41
6.35
 42
6.35000508
 43
6.35000508
 44
215.9
 45
279.4
 46
0.0
 47
0.0
 48
0.0
 49
0.0
140
0.0
141
0.0
142
1.0
143
1.0
 70
  1712
 72
     1
 73
     0
 74
     0
  7

 75
     0
147
1.0
148
0.0
149
0.0
100
AcDbLayout
  1
Model
 70
     1
 71
     0
 10
0.0
 20
0.0
 11
215.9
 21
279.4
 12
0.0
 22
0.0
 32
0.0
 14
0.0
 24
0.0
 34
0.0
 15
215.9
 25
279.4
 35
0.0
146
0.0
 13
0.0
 23
0.0
 33
0.0
 16
1.0
 26
0.0
 36
0.0
 17
0.0
 27
1.0
 37
0.0
 76
     0
330
1F
331
29
  0
MATERIAL
  5
45
102
{ACAD_REACTORS
330
43
102
}
102
{ACAD_XDICTIONARY
360
3CC
102
}
330
43
100
AcDbMaterial
  1
ByBlock
  0
MATERIAL
  5
44
102
{ACAD_REACTORS
330
43
102
}
102
{ACAD_XDICTIONARY
360
3CA
102
}
330
43
100
AcDbMaterial
  1
ByLayer
  0
MATERIAL
  5
46
102
{ACAD_REACTORS
330
43
102
}
102
{ACAD_XDICTIONARY
360
3CE
102
}
330
43
100
AcDbMaterial
  1
Global
  0
MLINESTYLE
  5
18
102
{ACAD_REACTORS
330
17
102
}
330
17
100
AcDbMlineStyle
  2
Standard
 70
     0
  3

 62
   256
 51
90.0
 52
90.0
 71
     2
 49
0.5
 62
   256
  6
BYLAYER
 49
-0.5
 62
   256
  6
BYLAYER
  0
ACDBPLACEHOLDER
  5
F
102
{ACAD_REACTORS
330
E
102
}
330
E
  0
SCALE
  5
48
102
{ACAD_REACTORS
330
47
102
}
330
47
100
AcDbScale
 70
     0
300
1:1
140
1.0
141
1.0
290
     1
  0
SCALE
  5
49
102
{ACAD_REACTORS
330
47
102
}
330
47
100
AcDbScale
 70
     0
300
1:2
140
1.0
141
2.0
290
     0
  0
SCALE
  5
4A
102
{ACAD_REACTORS
330
47
102
}
330
47
100
AcDbScale
 70
     0
300
1:4
140
1.0
141
4.0
290
     0
  0
SCALE
  5
4B
102
{ACAD_REACTORS
330
47
102
}
330
47
100
AcDbScale
 70
     0
300
1:5
140
1.0
141
5.0
290
     0
  0
SCALE
  5
4C
102
{ACAD_REACTORS
330
47
102
}
330
47
100
AcDbScale
 70
     0
300
1:8
140
1.0
141
8.0
290
     0
  0
SCALE
  5
4D
102
{ACAD_REACTORS
330
47
102
}
330
47
100
AcDbScale
 70
     0
300
1:10
140
1.0
141
10.0
290
     0
  0
SCALE
  5
4E
102
{ACAD_REACTORS
330
47
102
}
330
47
100
AcDbScale
 70
     0
300
1:16
140
1.0
141
16.0
290
     0
  0
SCALE
  5
4F
102
{ACAD_REACTORS
330
47
102
}
330
47
100
AcDbScale
 70
     0
300
1:20
140
1.0
141
20.0
290
     0
  0
SCALE
  5
50
102
{ACAD_REACTORS
330
47
102
}
330
47
100
AcDbScale
 70
     0
300
1:30
140
1.0
141
30.0
290
     0
  0
SCALE
  5
51
102
{ACAD_REACTORS
330
47
102
}
330
47
100
AcDbScale
 70
     0
300
1:40
140
1.0
141
40.0
290
     0
  0
SCALE
  5
52
102
{ACAD_REACTORS
330
47
102
}
330
47
100
AcDbScale
 70
     0
300
1:50
140
1.0
141
50.0
290
     0
  0
SCALE
  5
53
102
{ACAD_REACTORS
330
47
102
}
330
47
100
AcDbScale
 70
     0
300
1:100
140
1.0
141
100.0
290
     0
  0
SCALE
  5
54
102
{ACAD_REACTORS
330
47
102
}
330
47
100
AcDbScale
 70
     0
300
2:1
140
2.0
141
1.0
290
     0
  0
SCALE
  5
55
102
{ACAD_REACTORS
330
47
102
}
330
47
100
AcDbScale
 70
     0
300
4:1
140
4.0
141
1.0
290
     0
  0
SCALE
  5
56
102
{ACAD_REACTORS
330
47
102
}
330
47
100
AcDbScale
 70
     0
300
8:1
140
8.0
141
1.0
290
     0
  0
SCALE
  5
57
102
{ACAD_REACTORS
330
47
102
}
330
47
100
AcDbScale
 70
     0
300
10:1
140
10.0
141
1.0
290
     0
  0
SCALE
  5
58
102
{ACAD_REACTORS
330
47
102
}
330
47
100
AcDbScale
 70
     0
300
100:1
140
100.0
141
1.0
290
     0
  0
SCALE
  5
59
102
{ACAD_REACTORS
330
47
102
}
330
47
100
AcDbScale
 70
     0
300
1/128" = 1'-0"
140
0.0078125
141
12.0
290
     0
  0
SCALE
  5
5A
102
{ACAD_REACTORS
330
47
102
}
330
47
100
AcDbScale
 70
     0
300
1/64" = 1'-0"
140
0.015625
141
12.0
290
     0
  0
SCALE
  5
5B
102
{ACAD_REACTORS
330
47
102
}
330
47
100
AcDbScale
 70
     0
300
1/32" = 1'-0"
140
0.03125
141
12.0
290
     0
  0
SCALE
  5
5C
102
{ACAD_REACTORS
330
47
102
}
330
47
100
AcDbScale
 70
     0
300
1/16" = 1'-0"
140
0.0625
141
12.0
290
     0
  0
SCALE
  5
5D
102
{ACAD_REACTORS
330
47
102
}
330
47
100
AcDbScale
 70
     0
300
3/32" = 1'-0"
140
0.09375
141
12.0
290
     0
  0
SCALE
  5
5E
102
{ACAD_REACTORS
330
47
102
}
330
47
100
AcDbScale
 70
     0
300
1/8" = 1'-0"
140
0.125
141
12.0
290
     0
  0
SCALE
  5
5F
102
{ACAD_REACTORS
330
47
102
}
330
47
100
AcDbScale
 70
     0
300
3/16" = 1'-0"
140
0.1875
141
12.0
290
     0
  0
SCALE
  5
60
102
{ACAD_REACTORS
330
47
102
}
330
47
100
AcDbScale
 70
     0
300
1/4" = 1'-0"
140
0.25
141
12.0
290
     0
  0
SCALE
  5
61
102
{ACAD_REACTORS
330
47
102
}
330
47
100
AcDbScale
 70
     0
300
3/8" = 1'-0"
140
0.375
141
12.0
290
     0
  0
SCALE
  5
62
102
{ACAD_REACTORS
330
47
102
}
330
47
100
AcDbScale
 70
     0
300
1/2" = 1'-0"
140
0.5
141
12.0
290
     0
  0
SCALE
  5
63
102
{ACAD_REACTORS
330
47
102
}
330
47
100
AcDbScale
 70
     0
300
3/4" = 1'-0"
140
0.75
141
12.0
290
     0
  0
SCALE
  5
64
102
{ACAD_REACTORS
330
47
102
}
330
47
100
AcDbScale
 70
     0
300
1" = 1'-0"
140
1.0
141
12.0
290
     0
  0
SCALE
  5
65
102
{ACAD_REACTORS
330
47
102
}
330
47
100
AcDbScale
 70
     0
300
1-1/2" = 1'-0"
140
1.5
141
12.0
290
     0
  0
SCALE
  5
66
102
{ACAD_REACTORS
330
47
102
}
330
47
100
AcDbScale
 70
     0
300
3" = 1'-0"
140
3.0
141
12.0
290
     0
  0
SCALE
  5
67
102
{ACAD_REACTORS
330
47
102
}
330
47
100
AcDbScale
 70
     0
300
6" = 1'-0"
140
6.0
141
12.0
290
     0
  0
SCALE
  5
68
102
{ACAD_REACTORS
330
47
102
}
330
47
100
AcDbScale
 70
     0
300
1'-0" = 1'-0"
140
12.0
141
12.0
290
     0
  0
VISUALSTYLE
  5
2F
102
{ACAD_REACTORS
330
2A
102
}
102
{ACAD_XDICTIONARY
360
3A2
102
}
330
2A
100
AcDbVisualStyle
  2
2dWireframe
 70
     4
 71
     0
 72
     2
 73
     0
 90
        0
 40
0.6
 41
30.0
 62
     5
 63
     7
 74
     1
 91
        4
 64
     7
 65
   257
 75
     1
175
     1
 42
1.0
 92
        0
 66
   257
 43
1.0
 76
     1
 77
     6
 78
     2
 67
     7
 79
     5
170
     0
171
     0
290
     0
174
     0
 93
        1
 44
0.0
173
     0
291
     0
 45
0.0
1001
ACAD
1000
AcDbSavedByObjectVersion
1070
     0
  0
VISUALSTYLE
  5
32
102
{ACAD_REACTORS
330
2A
102
}
102
{ACAD_XDICTIONARY
360
3A8
102
}
330
2A
100
AcDbVisualStyle
  2
Basic
 70
     7
 71
     1
 72
     0
 73
     1
 90
        0
 40
0.6
 41
30.0
 62
     5
 63
     7
 74
     0
 91
        4
 64
     7
 65
   257
 75
     1
175
     1
 42
1.0
 92
        8
 66
     7
 43
1.0
 76
     1
 77
     6
 78
     2
 67
     7
 79
     5
170
     0
171
     0
290
     0
174
     0
 93
        1
 44
0.0
173
     0
291
     1
 45
0.0
1001
ACAD
1000
AcDbSavedByObjectVersion
1070
     0
  0
VISUALSTYLE
  5
36
102
{ACAD_REACTORS
330
2A
102
}
102
{ACAD_XDICTIONARY
360
3B0
102
}
330
2A
100
AcDbVisualStyle
  2
Brighten
 70
    12
 71
     2
 72
     2
 73
     0
 90
        0
 40
0.6
 41
30.0
 62
     5
 63
     7
 74
     1
 91
        4
 64
     7
 65
   257
 75
     1
175
     1
 42
1.0
 92
        8
 66
     7
 43
1.0
 76
     1
 77
     6
 78
     2
 67
     7
 79
     5
170
     0
171
     0
290
     0
174
     0
 93
        1
 44
50.0
173
     0
291
     1
 45
0.0
1001
ACAD
1000
AcDbSavedByObjectVersion
1070
     0
  0
VISUALSTYLE
  5
3A
102
{ACAD_REACTORS
330
2A
102
}
102
{ACAD_XDICTIONARY
360
3B8
102
}
330
2A
100
AcDbVisualStyle
  2
ColorChange
 70
    16
 71
     2
 72
     2
 73
     3
 90
        0
 40
0.6
 41
30.0
 62
     5
 63
     8
 74
     1
 91
        4
 64
     7
 65
   257
 75
     1
175
     1
 42
1.0
 92
        8
 66
     8
 43
1.0
 76
     1
 77
     6
 78
     2
 67
     7
 79
     5
170
     0
171
     0
290
     0
174
     0
 93
        1
 44
0.0
173
     0
291
     1
 45
0.0
1001
ACAD
1000
AcDbSavedByObjectVersion
1070
     0
  0
VISUALSTYLE
  5
34
102
{ACAD_REACTORS
330
2A
102
}
102
{ACAD_XDICTIONARY
360
3AC
102
}
330
2A
100
AcDbVisualStyle
  2
Conceptual
 70
     9
 71
     3
 72
     2
 73
     0
 90
        0
 40
0.6
 41
30.0
 62
     5
 63
     7
 74
     2
 91
        2
 64
     7
 65
   257
 75
     1
175
     1
 42
179.0
 92
        8
 66
     7
 43
1.0
 76
     1
 77
     6
 78
     2
 67
     7
 79
     3
170
     0
171
     0
290
     0
174
     0
 93
        1
 44
0.0
173
     0
291
     0
 45
0.0
1001
ACAD
1000
AcDbSavedByObjectVersion
1070
     0
  0
VISUALSTYLE
  5
35
102
{ACAD_REACTORS
330
2A
102
}
102
{ACAD_XDICTIONARY
360
3AE
102
}
330
2A
100
AcDbVisualStyle
  2
Dim
 70
    11
 71
     2
 72
     2
 73
     0
 90
        0
 40
0.6
 41
30.0
 62
     5
 63
     7
 74
     1
 91
        4
 64
     7
 65
   257
 75
     1
175
     1
 42
1.0
 92
        8
 66
     7
 43
1.0
 76
     1
 77
     6
 78
     2
 67
     7
 79
     5
170
     0
171
     0
290
     0
174
     0
 93
        1
 44
-50.0
173
     0
291
     1
 45
0.0
1001
ACAD
1000
AcDbSavedByObjectVersion
1070
     0
  0
VISUALSTYLE
  5
3D
102
{ACAD_REACTORS
330
2A
102
}
102
{ACAD_XDICTIONARY
360
3BE
102
}
330
2A
100
AcDbVisualStyle
  2
EdgeColorOff
 70
    22
 71
     2
 72
     2
 73
     0
 90
        0
 40
0.6
 41
30.0
 62
     5
 63
     7
 74
     1
 91
        4
 64
     7
 65
   257
 75
     1
175
     1
 42
1.0
 92
        8
 66
     7
 43
1.0
 76
     1
 77
     6
 78
     2
 67
     7
 79
     5
170
     0
171
     0
290
     0
174
     0
 93
        1
 44
0.0
173
     0
291
     1
 45
0.0
1001
ACAD
1000
AcDbSavedByObjectVersion
1070
     0
  0
VISUALSTYLE
  5
39
102
{ACAD_REACTORS
330
2A
102
}
102
{ACAD_XDICTIONARY
360
3B6
102
}
330
2A
100
AcDbVisualStyle
  2
Facepattern
 70
    15
 71
     2
 72
     2
 73
     0
 90
        0
 40
0.6
 41
30.0
 62
     5
 63
     7
 74
     1
 91
        4
 64
     7
 65
   257
 75
     1
175
     1
 42
1.0
 92
        8
 66
     7
 43
1.0
 76
     1
 77
     6
 78
     2
 67
     7
 79
     5
170
     0
171
     0
290
     0
174
     0
 93
        1
 44
0.0
173
     0
291
     1
 45
0.0
1001
ACAD
1000
AcDbSavedByObjectVersion
1070
     0
  0
VISUALSTYLE
  5
2B
102
{ACAD_REACTORS
330
2A
102
}
102
{ACAD_XDICTIONARY
360
39A
102
}
330
2A
100
AcDbVisualStyle
  2
Flat
 70
     0
 71
     2
 72
     1
 73
     1
 90
        2
 40
0.6
 41
30.0
 62
     5
 63
     7
 74
     0
 91
        0
 64
     7
 65
   257
 75
     1
175
     1
 42
1.0
 92
        8
 66
     7
 43
1.0
 76
     1
 77
     6
 78
     2
 67
     7
 79
     5
170
     0
171
     0
290
     0
174
     0
 93
       13
 44
0.0
173
     0
291
     1
 45
0.0
1001
ACAD
1000
AcDbSavedByObjectVersion
1070
     0
  0
VISUALSTYLE
  5
2C
102
{ACAD_REACTORS
330
2A
102
}
102
{ACAD_XDICTIONARY
360
39C
102
}
330
2A
100
AcDbVisualStyle
  2
FlatWithEdges
 70
     1
 71
     2
 72
     1
 73
     1
 90
        2
 40
0.6
 41
30.0
 62
     5
 63
     7
 74
     1
 91
        0
 64
     7
 65
   257
 75
     1
175
     1
 42
1.0
 92
        0
 66
   257
 43
1.0
 76
     1
 77
     6
 78
     2
 67
     7
 79
     5
170
     0
171
     0
290
     0
174
     0
 93
       13
 44
0.0
173
     0
291
     1
 45
0.0
1001
ACAD
1000
AcDbSavedByObjectVersion
1070
     0
  0
VISUALSTYLE
  5
2D
102
{ACAD_REACTORS
330
2A
102
}
102
{ACAD_XDICTIONARY
360
39E
102
}
330
2A
100
AcDbVisualStyle
  2
Gouraud
 70
     2
 71
     2
 72
     2
 73
     1
 90
        2
 40
0.6
 41
30.0
 62
     5
 63
     7
 74
     0
 91
        0
 64
     7
 65
   257
 75
     1
175
     1
 42
1.0
 92
        0
 66
     7
 43
1.0
 76
     1
 77
     6
 78
     2
 67
     7
 79
     5
170
     0
171
     0
290
     0
174
     0
 93
       13
 44
0.0
173
     0
291
     1
 45
0.0
1001
ACAD
1000
AcDbSavedByObjectVersion
1070
     0
  0
VISUALSTYLE
  5
2E
102
{ACAD_REACTORS
330
2A
102
}
102
{ACAD_XDICTIONARY
360
3A0
102
}
330
2A
100
AcDbVisualStyle
  2
GouraudWithEdges
 70
     3
 71
     2
 72
     2
 73
     1
 90
        2
 40
0.6
 41
30.0
 62
     5
 63
     7
 74
     1
 91
        0
 64
     7
 65
   257
 75
     1
175
     1
 42
1.0
 92
        0
 66
   257
 43
1.0
 76
     1
 77
     6
 78
     2
 67
     7
 79
     5
170
     0
171
     0
290
     0
174
     0
 93
       13
 44
0.0
173
     0
291
     1
 45
0.0
1001
ACAD
1000
AcDbSavedByObjectVersion
1070
     0
  0
VISUALSTYLE
  5
31
102
{ACAD_REACTORS
330
2A
102
}
102
{ACAD_XDICTIONARY
360
3A6
102
}
330
2A
100
AcDbVisualStyle
  2
Hidden
 70
     6
 71
     1
 72
     2
 73
     2
 90
        0
 40
0.6
 41
30.0
 62
     5
 63
     7
 74
     2
 91
        2
 64
     7
 65
   257
 75
     2
175
     1
 42
40.0
 92
        0
 66
   257
 43
1.0
 76
     1
 77
     6
 78
     2
 67
     7
 79
     3
170
     0
171
     0
290
     0
174
     0
 93
        1
 44
0.0
173
     0
291
     0
 45
0.0
1001
ACAD
1000
AcDbSavedByObjectVersion
1070
     0
  0
VISUALSTYLE
  5
3B
102
{ACAD_REACTORS
330
2A
102
}
102
{ACAD_XDICTIONARY
360
3BA
102
}
330
2A
100
AcDbVisualStyle
  2
JitterOff
 70
    20
 71
     2
 72
     2
 73
     0
 90
        0
 40
0.6
 41
30.0
 62
     5
 63
     7
 74
     1
 91
        4
 64
     7
 65
   257
 75
     1
175
     1
 42
1.0
 92
       10
 66
     7
 43
1.0
 76
     1
 77
     6
 78
     2
 67
     7
 79
     5
170
     0
171
     0
290
     0
174
     0
 93
        1
 44
0.0
173
     0
291
     1
 45
0.0
1001
ACAD
1000
AcDbSavedByObjectVersion
1070
     0
  0
VISUALSTYLE
  5
38
102
{ACAD_REACTORS
330
2A
102
}
102
{ACAD_XDICTIONARY
360
3B4
102
}
330
2A
100
AcDbVisualStyle
  2
Linepattern
 70
    14
 71
     2
 72
     2
 73
     0
 90
        0
 40
0.6
 41
30.0
 62
     5
 63
     7
 74
     1
 91
        4
 64
     7
 65
   257
 75
     7
175
     7
 42
1.0
 92
        8
 66
     7
 43
1.0
 76
     1
 77
     6
 78
     2
 67
     7
 79
     5
170
     0
171
     0
290
     0
174
     0
 93
        1
 44
0.0
173
     0
291
     1
 45
0.0
1001
ACAD
1000
AcDbSavedByObjectVersion
1070
     0
  0
VISUALSTYLE
  5
3C
102
{ACAD_REACTORS
330
2A
102
}
102
{ACAD_XDICTIONARY
360
3BC
102
}
330
2A
100
AcDbVisualStyle
  2
OverhangOff
 70
    21
 71
     2
 72
     2
 73
     0
 90
        0
 40
0.6
 41
30.0
 62
     5
 63
     7
 74
     1
 91
        4
 64
     7
 65
   257
 75
     1
175
     1
 42
1.0
 92
        9
 66
     7
 43
1.0
 76
     1
 77
     6
 78
     2
 67
     7
 79
     5
170
     0
171
     0
290
     0
174
     0
 93
        1
 44
0.0
173
     0
291
     1
 45
0.0
1001
ACAD
1000
AcDbSavedByObjectVersion
1070
     0
  0
VISUALSTYLE
  5
33
102
{ACAD_REACTORS
330
2A
102
}
102
{ACAD_XDICTIONARY
360
3AA
102
}
330
2A
100
AcDbVisualStyle
  2
Realistic
 70
     8
 71
     2
 72
     3
 73
     0
 90
        2
 40
0.6
 41
30.0
 62
     5
 63
     7
 74
     0
 91
        0
 64
     7
 65
   257
 75
     1
175
     1
 42
1.0
 92
        8
 66
   257
 43
1.0
 76
     1
 77
     6
 78
     2
 67
     7
 79
     3
170
     0
171
     0
290
     0
174
     0
 93
       13
 44
0.0
173
     0
291
     0
 45
0.0
1001
ACAD
1000
AcDbSavedByObjectVersion
1070
     0
  0
VISUALSTYLE
  5
42
102
{ACAD_REACTORS
330
2A
102
}
102
{ACAD_XDICTIONARY
360
3C8
102
}
330
2A
100
AcDbVisualStyle
  2
Shaded
 70
    27
 71
     2
 72
     2
 73
     1
 90
        2
 40
0.6
 41
30.0
 62
     5
 63
     7
 74
     0
 91
        4
 64
     7
 65
   257
 75
     1
175
     1
 42
1.0
 92
        8
 66
   257
 43
1.0
 76
     1
 77
     6
 78
     2
 67
     8
 79
     3
170
     0
171
     0
290
     0
174
     0
 93
        5
 44
0.0
173
     0
291
     0
 45
0.0
1001
ACAD
1000
AcDbSavedByObjectVersion
1070
     0
  0
VISUALSTYLE
  5
41
102
{ACAD_REACTORS
330
2A
102
}
102
{ACAD_XDICTIONARY
360
3C6
102
}
330
2A
100
AcDbVisualStyle
  2
Shaded with edges
 70
    26
 71
     2
 72
     2
 73
     1
 90
        2
 40
0.6
 41
30.0
 62
     5
 63
     7
 74
     1
 91
       10
 64
     7
 65
   257
 75
     2
175
     1
 42
1.0
 92
        8
 66
   257
 43
1.0
 76
     1
 77
     6
 78
     2
 67
     7
 79
     3
170
     0
171
     0
290
     0
174
     0
 93
        5
 44
0.0
173
     0
291
     0
 45
0.0
1001
ACAD
1000
AcDbSavedByObjectVersion
1070
     0
  0
VISUALSTYLE
  5
3E
102
{ACAD_REACTORS
330
2A
102
}
102
{ACAD_XDICTIONARY
360
3C0
102
}
330
2A
100
AcDbVisualStyle
  2
Shades of Gray
 70
    23
 71
     2
 72
     2
 73
     3
 90
        0
 40
0.6
 41
30.0
 62
     5
 63
     7
 74
     2
 91
        2
 64
     7
 65
     7
 75
     1
175
     1
 42
40.0
 92
        8
 66
     7
 43
1.0
 76
     1
 77
     6
 78
     2
 67
     7
 79
     3
170
     0
171
     0
290
     0
174
     0
 93
        1
 44
0.0
173
     0
291
     0
 45
0.0
1001
ACAD
1000
AcDbSavedByObjectVersion
1070
     0
  0
VISUALSTYLE
  5
3F
102
{ACAD_REACTORS
330
2A
102
}
102
{ACAD_XDICTIONARY
360
3C2
102
}
330
2A
100
AcDbVisualStyle
  2
Sketchy
 70
    24
 71
     1
 72
     2
 73
     2
 90
        0
 40
0.6
 41
30.0
 62
     5
 63
     7
 74
     2
 91
        2
 64
     7
 65
     7
 75
     1
175
     1
 42
40.0
 92
       11
 66
     7
 43
1.0
 76
     1
 77
     6
 78
     2
 67
     7
 79
     6
170
     0
171
     0
290
     0
174
     0
 93
        1
 44
0.0
173
     0
291
     0
 45
0.0
1001
ACAD
1000
AcDbSavedByObjectVersion
1070
     0
  0
VISUALSTYLE
  5
37
102
{ACAD_REACTORS
330
2A
102
}
102
{ACAD_XDICTIONARY
360
3B2
102
}
330
2A
100
AcDbVisualStyle
  2
Thicken
 70
    13
 71
     2
 72
     2
 73
     0
 90
        0
 40
0.6
 41
30.0
 62
     5
 63
     7
 74
     1
 91
        4
 64
     7
 65
   257
 75
     1
175
     1
 42
1.0
 92
       12
 66
     7
 43
1.0
 76
     1
 77
     6
 78
     2
 67
     7
 79
     5
170
     0
171
     0
290
     0
174
     0
 93
        1
 44
0.0
173
     0
291
     1
 45
0.0
1001
ACAD
1000
AcDbSavedByObjectVersion
1070
     0
  0
VISUALSTYLE
  5
30
102
{ACAD_REACTORS
330
2A
102
}
102
{ACAD_XDICTIONARY
360
3A4
102
}
330
2A
100
AcDbVisualStyle
  2
Wireframe
 70
     5
 71
     0
 72
     2
 73
     0
 90
        0
 40
0.6
 41
30.0
 62
     5
 63
     7
 74
     1
 91
        4
 64
     7
 65
   257
 75
     1
175
     1
 42
1.0
 92
        0
 66
   257
 43
1.0
 76
     1
 77
     6
 78
     2
 67
     7
 79
     3
170
     0
171
     0
290
     0
174
     0
 93
        1
 44
0.0
173
     0
291
     0
 45
0.0
1001
ACAD
1000
AcDbSavedByObjectVersion
1070
     0
  0
VISUALSTYLE
  5
40
102
{ACAD_REACTORS
330
2A
102
}
102
{ACAD_XDICTIONARY
360
3C4
102
}
330
2A
100
AcDbVisualStyle
  2
X-Ray
 70
    25
 71
     2
 72
     2
 73
     1
 90
        1
 40
0.5
 41
30.0
 62
     5
 63
     7
 74
     1
 91
        0
 64
     7
 65
   257
 75
     1
175
     1
 42
1.0
 92
        8
 66
     7
 43
1.0
 76
     1
 77
     6
 78
     2
 67
     7
 79
     3
170
     0
171
     0
290
     0
174
     0
 93
       13
 44
0.0
173
     0
291
     0
 45
0.0
1001
ACAD
1000
AcDbSavedByObjectVersion
1070
     0
  0
DICTIONARYVAR
  5
398
102
{ACAD_REACTORS
330
38F
102
}
330
38F
100
DictionaryVariables
280
     0
  1
1:1
  0
DICTIONARYVAR
  5
396
102
{ACAD_REACTORS
330
38F
102
}
330
38F
100
DictionaryVariables
280
     0
  1
2
  0
DICTIONARYVAR
  5
397
102
{ACAD_REACTORS
330
38F
102
}
330
38F
100
DictionaryVariables
280
     0
  1
1
  0
DICTIONARYVAR
  5
399
102
{ACAD_REACTORS
330
38F
102
}
330
38F
100
DictionaryVariables
280
     0
  1
1
  0
DICTIONARYVAR
  5
393
102
{ACAD_REACTORS
330
38F
102
}
330
38F
100
DictionaryVariables
280
     0
  1
80.000000
  0
DICTIONARYVAR
  5
392
102
{ACAD_REACTORS
330
38F
102
}
330
38F
100
DictionaryVariables
280
     0
  1
5.000000
  0
DICTIONARY
  5
3CC
330
45
100
AcDbDictionary
280
     1
281
     1
  3
ACAD_XREC_ROUNDTRIP
360
3CD
  0
DICTIONARY
  5
3CA
330
44
100
AcDbDictionary
280
     1
281
     1
  3
ACAD_XREC_ROUNDTRIP
360
3CB
  0
DICTIONARY
  5
3CE
330
46
100
AcDbDictionary
280
     1
281
     1
  3
ACAD_XREC_ROUNDTRIP
360
3CF
  0
DICTIONARY
  5
3A2
330
2F
100
AcDbDictionary
280
     1
281
     1
  3
ACAD_XREC_ROUNDTRIP
360
3A3
  0
DICTIONARY
  5
3A8
330
32
100
AcDbDictionary
280
     1
281
     1
  3
ACAD_XREC_ROUNDTRIP
360
3A9
  0
DICTIONARY
  5
3B0
330
36
100
AcDbDictionary
280
     1
281
     1
  3
ACAD_XREC_ROUNDTRIP
360
3B1
  0
DICTIONARY
  5
3B8
330
3A
100
AcDbDictionary
280
     1
281
     1
  3
ACAD_XREC_ROUNDTRIP
360
3B9
  0
DICTIONARY
  5
3AC
330
34
100
AcDbDictionary
280
     1
281
     1
  3
ACAD_XREC_ROUNDTRIP
360
3AD
  0
DICTIONARY
  5
3AE
330
35
100
AcDbDictionary
280
     1
281
     1
  3
ACAD_XREC_ROUNDTRIP
360
3AF
  0
DICTIONARY
  5
3BE
330
3D
100
AcDbDictionary
280
     1
281
     1
  3
ACAD_XREC_ROUNDTRIP
360
3BF
  0
DICTIONARY
  5
3B6
330
39
100
AcDbDictionary
280
     1
281
     1
  3
ACAD_XREC_ROUNDTRIP
360
3B7
  0
DICTIONARY
  5
39A
330
2B
100
AcDbDictionary
280
     1
281
     1
  3
ACAD_XREC_ROUNDTRIP
360
39B
  0
DICTIONARY
  5
39C
330
2C
100
AcDbDictionary
280
     1
281
     1
  3
ACAD_XREC_ROUNDTRIP
360
39D
  0
DICTIONARY
  5
39E
330
2D
100
AcDbDictionary
280
     1
281
     1
  3
ACAD_XREC_ROUNDTRIP
360
39F
  0
DICTIONARY
  5
3A0
330
2E
100
AcDbDictionary
280
     1
281
     1
  3
ACAD_XREC_ROUNDTRIP
360
3A1
  0
DICTIONARY
  5
3A6
330
31
100
AcDbDictionary
280
     1
281
     1
  3
ACAD_XREC_ROUNDTRIP
360
3A7
  0
DICTIONARY
  5
3BA
330
3B
100
AcDbDictionary
280
     1
281
     1
  3
ACAD_XREC_ROUNDTRIP
360
3BB
  0
DICTIONARY
  5
3B4
330
38
100
AcDbDictionary
280
     1
281
     1
  3
ACAD_XREC_ROUNDTRIP
360
3B5
  0
DICTIONARY
  5
3BC
330
3C
100
AcDbDictionary
280
     1
281
     1
  3
ACAD_XREC_ROUNDTRIP
360
3BD
  0
DICTIONARY
  5
3AA
330
33
100
AcDbDictionary
280
     1
281
     1
  3
ACAD_XREC_ROUNDTRIP
360
3AB
  0
DICTIONARY
  5
3C8
330
42
100
AcDbDictionary
280
     1
281
     1
  3
ACAD_XREC_ROUNDTRIP
360
3C9
  0
DICTIONARY
  5
3C6
330
41
100
AcDbDictionary
280
     1
281
     1
  3
ACAD_XREC_ROUNDTRIP
360
3C7
  0
DICTIONARY
  5
3C0
330
3E
100
AcDbDictionary
280
     1
281
     1
  3
ACAD_XREC_ROUNDTRIP
360
3C1
  0
DICTIONARY
  5
3C2
330
3F
100
AcDbDictionary
280
     1
281
     1
  3
ACAD_XREC_ROUNDTRIP
360
3C3
  0
DICTIONARY
  5
3B2
330
37
100
AcDbDictionary
280
     1
281
     1
  3
ACAD_XREC_ROUNDTRIP
360
3B3
  0
DICTIONARY
  5
3A4
330
30
100
AcDbDictionary
280
     1
281
     1
  3
ACAD_XREC_ROUNDTRIP
360
3A5
  0
DICTIONARY
  5
3C4
330
40
100
AcDbDictionary
280
     1
281
     1
  3
ACAD_XREC_ROUNDTRIP
360
3C5
  0
XRECORD
  5
3CD
102
{ACAD_REACTORS
330
3CC
102
}
330
3CC
100
AcDbXrecord
280
     1
102
MATERIAL
148
0.0
149
0.0
149
0.0
 93
        0
 94
      127
282
     0
 72
     1
 77
     1
171
     1
175
     1
179
     1
273
     0
  0
XRECORD
  5
3CB
102
{ACAD_REACTORS
330
3CA
102
}
330
3CA
100
AcDbXrecord
280
     1
102
MATERIAL
148
0.0
149
0.0
149
0.0
 93
        0
 94
      127
282
     0
 72
     1
 77
     1
171
     1
175
     1
179
     1
273
     0
  0
XRECORD
  5
3CF
102
{ACAD_REACTORS
330
3CE
102
}
330
3CE
100
AcDbXrecord
280
     1
102
MATERIAL
148
0.0
149
0.0
149
0.0
 93
        0
 94
      127
282
     0
 72
     1
 77
     1
171
     1
175
     1
179
     1
273
     0
  0
XRECORD
  5
3A3
102
{ACAD_REACTORS
330
3A2
102
}
330
3A2
100
AcDbXrecord
280
     1
102
RTVSPropertyOp0
 70
     1
102
RTVSPropertyOp1
 70
     1
102
RTVSPropertyOp2
 70
     1
102
RTVSPropertyOp3
 70
     1
102
RTVSPropertyOp4
 70
     1
102
RTVSPropertyOp5
 70
     1
102
RTVSPropertyOp6
 70
     1
102
RTVSPropertyOp7
 70
     1
102
RTVSPropertyOp8
 70
     1
102
RTVSPropertyOp9
 70
     1
102
RTVSPropertyOp10
 70
     1
102
RTVSPropertyOp11
 70
     1
102
RTVSPropertyOp12
 70
     1
102
RTVSPropertyOp13
 70
     1
102
RTVSPropertyOp14
 70
     1
102
RTVSPropertyOp15
 70
     1
102
RTVSPropertyOp16
 70
     1
102
RTVSPropertyOp17
 70
     1
102
RTVSPropertyOp18
 70
     1
102
RTVSPropertyOp19
 70
     1
102
RTVSPropertyOp20
 70
     1
102
RTVSPropertyOp21
 70
     1
102
RTVSPropertyOp22
 70
     1
102
RTVSPropertyOp23
 70
     1
102
RTVSPropertyOp24
 70
     1
102
RTVSPropertyOp25
 70
     1
102
RTVSPropertyOp26
 70
     1
102
RTVSPropertyOp27
 70
     1
102
RTVSPropertyOp28
 70
     1
102
RTVSPropertyOp29
 70
     1
102
RTVSPropertyOp30
 70
     1
102
RTVSPropertyOp31
 70
     1
102
RTVSPropertyOp32
 70
     1
102
RTVSPropertyOp33
 70
     1
102
RTVSPropertyOp34
 70
     1
102
RTVSPropertyOp35
 70
     1
102
RTVSPropertyOp36
 70
     1
102
RTVSPropertyOp37
 70
     1
102
RTVSPropertyOp38
 70
     1
102
RTVSPropertyOp39
 70
     1
102
RTVSPropertyOp40
 70
     1
102
RTVSPropertyOp41
 70
     1
102
RTVSPropertyOp42
 70
     1
102
RTVSPropertyOp43
 70
     1
102
RTVSPropertyOp44
 70
     1
102
RTVSPropertyOp45
 70
     1
102
RTVSPropertyOp46
 70
     1
102
RTVSPropertyOp47
 70
     1
102
RTVSPropertyOp48
 70
     1
102
RTVSPropertyOp49
 70
     1
102
RTVSPropertyOp50
 70
     1
102
RTVSPropertyOp51
 70
     0
102
RTVSPropertyOp52
 70
     0
102
RTVSPropertyOp53
 70
     1
102
RTVSPropertyOp54
 70
     1
102
RTVSPropertyOp55
 70
     1
102
RTVSPropertyOp56
 70
     1
102
RTVSPropertyOp57
 70
     1
102
RTVSPost2010Prop28
280
     1
102
RTVSPost2010PropOp28
 70
     1
102
RTVSPost2010Prop29
280
     1
102
RTVSPost2010PropOp29
 70
     1
102
RTVSPost2010Prop30
280
     0
102
RTVSPost2010PropOp30
 70
     1
102
RTVSPost2010Prop31
280
     0
102
RTVSPost2010PropOp31
 70
     1
102
RTVSPost2010Prop32
280
     0
102
RTVSPost2010PropOp32
 70
     1
102
RTVSPost2010Prop33
280
     0
102
RTVSPost2010PropOp33
 70
     1
102
RTVSPost2010Prop34
280
     0
102
RTVSPost2010PropOp34
 70
     1
102
RTVSPost2010Prop35
280
     0
102
RTVSPost2010PropOp35
 70
     1
102
RTVSPost2010Prop36
280
     0
102
RTVSPost2010PropOp36
 70
     1
102
RTVSPost2010Prop37
 90
       50
102
RTVSPost2010PropOp37
 70
     1
102
RTVSPost2010Prop38
140
0.0
102
RTVSPost2010PropOp38
 70
     1
102
RTVSPost2010Prop39
140
1.0
102
RTVSPost2010PropOp39
 70
     1
102
RTVSPost2010Prop40
 90
        0
102
RTVSPost2010PropOp40
 70
     1
102
RTVSPost2010Prop41ColorIndex
 90
       18
102
RTVSPost2010Prop41ColorRGB
 90
        0
102
RTVSPost2010PropOp41
 70
     1
102
RTVSPost2010Prop42
 90
       50
102
RTVSPost2010PropOp42
 70
     1
102
RTVSPost2010Prop43
 90
        3
102
RTVSPost2010PropOp43
 70
     1
102
RTVSPost2010Prop44ColorIndex
 90
        5
102
RTVSPost2010Prop44ColorRGB
 90
      255
102
RTVSPost2010PropOp44
 70
     1
102
RTVSPost2010Prop45
280
     0
102
RTVSPost2010PropOp45
 70
     1
102
RTVSPost2010Prop46
 90
       50
102
RTVSPost2010PropOp46
 70
     1
102
RTVSPost2010Prop47
 90
       50
102
RTVSPost2010PropOp47
 70
     1
102
RTVSPost2010Prop48
 90
       50
102
RTVSPost2010PropOp48
 70
     1
102
RTVSPost2010Prop49
280
     0
102
RTVSPost2010PropOp49
 70
     1
102
RTVSPost2010Prop50
 90
       50
102
RTVSPost2010PropOp50
 70
     1
102
RTVSPost2010Prop51ColorIndex
 90
      256
102
RTVSPost2010Prop51ColorRGB
 90
-16777216
102
RTVSPost2010PropOp51
 70
     0
102
RTVSPost2010Prop52
140
1.0
102
RTVSPost2010PropOp52
 70
     0
102
RTVSPost2010Prop53
 90
        2
102
RTVSPost2010PropOp53
 70
     1
102
RTVSPost2010Prop54
  1
strokes_ogs.tif
102
RTVSPost2010PropOp54
 70
     1
102
RTVSPost2010Prop55
280
     0
102
RTVSPost2010PropOp55
 70
     1
102
RTVSPost2010Prop56
140
1.0
102
RTVSPost2010PropOp56
 70
     1
102
RTVSPost2010Prop57
140
1.0
102
RTVSPost2010PropOp57
 70
     1
  0
XRECORD
  5
3A9
102
{ACAD_REACTORS
330
3A8
102
}
330
3A8
100
AcDbXrecord
280
     1
102
RTVSPropertyOp0
 70
     1
102
RTVSPropertyOp1
 70
     1
102
RTVSPropertyOp2
 70
     1
102
RTVSPropertyOp3
 70
     1
102
RTVSPropertyOp4
 70
     1
102
RTVSPropertyOp5
 70
     1
102
RTVSPropertyOp6
 70
     1
102
RTVSPropertyOp7
 70
     1
102
RTVSPropertyOp8
 70
     1
102
RTVSPropertyOp9
 70
     1
102
RTVSPropertyOp10
 70
     1
102
RTVSPropertyOp11
 70
     1
102
RTVSPropertyOp12
 70
     1
102
RTVSPropertyOp13
 70
     1
102
RTVSPropertyOp14
 70
     1
102
RTVSPropertyOp15
 70
     1
102
RTVSPropertyOp16
 70
     1
102
RTVSPropertyOp17
 70
     1
102
RTVSPropertyOp18
 70
     1
102
RTVSPropertyOp19
 70
     1
102
RTVSPropertyOp20
 70
     1
102
RTVSPropertyOp21
 70
     1
102
RTVSPropertyOp22
 70
     1
102
RTVSPropertyOp23
 70
     1
102
RTVSPropertyOp24
 70
     1
102
RTVSPropertyOp25
 70
     1
102
RTVSPropertyOp26
 70
     1
102
RTVSPropertyOp27
 70
     1
102
RTVSPropertyOp28
 70
     1
102
RTVSPropertyOp29
 70
     1
102
RTVSPropertyOp30
 70
     1
102
RTVSPropertyOp31
 70
     1
102
RTVSPropertyOp32
 70
     1
102
RTVSPropertyOp33
 70
     1
102
RTVSPropertyOp34
 70
     1
102
RTVSPropertyOp35
 70
     1
102
RTVSPropertyOp36
 70
     1
102
RTVSPropertyOp37
 70
     1
102
RTVSPropertyOp38
 70
     1
102
RTVSPropertyOp39
 70
     1
102
RTVSPropertyOp40
 70
     1
102
RTVSPropertyOp41
 70
     1
102
RTVSPropertyOp42
 70
     1
102
RTVSPropertyOp43
 70
     1
102
RTVSPropertyOp44
 70
     1
102
RTVSPropertyOp45
 70
     1
102
RTVSPropertyOp46
 70
     1
102
RTVSPropertyOp47
 70
     1
102
RTVSPropertyOp48
 70
     1
102
RTVSPropertyOp49
 70
     1
102
RTVSPropertyOp50
 70
     1
102
RTVSPropertyOp51
 70
     0
102
RTVSPropertyOp52
 70
     0
102
RTVSPropertyOp53
 70
     1
102
RTVSPropertyOp54
 70
     1
102
RTVSPropertyOp55
 70
     1
102
RTVSPropertyOp56
 70
     1
102
RTVSPropertyOp57
 70
     1
102
RTVSPost2010Prop28
280
     0
102
RTVSPost2010PropOp28
 70
     1
102
RTVSPost2010Prop29
280
     1
102
RTVSPost2010PropOp29
 70
     1
102
RTVSPost2010Prop30
280
     1
102
RTVSPost2010PropOp30
 70
     1
102
RTVSPost2010Prop31
280
     0
102
RTVSPost2010PropOp31
 70
     1
102
RTVSPost2010Prop32
280
     0
102
RTVSPost2010PropOp32
 70
     1
102
RTVSPost2010Prop33
280
     0
102
RTVSPost2010PropOp33
 70
     1
102
RTVSPost2010Prop34
280
     0
102
RTVSPost2010PropOp34
 70
     1
102
RTVSPost2010Prop35
280
     0
102
RTVSPost2010PropOp35
 70
     1
102
RTVSPost2010Prop36
280
     0
102
RTVSPost2010PropOp36
 70
     1
102
RTVSPost2010Prop37
 90
       50
102
RTVSPost2010PropOp37
 70
     1
102
RTVSPost2010Prop38
140
0.0
102
RTVSPost2010PropOp38
 70
     1
102
RTVSPost2010Prop39
140
1.0
102
RTVSPost2010PropOp39
 70
     1
102
RTVSPost2010Prop40
 90
        0
102
RTVSPost2010PropOp40
 70
     1
102
RTVSPost2010Prop41ColorIndex
 90
       18
102
RTVSPost2010Prop41ColorRGB
 90
        0
102
RTVSPost2010PropOp41
 70
     1
102
RTVSPost2010Prop42
 90
       50
102
RTVSPost2010PropOp42
 70
     1
102
RTVSPost2010Prop43
 90
        3
102
RTVSPost2010PropOp43
 70
     1
102
RTVSPost2010Prop44ColorIndex
 90
        5
102
RTVSPost2010Prop44ColorRGB
 90
      255
102
RTVSPost2010PropOp44
 70
     1
102
RTVSPost2010Prop45
280
     0
102
RTVSPost2010PropOp45
 70
     1
102
RTVSPost2010Prop46
 90
       50
102
RTVSPost2010PropOp46
 70
     1
102
RTVSPost2010Prop47
 90
       50
102
RTVSPost2010PropOp47
 70
     1
102
RTVSPost2010Prop48
 90
       50
102
RTVSPost2010PropOp48
 70
     1
102
RTVSPost2010Prop49
280
     0
102
RTVSPost2010PropOp49
 70
     1
102
RTVSPost2010Prop50
 90
       50
102
RTVSPost2010PropOp50
 70
     1
102
RTVSPost2010Prop51ColorIndex
 90
      256
102
RTVSPost2010Prop51ColorRGB
 90
-16777216
102
RTVSPost2010PropOp51
 70
     0
102
RTVSPost2010Prop52
140
1.0
102
RTVSPost2010PropOp52
 70
     0
102
RTVSPost2010Prop53
 90
        2
102
RTVSPost2010PropOp53
 70
     1
102
RTVSPost2010Prop54
  1
strokes_ogs.tif
102
RTVSPost2010PropOp54
 70
     1
102
RTVSPost2010Prop55
280
     0
102
RTVSPost2010PropOp55
 70
     1
102
RTVSPost2010Prop56
140
1.0
102
RTVSPost2010PropOp56
 70
     1
102
RTVSPost2010Prop57
140
1.0
102
RTVSPost2010PropOp57
 70
     1
  0
XRECORD
  5
3B1
102
{ACAD_REACTORS
330
3B0
102
}
330
3B0
100
AcDbXrecord
280
     1
102
RTVSPropertyOp0
 70
     1
102
RTVSPropertyOp1
 70
     1
102
RTVSPropertyOp2
 70
     1
102
RTVSPropertyOp3
 70
     1
102
RTVSPropertyOp4
 70
     1
102
RTVSPropertyOp5
 70
     1
102
RTVSPropertyOp6
 70
     1
102
RTVSPropertyOp7
 70
     1
102
RTVSPropertyOp8
 70
     1
102
RTVSPropertyOp9
 70
     1
102
RTVSPropertyOp10
 70
     1
102
RTVSPropertyOp11
 70
     1
102
RTVSPropertyOp12
 70
     1
102
RTVSPropertyOp13
 70
     1
102
RTVSPropertyOp14
 70
     1
102
RTVSPropertyOp15
 70
     1
102
RTVSPropertyOp16
 70
     1
102
RTVSPropertyOp17
 70
     1
102
RTVSPropertyOp18
 70
     1
102
RTVSPropertyOp19
 70
     1
102
RTVSPropertyOp20
 70
     1
102
RTVSPropertyOp21
 70
     1
102
RTVSPropertyOp22
 70
     1
102
RTVSPropertyOp23
 70
     1
102
RTVSPropertyOp24
 70
     1
102
RTVSPropertyOp25
 70
     1
102
RTVSPropertyOp26
 70
     1
102
RTVSPropertyOp27
 70
     1
102
RTVSPropertyOp28
 70
     1
102
RTVSPropertyOp29
 70
     1
102
RTVSPropertyOp30
 70
     1
102
RTVSPropertyOp31
 70
     1
102
RTVSPropertyOp32
 70
     1
102
RTVSPropertyOp33
 70
     1
102
RTVSPropertyOp34
 70
     1
102
RTVSPropertyOp35
 70
     1
102
RTVSPropertyOp36
 70
     1
102
RTVSPropertyOp37
 70
     1
102
RTVSPropertyOp38
 70
     1
102
RTVSPropertyOp39
 70
     1
102
RTVSPropertyOp40
 70
     1
102
RTVSPropertyOp41
 70
     1
102
RTVSPropertyOp42
 70
     1
102
RTVSPropertyOp43
 70
     1
102
RTVSPropertyOp44
 70
     1
102
RTVSPropertyOp45
 70
     1
102
RTVSPropertyOp46
 70
     1
102
RTVSPropertyOp47
 70
     1
102
RTVSPropertyOp48
 70
     1
102
RTVSPropertyOp49
 70
     1
102
RTVSPropertyOp50
 70
     1
102
RTVSPropertyOp51
 70
     0
102
RTVSPropertyOp52
 70
     0
102
RTVSPropertyOp53
 70
     1
102
RTVSPropertyOp54
 70
     1
102
RTVSPropertyOp55
 70
     1
102
RTVSPropertyOp56
 70
     1
102
RTVSPropertyOp57
 70
     1
102
RTVSPost2010Prop28
280
     0
102
RTVSPost2010PropOp28
 70
     1
102
RTVSPost2010Prop29
280
     1
102
RTVSPost2010PropOp29
 70
     1
102
RTVSPost2010Prop30
280
     1
102
RTVSPost2010PropOp30
 70
     1
102
RTVSPost2010Prop31
280
     0
102
RTVSPost2010PropOp31
 70
     1
102
RTVSPost2010Prop32
280
     0
102
RTVSPost2010PropOp32
 70
     1
102
RTVSPost2010Prop33
280
     0
102
RTVSPost2010PropOp33
 70
     1
102
RTVSPost2010Prop34
280
     0
102
RTVSPost2010PropOp34
 70
     1
102
RTVSPost2010Prop35
280
     0
102
RTVSPost2010PropOp35
 70
     1
102
RTVSPost2010Prop36
280
     0
102
RTVSPost2010PropOp36
 70
     1
102
RTVSPost2010Prop37
 90
       50
102
RTVSPost2010PropOp37
 70
     1
102
RTVSPost2010Prop38
140
0.0
102
RTVSPost2010PropOp38
 70
     1
102
RTVSPost2010Prop39
140
1.0
102
RTVSPost2010PropOp39
 70
     1
102
RTVSPost2010Prop40
 90
        0
102
RTVSPost2010PropOp40
 70
     1
102
RTVSPost2010Prop41ColorIndex
 90
       18
102
RTVSPost2010Prop41ColorRGB
 90
        0
102
RTVSPost2010PropOp41
 70
     1
102
RTVSPost2010Prop42
 90
       50
102
RTVSPost2010PropOp42
 70
     1
102
RTVSPost2010Prop43
 90
        3
102
RTVSPost2010PropOp43
 70
     1
102
RTVSPost2010Prop44ColorIndex
 90
        5
102
RTVSPost2010Prop44ColorRGB
 90
      255
102
RTVSPost2010PropOp44
 70
     1
102
RTVSPost2010Prop45
280
     0
102
RTVSPost2010PropOp45
 70
     1
102
RTVSPost2010Prop46
 90
       50
102
RTVSPost2010PropOp46
 70
     1
102
RTVSPost2010Prop47
 90
       50
102
RTVSPost2010PropOp47
 70
     1
102
RTVSPost2010Prop48
 90
       50
102
RTVSPost2010PropOp48
 70
     1
102
RTVSPost2010Prop49
280
     0
102
RTVSPost2010PropOp49
 70
     1
102
RTVSPost2010Prop50
 90
       50
102
RTVSPost2010PropOp50
 70
     1
102
RTVSPost2010Prop51ColorIndex
 90
      256
102
RTVSPost2010Prop51ColorRGB
 90
-16777216
102
RTVSPost2010PropOp51
 70
     0
102
RTVSPost2010Prop52
140
1.0
102
RTVSPost2010PropOp52
 70
     0
102
RTVSPost2010Prop53
 90
        2
102
RTVSPost2010PropOp53
 70
     1
102
RTVSPost2010Prop54
  1
strokes_ogs.tif
102
RTVSPost2010PropOp54
 70
     1
102
RTVSPost2010Prop55
280
     0
102
RTVSPost2010PropOp55
 70
     1
102
RTVSPost2010Prop56
140
1.0
102
RTVSPost2010PropOp56
 70
     1
102
RTVSPost2010Prop57
140
1.0
102
RTVSPost2010PropOp57
 70
     1
  0
XRECORD
  5
3B9
102
{ACAD_REACTORS
330
3B8
102
}
330
3B8
100
AcDbXrecord
280
     1
102
RTVSPropertyOp0
 70
     1
102
RTVSPropertyOp1
 70
     1
102
RTVSPropertyOp2
 70
     1
102
RTVSPropertyOp3
 70
     1
102
RTVSPropertyOp4
 70
     1
102
RTVSPropertyOp5
 70
     1
102
RTVSPropertyOp6
 70
     1
102
RTVSPropertyOp7
 70
     1
102
RTVSPropertyOp8
 70
     1
102
RTVSPropertyOp9
 70
     1
102
RTVSPropertyOp10
 70
     1
102
RTVSPropertyOp11
 70
     1
102
RTVSPropertyOp12
 70
     1
102
RTVSPropertyOp13
 70
     1
102
RTVSPropertyOp14
 70
     1
102
RTVSPropertyOp15
 70
     1
102
RTVSPropertyOp16
 70
     1
102
RTVSPropertyOp17
 70
     1
102
RTVSPropertyOp18
 70
     1
102
RTVSPropertyOp19
 70
     1
102
RTVSPropertyOp20
 70
     1
102
RTVSPropertyOp21
 70
     1
102
RTVSPropertyOp22
 70
     1
102
RTVSPropertyOp23
 70
     1
102
RTVSPropertyOp24
 70
     1
102
RTVSPropertyOp25
 70
     1
102
RTVSPropertyOp26
 70
     1
102
RTVSPropertyOp27
 70
     1
102
RTVSPropertyOp28
 70
     1
102
RTVSPropertyOp29
 70
     1
102
RTVSPropertyOp30
 70
     1
102
RTVSPropertyOp31
 70
     1
102
RTVSPropertyOp32
 70
     1
102
RTVSPropertyOp33
 70
     1
102
RTVSPropertyOp34
 70
     1
102
RTVSPropertyOp35
 70
     1
102
RTVSPropertyOp36
 70
     1
102
RTVSPropertyOp37
 70
     1
102
RTVSPropertyOp38
 70
     1
102
RTVSPropertyOp39
 70
     1
102
RTVSPropertyOp40
 70
     1
102
RTVSPropertyOp41
 70
     1
102
RTVSPropertyOp42
 70
     1
102
RTVSPropertyOp43
 70
     1
102
RTVSPropertyOp44
 70
     1
102
RTVSPropertyOp45
 70
     1
102
RTVSPropertyOp46
 70
     1
102
RTVSPropertyOp47
 70
     1
102
RTVSPropertyOp48
 70
     1
102
RTVSPropertyOp49
 70
     1
102
RTVSPropertyOp50
 70
     1
102
RTVSPropertyOp51
 70
     0
102
RTVSPropertyOp52
 70
     0
102
RTVSPropertyOp53
 70
     1
102
RTVSPropertyOp54
 70
     1
102
RTVSPropertyOp55
 70
     1
102
RTVSPropertyOp56
 70
     1
102
RTVSPropertyOp57
 70
     1
102
RTVSPost2010Prop28
280
     0
102
RTVSPost2010PropOp28
 70
     1
102
RTVSPost2010Prop29
280
     1
102
RTVSPost2010PropOp29
 70
     1
102
RTVSPost2010Prop30
280
     1
102
RTVSPost2010PropOp30
 70
     1
102
RTVSPost2010Prop31
280
     0
102
RTVSPost2010PropOp31
 70
     1
102
RTVSPost2010Prop32
280
     0
102
RTVSPost2010PropOp32
 70
     1
102
RTVSPost2010Prop33
280
     0
102
RTVSPost2010PropOp33
 70
     1
102
RTVSPost2010Prop34
280
     0
102
RTVSPost2010PropOp34
 70
     1
102
RTVSPost2010Prop35
280
     0
102
RTVSPost2010PropOp35
 70
     1
102
RTVSPost2010Prop36
280
     0
102
RTVSPost2010PropOp36
 70
     1
102
RTVSPost2010Prop37
 90
       50
102
RTVSPost2010PropOp37
 70
     1
102
RTVSPost2010Prop38
140
0.0
102
RTVSPost2010PropOp38
 70
     1
102
RTVSPost2010Prop39
140
1.0
102
RTVSPost2010PropOp39
 70
     1
102
RTVSPost2010Prop40
 90
        0
102
RTVSPost2010PropOp40
 70
     1
102
RTVSPost2010Prop41ColorIndex
 90
       18
102
RTVSPost2010Prop41ColorRGB
 90
        0
102
RTVSPost2010PropOp41
 70
     1
102
RTVSPost2010Prop42
 90
       50
102
RTVSPost2010PropOp42
 70
     1
102
RTVSPost2010Prop43
 90
        3
102
RTVSPost2010PropOp43
 70
     1
102
RTVSPost2010Prop44ColorIndex
 90
        5
102
RTVSPost2010Prop44ColorRGB
 90
      255
102
RTVSPost2010PropOp44
 70
     1
102
RTVSPost2010Prop45
280
     0
102
RTVSPost2010PropOp45
 70
     1
102
RTVSPost2010Prop46
 90
       50
102
RTVSPost2010PropOp46
 70
     1
102
RTVSPost2010Prop47
 90
       50
102
RTVSPost2010PropOp47
 70
     1
102
RTVSPost2010Prop48
 90
       50
102
RTVSPost2010PropOp48
 70
     1
102
RTVSPost2010Prop49
280
     0
102
RTVSPost2010PropOp49
 70
     1
102
RTVSPost2010Prop50
 90
       50
102
RTVSPost2010PropOp50
 70
     1
102
RTVSPost2010Prop51ColorIndex
 90
      256
102
RTVSPost2010Prop51ColorRGB
 90
-16777216
102
RTVSPost2010PropOp51
 70
     0
102
RTVSPost2010Prop52
140
1.0
102
RTVSPost2010PropOp52
 70
     0
102
RTVSPost2010Prop53
 90
        2
102
RTVSPost2010PropOp53
 70
     1
102
RTVSPost2010Prop54
  1
strokes_ogs.tif
102
RTVSPost2010PropOp54
 70
     1
102
RTVSPost2010Prop55
280
     0
102
RTVSPost2010PropOp55
 70
     1
102
RTVSPost2010Prop56
140
1.0
102
RTVSPost2010PropOp56
 70
     1
102
RTVSPost2010Prop57
140
1.0
102
RTVSPost2010PropOp57
 70
     1
  0
XRECORD
  5
3AD
102
{ACAD_REACTORS
330
3AC
102
}
330
3AC
100
AcDbXrecord
280
     1
102
RTVSPropertyOp0
 70
     1
102
RTVSPropertyOp1
 70
     1
102
RTVSPropertyOp2
 70
     1
102
RTVSPropertyOp3
 70
     1
102
RTVSPropertyOp4
 70
     1
102
RTVSPropertyOp5
 70
     1
102
RTVSPropertyOp6
 70
     1
102
RTVSPropertyOp7
 70
     1
102
RTVSPropertyOp8
 70
     1
102
RTVSPropertyOp9
 70
     1
102
RTVSPropertyOp10
 70
     1
102
RTVSPropertyOp11
 70
     1
102
RTVSPropertyOp12
 70
     1
102
RTVSPropertyOp13
 70
     1
102
RTVSPropertyOp14
 70
     1
102
RTVSPropertyOp15
 70
     1
102
RTVSPropertyOp16
 70
     1
102
RTVSPropertyOp17
 70
     1
102
RTVSPropertyOp18
 70
     1
102
RTVSPropertyOp19
 70
     1
102
RTVSPropertyOp20
 70
     1
102
RTVSPropertyOp21
 70
     1
102
RTVSPropertyOp22
 70
     1
102
RTVSPropertyOp23
 70
     1
102
RTVSPropertyOp24
 70
     1
102
RTVSPropertyOp25
 70
     1
102
RTVSPropertyOp26
 70
     1
102
RTVSPropertyOp27
 70
     1
102
RTVSPropertyOp28
 70
     1
102
RTVSPropertyOp29
 70
     1
102
RTVSPropertyOp30
 70
     1
102
RTVSPropertyOp31
 70
     1
102
RTVSPropertyOp32
 70
     1
102
RTVSPropertyOp33
 70
     1
102
RTVSPropertyOp34
 70
     1
102
RTVSPropertyOp35
 70
     1
102
RTVSPropertyOp36
 70
     1
102
RTVSPropertyOp37
 70
     1
102
RTVSPropertyOp38
 70
     1
102
RTVSPropertyOp39
 70
     1
102
RTVSPropertyOp40
 70
     1
102
RTVSPropertyOp41
 70
     1
102
RTVSPropertyOp42
 70
     1
102
RTVSPropertyOp43
 70
     1
102
RTVSPropertyOp44
 70
     1
102
RTVSPropertyOp45
 70
     1
102
RTVSPropertyOp46
 70
     1
102
RTVSPropertyOp47
 70
     1
102
RTVSPropertyOp48
 70
     1
102
RTVSPropertyOp49
 70
     1
102
RTVSPropertyOp50
 70
     1
102
RTVSPropertyOp51
 70
     0
102
RTVSPropertyOp52
 70
     0
102
RTVSPropertyOp53
 70
     1
102
RTVSPropertyOp54
 70
     1
102
RTVSPropertyOp55
 70
     1
102
RTVSPropertyOp56
 70
     1
102
RTVSPropertyOp57
 70
     1
102
RTVSPost2010Prop28
280
     0
102
RTVSPost2010PropOp28
 70
     1
102
RTVSPost2010Prop29
280
     1
102
RTVSPost2010PropOp29
 70
     1
102
RTVSPost2010Prop30
280
     1
102
RTVSPost2010PropOp30
 70
     1
102
RTVSPost2010Prop31
280
     0
102
RTVSPost2010PropOp31
 70
     1
102
RTVSPost2010Prop32
280
     0
102
RTVSPost2010PropOp32
 70
     1
102
RTVSPost2010Prop33
280
     0
102
RTVSPost2010PropOp33
 70
     1
102
RTVSPost2010Prop34
280
     0
102
RTVSPost2010PropOp34
 70
     1
102
RTVSPost2010Prop35
280
     0
102
RTVSPost2010PropOp35
 70
     1
102
RTVSPost2010Prop36
280
     0
102
RTVSPost2010PropOp36
 70
     1
102
RTVSPost2010Prop37
 90
       50
102
RTVSPost2010PropOp37
 70
     1
102
RTVSPost2010Prop38
140
0.0
102
RTVSPost2010PropOp38
 70
     1
102
RTVSPost2010Prop39
140
1.0
102
RTVSPost2010PropOp39
 70
     1
102
RTVSPost2010Prop40
 90
        0
102
RTVSPost2010PropOp40
 70
     1
102
RTVSPost2010Prop41ColorIndex
 90
       18
102
RTVSPost2010Prop41ColorRGB
 90
        0
102
RTVSPost2010PropOp41
 70
     1
102
RTVSPost2010Prop42
 90
       50
102
RTVSPost2010PropOp42
 70
     1
102
RTVSPost2010Prop43
 90
        3
102
RTVSPost2010PropOp43
 70
     1
102
RTVSPost2010Prop44ColorIndex
 90
        5
102
RTVSPost2010Prop44ColorRGB
 90
      255
102
RTVSPost2010PropOp44
 70
     1
102
RTVSPost2010Prop45
280
     0
102
RTVSPost2010PropOp45
 70
     1
102
RTVSPost2010Prop46
 90
       50
102
RTVSPost2010PropOp46
 70
     1
102
RTVSPost2010Prop47
 90
       50
102
RTVSPost2010PropOp47
 70
     1
102
RTVSPost2010Prop48
 90
       50
102
RTVSPost2010PropOp48
 70
     1
102
RTVSPost2010Prop49
280
     0
102
RTVSPost2010PropOp49
 70
     1
102
RTVSPost2010Prop50
 90
       50
102
RTVSPost2010PropOp50
 70
     1
102
RTVSPost2010Prop51ColorIndex
 90
      256
102
RTVSPost2010Prop51ColorRGB
 90
-16777216
102
RTVSPost2010PropOp51
 70
     0
102
RTVSPost2010Prop52
140
1.0
102
RTVSPost2010PropOp52
 70
     0
102
RTVSPost2010Prop53
 90
        2
102
RTVSPost2010PropOp53
 70
     1
102
RTVSPost2010Prop54
  1
strokes_ogs.tif
102
RTVSPost2010PropOp54
 70
     1
102
RTVSPost2010Prop55
280
     0
102
RTVSPost2010PropOp55
 70
     1
102
RTVSPost2010Prop56
140
1.0
102
RTVSPost2010PropOp56
 70
     1
102
RTVSPost2010Prop57
140
1.0
102
RTVSPost2010PropOp57
 70
     1
  0
XRECORD
  5
3AF
102
{ACAD_REACTORS
330
3AE
102
}
330
3AE
100
AcDbXrecord
280
     1
102
RTVSPropertyOp0
 70
     1
102
RTVSPropertyOp1
 70
     1
102
RTVSPropertyOp2
 70
     1
102
RTVSPropertyOp3
 70
     1
102
RTVSPropertyOp4
 70
     1
102
RTVSPropertyOp5
 70
     1
102
RTVSPropertyOp6
 70
     1
102
RTVSPropertyOp7
 70
     1
102
RTVSPropertyOp8
 70
     1
102
RTVSPropertyOp9
 70
     1
102
RTVSPropertyOp10
 70
     1
102
RTVSPropertyOp11
 70
     1
102
RTVSPropertyOp12
 70
     1
102
RTVSPropertyOp13
 70
     1
102
RTVSPropertyOp14
 70
     1
102
RTVSPropertyOp15
 70
     1
102
RTVSPropertyOp16
 70
     1
102
RTVSPropertyOp17
 70
     1
102
RTVSPropertyOp18
 70
     1
102
RTVSPropertyOp19
 70
     1
102
RTVSPropertyOp20
 70
     1
102
RTVSPropertyOp21
 70
     1
102
RTVSPropertyOp22
 70
     1
102
RTVSPropertyOp23
 70
     1
102
RTVSPropertyOp24
 70
     1
102
RTVSPropertyOp25
 70
     1
102
RTVSPropertyOp26
 70
     1
102
RTVSPropertyOp27
 70
     1
102
RTVSPropertyOp28
 70
     1
102
RTVSPropertyOp29
 70
     1
102
RTVSPropertyOp30
 70
     1
102
RTVSPropertyOp31
 70
     1
102
RTVSPropertyOp32
 70
     1
102
RTVSPropertyOp33
 70
     1
102
RTVSPropertyOp34
 70
     1
102
RTVSPropertyOp35
 70
     1
102
RTVSPropertyOp36
 70
     1
102
RTVSPropertyOp37
 70
     1
102
RTVSPropertyOp38
 70
     1
102
RTVSPropertyOp39
 70
     1
102
RTVSPropertyOp40
 70
     1
102
RTVSPropertyOp41
 70
     1
102
RTVSPropertyOp42
 70
     1
102
RTVSPropertyOp43
 70
     1
102
RTVSPropertyOp44
 70
     1
102
RTVSPropertyOp45
 70
     1
102
RTVSPropertyOp46
 70
     1
102
RTVSPropertyOp47
 70
     1
102
RTVSPropertyOp48
 70
     1
102
RTVSPropertyOp49
 70
     1
102
RTVSPropertyOp50
 70
     1
102
RTVSPropertyOp51
 70
     0
102
RTVSPropertyOp52
 70
     0
102
RTVSPropertyOp53
 70
     1
102
RTVSPropertyOp54
 70
     1
102
RTVSPropertyOp55
 70
     1
102
RTVSPropertyOp56
 70
     1
102
RTVSPropertyOp57
 70
     1
102
RTVSPost2010Prop28
280
     0
102
RTVSPost2010PropOp28
 70
     1
102
RTVSPost2010Prop29
280
     1
102
RTVSPost2010PropOp29
 70
     1
102
RTVSPost2010Prop30
280
     1
102
RTVSPost2010PropOp30
 70
     1
102
RTVSPost2010Prop31
280
     0
102
RTVSPost2010PropOp31
 70
     1
102
RTVSPost2010Prop32
280
     0
102
RTVSPost2010PropOp32
 70
     1
102
RTVSPost2010Prop33
280
     0
102
RTVSPost2010PropOp33
 70
     1
102
RTVSPost2010Prop34
280
     0
102
RTVSPost2010PropOp34
 70
     1
102
RTVSPost2010Prop35
280
     0
102
RTVSPost2010PropOp35
 70
     1
102
RTVSPost2010Prop36
280
     0
102
RTVSPost2010PropOp36
 70
     1
102
RTVSPost2010Prop37
 90
       50
102
RTVSPost2010PropOp37
 70
     1
102
RTVSPost2010Prop38
140
0.0
102
RTVSPost2010PropOp38
 70
     1
102
RTVSPost2010Prop39
140
1.0
102
RTVSPost2010PropOp39
 70
     1
102
RTVSPost2010Prop40
 90
        0
102
RTVSPost2010PropOp40
 70
     1
102
RTVSPost2010Prop41ColorIndex
 90
       18
102
RTVSPost2010Prop41ColorRGB
 90
        0
102
RTVSPost2010PropOp41
 70
     1
102
RTVSPost2010Prop42
 90
       50
102
RTVSPost2010PropOp42
 70
     1
102
RTVSPost2010Prop43
 90
        3
102
RTVSPost2010PropOp43
 70
     1
102
RTVSPost2010Prop44ColorIndex
 90
        5
102
RTVSPost2010Prop44ColorRGB
 90
      255
102
RTVSPost2010PropOp44
 70
     1
102
RTVSPost2010Prop45
280
     0
102
RTVSPost2010PropOp45
 70
     1
102
RTVSPost2010Prop46
 90
       50
102
RTVSPost2010PropOp46
 70
     1
102
RTVSPost2010Prop47
 90
       50
102
RTVSPost2010PropOp47
 70
     1
102
RTVSPost2010Prop48
 90
       50
102
RTVSPost2010PropOp48
 70
     1
102
RTVSPost2010Prop49
280
     0
102
RTVSPost2010PropOp49
 70
     1
102
RTVSPost2010Prop50
 90
       50
102
RTVSPost2010PropOp50
 70
     1
102
RTVSPost2010Prop51ColorIndex
 90
      256
102
RTVSPost2010Prop51ColorRGB
 90
-16777216
102
RTVSPost2010PropOp51
 70
     0
102
RTVSPost2010Prop52
140
1.0
102
RTVSPost2010PropOp52
 70
     0
102
RTVSPost2010Prop53
 90
        2
102
RTVSPost2010PropOp53
 70
     1
102
RTVSPost2010Prop54
  1
strokes_ogs.tif
102
RTVSPost2010PropOp54
 70
     1
102
RTVSPost2010Prop55
280
     0
102
RTVSPost2010PropOp55
 70
     1
102
RTVSPost2010Prop56
140
1.0
102
RTVSPost2010PropOp56
 70
     1
102
RTVSPost2010Prop57
140
1.0
102
RTVSPost2010PropOp57
 70
     1
  0
XRECORD
  5
3BF
102
{ACAD_REACTORS
330
3BE
102
}
330
3BE
100
AcDbXrecord
280
     1
102
RTVSPropertyOp0
 70
     0
102
RTVSPropertyOp1
 70
     0
102
RTVSPropertyOp2
 70
     0
102
RTVSPropertyOp3
 70
     0
102
RTVSPropertyOp4
 70
     0
102
RTVSPropertyOp5
 70
     0
102
RTVSPropertyOp6
 70
     0
102
RTVSPropertyOp7
 70
     0
102
RTVSPropertyOp8
 70
     0
102
RTVSPropertyOp9
 70
     0
102
RTVSPropertyOp10
 70
     0
102
RTVSPropertyOp11
 70
     0
102
RTVSPropertyOp12
 70
     0
102
RTVSPropertyOp13
 70
     0
102
RTVSPropertyOp14
 70
     2
102
RTVSPropertyOp15
 70
     0
102
RTVSPropertyOp16
 70
     0
102
RTVSPropertyOp17
 70
     0
102
RTVSPropertyOp18
 70
     0
102
RTVSPropertyOp19
 70
     0
102
RTVSPropertyOp20
 70
     0
102
RTVSPropertyOp21
 70
     0
102
RTVSPropertyOp22
 70
     0
102
RTVSPropertyOp23
 70
     0
102
RTVSPropertyOp24
 70
     0
102
RTVSPropertyOp25
 70
     0
102
RTVSPropertyOp26
 70
     0
102
RTVSPropertyOp27
 70
     0
102
RTVSPropertyOp28
 70
     0
102
RTVSPropertyOp29
 70
     0
102
RTVSPropertyOp30
 70
     0
102
RTVSPropertyOp31
 70
     0
102
RTVSPropertyOp32
 70
     0
102
RTVSPropertyOp33
 70
     0
102
RTVSPropertyOp34
 70
     0
102
RTVSPropertyOp35
 70
     0
102
RTVSPropertyOp36
 70
     0
102
RTVSPropertyOp37
 70
     0
102
RTVSPropertyOp38
 70
     0
102
RTVSPropertyOp39
 70
     0
102
RTVSPropertyOp40
 70
     0
102
RTVSPropertyOp41
 70
     0
102
RTVSPropertyOp42
 70
     0
102
RTVSPropertyOp43
 70
     0
102
RTVSPropertyOp44
 70
     0
102
RTVSPropertyOp45
 70
     0
102
RTVSPropertyOp46
 70
     0
102
RTVSPropertyOp47
 70
     0
102
RTVSPropertyOp48
 70
     0
102
RTVSPropertyOp49
 70
     0
102
RTVSPropertyOp50
 70
     0
102
RTVSPropertyOp51
 70
     0
102
RTVSPropertyOp52
 70
     0
102
RTVSPropertyOp53
 70
     0
102
RTVSPropertyOp54
 70
     0
102
RTVSPropertyOp55
 70
     0
102
RTVSPropertyOp56
 70
     0
102
RTVSPropertyOp57
 70
     0
102
RTVSPost2010Prop28
280
     0
102
RTVSPost2010PropOp28
 70
     0
102
RTVSPost2010Prop29
280
     1
102
RTVSPost2010PropOp29
 70
     0
102
RTVSPost2010Prop30
280
     1
102
RTVSPost2010PropOp30
 70
     0
102
RTVSPost2010Prop31
280
     0
102
RTVSPost2010PropOp31
 70
     0
102
RTVSPost2010Prop32
280
     0
102
RTVSPost2010PropOp32
 70
     0
102
RTVSPost2010Prop33
280
     0
102
RTVSPost2010PropOp33
 70
     0
102
RTVSPost2010Prop34
280
     0
102
RTVSPost2010PropOp34
 70
     0
102
RTVSPost2010Prop35
280
     0
102
RTVSPost2010PropOp35
 70
     0
102
RTVSPost2010Prop36
280
     0
102
RTVSPost2010PropOp36
 70
     0
102
RTVSPost2010Prop37
 90
       50
102
RTVSPost2010PropOp37
 70
     0
102
RTVSPost2010Prop38
140
0.0
102
RTVSPost2010PropOp38
 70
     0
102
RTVSPost2010Prop39
140
1.0
102
RTVSPost2010PropOp39
 70
     0
102
RTVSPost2010Prop40
 90
        0
102
RTVSPost2010PropOp40
 70
     0
102
RTVSPost2010Prop41ColorIndex
 90
       18
102
RTVSPost2010Prop41ColorRGB
 90
        0
102
RTVSPost2010PropOp41
 70
     0
102
RTVSPost2010Prop42
 90
       50
102
RTVSPost2010PropOp42
 70
     0
102
RTVSPost2010Prop43
 90
        3
102
RTVSPost2010PropOp43
 70
     0
102
RTVSPost2010Prop44ColorIndex
 90
        5
102
RTVSPost2010Prop44ColorRGB
 90
      255
102
RTVSPost2010PropOp44
 70
     0
102
RTVSPost2010Prop45
280
     0
102
RTVSPost2010PropOp45
 70
     0
102
RTVSPost2010Prop46
 90
       50
102
RTVSPost2010PropOp46
 70
     0
102
RTVSPost2010Prop47
 90
       50
102
RTVSPost2010PropOp47
 70
     0
102
RTVSPost2010Prop48
 90
       50
102
RTVSPost2010PropOp48
 70
     0
102
RTVSPost2010Prop49
280
     0
102
RTVSPost2010PropOp49
 70
     0
102
RTVSPost2010Prop50
 90
       50
102
RTVSPost2010PropOp50
 70
     0
102
RTVSPost2010Prop51ColorIndex
 90
      256
102
RTVSPost2010Prop51ColorRGB
 90
-16777216
102
RTVSPost2010PropOp51
 70
     0
102
RTVSPost2010Prop52
140
1.0
102
RTVSPost2010PropOp52
 70
     0
102
RTVSPost2010Prop53
 90
        2
102
RTVSPost2010PropOp53
 70
     0
102
RTVSPost2010Prop54
  1
strokes_ogs.tif
102
RTVSPost2010PropOp54
 70
     0
102
RTVSPost2010Prop55
280
     0
102
RTVSPost2010PropOp55
 70
     0
102
RTVSPost2010Prop56
140
1.0
102
RTVSPost2010PropOp56
 70
     0
102
RTVSPost2010Prop57
140
1.0
102
RTVSPost2010PropOp57
 70
     0
  0
XRECORD
  5
3B7
102
{ACAD_REACTORS
330
3B6
102
}
330
3B6
100
AcDbXrecord
280
     1
102
RTVSPropertyOp0
 70
     1
102
RTVSPropertyOp1
 70
     1
102
RTVSPropertyOp2
 70
     1
102
RTVSPropertyOp3
 70
     1
102
RTVSPropertyOp4
 70
     1
102
RTVSPropertyOp5
 70
     1
102
RTVSPropertyOp6
 70
     1
102
RTVSPropertyOp7
 70
     1
102
RTVSPropertyOp8
 70
     1
102
RTVSPropertyOp9
 70
     1
102
RTVSPropertyOp10
 70
     1
102
RTVSPropertyOp11
 70
     1
102
RTVSPropertyOp12
 70
     1
102
RTVSPropertyOp13
 70
     1
102
RTVSPropertyOp14
 70
     1
102
RTVSPropertyOp15
 70
     1
102
RTVSPropertyOp16
 70
     1
102
RTVSPropertyOp17
 70
     1
102
RTVSPropertyOp18
 70
     1
102
RTVSPropertyOp19
 70
     1
102
RTVSPropertyOp20
 70
     1
102
RTVSPropertyOp21
 70
     1
102
RTVSPropertyOp22
 70
     1
102
RTVSPropertyOp23
 70
     1
102
RTVSPropertyOp24
 70
     1
102
RTVSPropertyOp25
 70
     1
102
RTVSPropertyOp26
 70
     1
102
RTVSPropertyOp27
 70
     1
102
RTVSPropertyOp28
 70
     1
102
RTVSPropertyOp29
 70
     1
102
RTVSPropertyOp30
 70
     1
102
RTVSPropertyOp31
 70
     1
102
RTVSPropertyOp32
 70
     1
102
RTVSPropertyOp33
 70
     1
102
RTVSPropertyOp34
 70
     1
102
RTVSPropertyOp35
 70
     1
102
RTVSPropertyOp36
 70
     1
102
RTVSPropertyOp37
 70
     1
102
RTVSPropertyOp38
 70
     1
102
RTVSPropertyOp39
 70
     1
102
RTVSPropertyOp40
 70
     1
102
RTVSPropertyOp41
 70
     1
102
RTVSPropertyOp42
 70
     1
102
RTVSPropertyOp43
 70
     1
102
RTVSPropertyOp44
 70
     1
102
RTVSPropertyOp45
 70
     1
102
RTVSPropertyOp46
 70
     1
102
RTVSPropertyOp47
 70
     1
102
RTVSPropertyOp48
 70
     1
102
RTVSPropertyOp49
 70
     1
102
RTVSPropertyOp50
 70
     1
102
RTVSPropertyOp51
 70
     0
102
RTVSPropertyOp52
 70
     0
102
RTVSPropertyOp53
 70
     1
102
RTVSPropertyOp54
 70
     1
102
RTVSPropertyOp55
 70
     1
102
RTVSPropertyOp56
 70
     1
102
RTVSPropertyOp57
 70
     1
102
RTVSPost2010Prop28
280
     0
102
RTVSPost2010PropOp28
 70
     1
102
RTVSPost2010Prop29
280
     1
102
RTVSPost2010PropOp29
 70
     1
102
RTVSPost2010Prop30
280
     1
102
RTVSPost2010PropOp30
 70
     1
102
RTVSPost2010Prop31
280
     0
102
RTVSPost2010PropOp31
 70
     1
102
RTVSPost2010Prop32
280
     0
102
RTVSPost2010PropOp32
 70
     1
102
RTVSPost2010Prop33
280
     0
102
RTVSPost2010PropOp33
 70
     1
102
RTVSPost2010Prop34
280
     0
102
RTVSPost2010PropOp34
 70
     1
102
RTVSPost2010Prop35
280
     0
102
RTVSPost2010PropOp35
 70
     1
102
RTVSPost2010Prop36
280
     0
102
RTVSPost2010PropOp36
 70
     1
102
RTVSPost2010Prop37
 90
       50
102
RTVSPost2010PropOp37
 70
     1
102
RTVSPost2010Prop38
140
0.0
102
RTVSPost2010PropOp38
 70
     1
102
RTVSPost2010Prop39
140
1.0
102
RTVSPost2010PropOp39
 70
     1
102
RTVSPost2010Prop40
 90
        0
102
RTVSPost2010PropOp40
 70
     1
102
RTVSPost2010Prop41ColorIndex
 90
       18
102
RTVSPost2010Prop41ColorRGB
 90
        0
102
RTVSPost2010PropOp41
 70
     1
102
RTVSPost2010Prop42
 90
       50
102
RTVSPost2010PropOp42
 70
     1
102
RTVSPost2010Prop43
 90
        3
102
RTVSPost2010PropOp43
 70
     1
102
RTVSPost2010Prop44ColorIndex
 90
        5
102
RTVSPost2010Prop44ColorRGB
 90
      255
102
RTVSPost2010PropOp44
 70
     1
102
RTVSPost2010Prop45
280
     0
102
RTVSPost2010PropOp45
 70
     1
102
RTVSPost2010Prop46
 90
       50
102
RTVSPost2010PropOp46
 70
     1
102
RTVSPost2010Prop47
 90
       50
102
RTVSPost2010PropOp47
 70
     1
102
RTVSPost2010Prop48
 90
       50
102
RTVSPost2010PropOp48
 70
     1
102
RTVSPost2010Prop49
280
     0
102
RTVSPost2010PropOp49
 70
     1
102
RTVSPost2010Prop50
 90
       50
102
RTVSPost2010PropOp50
 70
     1
102
RTVSPost2010Prop51ColorIndex
 90
      256
102
RTVSPost2010Prop51ColorRGB
 90
-16777216
102
RTVSPost2010PropOp51
 70
     0
102
RTVSPost2010Prop52
140
1.0
102
RTVSPost2010PropOp52
 70
     0
102
RTVSPost2010Prop53
 90
        2
102
RTVSPost2010PropOp53
 70
     1
102
RTVSPost2010Prop54
  1
strokes_ogs.tif
102
RTVSPost2010PropOp54
 70
     1
102
RTVSPost2010Prop55
280
     0
102
RTVSPost2010PropOp55
 70
     1
102
RTVSPost2010Prop56
140
1.0
102
RTVSPost2010PropOp56
 70
     1
102
RTVSPost2010Prop57
140
1.0
102
RTVSPost2010PropOp57
 70
     1
  0
XRECORD
  5
39B
102
{ACAD_REACTORS
330
39A
102
}
330
39A
100
AcDbXrecord
280
     1
102
RTVSPropertyOp0
 70
     1
102
RTVSPropertyOp1
 70
     1
102
RTVSPropertyOp2
 70
     1
102
RTVSPropertyOp3
 70
     1
102
RTVSPropertyOp4
 70
     1
102
RTVSPropertyOp5
 70
     1
102
RTVSPropertyOp6
 70
     1
102
RTVSPropertyOp7
 70
     1
102
RTVSPropertyOp8
 70
     1
102
RTVSPropertyOp9
 70
     1
102
RTVSPropertyOp10
 70
     1
102
RTVSPropertyOp11
 70
     1
102
RTVSPropertyOp12
 70
     1
102
RTVSPropertyOp13
 70
     1
102
RTVSPropertyOp14
 70
     1
102
RTVSPropertyOp15
 70
     1
102
RTVSPropertyOp16
 70
     1
102
RTVSPropertyOp17
 70
     1
102
RTVSPropertyOp18
 70
     1
102
RTVSPropertyOp19
 70
     1
102
RTVSPropertyOp20
 70
     1
102
RTVSPropertyOp21
 70
     1
102
RTVSPropertyOp22
 70
     1
102
RTVSPropertyOp23
 70
     1
102
RTVSPropertyOp24
 70
     1
102
RTVSPropertyOp25
 70
     1
102
RTVSPropertyOp26
 70
     1
102
RTVSPropertyOp27
 70
     1
102
RTVSPropertyOp28
 70
     1
102
RTVSPropertyOp29
 70
     1
102
RTVSPropertyOp30
 70
     1
102
RTVSPropertyOp31
 70
     1
102
RTVSPropertyOp32
 70
     1
102
RTVSPropertyOp33
 70
     1
102
RTVSPropertyOp34
 70
     1
102
RTVSPropertyOp35
 70
     1
102
RTVSPropertyOp36
 70
     1
102
RTVSPropertyOp37
 70
     1
102
RTVSPropertyOp38
 70
     1
102
RTVSPropertyOp39
 70
     1
102
RTVSPropertyOp40
 70
     1
102
RTVSPropertyOp41
 70
     1
102
RTVSPropertyOp42
 70
     1
102
RTVSPropertyOp43
 70
     1
102
RTVSPropertyOp44
 70
     1
102
RTVSPropertyOp45
 70
     1
102
RTVSPropertyOp46
 70
     1
102
RTVSPropertyOp47
 70
     1
102
RTVSPropertyOp48
 70
     1
102
RTVSPropertyOp49
 70
     1
102
RTVSPropertyOp50
 70
     1
102
RTVSPropertyOp51
 70
     0
102
RTVSPropertyOp52
 70
     0
102
RTVSPropertyOp53
 70
     1
102
RTVSPropertyOp54
 70
     1
102
RTVSPropertyOp55
 70
     1
102
RTVSPropertyOp56
 70
     1
102
RTVSPropertyOp57
 70
     1
102
RTVSPost2010Prop28
280
     0
102
RTVSPost2010PropOp28
 70
     1
102
RTVSPost2010Prop29
280
     1
102
RTVSPost2010PropOp29
 70
     1
102
RTVSPost2010Prop30
280
     1
102
RTVSPost2010PropOp30
 70
     1
102
RTVSPost2010Prop31
280
     0
102
RTVSPost2010PropOp31
 70
     1
102
RTVSPost2010Prop32
280
     0
102
RTVSPost2010PropOp32
 70
     1
102
RTVSPost2010Prop33
280
     0
102
RTVSPost2010PropOp33
 70
     1
102
RTVSPost2010Prop34
280
     0
102
RTVSPost2010PropOp34
 70
     1
102
RTVSPost2010Prop35
280
     0
102
RTVSPost2010PropOp35
 70
     1
102
RTVSPost2010Prop36
280
     0
102
RTVSPost2010PropOp36
 70
     1
102
RTVSPost2010Prop37
 90
       50
102
RTVSPost2010PropOp37
 70
     1
102
RTVSPost2010Prop38
140
0.0
102
RTVSPost2010PropOp38
 70
     1
102
RTVSPost2010Prop39
140
1.0
102
RTVSPost2010PropOp39
 70
     1
102
RTVSPost2010Prop40
 90
        0
102
RTVSPost2010PropOp40
 70
     1
102
RTVSPost2010Prop41ColorIndex
 90
       18
102
RTVSPost2010Prop41ColorRGB
 90
        0
102
RTVSPost2010PropOp41
 70
     1
102
RTVSPost2010Prop42
 90
       50
102
RTVSPost2010PropOp42
 70
     1
102
RTVSPost2010Prop43
 90
        3
102
RTVSPost2010PropOp43
 70
     1
102
RTVSPost2010Prop44ColorIndex
 90
        5
102
RTVSPost2010Prop44ColorRGB
 90
      255
102
RTVSPost2010PropOp44
 70
     1
102
RTVSPost2010Prop45
280
     0
102
RTVSPost2010PropOp45
 70
     1
102
RTVSPost2010Prop46
 90
       50
102
RTVSPost2010PropOp46
 70
     1
102
RTVSPost2010Prop47
 90
       50
102
RTVSPost2010PropOp47
 70
     1
102
RTVSPost2010Prop48
 90
       50
102
RTVSPost2010PropOp48
 70
     1
102
RTVSPost2010Prop49
280
     0
102
RTVSPost2010PropOp49
 70
     1
102
RTVSPost2010Prop50
 90
       50
102
RTVSPost2010PropOp50
 70
     1
102
RTVSPost2010Prop51ColorIndex
 90
      256
102
RTVSPost2010Prop51ColorRGB
 90
-16777216
102
RTVSPost2010PropOp51
 70
     0
102
RTVSPost2010Prop52
140
1.0
102
RTVSPost2010PropOp52
 70
     0
102
RTVSPost2010Prop53
 90
        2
102
RTVSPost2010PropOp53
 70
     1
102
RTVSPost2010Prop54
  1
strokes_ogs.tif
102
RTVSPost2010PropOp54
 70
     1
102
RTVSPost2010Prop55
280
     0
102
RTVSPost2010PropOp55
 70
     1
102
RTVSPost2010Prop56
140
1.0
102
RTVSPost2010PropOp56
 70
     1
102
RTVSPost2010Prop57
140
1.0
102
RTVSPost2010PropOp57
 70
     1
  0
XRECORD
  5
39D
102
{ACAD_REACTORS
330
39C
102
}
330
39C
100
AcDbXrecord
280
     1
102
RTVSPropertyOp0
 70
     1
102
RTVSPropertyOp1
 70
     1
102
RTVSPropertyOp2
 70
     1
102
RTVSPropertyOp3
 70
     1
102
RTVSPropertyOp4
 70
     1
102
RTVSPropertyOp5
 70
     1
102
RTVSPropertyOp6
 70
     1
102
RTVSPropertyOp7
 70
     1
102
RTVSPropertyOp8
 70
     1
102
RTVSPropertyOp9
 70
     1
102
RTVSPropertyOp10
 70
     1
102
RTVSPropertyOp11
 70
     1
102
RTVSPropertyOp12
 70
     1
102
RTVSPropertyOp13
 70
     1
102
RTVSPropertyOp14
 70
     1
102
RTVSPropertyOp15
 70
     1
102
RTVSPropertyOp16
 70
     1
102
RTVSPropertyOp17
 70
     1
102
RTVSPropertyOp18
 70
     1
102
RTVSPropertyOp19
 70
     1
102
RTVSPropertyOp20
 70
     1
102
RTVSPropertyOp21
 70
     1
102
RTVSPropertyOp22
 70
     1
102
RTVSPropertyOp23
 70
     1
102
RTVSPropertyOp24
 70
     1
102
RTVSPropertyOp25
 70
     1
102
RTVSPropertyOp26
 70
     1
102
RTVSPropertyOp27
 70
     1
102
RTVSPropertyOp28
 70
     1
102
RTVSPropertyOp29
 70
     1
102
RTVSPropertyOp30
 70
     1
102
RTVSPropertyOp31
 70
     1
102
RTVSPropertyOp32
 70
     1
102
RTVSPropertyOp33
 70
     1
102
RTVSPropertyOp34
 70
     1
102
RTVSPropertyOp35
 70
     1
102
RTVSPropertyOp36
 70
     1
102
RTVSPropertyOp37
 70
     1
102
RTVSPropertyOp38
 70
     1
102
RTVSPropertyOp39
 70
     1
102
RTVSPropertyOp40
 70
     1
102
RTVSPropertyOp41
 70
     1
102
RTVSPropertyOp42
 70
     1
102
RTVSPropertyOp43
 70
     1
102
RTVSPropertyOp44
 70
     1
102
RTVSPropertyOp45
 70
     1
102
RTVSPropertyOp46
 70
     1
102
RTVSPropertyOp47
 70
     1
102
RTVSPropertyOp48
 70
     1
102
RTVSPropertyOp49
 70
     1
102
RTVSPropertyOp50
 70
     1
102
RTVSPropertyOp51
 70
     0
102
RTVSPropertyOp52
 70
     0
102
RTVSPropertyOp53
 70
     1
102
RTVSPropertyOp54
 70
     1
102
RTVSPropertyOp55
 70
     1
102
RTVSPropertyOp56
 70
     1
102
RTVSPropertyOp57
 70
     1
102
RTVSPost2010Prop28
280
     0
102
RTVSPost2010PropOp28
 70
     1
102
RTVSPost2010Prop29
280
     1
102
RTVSPost2010PropOp29
 70
     1
102
RTVSPost2010Prop30
280
     1
102
RTVSPost2010PropOp30
 70
     1
102
RTVSPost2010Prop31
280
     0
102
RTVSPost2010PropOp31
 70
     1
102
RTVSPost2010Prop32
280
     0
102
RTVSPost2010PropOp32
 70
     1
102
RTVSPost2010Prop33
280
     0
102
RTVSPost2010PropOp33
 70
     1
102
RTVSPost2010Prop34
280
     0
102
RTVSPost2010PropOp34
 70
     1
102
RTVSPost2010Prop35
280
     0
102
RTVSPost2010PropOp35
 70
     1
102
RTVSPost2010Prop36
280
     0
102
RTVSPost2010PropOp36
 70
     1
102
RTVSPost2010Prop37
 90
       50
102
RTVSPost2010PropOp37
 70
     1
102
RTVSPost2010Prop38
140
0.0
102
RTVSPost2010PropOp38
 70
     1
102
RTVSPost2010Prop39
140
1.0
102
RTVSPost2010PropOp39
 70
     1
102
RTVSPost2010Prop40
 90
        0
102
RTVSPost2010PropOp40
 70
     1
102
RTVSPost2010Prop41ColorIndex
 90
       18
102
RTVSPost2010Prop41ColorRGB
 90
        0
102
RTVSPost2010PropOp41
 70
     1
102
RTVSPost2010Prop42
 90
       50
102
RTVSPost2010PropOp42
 70
     1
102
RTVSPost2010Prop43
 90
        3
102
RTVSPost2010PropOp43
 70
     1
102
RTVSPost2010Prop44ColorIndex
 90
        5
102
RTVSPost2010Prop44ColorRGB
 90
      255
102
RTVSPost2010PropOp44
 70
     1
102
RTVSPost2010Prop45
280
     0
102
RTVSPost2010PropOp45
 70
     1
102
RTVSPost2010Prop46
 90
       50
102
RTVSPost2010PropOp46
 70
     1
102
RTVSPost2010Prop47
 90
       50
102
RTVSPost2010PropOp47
 70
     1
102
RTVSPost2010Prop48
 90
       50
102
RTVSPost2010PropOp48
 70
     1
102
RTVSPost2010Prop49
280
     0
102
RTVSPost2010PropOp49
 70
     1
102
RTVSPost2010Prop50
 90
       50
102
RTVSPost2010PropOp50
 70
     1
102
RTVSPost2010Prop51ColorIndex
 90
      256
102
RTVSPost2010Prop51ColorRGB
 90
-16777216
102
RTVSPost2010PropOp51
 70
     0
102
RTVSPost2010Prop52
140
1.0
102
RTVSPost2010PropOp52
 70
     0
102
RTVSPost2010Prop53
 90
        2
102
RTVSPost2010PropOp53
 70
     1
102
RTVSPost2010Prop54
  1
strokes_ogs.tif
102
RTVSPost2010PropOp54
 70
     1
102
RTVSPost2010Prop55
280
     0
102
RTVSPost2010PropOp55
 70
     1
102
RTVSPost2010Prop56
140
1.0
102
RTVSPost2010PropOp56
 70
     1
102
RTVSPost2010Prop57
140
1.0
102
RTVSPost2010PropOp57
 70
     1
  0
XRECORD
  5
39F
102
{ACAD_REACTORS
330
39E
102
}
330
39E
100
AcDbXrecord
280
     1
102
RTVSPropertyOp0
 70
     1
102
RTVSPropertyOp1
 70
     1
102
RTVSPropertyOp2
 70
     1
102
RTVSPropertyOp3
 70
     1
102
RTVSPropertyOp4
 70
     1
102
RTVSPropertyOp5
 70
     1
102
RTVSPropertyOp6
 70
     1
102
RTVSPropertyOp7
 70
     1
102
RTVSPropertyOp8
 70
     1
102
RTVSPropertyOp9
 70
     1
102
RTVSPropertyOp10
 70
     1
102
RTVSPropertyOp11
 70
     1
102
RTVSPropertyOp12
 70
     1
102
RTVSPropertyOp13
 70
     1
102
RTVSPropertyOp14
 70
     1
102
RTVSPropertyOp15
 70
     1
102
RTVSPropertyOp16
 70
     1
102
RTVSPropertyOp17
 70
     1
102
RTVSPropertyOp18
 70
     1
102
RTVSPropertyOp19
 70
     1
102
RTVSPropertyOp20
 70
     1
102
RTVSPropertyOp21
 70
     1
102
RTVSPropertyOp22
 70
     1
102
RTVSPropertyOp23
 70
     1
102
RTVSPropertyOp24
 70
     1
102
RTVSPropertyOp25
 70
     1
102
RTVSPropertyOp26
 70
     1
102
RTVSPropertyOp27
 70
     1
102
RTVSPropertyOp28
 70
     1
102
RTVSPropertyOp29
 70
     1
102
RTVSPropertyOp30
 70
     1
102
RTVSPropertyOp31
 70
     1
102
RTVSPropertyOp32
 70
     1
102
RTVSPropertyOp33
 70
     1
102
RTVSPropertyOp34
 70
     1
102
RTVSPropertyOp35
 70
     1
102
RTVSPropertyOp36
 70
     1
102
RTVSPropertyOp37
 70
     1
102
RTVSPropertyOp38
 70
     1
102
RTVSPropertyOp39
 70
     1
102
RTVSPropertyOp40
 70
     1
102
RTVSPropertyOp41
 70
     1
102
RTVSPropertyOp42
 70
     1
102
RTVSPropertyOp43
 70
     1
102
RTVSPropertyOp44
 70
     1
102
RTVSPropertyOp45
 70
     1
102
RTVSPropertyOp46
 70
     1
102
RTVSPropertyOp47
 70
     1
102
RTVSPropertyOp48
 70
     1
102
RTVSPropertyOp49
 70
     1
102
RTVSPropertyOp50
 70
     1
102
RTVSPropertyOp51
 70
     0
102
RTVSPropertyOp52
 70
     0
102
RTVSPropertyOp53
 70
     1
102
RTVSPropertyOp54
 70
     1
102
RTVSPropertyOp55
 70
     1
102
RTVSPropertyOp56
 70
     1
102
RTVSPropertyOp57
 70
     1
102
RTVSPost2010Prop28
280
     0
102
RTVSPost2010PropOp28
 70
     1
102
RTVSPost2010Prop29
280
     1
102
RTVSPost2010PropOp29
 70
     1
102
RTVSPost2010Prop30
280
     1
102
RTVSPost2010PropOp30
 70
     1
102
RTVSPost2010Prop31
280
     0
102
RTVSPost2010PropOp31
 70
     1
102
RTVSPost2010Prop32
280
     0
102
RTVSPost2010PropOp32
 70
     1
102
RTVSPost2010Prop33
280
     0
102
RTVSPost2010PropOp33
 70
     1
102
RTVSPost2010Prop34
280
     0
102
RTVSPost2010PropOp34
 70
     1
102
RTVSPost2010Prop35
280
     0
102
RTVSPost2010PropOp35
 70
     1
102
RTVSPost2010Prop36
280
     0
102
RTVSPost2010PropOp36
 70
     1
102
RTVSPost2010Prop37
 90
       50
102
RTVSPost2010PropOp37
 70
     1
102
RTVSPost2010Prop38
140
0.0
102
RTVSPost2010PropOp38
 70
     1
102
RTVSPost2010Prop39
140
1.0
102
RTVSPost2010PropOp39
 70
     1
102
RTVSPost2010Prop40
 90
        0
102
RTVSPost2010PropOp40
 70
     1
102
RTVSPost2010Prop41ColorIndex
 90
       18
102
RTVSPost2010Prop41ColorRGB
 90
        0
102
RTVSPost2010PropOp41
 70
     1
102
RTVSPost2010Prop42
 90
       50
102
RTVSPost2010PropOp42
 70
     1
102
RTVSPost2010Prop43
 90
        3
102
RTVSPost2010PropOp43
 70
     1
102
RTVSPost2010Prop44ColorIndex
 90
        5
102
RTVSPost2010Prop44ColorRGB
 90
      255
102
RTVSPost2010PropOp44
 70
     1
102
RTVSPost2010Prop45
280
     0
102
RTVSPost2010PropOp45
 70
     1
102
RTVSPost2010Prop46
 90
       50
102
RTVSPost2010PropOp46
 70
     1
102
RTVSPost2010Prop47
 90
       50
102
RTVSPost2010PropOp47
 70
     1
102
RTVSPost2010Prop48
 90
       50
102
RTVSPost2010PropOp48
 70
     1
102
RTVSPost2010Prop49
280
     0
102
RTVSPost2010PropOp49
 70
     1
102
RTVSPost2010Prop50
 90
       50
102
RTVSPost2010PropOp50
 70
     1
102
RTVSPost2010Prop51ColorIndex
 90
      256
102
RTVSPost2010Prop51ColorRGB
 90
-16777216
102
RTVSPost2010PropOp51
 70
     0
102
RTVSPost2010Prop52
140
1.0
102
RTVSPost2010PropOp52
 70
     0
102
RTVSPost2010Prop53
 90
        2
102
RTVSPost2010PropOp53
 70
     1
102
RTVSPost2010Prop54
  1
strokes_ogs.tif
102
RTVSPost2010PropOp54
 70
     1
102
RTVSPost2010Prop55
280
     0
102
RTVSPost2010PropOp55
 70
     1
102
RTVSPost2010Prop56
140
1.0
102
RTVSPost2010PropOp56
 70
     1
102
RTVSPost2010Prop57
140
1.0
102
RTVSPost2010PropOp57
 70
     1
  0
XRECORD
  5
3A1
102
{ACAD_REACTORS
330
3A0
102
}
330
3A0
100
AcDbXrecord
280
     1
102
RTVSPropertyOp0
 70
     1
102
RTVSPropertyOp1
 70
     1
102
RTVSPropertyOp2
 70
     1
102
RTVSPropertyOp3
 70
     1
102
RTVSPropertyOp4
 70
     1
102
RTVSPropertyOp5
 70
     1
102
RTVSPropertyOp6
 70
     1
102
RTVSPropertyOp7
 70
     1
102
RTVSPropertyOp8
 70
     1
102
RTVSPropertyOp9
 70
     1
102
RTVSPropertyOp10
 70
     1
102
RTVSPropertyOp11
 70
     1
102
RTVSPropertyOp12
 70
     1
102
RTVSPropertyOp13
 70
     1
102
RTVSPropertyOp14
 70
     1
102
RTVSPropertyOp15
 70
     1
102
RTVSPropertyOp16
 70
     1
102
RTVSPropertyOp17
 70
     1
102
RTVSPropertyOp18
 70
     1
102
RTVSPropertyOp19
 70
     1
102
RTVSPropertyOp20
 70
     1
102
RTVSPropertyOp21
 70
     1
102
RTVSPropertyOp22
 70
     1
102
RTVSPropertyOp23
 70
     1
102
RTVSPropertyOp24
 70
     1
102
RTVSPropertyOp25
 70
     1
102
RTVSPropertyOp26
 70
     1
102
RTVSPropertyOp27
 70
     1
102
RTVSPropertyOp28
 70
     1
102
RTVSPropertyOp29
 70
     1
102
RTVSPropertyOp30
 70
     1
102
RTVSPropertyOp31
 70
     1
102
RTVSPropertyOp32
 70
     1
102
RTVSPropertyOp33
 70
     1
102
RTVSPropertyOp34
 70
     1
102
RTVSPropertyOp35
 70
     1
102
RTVSPropertyOp36
 70
     1
102
RTVSPropertyOp37
 70
     1
102
RTVSPropertyOp38
 70
     1
102
RTVSPropertyOp39
 70
     1
102
RTVSPropertyOp40
 70
     1
102
RTVSPropertyOp41
 70
     1
102
RTVSPropertyOp42
 70
     1
102
RTVSPropertyOp43
 70
     1
102
RTVSPropertyOp44
 70
     1
102
RTVSPropertyOp45
 70
     1
102
RTVSPropertyOp46
 70
     1
102
RTVSPropertyOp47
 70
     1
102
RTVSPropertyOp48
 70
     1
102
RTVSPropertyOp49
 70
     1
102
RTVSPropertyOp50
 70
     1
102
RTVSPropertyOp51
 70
     0
102
RTVSPropertyOp52
 70
     0
102
RTVSPropertyOp53
 70
     1
102
RTVSPropertyOp54
 70
     1
102
RTVSPropertyOp55
 70
     1
102
RTVSPropertyOp56
 70
     1
102
RTVSPropertyOp57
 70
     1
102
RTVSPost2010Prop28
280
     0
102
RTVSPost2010PropOp28
 70
     1
102
RTVSPost2010Prop29
280
     1
102
RTVSPost2010PropOp29
 70
     1
102
RTVSPost2010Prop30
280
     1
102
RTVSPost2010PropOp30
 70
     1
102
RTVSPost2010Prop31
280
     0
102
RTVSPost2010PropOp31
 70
     1
102
RTVSPost2010Prop32
280
     0
102
RTVSPost2010PropOp32
 70
     1
102
RTVSPost2010Prop33
280
     0
102
RTVSPost2010PropOp33
 70
     1
102
RTVSPost2010Prop34
280
     0
102
RTVSPost2010PropOp34
 70
     1
102
RTVSPost2010Prop35
280
     0
102
RTVSPost2010PropOp35
 70
     1
102
RTVSPost2010Prop36
280
     0
102
RTVSPost2010PropOp36
 70
     1
102
RTVSPost2010Prop37
 90
       50
102
RTVSPost2010PropOp37
 70
     1
102
RTVSPost2010Prop38
140
0.0
102
RTVSPost2010PropOp38
 70
     1
102
RTVSPost2010Prop39
140
1.0
102
RTVSPost2010PropOp39
 70
     1
102
RTVSPost2010Prop40
 90
        0
102
RTVSPost2010PropOp40
 70
     1
102
RTVSPost2010Prop41ColorIndex
 90
       18
102
RTVSPost2010Prop41ColorRGB
 90
        0
102
RTVSPost2010PropOp41
 70
     1
102
RTVSPost2010Prop42
 90
       50
102
RTVSPost2010PropOp42
 70
     1
102
RTVSPost2010Prop43
 90
        3
102
RTVSPost2010PropOp43
 70
     1
102
RTVSPost2010Prop44ColorIndex
 90
        5
102
RTVSPost2010Prop44ColorRGB
 90
      255
102
RTVSPost2010PropOp44
 70
     1
102
RTVSPost2010Prop45
280
     0
102
RTVSPost2010PropOp45
 70
     1
102
RTVSPost2010Prop46
 90
       50
102
RTVSPost2010PropOp46
 70
     1
102
RTVSPost2010Prop47
 90
       50
102
RTVSPost2010PropOp47
 70
     1
102
RTVSPost2010Prop48
 90
       50
102
RTVSPost2010PropOp48
 70
     1
102
RTVSPost2010Prop49
280
     0
102
RTVSPost2010PropOp49
 70
     1
102
RTVSPost2010Prop50
 90
       50
102
RTVSPost2010PropOp50
 70
     1
102
RTVSPost2010Prop51ColorIndex
 90
      256
102
RTVSPost2010Prop51ColorRGB
 90
-16777216
102
RTVSPost2010PropOp51
 70
     0
102
RTVSPost2010Prop52
140
1.0
102
RTVSPost2010PropOp52
 70
     0
102
RTVSPost2010Prop53
 90
        2
102
RTVSPost2010PropOp53
 70
     1
102
RTVSPost2010Prop54
  1
strokes_ogs.tif
102
RTVSPost2010PropOp54
 70
     1
102
RTVSPost2010Prop55
280
     0
102
RTVSPost2010PropOp55
 70
     1
102
RTVSPost2010Prop56
140
1.0
102
RTVSPost2010PropOp56
 70
     1
102
RTVSPost2010Prop57
140
1.0
102
RTVSPost2010PropOp57
 70
     1
  0
XRECORD
  5
3A7
102
{ACAD_REACTORS
330
3A6
102
}
330
3A6
100
AcDbXrecord
280
     1
102
RTVSPropertyOp0
 70
     1
102
RTVSPropertyOp1
 70
     1
102
RTVSPropertyOp2
 70
     1
102
RTVSPropertyOp3
 70
     1
102
RTVSPropertyOp4
 70
     1
102
RTVSPropertyOp5
 70
     1
102
RTVSPropertyOp6
 70
     1
102
RTVSPropertyOp7
 70
     1
102
RTVSPropertyOp8
 70
     1
102
RTVSPropertyOp9
 70
     1
102
RTVSPropertyOp10
 70
     1
102
RTVSPropertyOp11
 70
     1
102
RTVSPropertyOp12
 70
     1
102
RTVSPropertyOp13
 70
     1
102
RTVSPropertyOp14
 70
     1
102
RTVSPropertyOp15
 70
     1
102
RTVSPropertyOp16
 70
     1
102
RTVSPropertyOp17
 70
     1
102
RTVSPropertyOp18
 70
     1
102
RTVSPropertyOp19
 70
     1
102
RTVSPropertyOp20
 70
     1
102
RTVSPropertyOp21
 70
     1
102
RTVSPropertyOp22
 70
     1
102
RTVSPropertyOp23
 70
     1
102
RTVSPropertyOp24
 70
     1
102
RTVSPropertyOp25
 70
     1
102
RTVSPropertyOp26
 70
     1
102
RTVSPropertyOp27
 70
     1
102
RTVSPropertyOp28
 70
     1
102
RTVSPropertyOp29
 70
     1
102
RTVSPropertyOp30
 70
     1
102
RTVSPropertyOp31
 70
     1
102
RTVSPropertyOp32
 70
     1
102
RTVSPropertyOp33
 70
     1
102
RTVSPropertyOp34
 70
     1
102
RTVSPropertyOp35
 70
     1
102
RTVSPropertyOp36
 70
     1
102
RTVSPropertyOp37
 70
     1
102
RTVSPropertyOp38
 70
     1
102
RTVSPropertyOp39
 70
     1
102
RTVSPropertyOp40
 70
     1
102
RTVSPropertyOp41
 70
     1
102
RTVSPropertyOp42
 70
     1
102
RTVSPropertyOp43
 70
     1
102
RTVSPropertyOp44
 70
     1
102
RTVSPropertyOp45
 70
     1
102
RTVSPropertyOp46
 70
     1
102
RTVSPropertyOp47
 70
     1
102
RTVSPropertyOp48
 70
     1
102
RTVSPropertyOp49
 70
     1
102
RTVSPropertyOp50
 70
     1
102
RTVSPropertyOp51
 70
     0
102
RTVSPropertyOp52
 70
     0
102
RTVSPropertyOp53
 70
     1
102
RTVSPropertyOp54
 70
     1
102
RTVSPropertyOp55
 70
     1
102
RTVSPropertyOp56
 70
     1
102
RTVSPropertyOp57
 70
     1
102
RTVSPost2010Prop28
280
     0
102
RTVSPost2010PropOp28
 70
     1
102
RTVSPost2010Prop29
280
     1
102
RTVSPost2010PropOp29
 70
     1
102
RTVSPost2010Prop30
280
     1
102
RTVSPost2010PropOp30
 70
     1
102
RTVSPost2010Prop31
280
     0
102
RTVSPost2010PropOp31
 70
     1
102
RTVSPost2010Prop32
280
     0
102
RTVSPost2010PropOp32
 70
     1
102
RTVSPost2010Prop33
280
     0
102
RTVSPost2010PropOp33
 70
     1
102
RTVSPost2010Prop34
280
     0
102
RTVSPost2010PropOp34
 70
     1
102
RTVSPost2010Prop35
280
     0
102
RTVSPost2010PropOp35
 70
     1
102
RTVSPost2010Prop36
280
     0
102
RTVSPost2010PropOp36
 70
     1
102
RTVSPost2010Prop37
 90
       50
102
RTVSPost2010PropOp37
 70
     1
102
RTVSPost2010Prop38
140
0.0
102
RTVSPost2010PropOp38
 70
     1
102
RTVSPost2010Prop39
140
1.0
102
RTVSPost2010PropOp39
 70
     1
102
RTVSPost2010Prop40
 90
        0
102
RTVSPost2010PropOp40
 70
     1
102
RTVSPost2010Prop41ColorIndex
 90
       18
102
RTVSPost2010Prop41ColorRGB
 90
        0
102
RTVSPost2010PropOp41
 70
     1
102
RTVSPost2010Prop42
 90
       50
102
RTVSPost2010PropOp42
 70
     1
102
RTVSPost2010Prop43
 90
        3
102
RTVSPost2010PropOp43
 70
     1
102
RTVSPost2010Prop44ColorIndex
 90
        5
102
RTVSPost2010Prop44ColorRGB
 90
      255
102
RTVSPost2010PropOp44
 70
     1
102
RTVSPost2010Prop45
280
     0
102
RTVSPost2010PropOp45
 70
     1
102
RTVSPost2010Prop46
 90
       50
102
RTVSPost2010PropOp46
 70
     1
102
RTVSPost2010Prop47
 90
       50
102
RTVSPost2010PropOp47
 70
     1
102
RTVSPost2010Prop48
 90
       50
102
RTVSPost2010PropOp48
 70
     1
102
RTVSPost2010Prop49
280
     0
102
RTVSPost2010PropOp49
 70
     1
102
RTVSPost2010Prop50
 90
       50
102
RTVSPost2010PropOp50
 70
     1
102
RTVSPost2010Prop51ColorIndex
 90
      256
102
RTVSPost2010Prop51ColorRGB
 90
-16777216
102
RTVSPost2010PropOp51
 70
     0
102
RTVSPost2010Prop52
140
1.0
102
RTVSPost2010PropOp52
 70
     0
102
RTVSPost2010Prop53
 90
        2
102
RTVSPost2010PropOp53
 70
     1
102
RTVSPost2010Prop54
  1
strokes_ogs.tif
102
RTVSPost2010PropOp54
 70
     1
102
RTVSPost2010Prop55
280
     0
102
RTVSPost2010PropOp55
 70
     1
102
RTVSPost2010Prop56
140
1.0
102
RTVSPost2010PropOp56
 70
     1
102
RTVSPost2010Prop57
140
1.0
102
RTVSPost2010PropOp57
 70
     1
  0
XRECORD
  5
3BB
102
{ACAD_REACTORS
330
3BA
102
}
330
3BA
100
AcDbXrecord
280
     1
102
RTVSPropertyOp0
 70
     0
102
RTVSPropertyOp1
 70
     0
102
RTVSPropertyOp2
 70
     0
102
RTVSPropertyOp3
 70
     0
102
RTVSPropertyOp4
 70
     0
102
RTVSPropertyOp5
 70
     0
102
RTVSPropertyOp6
 70
     0
102
RTVSPropertyOp7
 70
     0
102
RTVSPropertyOp8
 70
     0
102
RTVSPropertyOp9
 70
     0
102
RTVSPropertyOp10
 70
     0
102
RTVSPropertyOp11
 70
     0
102
RTVSPropertyOp12
 70
     0
102
RTVSPropertyOp13
 70
     0
102
RTVSPropertyOp14
 70
     2
102
RTVSPropertyOp15
 70
     0
102
RTVSPropertyOp16
 70
     0
102
RTVSPropertyOp17
 70
     0
102
RTVSPropertyOp18
 70
     0
102
RTVSPropertyOp19
 70
     0
102
RTVSPropertyOp20
 70
     0
102
RTVSPropertyOp21
 70
     0
102
RTVSPropertyOp22
 70
     0
102
RTVSPropertyOp23
 70
     0
102
RTVSPropertyOp24
 70
     0
102
RTVSPropertyOp25
 70
     0
102
RTVSPropertyOp26
 70
     0
102
RTVSPropertyOp27
 70
     0
102
RTVSPropertyOp28
 70
     0
102
RTVSPropertyOp29
 70
     0
102
RTVSPropertyOp30
 70
     0
102
RTVSPropertyOp31
 70
     0
102
RTVSPropertyOp32
 70
     0
102
RTVSPropertyOp33
 70
     0
102
RTVSPropertyOp34
 70
     0
102
RTVSPropertyOp35
 70
     0
102
RTVSPropertyOp36
 70
     0
102
RTVSPropertyOp37
 70
     0
102
RTVSPropertyOp38
 70
     0
102
RTVSPropertyOp39
 70
     0
102
RTVSPropertyOp40
 70
     0
102
RTVSPropertyOp41
 70
     0
102
RTVSPropertyOp42
 70
     0
102
RTVSPropertyOp43
 70
     0
102
RTVSPropertyOp44
 70
     0
102
RTVSPropertyOp45
 70
     0
102
RTVSPropertyOp46
 70
     0
102
RTVSPropertyOp47
 70
     0
102
RTVSPropertyOp48
 70
     0
102
RTVSPropertyOp49
 70
     0
102
RTVSPropertyOp50
 70
     0
102
RTVSPropertyOp51
 70
     0
102
RTVSPropertyOp52
 70
     0
102
RTVSPropertyOp53
 70
     0
102
RTVSPropertyOp54
 70
     0
102
RTVSPropertyOp55
 70
     0
102
RTVSPropertyOp56
 70
     0
102
RTVSPropertyOp57
 70
     0
102
RTVSPost2010Prop28
280
     0
102
RTVSPost2010PropOp28
 70
     0
102
RTVSPost2010Prop29
280
     1
102
RTVSPost2010PropOp29
 70
     0
102
RTVSPost2010Prop30
280
     1
102
RTVSPost2010PropOp30
 70
     0
102
RTVSPost2010Prop31
280
     0
102
RTVSPost2010PropOp31
 70
     0
102
RTVSPost2010Prop32
280
     0
102
RTVSPost2010PropOp32
 70
     0
102
RTVSPost2010Prop33
280
     0
102
RTVSPost2010PropOp33
 70
     0
102
RTVSPost2010Prop34
280
     0
102
RTVSPost2010PropOp34
 70
     0
102
RTVSPost2010Prop35
280
     0
102
RTVSPost2010PropOp35
 70
     0
102
RTVSPost2010Prop36
280
     0
102
RTVSPost2010PropOp36
 70
     0
102
RTVSPost2010Prop37
 90
       50
102
RTVSPost2010PropOp37
 70
     0
102
RTVSPost2010Prop38
140
0.0
102
RTVSPost2010PropOp38
 70
     0
102
RTVSPost2010Prop39
140
1.0
102
RTVSPost2010PropOp39
 70
     0
102
RTVSPost2010Prop40
 90
        0
102
RTVSPost2010PropOp40
 70
     0
102
RTVSPost2010Prop41ColorIndex
 90
       18
102
RTVSPost2010Prop41ColorRGB
 90
        0
102
RTVSPost2010PropOp41
 70
     0
102
RTVSPost2010Prop42
 90
       50
102
RTVSPost2010PropOp42
 70
     0
102
RTVSPost2010Prop43
 90
        3
102
RTVSPost2010PropOp43
 70
     0
102
RTVSPost2010Prop44ColorIndex
 90
        5
102
RTVSPost2010Prop44ColorRGB
 90
      255
102
RTVSPost2010PropOp44
 70
     0
102
RTVSPost2010Prop45
280
     0
102
RTVSPost2010PropOp45
 70
     0
102
RTVSPost2010Prop46
 90
       50
102
RTVSPost2010PropOp46
 70
     0
102
RTVSPost2010Prop47
 90
       50
102
RTVSPost2010PropOp47
 70
     0
102
RTVSPost2010Prop48
 90
       50
102
RTVSPost2010PropOp48
 70
     0
102
RTVSPost2010Prop49
280
     0
102
RTVSPost2010PropOp49
 70
     0
102
RTVSPost2010Prop50
 90
       50
102
RTVSPost2010PropOp50
 70
     0
102
RTVSPost2010Prop51ColorIndex
 90
      256
102
RTVSPost2010Prop51ColorRGB
 90
-16777216
102
RTVSPost2010PropOp51
 70
     0
102
RTVSPost2010Prop52
140
1.0
102
RTVSPost2010PropOp52
 70
     0
102
RTVSPost2010Prop53
 90
        2
102
RTVSPost2010PropOp53
 70
     0
102
RTVSPost2010Prop54
  1
strokes_ogs.tif
102
RTVSPost2010PropOp54
 70
     0
102
RTVSPost2010Prop55
280
     0
102
RTVSPost2010PropOp55
 70
     0
102
RTVSPost2010Prop56
140
1.0
102
RTVSPost2010PropOp56
 70
     0
102
RTVSPost2010Prop57
140
1.0
102
RTVSPost2010PropOp57
 70
     0
  0
XRECORD
  5
3B5
102
{ACAD_REACTORS
330
3B4
102
}
330
3B4
100
AcDbXrecord
280
     1
102
RTVSPropertyOp0
 70
     1
102
RTVSPropertyOp1
 70
     1
102
RTVSPropertyOp2
 70
     1
102
RTVSPropertyOp3
 70
     1
102
RTVSPropertyOp4
 70
     1
102
RTVSPropertyOp5
 70
     1
102
RTVSPropertyOp6
 70
     1
102
RTVSPropertyOp7
 70
     1
102
RTVSPropertyOp8
 70
     1
102
RTVSPropertyOp9
 70
     1
102
RTVSPropertyOp10
 70
     1
102
RTVSPropertyOp11
 70
     1
102
RTVSPropertyOp12
 70
     1
102
RTVSPropertyOp13
 70
     1
102
RTVSPropertyOp14
 70
     1
102
RTVSPropertyOp15
 70
     1
102
RTVSPropertyOp16
 70
     1
102
RTVSPropertyOp17
 70
     1
102
RTVSPropertyOp18
 70
     1
102
RTVSPropertyOp19
 70
     1
102
RTVSPropertyOp20
 70
     1
102
RTVSPropertyOp21
 70
     1
102
RTVSPropertyOp22
 70
     1
102
RTVSPropertyOp23
 70
     1
102
RTVSPropertyOp24
 70
     1
102
RTVSPropertyOp25
 70
     1
102
RTVSPropertyOp26
 70
     1
102
RTVSPropertyOp27
 70
     1
102
RTVSPropertyOp28
 70
     1
102
RTVSPropertyOp29
 70
     1
102
RTVSPropertyOp30
 70
     1
102
RTVSPropertyOp31
 70
     1
102
RTVSPropertyOp32
 70
     1
102
RTVSPropertyOp33
 70
     1
102
RTVSPropertyOp34
 70
     1
102
RTVSPropertyOp35
 70
     1
102
RTVSPropertyOp36
 70
     1
102
RTVSPropertyOp37
 70
     1
102
RTVSPropertyOp38
 70
     1
102
RTVSPropertyOp39
 70
     1
102
RTVSPropertyOp40
 70
     1
102
RTVSPropertyOp41
 70
     1
102
RTVSPropertyOp42
 70
     1
102
RTVSPropertyOp43
 70
     1
102
RTVSPropertyOp44
 70
     1
102
RTVSPropertyOp45
 70
     1
102
RTVSPropertyOp46
 70
     1
102
RTVSPropertyOp47
 70
     1
102
RTVSPropertyOp48
 70
     1
102
RTVSPropertyOp49
 70
     1
102
RTVSPropertyOp50
 70
     1
102
RTVSPropertyOp51
 70
     0
102
RTVSPropertyOp52
 70
     0
102
RTVSPropertyOp53
 70
     1
102
RTVSPropertyOp54
 70
     1
102
RTVSPropertyOp55
 70
     1
102
RTVSPropertyOp56
 70
     1
102
RTVSPropertyOp57
 70
     1
102
RTVSPost2010Prop28
280
     0
102
RTVSPost2010PropOp28
 70
     1
102
RTVSPost2010Prop29
280
     1
102
RTVSPost2010PropOp29
 70
     1
102
RTVSPost2010Prop30
280
     1
102
RTVSPost2010PropOp30
 70
     1
102
RTVSPost2010Prop31
280
     0
102
RTVSPost2010PropOp31
 70
     1
102
RTVSPost2010Prop32
280
     0
102
RTVSPost2010PropOp32
 70
     1
102
RTVSPost2010Prop33
280
     0
102
RTVSPost2010PropOp33
 70
     1
102
RTVSPost2010Prop34
280
     0
102
RTVSPost2010PropOp34
 70
     1
102
RTVSPost2010Prop35
280
     0
102
RTVSPost2010PropOp35
 70
     1
102
RTVSPost2010Prop36
280
     0
102
RTVSPost2010PropOp36
 70
     1
102
RTVSPost2010Prop37
 90
       50
102
RTVSPost2010PropOp37
 70
     1
102
RTVSPost2010Prop38
140
0.0
102
RTVSPost2010PropOp38
 70
     1
102
RTVSPost2010Prop39
140
1.0
102
RTVSPost2010PropOp39
 70
     1
102
RTVSPost2010Prop40
 90
        0
102
RTVSPost2010PropOp40
 70
     1
102
RTVSPost2010Prop41ColorIndex
 90
       18
102
RTVSPost2010Prop41ColorRGB
 90
        0
102
RTVSPost2010PropOp41
 70
     1
102
RTVSPost2010Prop42
 90
       50
102
RTVSPost2010PropOp42
 70
     1
102
RTVSPost2010Prop43
 90
        3
102
RTVSPost2010PropOp43
 70
     1
102
RTVSPost2010Prop44ColorIndex
 90
        5
102
RTVSPost2010Prop44ColorRGB
 90
      255
102
RTVSPost2010PropOp44
 70
     1
102
RTVSPost2010Prop45
280
     0
102
RTVSPost2010PropOp45
 70
     1
102
RTVSPost2010Prop46
 90
       50
102
RTVSPost2010PropOp46
 70
     1
102
RTVSPost2010Prop47
 90
       50
102
RTVSPost2010PropOp47
 70
     1
102
RTVSPost2010Prop48
 90
       50
102
RTVSPost2010PropOp48
 70
     1
102
RTVSPost2010Prop49
280
     0
102
RTVSPost2010PropOp49
 70
     1
102
RTVSPost2010Prop50
 90
       50
102
RTVSPost2010PropOp50
 70
     1
102
RTVSPost2010Prop51ColorIndex
 90
      256
102
RTVSPost2010Prop51ColorRGB
 90
-16777216
102
RTVSPost2010PropOp51
 70
     0
102
RTVSPost2010Prop52
140
1.0
102
RTVSPost2010PropOp52
 70
     0
102
RTVSPost2010Prop53
 90
        2
102
RTVSPost2010PropOp53
 70
     1
102
RTVSPost2010Prop54
  1
strokes_ogs.tif
102
RTVSPost2010PropOp54
 70
     1
102
RTVSPost2010Prop55
280
     0
102
RTVSPost2010PropOp55
 70
     1
102
RTVSPost2010Prop56
140
1.0
102
RTVSPost2010PropOp56
 70
     1
102
RTVSPost2010Prop57
140
1.0
102
RTVSPost2010PropOp57
 70
     1
  0
XRECORD
  5
3BD
102
{ACAD_REACTORS
330
3BC
102
}
330
3BC
100
AcDbXrecord
280
     1
102
RTVSPropertyOp0
 70
     0
102
RTVSPropertyOp1
 70
     0
102
RTVSPropertyOp2
 70
     0
102
RTVSPropertyOp3
 70
     0
102
RTVSPropertyOp4
 70
     0
102
RTVSPropertyOp5
 70
     0
102
RTVSPropertyOp6
 70
     0
102
RTVSPropertyOp7
 70
     0
102
RTVSPropertyOp8
 70
     0
102
RTVSPropertyOp9
 70
     0
102
RTVSPropertyOp10
 70
     0
102
RTVSPropertyOp11
 70
     0
102
RTVSPropertyOp12
 70
     0
102
RTVSPropertyOp13
 70
     0
102
RTVSPropertyOp14
 70
     2
102
RTVSPropertyOp15
 70
     0
102
RTVSPropertyOp16
 70
     0
102
RTVSPropertyOp17
 70
     0
102
RTVSPropertyOp18
 70
     0
102
RTVSPropertyOp19
 70
     0
102
RTVSPropertyOp20
 70
     0
102
RTVSPropertyOp21
 70
     0
102
RTVSPropertyOp22
 70
     0
102
RTVSPropertyOp23
 70
     0
102
RTVSPropertyOp24
 70
     0
102
RTVSPropertyOp25
 70
     0
102
RTVSPropertyOp26
 70
     0
102
RTVSPropertyOp27
 70
     0
102
RTVSPropertyOp28
 70
     0
102
RTVSPropertyOp29
 70
     0
102
RTVSPropertyOp30
 70
     0
102
RTVSPropertyOp31
 70
     0
102
RTVSPropertyOp32
 70
     0
102
RTVSPropertyOp33
 70
     0
102
RTVSPropertyOp34
 70
     0
102
RTVSPropertyOp35
 70
     0
102
RTVSPropertyOp36
 70
     0
102
RTVSPropertyOp37
 70
     0
102
RTVSPropertyOp38
 70
     0
102
RTVSPropertyOp39
 70
     0
102
RTVSPropertyOp40
 70
     0
102
RTVSPropertyOp41
 70
     0
102
RTVSPropertyOp42
 70
     0
102
RTVSPropertyOp43
 70
     0
102
RTVSPropertyOp44
 70
     0
102
RTVSPropertyOp45
 70
     0
102
RTVSPropertyOp46
 70
     0
102
RTVSPropertyOp47
 70
     0
102
RTVSPropertyOp48
 70
     0
102
RTVSPropertyOp49
 70
     0
102
RTVSPropertyOp50
 70
     0
102
RTVSPropertyOp51
 70
     0
102
RTVSPropertyOp52
 70
     0
102
RTVSPropertyOp53
 70
     0
102
RTVSPropertyOp54
 70
     0
102
RTVSPropertyOp55
 70
     0
102
RTVSPropertyOp56
 70
     0
102
RTVSPropertyOp57
 70
     0
102
RTVSPost2010Prop28
280
     0
102
RTVSPost2010PropOp28
 70
     0
102
RTVSPost2010Prop29
280
     1
102
RTVSPost2010PropOp29
 70
     0
102
RTVSPost2010Prop30
280
     1
102
RTVSPost2010PropOp30
 70
     0
102
RTVSPost2010Prop31
280
     0
102
RTVSPost2010PropOp31
 70
     0
102
RTVSPost2010Prop32
280
     0
102
RTVSPost2010PropOp32
 70
     0
102
RTVSPost2010Prop33
280
     0
102
RTVSPost2010PropOp33
 70
     0
102
RTVSPost2010Prop34
280
     0
102
RTVSPost2010PropOp34
 70
     0
102
RTVSPost2010Prop35
280
     0
102
RTVSPost2010PropOp35
 70
     0
102
RTVSPost2010Prop36
280
     0
102
RTVSPost2010PropOp36
 70
     0
102
RTVSPost2010Prop37
 90
       50
102
RTVSPost2010PropOp37
 70
     0
102
RTVSPost2010Prop38
140
0.0
102
RTVSPost2010PropOp38
 70
     0
102
RTVSPost2010Prop39
140
1.0
102
RTVSPost2010PropOp39
 70
     0
102
RTVSPost2010Prop40
 90
        0
102
RTVSPost2010PropOp40
 70
     0
102
RTVSPost2010Prop41ColorIndex
 90
       18
102
RTVSPost2010Prop41ColorRGB
 90
        0
102
RTVSPost2010PropOp41
 70
     0
102
RTVSPost2010Prop42
 90
       50
102
RTVSPost2010PropOp42
 70
     0
102
RTVSPost2010Prop43
 90
        3
102
RTVSPost2010PropOp43
 70
     0
102
RTVSPost2010Prop44ColorIndex
 90
        5
102
RTVSPost2010Prop44ColorRGB
 90
      255
102
RTVSPost2010PropOp44
 70
     0
102
RTVSPost2010Prop45
280
     0
102
RTVSPost2010PropOp45
 70
     0
102
RTVSPost2010Prop46
 90
       50
102
RTVSPost2010PropOp46
 70
     0
102
RTVSPost2010Prop47
 90
       50
102
RTVSPost2010PropOp47
 70
     0
102
RTVSPost2010Prop48
 90
       50
102
RTVSPost2010PropOp48
 70
     0
102
RTVSPost2010Prop49
280
     0
102
RTVSPost2010PropOp49
 70
     0
102
RTVSPost2010Prop50
 90
       50
102
RTVSPost2010PropOp50
 70
     0
102
RTVSPost2010Prop51ColorIndex
 90
      256
102
RTVSPost2010Prop51ColorRGB
 90
-16777216
102
RTVSPost2010PropOp51
 70
     0
102
RTVSPost2010Prop52
140
1.0
102
RTVSPost2010PropOp52
 70
     0
102
RTVSPost2010Prop53
 90
        2
102
RTVSPost2010PropOp53
 70
     0
102
RTVSPost2010Prop54
  1
strokes_ogs.tif
102
RTVSPost2010PropOp54
 70
     0
102
RTVSPost2010Prop55
280
     0
102
RTVSPost2010PropOp55
 70
     0
102
RTVSPost2010Prop56
140
1.0
102
RTVSPost2010PropOp56
 70
     0
102
RTVSPost2010Prop57
140
1.0
102
RTVSPost2010PropOp57
 70
     0
  0
XRECORD
  5
3AB
102
{ACAD_REACTORS
330
3AA
102
}
330
3AA
100
AcDbXrecord
280
     1
102
RTVSPropertyOp0
 70
     1
102
RTVSPropertyOp1
 70
     1
102
RTVSPropertyOp2
 70
     1
102
RTVSPropertyOp3
 70
     1
102
RTVSPropertyOp4
 70
     1
102
RTVSPropertyOp5
 70
     1
102
RTVSPropertyOp6
 70
     1
102
RTVSPropertyOp7
 70
     1
102
RTVSPropertyOp8
 70
     1
102
RTVSPropertyOp9
 70
     1
102
RTVSPropertyOp10
 70
     1
102
RTVSPropertyOp11
 70
     1
102
RTVSPropertyOp12
 70
     1
102
RTVSPropertyOp13
 70
     1
102
RTVSPropertyOp14
 70
     1
102
RTVSPropertyOp15
 70
     1
102
RTVSPropertyOp16
 70
     1
102
RTVSPropertyOp17
 70
     1
102
RTVSPropertyOp18
 70
     1
102
RTVSPropertyOp19
 70
     1
102
RTVSPropertyOp20
 70
     1
102
RTVSPropertyOp21
 70
     1
102
RTVSPropertyOp22
 70
     1
102
RTVSPropertyOp23
 70
     1
102
RTVSPropertyOp24
 70
     1
102
RTVSPropertyOp25
 70
     1
102
RTVSPropertyOp26
 70
     1
102
RTVSPropertyOp27
 70
     1
102
RTVSPropertyOp28
 70
     1
102
RTVSPropertyOp29
 70
     1
102
RTVSPropertyOp30
 70
     1
102
RTVSPropertyOp31
 70
     1
102
RTVSPropertyOp32
 70
     1
102
RTVSPropertyOp33
 70
     1
102
RTVSPropertyOp34
 70
     1
102
RTVSPropertyOp35
 70
     1
102
RTVSPropertyOp36
 70
     1
102
RTVSPropertyOp37
 70
     1
102
RTVSPropertyOp38
 70
     1
102
RTVSPropertyOp39
 70
     1
102
RTVSPropertyOp40
 70
     1
102
RTVSPropertyOp41
 70
     1
102
RTVSPropertyOp42
 70
     1
102
RTVSPropertyOp43
 70
     1
102
RTVSPropertyOp44
 70
     1
102
RTVSPropertyOp45
 70
     1
102
RTVSPropertyOp46
 70
     1
102
RTVSPropertyOp47
 70
     1
102
RTVSPropertyOp48
 70
     1
102
RTVSPropertyOp49
 70
     1
102
RTVSPropertyOp50
 70
     1
102
RTVSPropertyOp51
 70
     0
102
RTVSPropertyOp52
 70
     0
102
RTVSPropertyOp53
 70
     1
102
RTVSPropertyOp54
 70
     1
102
RTVSPropertyOp55
 70
     1
102
RTVSPropertyOp56
 70
     1
102
RTVSPropertyOp57
 70
     1
102
RTVSPost2010Prop28
280
     0
102
RTVSPost2010PropOp28
 70
     1
102
RTVSPost2010Prop29
280
     1
102
RTVSPost2010PropOp29
 70
     1
102
RTVSPost2010Prop30
280
     1
102
RTVSPost2010PropOp30
 70
     1
102
RTVSPost2010Prop31
280
     0
102
RTVSPost2010PropOp31
 70
     1
102
RTVSPost2010Prop32
280
     0
102
RTVSPost2010PropOp32
 70
     1
102
RTVSPost2010Prop33
280
     0
102
RTVSPost2010PropOp33
 70
     1
102
RTVSPost2010Prop34
280
     0
102
RTVSPost2010PropOp34
 70
     1
102
RTVSPost2010Prop35
280
     0
102
RTVSPost2010PropOp35
 70
     1
102
RTVSPost2010Prop36
280
     0
102
RTVSPost2010PropOp36
 70
     1
102
RTVSPost2010Prop37
 90
       50
102
RTVSPost2010PropOp37
 70
     1
102
RTVSPost2010Prop38
140
0.0
102
RTVSPost2010PropOp38
 70
     1
102
RTVSPost2010Prop39
140
1.0
102
RTVSPost2010PropOp39
 70
     1
102
RTVSPost2010Prop40
 90
        0
102
RTVSPost2010PropOp40
 70
     1
102
RTVSPost2010Prop41ColorIndex
 90
       18
102
RTVSPost2010Prop41ColorRGB
 90
        0
102
RTVSPost2010PropOp41
 70
     1
102
RTVSPost2010Prop42
 90
       50
102
RTVSPost2010PropOp42
 70
     1
102
RTVSPost2010Prop43
 90
        3
102
RTVSPost2010PropOp43
 70
     1
102
RTVSPost2010Prop44ColorIndex
 90
        5
102
RTVSPost2010Prop44ColorRGB
 90
      255
102
RTVSPost2010PropOp44
 70
     1
102
RTVSPost2010Prop45
280
     0
102
RTVSPost2010PropOp45
 70
     1
102
RTVSPost2010Prop46
 90
       50
102
RTVSPost2010PropOp46
 70
     1
102
RTVSPost2010Prop47
 90
       50
102
RTVSPost2010PropOp47
 70
     1
102
RTVSPost2010Prop48
 90
       50
102
RTVSPost2010PropOp48
 70
     1
102
RTVSPost2010Prop49
280
     0
102
RTVSPost2010PropOp49
 70
     1
102
RTVSPost2010Prop50
 90
       50
102
RTVSPost2010PropOp50
 70
     1
102
RTVSPost2010Prop51ColorIndex
 90
      256
102
RTVSPost2010Prop51ColorRGB
 90
-16777216
102
RTVSPost2010PropOp51
 70
     0
102
RTVSPost2010Prop52
140
1.0
102
RTVSPost2010PropOp52
 70
     0
102
RTVSPost2010Prop53
 90
        2
102
RTVSPost2010PropOp53
 70
     1
102
RTVSPost2010Prop54
  1
strokes_ogs.tif
102
RTVSPost2010PropOp54
 70
     1
102
RTVSPost2010Prop55
280
     0
102
RTVSPost2010PropOp55
 70
     1
102
RTVSPost2010Prop56
140
1.0
102
RTVSPost2010PropOp56
 70
     1
102
RTVSPost2010Prop57
140
1.0
102
RTVSPost2010PropOp57
 70
     1
  0
XRECORD
  5
3C9
102
{ACAD_REACTORS
330
3C8
102
}
330
3C8
100
AcDbXrecord
280
     1
102
RTVSPropertyOp0
 70
     1
102
RTVSPropertyOp1
 70
     1
102
RTVSPropertyOp2
 70
     1
102
RTVSPropertyOp3
 70
     1
102
RTVSPropertyOp4
 70
     1
102
RTVSPropertyOp5
 70
     1
102
RTVSPropertyOp6
 70
     1
102
RTVSPropertyOp7
 70
     1
102
RTVSPropertyOp8
 70
     1
102
RTVSPropertyOp9
 70
     1
102
RTVSPropertyOp10
 70
     1
102
RTVSPropertyOp11
 70
     1
102
RTVSPropertyOp12
 70
     1
102
RTVSPropertyOp13
 70
     1
102
RTVSPropertyOp14
 70
     1
102
RTVSPropertyOp15
 70
     1
102
RTVSPropertyOp16
 70
     1
102
RTVSPropertyOp17
 70
     1
102
RTVSPropertyOp18
 70
     1
102
RTVSPropertyOp19
 70
     1
102
RTVSPropertyOp20
 70
     1
102
RTVSPropertyOp21
 70
     1
102
RTVSPropertyOp22
 70
     1
102
RTVSPropertyOp23
 70
     1
102
RTVSPropertyOp24
 70
     1
102
RTVSPropertyOp25
 70
     1
102
RTVSPropertyOp26
 70
     1
102
RTVSPropertyOp27
 70
     1
102
RTVSPropertyOp28
 70
     1
102
RTVSPropertyOp29
 70
     1
102
RTVSPropertyOp30
 70
     1
102
RTVSPropertyOp31
 70
     1
102
RTVSPropertyOp32
 70
     1
102
RTVSPropertyOp33
 70
     1
102
RTVSPropertyOp34
 70
     1
102
RTVSPropertyOp35
 70
     1
102
RTVSPropertyOp36
 70
     1
102
RTVSPropertyOp37
 70
     1
102
RTVSPropertyOp38
 70
     1
102
RTVSPropertyOp39
 70
     1
102
RTVSPropertyOp40
 70
     1
102
RTVSPropertyOp41
 70
     1
102
RTVSPropertyOp42
 70
     1
102
RTVSPropertyOp43
 70
     1
102
RTVSPropertyOp44
 70
     1
102
RTVSPropertyOp45
 70
     1
102
RTVSPropertyOp46
 70
     1
102
RTVSPropertyOp47
 70
     1
102
RTVSPropertyOp48
 70
     1
102
RTVSPropertyOp49
 70
     1
102
RTVSPropertyOp50
 70
     1
102
RTVSPropertyOp51
 70
     0
102
RTVSPropertyOp52
 70
     0
102
RTVSPropertyOp53
 70
     1
102
RTVSPropertyOp54
 70
     1
102
RTVSPropertyOp55
 70
     1
102
RTVSPropertyOp56
 70
     1
102
RTVSPropertyOp57
 70
     1
102
RTVSPost2010Prop28
280
     0
102
RTVSPost2010PropOp28
 70
     1
102
RTVSPost2010Prop29
280
     1
102
RTVSPost2010PropOp29
 70
     1
102
RTVSPost2010Prop30
280
     1
102
RTVSPost2010PropOp30
 70
     1
102
RTVSPost2010Prop31
280
     0
102
RTVSPost2010PropOp31
 70
     1
102
RTVSPost2010Prop32
280
     0
102
RTVSPost2010PropOp32
 70
     1
102
RTVSPost2010Prop33
280
     0
102
RTVSPost2010PropOp33
 70
     1
102
RTVSPost2010Prop34
280
     0
102
RTVSPost2010PropOp34
 70
     1
102
RTVSPost2010Prop35
280
     0
102
RTVSPost2010PropOp35
 70
     1
102
RTVSPost2010Prop36
280
     0
102
RTVSPost2010PropOp36
 70
     1
102
RTVSPost2010Prop37
 90
       50
102
RTVSPost2010PropOp37
 70
     1
102
RTVSPost2010Prop38
140
0.0
102
RTVSPost2010PropOp38
 70
     1
102
RTVSPost2010Prop39
140
1.0
102
RTVSPost2010PropOp39
 70
     1
102
RTVSPost2010Prop40
 90
        0
102
RTVSPost2010PropOp40
 70
     1
102
RTVSPost2010Prop41ColorIndex
 90
       18
102
RTVSPost2010Prop41ColorRGB
 90
        0
102
RTVSPost2010PropOp41
 70
     1
102
RTVSPost2010Prop42
 90
       50
102
RTVSPost2010PropOp42
 70
     1
102
RTVSPost2010Prop43
 90
        3
102
RTVSPost2010PropOp43
 70
     1
102
RTVSPost2010Prop44ColorIndex
 90
        5
102
RTVSPost2010Prop44ColorRGB
 90
      255
102
RTVSPost2010PropOp44
 70
     1
102
RTVSPost2010Prop45
280
     0
102
RTVSPost2010PropOp45
 70
     1
102
RTVSPost2010Prop46
 90
       50
102
RTVSPost2010PropOp46
 70
     1
102
RTVSPost2010Prop47
 90
       50
102
RTVSPost2010PropOp47
 70
     1
102
RTVSPost2010Prop48
 90
       50
102
RTVSPost2010PropOp48
 70
     1
102
RTVSPost2010Prop49
280
     0
102
RTVSPost2010PropOp49
 70
     1
102
RTVSPost2010Prop50
 90
       50
102
RTVSPost2010PropOp50
 70
     1
102
RTVSPost2010Prop51ColorIndex
 90
      256
102
RTVSPost2010Prop51ColorRGB
 90
-16777216
102
RTVSPost2010PropOp51
 70
     0
102
RTVSPost2010Prop52
140
1.0
102
RTVSPost2010PropOp52
 70
     0
102
RTVSPost2010Prop53
 90
        2
102
RTVSPost2010PropOp53
 70
     1
102
RTVSPost2010Prop54
  1
strokes_ogs.tif
102
RTVSPost2010PropOp54
 70
     1
102
RTVSPost2010Prop55
280
     0
102
RTVSPost2010PropOp55
 70
     1
102
RTVSPost2010Prop56
140
1.0
102
RTVSPost2010PropOp56
 70
     1
102
RTVSPost2010Prop57
140
1.0
102
RTVSPost2010PropOp57
 70
     1
  0
XRECORD
  5
3C7
102
{ACAD_REACTORS
330
3C6
102
}
330
3C6
100
AcDbXrecord
280
     1
102
RTVSPropertyOp0
 70
     1
102
RTVSPropertyOp1
 70
     1
102
RTVSPropertyOp2
 70
     1
102
RTVSPropertyOp3
 70
     1
102
RTVSPropertyOp4
 70
     1
102
RTVSPropertyOp5
 70
     1
102
RTVSPropertyOp6
 70
     1
102
RTVSPropertyOp7
 70
     1
102
RTVSPropertyOp8
 70
     1
102
RTVSPropertyOp9
 70
     1
102
RTVSPropertyOp10
 70
     1
102
RTVSPropertyOp11
 70
     1
102
RTVSPropertyOp12
 70
     1
102
RTVSPropertyOp13
 70
     1
102
RTVSPropertyOp14
 70
     1
102
RTVSPropertyOp15
 70
     1
102
RTVSPropertyOp16
 70
     1
102
RTVSPropertyOp17
 70
     1
102
RTVSPropertyOp18
 70
     1
102
RTVSPropertyOp19
 70
     1
102
RTVSPropertyOp20
 70
     1
102
RTVSPropertyOp21
 70
     1
102
RTVSPropertyOp22
 70
     1
102
RTVSPropertyOp23
 70
     1
102
RTVSPropertyOp24
 70
     1
102
RTVSPropertyOp25
 70
     1
102
RTVSPropertyOp26
 70
     1
102
RTVSPropertyOp27
 70
     1
102
RTVSPropertyOp28
 70
     1
102
RTVSPropertyOp29
 70
     1
102
RTVSPropertyOp30
 70
     1
102
RTVSPropertyOp31
 70
     1
102
RTVSPropertyOp32
 70
     1
102
RTVSPropertyOp33
 70
     1
102
RTVSPropertyOp34
 70
     1
102
RTVSPropertyOp35
 70
     1
102
RTVSPropertyOp36
 70
     1
102
RTVSPropertyOp37
 70
     1
102
RTVSPropertyOp38
 70
     1
102
RTVSPropertyOp39
 70
     1
102
RTVSPropertyOp40
 70
     1
102
RTVSPropertyOp41
 70
     1
102
RTVSPropertyOp42
 70
     1
102
RTVSPropertyOp43
 70
     1
102
RTVSPropertyOp44
 70
     1
102
RTVSPropertyOp45
 70
     1
102
RTVSPropertyOp46
 70
     1
102
RTVSPropertyOp47
 70
     1
102
RTVSPropertyOp48
 70
     1
102
RTVSPropertyOp49
 70
     1
102
RTVSPropertyOp50
 70
     1
102
RTVSPropertyOp51
 70
     0
102
RTVSPropertyOp52
 70
     0
102
RTVSPropertyOp53
 70
     1
102
RTVSPropertyOp54
 70
     1
102
RTVSPropertyOp55
 70
     1
102
RTVSPropertyOp56
 70
     1
102
RTVSPropertyOp57
 70
     1
102
RTVSPost2010Prop28
280
     0
102
RTVSPost2010PropOp28
 70
     1
102
RTVSPost2010Prop29
280
     1
102
RTVSPost2010PropOp29
 70
     1
102
RTVSPost2010Prop30
280
     1
102
RTVSPost2010PropOp30
 70
     1
102
RTVSPost2010Prop31
280
     0
102
RTVSPost2010PropOp31
 70
     1
102
RTVSPost2010Prop32
280
     0
102
RTVSPost2010PropOp32
 70
     1
102
RTVSPost2010Prop33
280
     0
102
RTVSPost2010PropOp33
 70
     1
102
RTVSPost2010Prop34
280
     0
102
RTVSPost2010PropOp34
 70
     1
102
RTVSPost2010Prop35
280
     0
102
RTVSPost2010PropOp35
 70
     1
102
RTVSPost2010Prop36
280
     0
102
RTVSPost2010PropOp36
 70
     1
102
RTVSPost2010Prop37
 90
       50
102
RTVSPost2010PropOp37
 70
     1
102
RTVSPost2010Prop38
140
0.0
102
RTVSPost2010PropOp38
 70
     1
102
RTVSPost2010Prop39
140
1.0
102
RTVSPost2010PropOp39
 70
     1
102
RTVSPost2010Prop40
 90
        0
102
RTVSPost2010PropOp40
 70
     1
102
RTVSPost2010Prop41ColorIndex
 90
       18
102
RTVSPost2010Prop41ColorRGB
 90
        0
102
RTVSPost2010PropOp41
 70
     1
102
RTVSPost2010Prop42
 90
       50
102
RTVSPost2010PropOp42
 70
     1
102
RTVSPost2010Prop43
 90
        3
102
RTVSPost2010PropOp43
 70
     1
102
RTVSPost2010Prop44ColorIndex
 90
        5
102
RTVSPost2010Prop44ColorRGB
 90
      255
102
RTVSPost2010PropOp44
 70
     1
102
RTVSPost2010Prop45
280
     0
102
RTVSPost2010PropOp45
 70
     1
102
RTVSPost2010Prop46
 90
       50
102
RTVSPost2010PropOp46
 70
     1
102
RTVSPost2010Prop47
 90
       50
102
RTVSPost2010PropOp47
 70
     1
102
RTVSPost2010Prop48
 90
       50
102
RTVSPost2010PropOp48
 70
     1
102
RTVSPost2010Prop49
280
     0
102
RTVSPost2010PropOp49
 70
     1
102
RTVSPost2010Prop50
 90
       50
102
RTVSPost2010PropOp50
 70
     1
102
RTVSPost2010Prop51ColorIndex
 90
      256
102
RTVSPost2010Prop51ColorRGB
 90
-16777216
102
RTVSPost2010PropOp51
 70
     0
102
RTVSPost2010Prop52
140
1.0
102
RTVSPost2010PropOp52
 70
     0
102
RTVSPost2010Prop53
 90
        2
102
RTVSPost2010PropOp53
 70
     1
102
RTVSPost2010Prop54
  1
strokes_ogs.tif
102
RTVSPost2010PropOp54
 70
     1
102
RTVSPost2010Prop55
280
     0
102
RTVSPost2010PropOp55
 70
     1
102
RTVSPost2010Prop56
140
1.0
102
RTVSPost2010PropOp56
 70
     1
102
RTVSPost2010Prop57
140
1.0
102
RTVSPost2010PropOp57
 70
     1
  0
XRECORD
  5
3C1
102
{ACAD_REACTORS
330
3C0
102
}
330
3C0
100
AcDbXrecord
280
     1
102
RTVSPropertyOp0
 70
     1
102
RTVSPropertyOp1
 70
     1
102
RTVSPropertyOp2
 70
     1
102
RTVSPropertyOp3
 70
     1
102
RTVSPropertyOp4
 70
     1
102
RTVSPropertyOp5
 70
     1
102
RTVSPropertyOp6
 70
     1
102
RTVSPropertyOp7
 70
     1
102
RTVSPropertyOp8
 70
     1
102
RTVSPropertyOp9
 70
     1
102
RTVSPropertyOp10
 70
     1
102
RTVSPropertyOp11
 70
     1
102
RTVSPropertyOp12
 70
     1
102
RTVSPropertyOp13
 70
     1
102
RTVSPropertyOp14
 70
     1
102
RTVSPropertyOp15
 70
     1
102
RTVSPropertyOp16
 70
     1
102
RTVSPropertyOp17
 70
     1
102
RTVSPropertyOp18
 70
     1
102
RTVSPropertyOp19
 70
     1
102
RTVSPropertyOp20
 70
     1
102
RTVSPropertyOp21
 70
     1
102
RTVSPropertyOp22
 70
     1
102
RTVSPropertyOp23
 70
     1
102
RTVSPropertyOp24
 70
     1
102
RTVSPropertyOp25
 70
     1
102
RTVSPropertyOp26
 70
     1
102
RTVSPropertyOp27
 70
     1
102
RTVSPropertyOp28
 70
     1
102
RTVSPropertyOp29
 70
     1
102
RTVSPropertyOp30
 70
     1
102
RTVSPropertyOp31
 70
     1
102
RTVSPropertyOp32
 70
     1
102
RTVSPropertyOp33
 70
     1
102
RTVSPropertyOp34
 70
     1
102
RTVSPropertyOp35
 70
     1
102
RTVSPropertyOp36
 70
     1
102
RTVSPropertyOp37
 70
     1
102
RTVSPropertyOp38
 70
     1
102
RTVSPropertyOp39
 70
     1
102
RTVSPropertyOp40
 70
     1
102
RTVSPropertyOp41
 70
     1
102
RTVSPropertyOp42
 70
     1
102
RTVSPropertyOp43
 70
     1
102
RTVSPropertyOp44
 70
     1
102
RTVSPropertyOp45
 70
     1
102
RTVSPropertyOp46
 70
     1
102
RTVSPropertyOp47
 70
     1
102
RTVSPropertyOp48
 70
     1
102
RTVSPropertyOp49
 70
     1
102
RTVSPropertyOp50
 70
     1
102
RTVSPropertyOp51
 70
     0
102
RTVSPropertyOp52
 70
     0
102
RTVSPropertyOp53
 70
     1
102
RTVSPropertyOp54
 70
     1
102
RTVSPropertyOp55
 70
     1
102
RTVSPropertyOp56
 70
     1
102
RTVSPropertyOp57
 70
     1
102
RTVSPost2010Prop28
280
     0
102
RTVSPost2010PropOp28
 70
     1
102
RTVSPost2010Prop29
280
     1
102
RTVSPost2010PropOp29
 70
     1
102
RTVSPost2010Prop30
280
     1
102
RTVSPost2010PropOp30
 70
     1
102
RTVSPost2010Prop31
280
     0
102
RTVSPost2010PropOp31
 70
     1
102
RTVSPost2010Prop32
280
     0
102
RTVSPost2010PropOp32
 70
     1
102
RTVSPost2010Prop33
280
     0
102
RTVSPost2010PropOp33
 70
     1
102
RTVSPost2010Prop34
280
     0
102
RTVSPost2010PropOp34
 70
     1
102
RTVSPost2010Prop35
280
     0
102
RTVSPost2010PropOp35
 70
     1
102
RTVSPost2010Prop36
280
     0
102
RTVSPost2010PropOp36
 70
     1
102
RTVSPost2010Prop37
 90
       50
102
RTVSPost2010PropOp37
 70
     1
102
RTVSPost2010Prop38
140
0.0
102
RTVSPost2010PropOp38
 70
     1
102
RTVSPost2010Prop39
140
1.0
102
RTVSPost2010PropOp39
 70
     1
102
RTVSPost2010Prop40
 90
        0
102
RTVSPost2010PropOp40
 70
     1
102
RTVSPost2010Prop41ColorIndex
 90
       18
102
RTVSPost2010Prop41ColorRGB
 90
        0
102
RTVSPost2010PropOp41
 70
     1
102
RTVSPost2010Prop42
 90
       50
102
RTVSPost2010PropOp42
 70
     1
102
RTVSPost2010Prop43
 90
        3
102
RTVSPost2010PropOp43
 70
     1
102
RTVSPost2010Prop44ColorIndex
 90
        5
102
RTVSPost2010Prop44ColorRGB
 90
      255
102
RTVSPost2010PropOp44
 70
     1
102
RTVSPost2010Prop45
280
     0
102
RTVSPost2010PropOp45
 70
     1
102
RTVSPost2010Prop46
 90
       50
102
RTVSPost2010PropOp46
 70
     1
102
RTVSPost2010Prop47
 90
       50
102
RTVSPost2010PropOp47
 70
     1
102
RTVSPost2010Prop48
 90
       50
102
RTVSPost2010PropOp48
 70
     1
102
RTVSPost2010Prop49
280
     0
102
RTVSPost2010PropOp49
 70
     1
102
RTVSPost2010Prop50
 90
       50
102
RTVSPost2010PropOp50
 70
     1
102
RTVSPost2010Prop51ColorIndex
 90
      256
102
RTVSPost2010Prop51ColorRGB
 90
-16777216
102
RTVSPost2010PropOp51
 70
     0
102
RTVSPost2010Prop52
140
1.0
102
RTVSPost2010PropOp52
 70
     0
102
RTVSPost2010Prop53
 90
        2
102
RTVSPost2010PropOp53
 70
     1
102
RTVSPost2010Prop54
  1
strokes_ogs.tif
102
RTVSPost2010PropOp54
 70
     1
102
RTVSPost2010Prop55
280
     0
102
RTVSPost2010PropOp55
 70
     1
102
RTVSPost2010Prop56
140
1.0
102
RTVSPost2010PropOp56
 70
     1
102
RTVSPost2010Prop57
140
1.0
102
RTVSPost2010PropOp57
 70
     1
  0
XRECORD
  5
3C3
102
{ACAD_REACTORS
330
3C2
102
}
330
3C2
100
AcDbXrecord
280
     1
102
RTVSPropertyOp0
 70
     1
102
RTVSPropertyOp1
 70
     1
102
RTVSPropertyOp2
 70
     1
102
RTVSPropertyOp3
 70
     1
102
RTVSPropertyOp4
 70
     1
102
RTVSPropertyOp5
 70
     1
102
RTVSPropertyOp6
 70
     1
102
RTVSPropertyOp7
 70
     1
102
RTVSPropertyOp8
 70
     1
102
RTVSPropertyOp9
 70
     1
102
RTVSPropertyOp10
 70
     1
102
RTVSPropertyOp11
 70
     1
102
RTVSPropertyOp12
 70
     1
102
RTVSPropertyOp13
 70
     1
102
RTVSPropertyOp14
 70
     1
102
RTVSPropertyOp15
 70
     1
102
RTVSPropertyOp16
 70
     1
102
RTVSPropertyOp17
 70
     1
102
RTVSPropertyOp18
 70
     1
102
RTVSPropertyOp19
 70
     1
102
RTVSPropertyOp20
 70
     1
102
RTVSPropertyOp21
 70
     1
102
RTVSPropertyOp22
 70
     1
102
RTVSPropertyOp23
 70
     1
102
RTVSPropertyOp24
 70
     1
102
RTVSPropertyOp25
 70
     1
102
RTVSPropertyOp26
 70
     1
102
RTVSPropertyOp27
 70
     1
102
RTVSPropertyOp28
 70
     1
102
RTVSPropertyOp29
 70
     1
102
RTVSPropertyOp30
 70
     1
102
RTVSPropertyOp31
 70
     1
102
RTVSPropertyOp32
 70
     1
102
RTVSPropertyOp33
 70
     1
102
RTVSPropertyOp34
 70
     1
102
RTVSPropertyOp35
 70
     1
102
RTVSPropertyOp36
 70
     1
102
RTVSPropertyOp37
 70
     1
102
RTVSPropertyOp38
 70
     1
102
RTVSPropertyOp39
 70
     1
102
RTVSPropertyOp40
 70
     1
102
RTVSPropertyOp41
 70
     1
102
RTVSPropertyOp42
 70
     1
102
RTVSPropertyOp43
 70
     1
102
RTVSPropertyOp44
 70
     1
102
RTVSPropertyOp45
 70
     1
102
RTVSPropertyOp46
 70
     1
102
RTVSPropertyOp47
 70
     1
102
RTVSPropertyOp48
 70
     1
102
RTVSPropertyOp49
 70
     1
102
RTVSPropertyOp50
 70
     1
102
RTVSPropertyOp51
 70
     0
102
RTVSPropertyOp52
 70
     0
102
RTVSPropertyOp53
 70
     1
102
RTVSPropertyOp54
 70
     1
102
RTVSPropertyOp55
 70
     1
102
RTVSPropertyOp56
 70
     1
102
RTVSPropertyOp57
 70
     1
102
RTVSPost2010Prop28
280
     0
102
RTVSPost2010PropOp28
 70
     1
102
RTVSPost2010Prop29
280
     1
102
RTVSPost2010PropOp29
 70
     1
102
RTVSPost2010Prop30
280
     1
102
RTVSPost2010PropOp30
 70
     1
102
RTVSPost2010Prop31
280
     0
102
RTVSPost2010PropOp31
 70
     1
102
RTVSPost2010Prop32
280
     0
102
RTVSPost2010PropOp32
 70
     1
102
RTVSPost2010Prop33
280
     0
102
RTVSPost2010PropOp33
 70
     1
102
RTVSPost2010Prop34
280
     0
102
RTVSPost2010PropOp34
 70
     1
102
RTVSPost2010Prop35
280
     0
102
RTVSPost2010PropOp35
 70
     1
102
RTVSPost2010Prop36
280
     0
102
RTVSPost2010PropOp36
 70
     1
102
RTVSPost2010Prop37
 90
       50
102
RTVSPost2010PropOp37
 70
     1
102
RTVSPost2010Prop38
140
0.0
102
RTVSPost2010PropOp38
 70
     1
102
RTVSPost2010Prop39
140
1.0
102
RTVSPost2010PropOp39
 70
     1
102
RTVSPost2010Prop40
 90
        0
102
RTVSPost2010PropOp40
 70
     1
102
RTVSPost2010Prop41ColorIndex
 90
       18
102
RTVSPost2010Prop41ColorRGB
 90
        0
102
RTVSPost2010PropOp41
 70
     1
102
RTVSPost2010Prop42
 90
       50
102
RTVSPost2010PropOp42
 70
     1
102
RTVSPost2010Prop43
 90
        3
102
RTVSPost2010PropOp43
 70
     1
102
RTVSPost2010Prop44ColorIndex
 90
        5
102
RTVSPost2010Prop44ColorRGB
 90
      255
102
RTVSPost2010PropOp44
 70
     1
102
RTVSPost2010Prop45
280
     0
102
RTVSPost2010PropOp45
 70
     1
102
RTVSPost2010Prop46
 90
       50
102
RTVSPost2010PropOp46
 70
     1
102
RTVSPost2010Prop47
 90
       50
102
RTVSPost2010PropOp47
 70
     1
102
RTVSPost2010Prop48
 90
       50
102
RTVSPost2010PropOp48
 70
     1
102
RTVSPost2010Prop49
280
     0
102
RTVSPost2010PropOp49
 70
     1
102
RTVSPost2010Prop50
 90
       50
102
RTVSPost2010PropOp50
 70
     1
102
RTVSPost2010Prop51ColorIndex
 90
      256
102
RTVSPost2010Prop51ColorRGB
 90
-16777216
102
RTVSPost2010PropOp51
 70
     0
102
RTVSPost2010Prop52
140
1.0
102
RTVSPost2010PropOp52
 70
     0
102
RTVSPost2010Prop53
 90
        2
102
RTVSPost2010PropOp53
 70
     1
102
RTVSPost2010Prop54
  1
strokes_ogs.tif
102
RTVSPost2010PropOp54
 70
     1
102
RTVSPost2010Prop55
280
     0
102
RTVSPost2010PropOp55
 70
     1
102
RTVSPost2010Prop56
140
1.0
102
RTVSPost2010PropOp56
 70
     1
102
RTVSPost2010Prop57
140
1.0
102
RTVSPost2010PropOp57
 70
     1
  0
XRECORD
  5
3B3
102
{ACAD_REACTORS
330
3B2
102
}
330
3B2
100
AcDbXrecord
280
     1
102
RTVSPropertyOp0
 70
     1
102
RTVSPropertyOp1
 70
     1
102
RTVSPropertyOp2
 70
     1
102
RTVSPropertyOp3
 70
     1
102
RTVSPropertyOp4
 70
     1
102
RTVSPropertyOp5
 70
     1
102
RTVSPropertyOp6
 70
     1
102
RTVSPropertyOp7
 70
     1
102
RTVSPropertyOp8
 70
     1
102
RTVSPropertyOp9
 70
     1
102
RTVSPropertyOp10
 70
     1
102
RTVSPropertyOp11
 70
     1
102
RTVSPropertyOp12
 70
     1
102
RTVSPropertyOp13
 70
     1
102
RTVSPropertyOp14
 70
     1
102
RTVSPropertyOp15
 70
     1
102
RTVSPropertyOp16
 70
     1
102
RTVSPropertyOp17
 70
     1
102
RTVSPropertyOp18
 70
     1
102
RTVSPropertyOp19
 70
     1
102
RTVSPropertyOp20
 70
     1
102
RTVSPropertyOp21
 70
     1
102
RTVSPropertyOp22
 70
     1
102
RTVSPropertyOp23
 70
     1
102
RTVSPropertyOp24
 70
     1
102
RTVSPropertyOp25
 70
     1
102
RTVSPropertyOp26
 70
     1
102
RTVSPropertyOp27
 70
     1
102
RTVSPropertyOp28
 70
     1
102
RTVSPropertyOp29
 70
     1
102
RTVSPropertyOp30
 70
     1
102
RTVSPropertyOp31
 70
     1
102
RTVSPropertyOp32
 70
     1
102
RTVSPropertyOp33
 70
     1
102
RTVSPropertyOp34
 70
     1
102
RTVSPropertyOp35
 70
     1
102
RTVSPropertyOp36
 70
     1
102
RTVSPropertyOp37
 70
     1
102
RTVSPropertyOp38
 70
     1
102
RTVSPropertyOp39
 70
     1
102
RTVSPropertyOp40
 70
     1
102
RTVSPropertyOp41
 70
     1
102
RTVSPropertyOp42
 70
     1
102
RTVSPropertyOp43
 70
     1
102
RTVSPropertyOp44
 70
     1
102
RTVSPropertyOp45
 70
     1
102
RTVSPropertyOp46
 70
     1
102
RTVSPropertyOp47
 70
     1
102
RTVSPropertyOp48
 70
     1
102
RTVSPropertyOp49
 70
     1
102
RTVSPropertyOp50
 70
     1
102
RTVSPropertyOp51
 70
     0
102
RTVSPropertyOp52
 70
     0
102
RTVSPropertyOp53
 70
     1
102
RTVSPropertyOp54
 70
     1
102
RTVSPropertyOp55
 70
     1
102
RTVSPropertyOp56
 70
     1
102
RTVSPropertyOp57
 70
     1
102
RTVSPost2010Prop28
280
     0
102
RTVSPost2010PropOp28
 70
     1
102
RTVSPost2010Prop29
280
     1
102
RTVSPost2010PropOp29
 70
     1
102
RTVSPost2010Prop30
280
     1
102
RTVSPost2010PropOp30
 70
     1
102
RTVSPost2010Prop31
280
     0
102
RTVSPost2010PropOp31
 70
     1
102
RTVSPost2010Prop32
280
     0
102
RTVSPost2010PropOp32
 70
     1
102
RTVSPost2010Prop33
280
     0
102
RTVSPost2010PropOp33
 70
     1
102
RTVSPost2010Prop34
280
     0
102
RTVSPost2010PropOp34
 70
     1
102
RTVSPost2010Prop35
280
     0
102
RTVSPost2010PropOp35
 70
     1
102
RTVSPost2010Prop36
280
     0
102
RTVSPost2010PropOp36
 70
     1
102
RTVSPost2010Prop37
 90
       50
102
RTVSPost2010PropOp37
 70
     1
102
RTVSPost2010Prop38
140
0.0
102
RTVSPost2010PropOp38
 70
     1
102
RTVSPost2010Prop39
140
1.0
102
RTVSPost2010PropOp39
 70
     1
102
RTVSPost2010Prop40
 90
        0
102
RTVSPost2010PropOp40
 70
     1
102
RTVSPost2010Prop41ColorIndex
 90
       18
102
RTVSPost2010Prop41ColorRGB
 90
        0
102
RTVSPost2010PropOp41
 70
     1
102
RTVSPost2010Prop42
 90
       50
102
RTVSPost2010PropOp42
 70
     1
102
RTVSPost2010Prop43
 90
        3
102
RTVSPost2010PropOp43
 70
     1
102
RTVSPost2010Prop44ColorIndex
 90
        5
102
RTVSPost2010Prop44ColorRGB
 90
      255
102
RTVSPost2010PropOp44
 70
     1
102
RTVSPost2010Prop45
280
     0
102
RTVSPost2010PropOp45
 70
     1
102
RTVSPost2010Prop46
 90
       50
102
RTVSPost2010PropOp46
 70
     1
102
RTVSPost2010Prop47
 90
       50
102
RTVSPost2010PropOp47
 70
     1
102
RTVSPost2010Prop48
 90
       50
102
RTVSPost2010PropOp48
 70
     1
102
RTVSPost2010Prop49
280
     0
102
RTVSPost2010PropOp49
 70
     1
102
RTVSPost2010Prop50
 90
       50
102
RTVSPost2010PropOp50
 70
     1
102
RTVSPost2010Prop51ColorIndex
 90
      256
102
RTVSPost2010Prop51ColorRGB
 90
-16777216
102
RTVSPost2010PropOp51
 70
     0
102
RTVSPost2010Prop52
140
1.0
102
RTVSPost2010PropOp52
 70
     0
102
RTVSPost2010Prop53
 90
        2
102
RTVSPost2010PropOp53
 70
     1
102
RTVSPost2010Prop54
  1
strokes_ogs.tif
102
RTVSPost2010PropOp54
 70
     1
102
RTVSPost2010Prop55
280
     0
102
RTVSPost2010PropOp55
 70
     1
102
RTVSPost2010Prop56
140
1.0
102
RTVSPost2010PropOp56
 70
     1
102
RTVSPost2010Prop57
140
1.0
102
RTVSPost2010PropOp57
 70
     1
  0
XRECORD
  5
3A5
102
{ACAD_REACTORS
330
3A4
102
}
330
3A4
100
AcDbXrecord
280
     1
102
RTVSPropertyOp0
 70
     1
102
RTVSPropertyOp1
 70
     1
102
RTVSPropertyOp2
 70
     1
102
RTVSPropertyOp3
 70
     1
102
RTVSPropertyOp4
 70
     1
102
RTVSPropertyOp5
 70
     1
102
RTVSPropertyOp6
 70
     1
102
RTVSPropertyOp7
 70
     1
102
RTVSPropertyOp8
 70
     1
102
RTVSPropertyOp9
 70
     1
102
RTVSPropertyOp10
 70
     1
102
RTVSPropertyOp11
 70
     1
102
RTVSPropertyOp12
 70
     1
102
RTVSPropertyOp13
 70
     1
102
RTVSPropertyOp14
 70
     1
102
RTVSPropertyOp15
 70
     1
102
RTVSPropertyOp16
 70
     1
102
RTVSPropertyOp17
 70
     1
102
RTVSPropertyOp18
 70
     1
102
RTVSPropertyOp19
 70
     1
102
RTVSPropertyOp20
 70
     1
102
RTVSPropertyOp21
 70
     1
102
RTVSPropertyOp22
 70
     1
102
RTVSPropertyOp23
 70
     1
102
RTVSPropertyOp24
 70
     1
102
RTVSPropertyOp25
 70
     1
102
RTVSPropertyOp26
 70
     1
102
RTVSPropertyOp27
 70
     1
102
RTVSPropertyOp28
 70
     1
102
RTVSPropertyOp29
 70
     1
102
RTVSPropertyOp30
 70
     1
102
RTVSPropertyOp31
 70
     1
102
RTVSPropertyOp32
 70
     1
102
RTVSPropertyOp33
 70
     1
102
RTVSPropertyOp34
 70
     1
102
RTVSPropertyOp35
 70
     1
102
RTVSPropertyOp36
 70
     1
102
RTVSPropertyOp37
 70
     1
102
RTVSPropertyOp38
 70
     1
102
RTVSPropertyOp39
 70
     1
102
RTVSPropertyOp40
 70
     1
102
RTVSPropertyOp41
 70
     1
102
RTVSPropertyOp42
 70
     1
102
RTVSPropertyOp43
 70
     1
102
RTVSPropertyOp44
 70
     1
102
RTVSPropertyOp45
 70
     1
102
RTVSPropertyOp46
 70
     1
102
RTVSPropertyOp47
 70
     1
102
RTVSPropertyOp48
 70
     1
102
RTVSPropertyOp49
 70
     1
102
RTVSPropertyOp50
 70
     1
102
RTVSPropertyOp51
 70
     0
102
RTVSPropertyOp52
 70
     0
102
RTVSPropertyOp53
 70
     1
102
RTVSPropertyOp54
 70
     1
102
RTVSPropertyOp55
 70
     1
102
RTVSPropertyOp56
 70
     1
102
RTVSPropertyOp57
 70
     1
102
RTVSPost2010Prop28
280
     0
102
RTVSPost2010PropOp28
 70
     1
102
RTVSPost2010Prop29
280
     1
102
RTVSPost2010PropOp29
 70
     1
102
RTVSPost2010Prop30
280
     1
102
RTVSPost2010PropOp30
 70
     1
102
RTVSPost2010Prop31
280
     0
102
RTVSPost2010PropOp31
 70
     1
102
RTVSPost2010Prop32
280
     0
102
RTVSPost2010PropOp32
 70
     1
102
RTVSPost2010Prop33
280
     0
102
RTVSPost2010PropOp33
 70
     1
102
RTVSPost2010Prop34
280
     0
102
RTVSPost2010PropOp34
 70
     1
102
RTVSPost2010Prop35
280
     0
102
RTVSPost2010PropOp35
 70
     1
102
RTVSPost2010Prop36
280
     0
102
RTVSPost2010PropOp36
 70
     1
102
RTVSPost2010Prop37
 90
       50
102
RTVSPost2010PropOp37
 70
     1
102
RTVSPost2010Prop38
140
0.0
102
RTVSPost2010PropOp38
 70
     1
102
RTVSPost2010Prop39
140
1.0
102
RTVSPost2010PropOp39
 70
     1
102
RTVSPost2010Prop40
 90
        0
102
RTVSPost2010PropOp40
 70
     1
102
RTVSPost2010Prop41ColorIndex
 90
       18
102
RTVSPost2010Prop41ColorRGB
 90
        0
102
RTVSPost2010PropOp41
 70
     1
102
RTVSPost2010Prop42
 90
       50
102
RTVSPost2010PropOp42
 70
     1
102
RTVSPost2010Prop43
 90
        3
102
RTVSPost2010PropOp43
 70
     1
102
RTVSPost2010Prop44ColorIndex
 90
        5
102
RTVSPost2010Prop44ColorRGB
 90
      255
102
RTVSPost2010PropOp44
 70
     1
102
RTVSPost2010Prop45
280
     0
102
RTVSPost2010PropOp45
 70
     1
102
RTVSPost2010Prop46
 90
       50
102
RTVSPost2010PropOp46
 70
     1
102
RTVSPost2010Prop47
 90
       50
102
RTVSPost2010PropOp47
 70
     1
102
RTVSPost2010Prop48
 90
       50
102
RTVSPost2010PropOp48
 70
     1
102
RTVSPost2010Prop49
280
     0
102
RTVSPost2010PropOp49
 70
     1
102
RTVSPost2010Prop50
 90
       50
102
RTVSPost2010PropOp50
 70
     1
102
RTVSPost2010Prop51ColorIndex
 90
      256
102
RTVSPost2010Prop51ColorRGB
 90
-16777216
102
RTVSPost2010PropOp51
 70
     0
102
RTVSPost2010Prop52
140
1.0
102
RTVSPost2010PropOp52
 70
     0
102
RTVSPost2010Prop53
 90
        2
102
RTVSPost2010PropOp53
 70
     1
102
RTVSPost2010Prop54
  1
strokes_ogs.tif
102
RTVSPost2010PropOp54
 70
     1
102
RTVSPost2010Prop55
280
     0
102
RTVSPost2010PropOp55
 70
     1
102
RTVSPost2010Prop56
140
1.0
102
RTVSPost2010PropOp56
 70
     1
102
RTVSPost2010Prop57
140
1.0
102
RTVSPost2010PropOp57
 70
     1
  0
XRECORD
  5
3C5
102
{ACAD_REACTORS
330
3C4
102
}
330
3C4
100
AcDbXrecord
280
     1
102
RTVSPropertyOp0
 70
     1
102
RTVSPropertyOp1
 70
     1
102
RTVSPropertyOp2
 70
     1
102
RTVSPropertyOp3
 70
     1
102
RTVSPropertyOp4
 70
     1
102
RTVSPropertyOp5
 70
     1
102
RTVSPropertyOp6
 70
     1
102
RTVSPropertyOp7
 70
     1
102
RTVSPropertyOp8
 70
     1
102
RTVSPropertyOp9
 70
     1
102
RTVSPropertyOp10
 70
     1
102
RTVSPropertyOp11
 70
     1
102
RTVSPropertyOp12
 70
     1
102
RTVSPropertyOp13
 70
     1
102
RTVSPropertyOp14
 70
     1
102
RTVSPropertyOp15
 70
     1
102
RTVSPropertyOp16
 70
     1
102
RTVSPropertyOp17
 70
     1
102
RTVSPropertyOp18
 70
     1
102
RTVSPropertyOp19
 70
     1
102
RTVSPropertyOp20
 70
     1
102
RTVSPropertyOp21
 70
     1
102
RTVSPropertyOp22
 70
     1
102
RTVSPropertyOp23
 70
     1
102
RTVSPropertyOp24
 70
     1
102
RTVSPropertyOp25
 70
     1
102
RTVSPropertyOp26
 70
     1
102
RTVSPropertyOp27
 70
     1
102
RTVSPropertyOp28
 70
     1
102
RTVSPropertyOp29
 70
     1
102
RTVSPropertyOp30
 70
     1
102
RTVSPropertyOp31
 70
     1
102
RTVSPropertyOp32
 70
     1
102
RTVSPropertyOp33
 70
     1
102
RTVSPropertyOp34
 70
     1
102
RTVSPropertyOp35
 70
     1
102
RTVSPropertyOp36
 70
     1
102
RTVSPropertyOp37
 70
     1
102
RTVSPropertyOp38
 70
     1
102
RTVSPropertyOp39
 70
     1
102
RTVSPropertyOp40
 70
     1
102
RTVSPropertyOp41
 70
     1
102
RTVSPropertyOp42
 70
     1
102
RTVSPropertyOp43
 70
     1
102
RTVSPropertyOp44
 70
     1
102
RTVSPropertyOp45
 70
     1
102
RTVSPropertyOp46
 70
     1
102
RTVSPropertyOp47
 70
     1
102
RTVSPropertyOp48
 70
     1
102
RTVSPropertyOp49
 70
     1
102
RTVSPropertyOp50
 70
     1
102
RTVSPropertyOp51
 70
     0
102
RTVSPropertyOp52
 70
     0
102
RTVSPropertyOp53
 70
     1
102
RTVSPropertyOp54
 70
     1
102
RTVSPropertyOp55
 70
     1
102
RTVSPropertyOp56
 70
     1
102
RTVSPropertyOp57
 70
     1
102
RTVSPost2010Prop28
280
     0
102
RTVSPost2010PropOp28
 70
     1
102
RTVSPost2010Prop29
280
     1
102
RTVSPost2010PropOp29
 70
     1
102
RTVSPost2010Prop30
280
     1
102
RTVSPost2010PropOp30
 70
     1
102
RTVSPost2010Prop31
280
     0
102
RTVSPost2010PropOp31
 70
     1
102
RTVSPost2010Prop32
280
     0
102
RTVSPost2010PropOp32
 70
     1
102
RTVSPost2010Prop33
280
     0
102
RTVSPost2010PropOp33
 70
     1
102
RTVSPost2010Prop34
280
     0
102
RTVSPost2010PropOp34
 70
     1
102
RTVSPost2010Prop35
280
     0
102
RTVSPost2010PropOp35
 70
     1
102
RTVSPost2010Prop36
280
     0
102
RTVSPost2010PropOp36
 70
     1
102
RTVSPost2010Prop37
 90
       50
102
RTVSPost2010PropOp37
 70
     1
102
RTVSPost2010Prop38
140
0.0
102
RTVSPost2010PropOp38
 70
     1
102
RTVSPost2010Prop39
140
1.0
102
RTVSPost2010PropOp39
 70
     1
102
RTVSPost2010Prop40
 90
        0
102
RTVSPost2010PropOp40
 70
     1
102
RTVSPost2010Prop41ColorIndex
 90
       18
102
RTVSPost2010Prop41ColorRGB
 90
        0
102
RTVSPost2010PropOp41
 70
     1
102
RTVSPost2010Prop42
 90
       50
102
RTVSPost2010PropOp42
 70
     1
102
RTVSPost2010Prop43
 90
        3
102
RTVSPost2010PropOp43
 70
     1
102
RTVSPost2010Prop44ColorIndex
 90
        5
102
RTVSPost2010Prop44ColorRGB
 90
      255
102
RTVSPost2010PropOp44
 70
     1
102
RTVSPost2010Prop45
280
     0
102
RTVSPost2010PropOp45
 70
     1
102
RTVSPost2010Prop46
 90
       50
102
RTVSPost2010PropOp46
 70
     1
102
RTVSPost2010Prop47
 90
       50
102
RTVSPost2010PropOp47
 70
     1
102
RTVSPost2010Prop48
 90
       50
102
RTVSPost2010PropOp48
 70
     1
102
RTVSPost2010Prop49
280
     0
102
RTVSPost2010PropOp49
 70
     1
102
RTVSPost2010Prop50
 90
       50
102
RTVSPost2010PropOp50
 70
     1
102
RTVSPost2010Prop51ColorIndex
 90
      256
102
RTVSPost2010Prop51ColorRGB
 90
-16777216
102
RTVSPost2010PropOp51
 70
     0
102
RTVSPost2010Prop52
140
1.0
102
RTVSPost2010PropOp52
 70
     0
102
RTVSPost2010Prop53
 90
        2
102
RTVSPost2010PropOp53
 70
     1
102
RTVSPost2010Prop54
  1
strokes_ogs.tif
102
RTVSPost2010PropOp54
 70
     1
102
RTVSPost2010Prop55
280
     0
102
RTVSPost2010PropOp55
 70
     1
102
RTVSPost2010Prop56
140
1.0
102
RTVSPost2010PropOp56
 70
     1
102
RTVSPost2010Prop57
140
1.0
102
RTVSPost2010PropOp57
 70
     1
  0
ENDSEC
  0
EOF
