  0
SECTION
  2
HEADER
  9
$ACADVER
  1
AC1021
  9
$ACADMAINTVER
 70
    25
  9
$DWGCODEPAGE
  3
ANSI_1252
  9
$INSBASE
 10
0.0
 20
0.0
 30
0.0
  9
$EXTMIN
 10
0.0
 20
0.0
 30
0.0
  9
$EXTMAX
 10
594.0
 20
420.0
 30
0.0
  9
$LIMMIN
 10
0.0
 20
0.0
  9
$LIMMAX
 10
594.0
 20
420.0
  9
$ORTHOMODE
 70
     0
  9
$REGENMODE
 70
     1
  9
$FILLMODE
 70
     1
  9
$QTEXTMODE
 70
     0
  9
$MIRRTEXT
 70
     1
  9
$LTSCALE
 40
1.0
  9
$ATTMODE
 70
     1
  9
$TEXTSIZE
 40
2.5
  9
$TRACEWID
 40
1.0
  9
$TEXTSTYLE
  7
Standard
  9
$CLAYER
  8
0
  9
$CELTYPE
  6
ByLayer
  9
$CECOLOR
 62
   256
  9
$CELTSCALE
 40
1.0
  9
$DISPSILH
 70
     0
  9
$DIMSCALE
 40
1.0
  9
$DIMASZ
 40
2.5
  9
$DIMEXO
 40
0.625
  9
$DIMDLI
 40
3.75
  9
$DIMRND
 40
0.0
  9
$DIMDLE
 40
0.0
  9
$DIMEXE
 40
1.25
  9
$DIMTP
 40
0.0
  9
$DIMTM
 40
0.0
  9
$DIMTXT
 40
2.5
  9
$DIMCEN
 40
2.5
  9
$DIMTSZ
 40
0.0
  9
$DIMTOL
 70
     0
  9
$DIMLIM
 70
     0
  9
$DIMTIH
 70
     0
  9
$DIMTOH
 70
     0
  9
$DIMSE1
 70
     0
  9
$DIMSE2
 70
     0
  9
$DIMTAD
 70
     1
  9
$DIMZIN
 70
     8
  9
$DIMBLK
  1

  9
$DIMASO
 70
     1
  9
$DIMSHO
 70
     1
  9
$DIMPOST
  1

  9
$DIMAPOST
  1

  9
$DIMALT
 70
     0
  9
$DIMALTD
 70
     3
  9
$DIMALTF
 40
0.0393700787
  9
$DIMLFAC
 40
1.0
  9
$DIMTOFL
 70
     1
  9
$DIMTVP
 40
0.0
  9
$DIMTIX
 70
     0
  9
$DIMSOXD
 70
     0
  9
$DIMSAH
 70
     0
  9
$DIMBLK1
  1

  9
$DIMBLK2
  1

  9
$DIMSTYLE
  2
ISO-25
  9
$DIMCLRD
 70
     0
  9
$DIMCLRE
 70
     0
  9
$DIMCLRT
 70
     0
  9
$DIMTFAC
 40
1.0
  9
$DIMGAP
 40
0.625
  9
$DIMJUST
 70
     0
  9
$DIMSD1
 70
     0
  9
$DIMSD2
 70
     0
  9
$DIMTOLJ
 70
     0
  9
$DIMTZIN
 70
     8
  9
$DIMALTZ
 70
     0
  9
$DIMALTTZ
 70
     0
  9
$DIMUPT
 70
     0
  9
$DIMDEC
 70
     2
  9
$DIMTDEC
 70
     2
  9
$DIMALTU
 70
     2
  9
$DIMALTTD
 70
     3
  9
$DIMTXSTY
  7
Standard
  9
$DIMAUNIT
 70
     0
  9
$DIMADEC
 70
     0
  9
$DIMALTRND
 40
0.0
  9
$DIMAZIN
 70
     0
  9
$DIMDSEP
 70
    44
  9
$DIMATFIT
 70
     3
  9
$DIMFRAC
 70
     0
  9
$DIMLDRBLK
  1

  9
$DIMLUNIT
 70
     2
  9
$DIMLWD
 70
    -2
  9
$DIMLWE
 70
    -2
  9
$DIMTMOVE
 70
     0
  9
$DIMFXL
 40
1.0
  9
$DIMFXLON
 70
     0
  9
$DIMJOGANG
 40
0.7853981634
  9
$DIMTFILL
 70
     0
  9
$DIMTFILLCLR
 70
     0
  9
$DIMARCSYM
 70
     0
  9
$DIMLTYPE
  6

  9
$DIMLTEX1
  6

  9
$DIMLTEX2
  6

  9
$LUNITS
 70
     2
  9
$LUPREC
 70
     4
  9
$SKETCHINC
 40
1.0
  9
$FILLETRAD
 40
10.0
  9
$AUNITS
 70
     0
  9
$AUPREC
 70
     0
  9
$MENU
  1
.
  9
$ELEVATION
 40
0.0
  9
$PELEVATION
 40
0.0
  9
$THICKNESS
 40
0.0
  9
$LIMCHECK
 70
     0
  9
$CHAMFERA
 40
0.0
  9
$CHAMFERB
 40
0.0
  9
$CHAMFERC
 40
0.0
  9
$CHAMFERD
 40
0.0
  9
$SKPOLY
 70
     0
  9
$TDCREATE
 40
2458043.040895289
  9
$TDUCREATE
 40
2458042.957561956
  9
$TDUPDATE
 40
2458043.040898206
  9
$TDUUPDATE
 40
2458042.957564873
  9
$TDINDWG
 40
0.0000000116
  9
$TDUSRTIMER
 40
0.0000000116
  9
$USRTIMER
 70
     1
  9
$ANGBASE
 50
0.0
  9
$ANGDIR
 70
     0
  9
$PDMODE
 70
     0
  9
$PDSIZE
 40
0.0
  9
$PLINEWID
 40
0.0
  9
$SPLFRAME
 70
     0
  9
$SPLINETYPE
 70
     6
  9
$SPLINESEGS
 70
     8
  9
$HANDSEED
  5
8F3
  9
$SURFTAB1
 70
     6
  9
$SURFTAB2
 70
     6
  9
$SURFTYPE
 70
     6
  9
$SURFU
 70
     6
  9
$SURFV
 70
     6
  9
$UCSBASE
  2

  9
$UCSNAME
  2

  9
$UCSORG
 10
0.0
 20
0.0
 30
0.0
  9
$UCSXDIR
 10
1.0
 20
0.0
 30
0.0
  9
$UCSYDIR
 10
0.0
 20
1.0
 30
0.0
  9
$UCSORTHOREF
  2

  9
$UCSORTHOVIEW
 70
     0
  9
$UCSORGTOP
 10
0.0
 20
0.0
 30
0.0
  9
$UCSORGBOTTOM
 10
0.0
 20
0.0
 30
0.0
  9
$UCSORGLEFT
 10
0.0
 20
0.0
 30
0.0
  9
$UCSORGRIGHT
 10
0.0
 20
0.0
 30
0.0
  9
$UCSORGFRONT
 10
0.0
 20
0.0
 30
0.0
  9
$UCSORGBACK
 10
0.0
 20
0.0
 30
0.0
  9
$PUCSBASE
  2

  9
$PUCSNAME
  2

  9
$PUCSORG
 10
0.0
 20
0.0
 30
0.0
  9
$PUCSXDIR
 10
1.0
 20
0.0
 30
0.0
  9
$PUCSYDIR
 10
0.0
 20
1.0
 30
0.0
  9
$PUCSORTHOREF
  2

  9
$PUCSORTHOVIEW
 70
     0
  9
$PUCSORGTOP
 10
0.0
 20
0.0
 30
0.0
  9
$PUCSORGBOTTOM
 10
0.0
 20
0.0
 30
0.0
  9
$PUCSORGLEFT
 10
0.0
 20
0.0
 30
0.0
  9
$PUCSORGRIGHT
 10
0.0
 20
0.0
 30
0.0
  9
$PUCSORGFRONT
 10
0.0
 20
0.0
 30
0.0
  9
$PUCSORGBACK
 10
0.0
 20
0.0
 30
0.0
  9
$USERI1
 70
     0
  9
$USERI2
 70
     0
  9
$USERI3
 70
     0
  9
$USERI4
 70
     0
  9
$USERI5
 70
     0
  9
$USERR1
 40
0.0
  9
$USERR2
 40
0.0
  9
$USERR3
 40
0.0
  9
$USERR4
 40
0.0
  9
$USERR5
 40
0.0
  9
$WORLDVIEW
 70
     1
  9
$SHADEDGE
 70
     3
  9
$SHADEDIF
 70
    70
  9
$TILEMODE
 70
     1
  9
$MAXACTVP
 70
    64
  9
$PINSBASE
 10
0.0
 20
0.0
 30
0.0
  9
$PLIMCHECK
 70
     0
  9
$PEXTMIN
 10
0.0
 20
0.0
 30
0.0
  9
$PEXTMAX
 10
594.0
 20
420.0
 30
0.0
  9
$PLIMMIN
 10
0.0
 20
0.0
  9
$PLIMMAX
 10
594.0
 20
420.0
  9
$UNITMODE
 70
     0
  9
$VISRETAIN
 70
     1
  9
$PLINEGEN
 70
     0
  9
$PSLTSCALE
 70
     1
  9
$TREEDEPTH
 70
  3020
  9
$CMLSTYLE
  2
Standard
  9
$CMLJUST
 70
     0
  9
$CMLSCALE
 40
20.0
  9
$PROXYGRAPHICS
 70
     1
  9
$MEASUREMENT
 70
     1
  9
$CELWEIGHT
370
    -1
  9
$ENDCAPS
280
     0
  9
$JOINSTYLE
280
     0
  9
$LWDISPLAY
290
     0
  9
$INSUNITS
 70
     4
  9
$HYPERLINKBASE
  1

  9
$STYLESHEET
  1

  9
$XEDIT
290
     1
  9
$CEPSNTYPE
380
     0
  9
$PSTYLEMODE
290
     1
  9
$FINGERPRINTGUID
  2
{EDACD63C-D106-4B4B-A19E-86C0C763BF8F}
  9
$VERSIONGUID
  2
{FAEB1C32-E019-11D5-929B-00C0DF256EC4}
  9
$EXTNAMES
290
     1
  9
$PSVPSCALE
 40
0.0
  9
$OLESTARTUP
290
     0
  9
$SORTENTS
280
   127
  9
$INDEXCTL
280
     0
  9
$HIDETEXT
280
     1
  9
$XCLIPFRAME
290
     0
  9
$HALOGAP
280
     0
  9
$OBSCOLOR
 70
   257
  9
$OBSLTYPE
280
     0
  9
$INTERSECTIONDISPLAY
280
     0
  9
$INTERSECTIONCOLOR
 70
   257
  9
$DIMASSOC
280
     2
  9
$PROJECTNAME
  1

  9
$CAMERADISPLAY
290
     0
  9
$LENSLENGTH
 40
50.0
  9
$CAMERAHEIGHT
 40
0.0
  9
$STEPSPERSEC
 40
2.0
  9
$STEPSIZE
 40
6.0
  9
$3DDWFPREC
 40
2.0
  9
$PSOLWIDTH
 40
5.0
  9
$PSOLHEIGHT
 40
80.0
  9
$LOFTANG1
 40
1.5707963268
  9
$LOFTANG2
 40
1.5707963268
  9
$LOFTMAG1
 40
0.0
  9
$LOFTMAG2
 40
0.0
  9
$LOFTPARAM
 70
     7
  9
$LOFTNORMALS
280
     1
  9
$LATITUDE
 40
37.795
  9
$LONGITUDE
 40
-122.394
  9
$NORTHDIRECTION
 40
0.0
  9
$TIMEZONE
 70
 -8000
  9
$LIGHTGLYPHDISPLAY
280
     1
  9
$TILEMODELIGHTSYNCH
280
     1
  9
$CMATERIAL
347
44
  9
$SOLIDHIST
280
     0
  9
$SHOWHIST
280
     1
  9
$DWFFRAME
280
     2
  9
$DGNFRAME
280
     2
  9
$REALWORLDSCALE
290
     1
  9
$INTERFERECOLOR
 62
   256
  9
$CSHADOW
280
     0
  9
$SHADOWPLANELOCATION
 40
0.0
  0
ENDSEC
  0
SECTION
  2
CLASSES
  0
CLASS
  1
ACDBDICTIONARYWDFLT
  2
AcDbDictionaryWithDefault
  3
ObjectDBX Classes
 90
        0
 91
        4
280
     0
281
     0
  0
CLASS
  1
VISUALSTYLE
  2
AcDbVisualStyle
  3
ObjectDBX Classes
 90
     4095
 91
        4
280
     0
281
     0
  0
CLASS
  1
MATERIAL
  2
AcDbMaterial
  3
ObjectDBX Classes
 90
     1153
 91
        4
280
     0
281
     0
  0
CLASS
  1
SCALE
  2
AcDbScale
  3
ObjectDBX Classes
 90
     1153
 91
        4
280
     0
281
     0
  0
CLASS
  1
TABLESTYLE
  2
AcDbTableStyle
  3
ObjectDBX Classes
 90
     4095
 91
        4
280
     0
281
     0
  0
CLASS
  1
MLEADERSTYLE
  2
AcDbMLeaderStyle
  3
ACDB_MLEADERSTYLE_CLASS
 90
     4095
 91
        4
280
     0
281
     0
  0
CLASS
  1
SUN
  2
AcDbSun
  3
SCENEOE
 90
     1153
 91
        4
280
     0
281
     0
  0
CLASS
  1
DICTIONARYVAR
  2
AcDbDictionaryVar
  3
ObjectDBX Classes
 90
        0
 91
        4
280
     0
281
     0
  0
CLASS
  1
CELLSTYLEMAP
  2
AcDbCellStyleMap
  3
ObjectDBX Classes
 90
     1152
 91
        4
280
     0
281
     0
  0
ENDSEC
  0
SECTION
  2
TABLES
  0
TABLE
  2
VPORT
  5
8
330
0
100
AcDbSymbolTable
 70
     1
  0
VPORT
  5
29
330
8
100
AcDbSymbolTableRecord
100
AcDbViewportTableRecord
  2
*Active
 70
     0
 10
0.0
 20
0.0
 11
1.0
 21
1.0
 12
344.1869158879
 22
148.5
 13
0.0
 23
0.0
 14
10.0
 24
10.0
 15
10.0
 25
10.0
 16
0.0
 26
0.0
 36
1.0
 17
0.0
 27
0.0
 37
0.0
 40
297.0
 41
1.9729729729
 42
50.0
 43
0.0
 44
0.0
 50
0.0
 51
0.0
 71
     0
 72
   100
 73
     1
 74
     3
 75
     0
 76
     0
 77
     0
 78
     0
281
     0
 65
     1
110
0.0
120
0.0
130
0.0
111
1.0
121
0.0
131
0.0
112
0.0
122
1.0
132
0.0
 79
     0
146
0.0
348
2F
 60
     3
 61
     5
292
     1
282
     1
141
0.0
142
0.0
 63
   250
361
6D
  0
ENDTAB
  0
TABLE
  2
LTYPE
  5
5
330
0
100
AcDbSymbolTable
 70
     1
  0
LTYPE
  5
14
330
5
100
AcDbSymbolTableRecord
100
AcDbLinetypeTableRecord
  2
ByBlock
 70
     0
  3

 72
    65
 73
     0
 40
0.0
  0
LTYPE
  5
15
330
5
100
AcDbSymbolTableRecord
100
AcDbLinetypeTableRecord
  2
ByLayer
 70
     0
  3

 72
    65
 73
     0
 40
0.0
  0
LTYPE
  5
16
330
5
100
AcDbSymbolTableRecord
100
AcDbLinetypeTableRecord
  2
Continuous
 70
     0
  3
Solid line
 72
    65
 73
     0
 40
0.0
  0
ENDTAB
  0
TABLE
  2
LAYER
  5
2
330
0
100
AcDbSymbolTable
 70
     3
  0
LAYER
  5
10
330
2
100
AcDbSymbolTableRecord
100
AcDbLayerTableRecord
  2
0
 70
     0
 62
     7
  6
Continuous
370
    -3
390
F
347
46
  0
LAYER
  5
498
330
2
100
AcDbSymbolTableRecord
100
AcDbLayerTableRecord
  2
Standard
 70
     0
 62
     7
  6
Continuous
370
    -3
390
F
347
46
  0
LAYER
  5
8B0
330
2
100
AcDbSymbolTableRecord
100
AcDbLayerTableRecord
  2
31
 70
     0
 62
     7
  6
Continuous
370
    -3
390
F
347
46
  0
ENDTAB
  0
TABLE
  2
STYLE
  5
3
330
0
100
AcDbSymbolTable
 70
     1
  0
STYLE
  5
11
330
3
100
AcDbSymbolTableRecord
100
AcDbTextStyleTableRecord
  2
Standard
 70
     0
 40
0.0
 41
1.0
 50
0.0
 71
     0
 42
2.5
  3
txt
  4

  0
ENDTAB
  0
TABLE
  2
VIEW
  5
6
330
0
100
AcDbSymbolTable
 70
     0
  0
ENDTAB
  0
TABLE
  2
UCS
  5
7
330
0
100
AcDbSymbolTable
 70
     0
  0
ENDTAB
  0
TABLE
  2
APPID
  5
9
330
0
100
AcDbSymbolTable
 70
     2
  0
APPID
  5
12
330
9
100
AcDbSymbolTableRecord
100
AcDbRegAppTableRecord
  2
ACAD
 70
     0
  0
APPID
  5
8EA
330
9
100
AcDbSymbolTableRecord
100
AcDbRegAppTableRecord
  2
ACAD_MLEADERVER
 70
     0
  0
ENDTAB
  0
TABLE
  2
DIMSTYLE
  5
A
330
0
100
AcDbSymbolTable
 70
     1
100
AcDbDimStyleTable
  0
DIMSTYLE
105
27
330
A
100
AcDbSymbolTableRecord
100
AcDbDimStyleTableRecord
  2
ISO-25
 70
     0
 41
2.5
 42
0.625
 43
3.75
 44
1.25
 73
     0
 74
     0
 77
     1
 78
     8
140
2.5
141
2.5
143
0.0393700787
147
0.625
171
     3
172
     1
178
     0
271
     2
272
     2
274
     3
278
    44
283
     0
284
     8
340
11
  0
ENDTAB
  0
TABLE
  2
BLOCK_RECORD
  5
1
330
0
100
AcDbSymbolTable
 70
     2
  0
BLOCK_RECORD
  5
1F
330
1
100
AcDbSymbolTableRecord
100
AcDbBlockTableRecord
  2
*Model_Space
340
22
 70
     0
280
     1
281
     0
  0
BLOCK_RECORD
  5
1B
330
1
100
AcDbSymbolTableRecord
100
AcDbBlockTableRecord
  2
*Paper_Space
340
1E
 70
     0
280
     1
281
     0
  0
BLOCK_RECORD
  5
8A5
330
1
100
AcDbSymbolTableRecord
100
AcDbBlockTableRecord
  2
RECT162560X223520R25
340
0
102
{BLKREFS
331
8B1
331
8B2
331
8B3
331
8B4
102
}
 70
     0
280
     1
281
     0
  0
ENDTAB
  0
ENDSEC
  0
SECTION
  2
BLOCKS
  0
BLOCK
  5
20
330
1F
100
AcDbEntity
  8
0
100
AcDbBlockBegin
  2
*Model_Space
 70
     0
 10
0.0
 20
0.0
 30
0.0
  3
*Model_Space
  1

  0
ENDBLK
  5
21
330
1F
100
AcDbEntity
  8
0
100
AcDbBlockEnd
  0
BLOCK
  5
1C
330
1B
100
AcDbEntity
 67
     1
  8
0
100
AcDbBlockBegin
  2
*Paper_Space
 70
     0
 10
0.0
 20
0.0
 30
0.0
  3
*Paper_Space
  1

  0
ENDBLK
  5
1D
330
1B
100
AcDbEntity
 67
     1
  8
0
100
AcDbBlockEnd
  0
BLOCK
  5
8AE
330
8A5
100
AcDbEntity
  8
0
100
AcDbBlockBegin
  2
RECT162560X223520R25
 70
     0
 10
0.0
 20
0.0
 30
0.0
  3
RECT162560X223520R25
  1

  0
LINE
  5
8A6
330
8A5
100
AcDbEntity
  8
0
  6
Continuous
 62
     7
100
AcDbLine
 10
1.016
 20
0.127
 30
0.0
 11
1.016
 21
1.27
 31
0.0
  0
ARC
  5
8A7
330
8A5
100
AcDbEntity
  8
0
  6
Continuous
 62
     7
100
AcDbCircle
 10
0.8889970596
 20
1.2699970596
 30
0.0
 40
0.1270029404734406
100
AcDbArc
 50
0.0013265423
 51
89.9986734577
  0
LINE
  5
8A8
330
8A5
100
AcDbEntity
  8
0
  6
Continuous
 62
     7
100
AcDbLine
 10
0.889
 20
1.397
 30
0.0
 11
0.127
 21
1.397
 31
0.0
  0
ARC
  5
8A9
330
8A5
100
AcDbEntity
  8
0
  6
Continuous
 62
     7
100
AcDbCircle
 10
0.1270029404
 20
1.2699970596
 30
0.0
 40
0.1270029404734406
100
AcDbArc
 50
90.0013265423
 51
179.9986734577
  0
LINE
  5
8AA
330
8A5
100
AcDbEntity
  8
0
  6
Continuous
 62
     7
100
AcDbLine
 10
0.0
 20
1.27
 30
0.0
 11
0.0
 21
0.127
 31
0.0
  0
ARC
  5
8AB
330
8A5
100
AcDbEntity
  8
0
  6
Continuous
 62
     7
100
AcDbCircle
 10
0.1270029404
 20
0.1270029404
 30
0.0
 40
0.1270029404734406
100
AcDbArc
 50
180.0013265423
 51
269.9986734577
  0
LINE
  5
8AC
330
8A5
100
AcDbEntity
  8
0
  6
Continuous
 62
     7
100
AcDbLine
 10
0.127
 20
0.0
 30
0.0
 11
0.889
 21
0.0
 31
0.0
  0
ARC
  5
8AD
330
8A5
100
AcDbEntity
  8
0
  6
Continuous
 62
     7
100
AcDbCircle
 10
0.8889970596
 20
0.1270029404
 30
0.0
 40
0.1270029404734406
100
AcDbArc
 50
270.0013265423
 51
0.0
  0
ENDBLK
  5
8AF
330
8A5
100
AcDbEntity
  8
0
100
AcDbBlockEnd
  0
ENDSEC
  0
SECTION
  2
ENTITIES
  0
LINE
  5
6E
330
1F
100
AcDbEntity
  8
0
  6
Continuous
 62
     7
100
AcDbLine
 10
-24.004
 20
18.728
 30
0.0
 11
-24.004
 21
19.928
 31
0.0
  0
LINE
  5
6F
330
1F
100
AcDbEntity
  8
0
  6
Continuous
 62
     7
100
AcDbLine
 10
-24.154
 20
20.078
 30
0.0
 11
-25.854
 21
20.078
 31
0.0
  0
LINE
  5
70
330
1F
100
AcDbEntity
  8
0
  6
Continuous
 62
     7
100
AcDbLine
 10
-26.004
 20
19.928
 30
0.0
 11
-26.004
 21
18.728
 31
0.0
  0
LINE
  5
71
330
1F
100
AcDbEntity
  8
0
  6
Continuous
 62
     7
100
AcDbLine
 10
-25.854
 20
18.578
 30
0.0
 11
-24.154
 21
18.578
 31
0.0
  0
LINE
  5
72
330
1F
100
AcDbEntity
  8
0
  6
Continuous
 62
     7
100
AcDbLine
 10
-24.004
 20
21.728
 30
0.0
 11
-24.004
 21
22.928
 31
0.0
  0
LINE
  5
73
330
1F
100
AcDbEntity
  8
0
  6
Continuous
 62
     7
100
AcDbLine
 10
-24.154
 20
23.078
 30
0.0
 11
-25.854
 21
23.078
 31
0.0
  0
LINE
  5
74
330
1F
100
AcDbEntity
  8
0
  6
Continuous
 62
     7
100
AcDbLine
 10
-26.004
 20
22.928
 30
0.0
 11
-26.004
 21
21.728
 31
0.0
  0
LINE
  5
75
330
1F
100
AcDbEntity
  8
0
  6
Continuous
 62
     7
100
AcDbLine
 10
-25.854
 20
21.578
 30
0.0
 11
-24.154
 21
21.578
 31
0.0
  0
LINE
  5
76
330
1F
100
AcDbEntity
  8
0
  6
Continuous
 62
     7
100
AcDbLine
 10
-72.06
 20
62.6496
 30
0.0
 11
-72.06
 21
61.4496
 31
0.0
  0
LINE
  5
77
330
1F
100
AcDbEntity
  8
0
  6
Continuous
 62
     7
100
AcDbLine
 10
-71.91
 20
61.2996
 30
0.0
 11
-70.21
 21
61.2996
 31
0.0
  0
LINE
  5
78
330
1F
100
AcDbEntity
  8
0
  6
Continuous
 62
     7
100
AcDbLine
 10
-70.06
 20
61.4496
 30
0.0
 11
-70.06
 21
62.6496
 31
0.0
  0
LINE
  5
79
330
1F
100
AcDbEntity
  8
0
  6
Continuous
 62
     7
100
AcDbLine
 10
-70.21
 20
62.7996
 30
0.0
 11
-71.91
 21
62.7996
 31
0.0
  0
LINE
  5
7A
330
1F
100
AcDbEntity
  8
0
  6
Continuous
 62
     7
100
AcDbLine
 10
-72.06
 20
59.6496
 30
0.0
 11
-72.06
 21
58.4496
 31
0.0
  0
LINE
  5
7B
330
1F
100
AcDbEntity
  8
0
  6
Continuous
 62
     7
100
AcDbLine
 10
-71.91
 20
58.2996
 30
0.0
 11
-70.21
 21
58.2996
 31
0.0
  0
LINE
  5
7C
330
1F
100
AcDbEntity
  8
0
  6
Continuous
 62
     7
100
AcDbLine
 10
-70.06
 20
58.4496
 30
0.0
 11
-70.06
 21
59.6496
 31
0.0
  0
LINE
  5
7D
330
1F
100
AcDbEntity
  8
0
  6
Continuous
 62
     7
100
AcDbLine
 10
-70.21
 20
59.7996
 30
0.0
 11
-71.91
 21
59.7996
 31
0.0
  0
LINE
  5
7E
330
1F
100
AcDbEntity
  8
0
  6
Continuous
 62
     7
100
AcDbLine
 10
-42.042
 20
-11.694
 30
0.0
 11
-41.042
 21
-11.694
 31
0.0
  0
LINE
  5
7F
330
1F
100
AcDbEntity
  8
0
  6
Continuous
 62
     7
100
AcDbLine
 10
-40.892
 20
-11.544
 30
0.0
 11
-40.892
 21
-10.244
 31
0.0
  0
LINE
  5
80
330
1F
100
AcDbEntity
  8
0
  6
Continuous
 62
     7
100
AcDbLine
 10
-41.042
 20
-10.094
 30
0.0
 11
-42.042
 21
-10.094
 31
0.0
  0
LINE
  5
81
330
1F
100
AcDbEntity
  8
0
  6
Continuous
 62
     7
100
AcDbLine
 10
-42.192
 20
-10.244
 30
0.0
 11
-42.192
 21
-11.544
 31
0.0
  0
LINE
  5
82
330
1F
100
AcDbEntity
  8
0
  6
Continuous
 62
     7
100
AcDbLine
 10
-40.042
 20
-11.694
 30
0.0
 11
-39.042
 21
-11.694
 31
0.0
  0
LINE
  5
83
330
1F
100
AcDbEntity
  8
0
  6
Continuous
 62
     7
100
AcDbLine
 10
-38.892
 20
-11.544
 30
0.0
 11
-38.892
 21
-10.244
 31
0.0
  0
LINE
  5
84
330
1F
100
AcDbEntity
  8
0
  6
Continuous
 62
     7
100
AcDbLine
 10
-39.042
 20
-10.094
 30
0.0
 11
-40.042
 21
-10.094
 31
0.0
  0
LINE
  5
85
330
1F
100
AcDbEntity
  8
0
  6
Continuous
 62
     7
100
AcDbLine
 10
-40.192
 20
-10.244
 30
0.0
 11
-40.192
 21
-11.544
 31
0.0
  0
LINE
  5
86
330
1F
100
AcDbEntity
  8
0
  6
Continuous
 62
     7
100
AcDbLine
 10
-13.086
 20
-11.694
 30
0.0
 11
-12.086
 21
-11.694
 31
0.0
  0
LINE
  5
87
330
1F
100
AcDbEntity
  8
0
  6
Continuous
 62
     7
100
AcDbLine
 10
-11.936
 20
-11.544
 30
0.0
 11
-11.936
 21
-10.244
 31
0.0
  0
LINE
  5
88
330
1F
100
AcDbEntity
  8
0
  6
Continuous
 62
     7
100
AcDbLine
 10
-12.086
 20
-10.094
 30
0.0
 11
-13.086
 21
-10.094
 31
0.0
  0
LINE
  5
89
330
1F
100
AcDbEntity
  8
0
  6
Continuous
 62
     7
100
AcDbLine
 10
-13.236
 20
-10.244
 30
0.0
 11
-13.236
 21
-11.544
 31
0.0
  0
LINE
  5
8A
330
1F
100
AcDbEntity
  8
0
  6
Continuous
 62
     7
100
AcDbLine
 10
-11.086
 20
-11.694
 30
0.0
 11
-10.086
 21
-11.694
 31
0.0
  0
LINE
  5
8B
330
1F
100
AcDbEntity
  8
0
  6
Continuous
 62
     7
100
AcDbLine
 10
-9.936
 20
-11.544
 30
0.0
 11
-9.936
 21
-10.244
 31
0.0
  0
LINE
  5
8C
330
1F
100
AcDbEntity
  8
0
  6
Continuous
 62
     7
100
AcDbLine
 10
-10.086
 20
-10.094
 30
0.0
 11
-11.086
 21
-10.094
 31
0.0
  0
LINE
  5
8D
330
1F
100
AcDbEntity
  8
0
  6
Continuous
 62
     7
100
AcDbLine
 10
-11.236
 20
-10.244
 30
0.0
 11
-11.236
 21
-11.544
 31
0.0
  0
LINE
  5
8E
330
1F
100
AcDbEntity
  8
0
  6
Continuous
 62
     7
100
AcDbLine
 10
-41.842
 20
-7.122
 30
0.0
 11
-40.842
 21
-7.122
 31
0.0
  0
LINE
  5
8F
330
1F
100
AcDbEntity
  8
0
  6
Continuous
 62
     7
100
AcDbLine
 10
-40.692
 20
-6.972
 30
0.0
 11
-40.692
 21
-5.672
 31
0.0
  0
LINE
  5
90
330
1F
100
AcDbEntity
  8
0
  6
Continuous
 62
     7
100
AcDbLine
 10
-40.842
 20
-5.522
 30
0.0
 11
-41.842
 21
-5.522
 31
0.0
  0
LINE
  5
91
330
1F
100
AcDbEntity
  8
0
  6
Continuous
 62
     7
100
AcDbLine
 10
-41.992
 20
-5.672
 30
0.0
 11
-41.992
 21
-6.972
 31
0.0
  0
LINE
  5
92
330
1F
100
AcDbEntity
  8
0
  6
Continuous
 62
     7
100
AcDbLine
 10
-39.842
 20
-7.122
 30
0.0
 11
-38.842
 21
-7.122
 31
0.0
  0
LINE
  5
93
330
1F
100
AcDbEntity
  8
0
  6
Continuous
 62
     7
100
AcDbLine
 10
-38.692
 20
-6.972
 30
0.0
 11
-38.692
 21
-5.672
 31
0.0
  0
LINE
  5
94
330
1F
100
AcDbEntity
  8
0
  6
Continuous
 62
     7
100
AcDbLine
 10
-38.842
 20
-5.522
 30
0.0
 11
-39.842
 21
-5.522
 31
0.0
  0
LINE
  5
95
330
1F
100
AcDbEntity
  8
0
  6
Continuous
 62
     7
100
AcDbLine
 10
-39.992
 20
-5.672
 30
0.0
 11
-39.992
 21
-6.972
 31
0.0
  0
LINE
  5
96
330
1F
100
AcDbEntity
  8
0
  6
Continuous
 62
     7
100
AcDbLine
 10
-10.045
 20
20.194
 30
0.0
 11
-11.515
 21
20.194
 31
0.0
  0
LINE
  5
97
330
1F
100
AcDbEntity
  8
0
  6
Continuous
 62
     7
100
AcDbLine
 10
-11.665
 20
20.044
 30
0.0
 11
-11.665
 21
18.144
 31
0.0
  0
LINE
  5
98
330
1F
100
AcDbEntity
  8
0
  6
Continuous
 62
     7
100
AcDbLine
 10
-11.515
 20
17.994
 30
0.0
 11
-10.045
 21
17.994
 31
0.0
  0
LINE
  5
99
330
1F
100
AcDbEntity
  8
0
  6
Continuous
 62
     7
100
AcDbLine
 10
-9.895
 20
18.144
 30
0.0
 11
-9.895
 21
20.044
 31
0.0
  0
LINE
  5
9A
330
1F
100
AcDbEntity
  8
0
  6
Continuous
 62
     7
100
AcDbLine
 10
-10.045
 20
24.678
 30
0.0
 11
-11.515
 21
24.678
 31
0.0
  0
LINE
  5
9B
330
1F
100
AcDbEntity
  8
0
  6
Continuous
 62
     7
100
AcDbLine
 10
-11.665
 20
24.528
 30
0.0
 11
-11.665
 21
22.628
 31
0.0
  0
LINE
  5
9C
330
1F
100
AcDbEntity
  8
0
  6
Continuous
 62
     7
100
AcDbLine
 10
-11.515
 20
22.478
 30
0.0
 11
-10.045
 21
22.478
 31
0.0
  0
LINE
  5
9D
330
1F
100
AcDbEntity
  8
0
  6
Continuous
 62
     7
100
AcDbLine
 10
-9.895
 20
22.628
 30
0.0
 11
-9.895
 21
24.528
 31
0.0
  0
LINE
  5
9E
330
1F
100
AcDbEntity
  8
0
  6
Continuous
 62
     7
100
AcDbLine
 10
-15.125
 20
20.194
 30
0.0
 11
-16.595
 21
20.194
 31
0.0
  0
LINE
  5
9F
330
1F
100
AcDbEntity
  8
0
  6
Continuous
 62
     7
100
AcDbLine
 10
-16.745
 20
20.044
 30
0.0
 11
-16.745
 21
18.144
 31
0.0
  0
LINE
  5
A0
330
1F
100
AcDbEntity
  8
0
  6
Continuous
 62
     7
100
AcDbLine
 10
-16.595
 20
17.994
 30
0.0
 11
-15.125
 21
17.994
 31
0.0
  0
LINE
  5
A1
330
1F
100
AcDbEntity
  8
0
  6
Continuous
 62
     7
100
AcDbLine
 10
-14.975
 20
18.144
 30
0.0
 11
-14.975
 21
20.044
 31
0.0
  0
LINE
  5
A2
330
1F
100
AcDbEntity
  8
0
  6
Continuous
 62
     7
100
AcDbLine
 10
-15.125
 20
24.678
 30
0.0
 11
-16.595
 21
24.678
 31
0.0
  0
LINE
  5
A3
330
1F
100
AcDbEntity
  8
0
  6
Continuous
 62
     7
100
AcDbLine
 10
-16.745
 20
24.528
 30
0.0
 11
-16.745
 21
22.628
 31
0.0
  0
LINE
  5
A4
330
1F
100
AcDbEntity
  8
0
  6
Continuous
 62
     7
100
AcDbLine
 10
-16.595
 20
22.478
 30
0.0
 11
-15.125
 21
22.478
 31
0.0
  0
LINE
  5
A5
330
1F
100
AcDbEntity
  8
0
  6
Continuous
 62
     7
100
AcDbLine
 10
-14.975
 20
22.628
 30
0.0
 11
-14.975
 21
24.528
 31
0.0
  0
LINE
  5
A6
330
1F
100
AcDbEntity
  8
0
  6
Continuous
 62
     7
100
AcDbLine
 10
-20.205
 20
29.338
 30
0.0
 11
-21.675
 21
29.338
 31
0.0
  0
LINE
  5
A7
330
1F
100
AcDbEntity
  8
0
  6
Continuous
 62
     7
100
AcDbLine
 10
-21.825
 20
29.188
 30
0.0
 11
-21.825
 21
27.288
 31
0.0
  0
LINE
  5
A8
330
1F
100
AcDbEntity
  8
0
  6
Continuous
 62
     7
100
AcDbLine
 10
-21.675
 20
27.138
 30
0.0
 11
-20.205
 21
27.138
 31
0.0
  0
LINE
  5
A9
330
1F
100
AcDbEntity
  8
0
  6
Continuous
 62
     7
100
AcDbLine
 10
-20.055
 20
27.288
 30
0.0
 11
-20.055
 21
29.188
 31
0.0
  0
LINE
  5
AA
330
1F
100
AcDbEntity
  8
0
  6
Continuous
 62
     7
100
AcDbLine
 10
-20.205
 20
33.822
 30
0.0
 11
-21.675
 21
33.822
 31
0.0
  0
LINE
  5
AB
330
1F
100
AcDbEntity
  8
0
  6
Continuous
 62
     7
100
AcDbLine
 10
-21.825
 20
33.672
 30
0.0
 11
-21.825
 21
31.772
 31
0.0
  0
LINE
  5
AC
330
1F
100
AcDbEntity
  8
0
  6
Continuous
 62
     7
100
AcDbLine
 10
-21.675
 20
31.622
 30
0.0
 11
-20.205
 21
31.622
 31
0.0
  0
LINE
  5
AD
330
1F
100
AcDbEntity
  8
0
  6
Continuous
 62
     7
100
AcDbLine
 10
-20.055
 20
31.772
 30
0.0
 11
-20.055
 21
33.672
 31
0.0
  0
LINE
  5
AE
330
1F
100
AcDbEntity
  8
0
  6
Continuous
 62
     7
100
AcDbLine
 10
-15.125
 20
29.338
 30
0.0
 11
-16.595
 21
29.338
 31
0.0
  0
LINE
  5
AF
330
1F
100
AcDbEntity
  8
0
  6
Continuous
 62
     7
100
AcDbLine
 10
-16.745
 20
29.188
 30
0.0
 11
-16.745
 21
27.288
 31
0.0
  0
LINE
  5
B0
330
1F
100
AcDbEntity
  8
0
  6
Continuous
 62
     7
100
AcDbLine
 10
-16.595
 20
27.138
 30
0.0
 11
-15.125
 21
27.138
 31
0.0
  0
LINE
  5
B1
330
1F
100
AcDbEntity
  8
0
  6
Continuous
 62
     7
100
AcDbLine
 10
-14.975
 20
27.288
 30
0.0
 11
-14.975
 21
29.188
 31
0.0
  0
LINE
  5
B2
330
1F
100
AcDbEntity
  8
0
  6
Continuous
 62
     7
100
AcDbLine
 10
-15.125
 20
33.822
 30
0.0
 11
-16.595
 21
33.822
 31
0.0
  0
LINE
  5
B3
330
1F
100
AcDbEntity
  8
0
  6
Continuous
 62
     7
100
AcDbLine
 10
-16.745
 20
33.672
 30
0.0
 11
-16.745
 21
31.772
 31
0.0
  0
LINE
  5
B4
330
1F
100
AcDbEntity
  8
0
  6
Continuous
 62
     7
100
AcDbLine
 10
-16.595
 20
31.622
 30
0.0
 11
-15.125
 21
31.622
 31
0.0
  0
LINE
  5
B5
330
1F
100
AcDbEntity
  8
0
  6
Continuous
 62
     7
100
AcDbLine
 10
-14.975
 20
31.772
 30
0.0
 11
-14.975
 21
33.672
 31
0.0
  0
LINE
  5
B6
330
1F
100
AcDbEntity
  8
0
  6
Continuous
 62
     7
100
AcDbLine
 10
-10.045
 20
29.338
 30
0.0
 11
-11.515
 21
29.338
 31
0.0
  0
LINE
  5
B7
330
1F
100
AcDbEntity
  8
0
  6
Continuous
 62
     7
100
AcDbLine
 10
-11.665
 20
29.188
 30
0.0
 11
-11.665
 21
27.288
 31
0.0
  0
LINE
  5
B8
330
1F
100
AcDbEntity
  8
0
  6
Continuous
 62
     7
100
AcDbLine
 10
-11.515
 20
27.138
 30
0.0
 11
-10.045
 21
27.138
 31
0.0
  0
LINE
  5
B9
330
1F
100
AcDbEntity
  8
0
  6
Continuous
 62
     7
100
AcDbLine
 10
-9.895
 20
27.288
 30
0.0
 11
-9.895
 21
29.188
 31
0.0
  0
LINE
  5
BA
330
1F
100
AcDbEntity
  8
0
  6
Continuous
 62
     7
100
AcDbLine
 10
-10.045
 20
33.822
 30
0.0
 11
-11.515
 21
33.822
 31
0.0
  0
LINE
  5
BB
330
1F
100
AcDbEntity
  8
0
  6
Continuous
 62
     7
100
AcDbLine
 10
-11.665
 20
33.672
 30
0.0
 11
-11.665
 21
31.772
 31
0.0
  0
LINE
  5
BC
330
1F
100
AcDbEntity
  8
0
  6
Continuous
 62
     7
100
AcDbLine
 10
-11.515
 20
31.622
 30
0.0
 11
-10.045
 21
31.622
 31
0.0
  0
LINE
  5
BD
330
1F
100
AcDbEntity
  8
0
  6
Continuous
 62
     7
100
AcDbLine
 10
-9.895
 20
31.772
 30
0.0
 11
-9.895
 21
33.672
 31
0.0
  0
LINE
  5
BE
330
1F
100
AcDbEntity
  8
0
  6
Continuous
 62
     7
100
AcDbLine
 10
-20.205
 20
20.194
 30
0.0
 11
-21.675
 21
20.194
 31
0.0
  0
LINE
  5
BF
330
1F
100
AcDbEntity
  8
0
  6
Continuous
 62
     7
100
AcDbLine
 10
-21.825
 20
20.044
 30
0.0
 11
-21.825
 21
18.144
 31
0.0
  0
LINE
  5
C0
330
1F
100
AcDbEntity
  8
0
  6
Continuous
 62
     7
100
AcDbLine
 10
-21.675
 20
17.994
 30
0.0
 11
-20.205
 21
17.994
 31
0.0
  0
LINE
  5
C1
330
1F
100
AcDbEntity
  8
0
  6
Continuous
 62
     7
100
AcDbLine
 10
-20.055
 20
18.144
 30
0.0
 11
-20.055
 21
20.044
 31
0.0
  0
LINE
  5
C2
330
1F
100
AcDbEntity
  8
0
  6
Continuous
 62
     7
100
AcDbLine
 10
-20.205
 20
24.678
 30
0.0
 11
-21.675
 21
24.678
 31
0.0
  0
LINE
  5
C3
330
1F
100
AcDbEntity
  8
0
  6
Continuous
 62
     7
100
AcDbLine
 10
-21.825
 20
24.528
 30
0.0
 11
-21.825
 21
22.628
 31
0.0
  0
LINE
  5
C4
330
1F
100
AcDbEntity
  8
0
  6
Continuous
 62
     7
100
AcDbLine
 10
-21.675
 20
22.478
 30
0.0
 11
-20.205
 21
22.478
 31
0.0
  0
LINE
  5
C5
330
1F
100
AcDbEntity
  8
0
  6
Continuous
 62
     7
100
AcDbLine
 10
-20.055
 20
22.628
 30
0.0
 11
-20.055
 21
24.528
 31
0.0
  0
LINE
  5
C6
330
1F
100
AcDbEntity
  8
0
  6
Continuous
 62
     7
100
AcDbLine
 10
-30.0
 20
17.04
 30
0.0
 11
-30.0
 21
18.54
 31
0.0
  0
LINE
  5
C7
330
1F
100
AcDbEntity
  8
0
  6
Continuous
 62
     7
100
AcDbLine
 10
-30.15
 20
18.69
 30
0.0
 11
-32.05
 21
18.69
 31
0.0
  0
LINE
  5
C8
330
1F
100
AcDbEntity
  8
0
  6
Continuous
 62
     7
100
AcDbLine
 10
-32.2
 20
18.54
 30
0.0
 11
-32.2
 21
17.04
 31
0.0
  0
LINE
  5
C9
330
1F
100
AcDbEntity
  8
0
  6
Continuous
 62
     7
100
AcDbLine
 10
-32.05
 20
16.89
 30
0.0
 11
-30.15
 21
16.89
 31
0.0
  0
LINE
  5
CA
330
1F
100
AcDbEntity
  8
0
  6
Continuous
 62
     7
100
AcDbLine
 10
-30.0
 20
11.94
 30
0.0
 11
-30.0
 21
13.44
 31
0.0
  0
LINE
  5
CB
330
1F
100
AcDbEntity
  8
0
  6
Continuous
 62
     7
100
AcDbLine
 10
-30.15
 20
13.59
 30
0.0
 11
-32.05
 21
13.59
 31
0.0
  0
LINE
  5
CC
330
1F
100
AcDbEntity
  8
0
  6
Continuous
 62
     7
100
AcDbLine
 10
-32.2
 20
13.44
 30
0.0
 11
-32.2
 21
11.94
 31
0.0
  0
LINE
  5
CD
330
1F
100
AcDbEntity
  8
0
  6
Continuous
 62
     7
100
AcDbLine
 10
-32.05
 20
11.79
 30
0.0
 11
-30.15
 21
11.79
 31
0.0
  0
LINE
  5
CE
330
1F
100
AcDbEntity
  8
0
  6
Continuous
 62
     7
100
AcDbLine
 10
-86.019
 20
61.1836
 30
0.0
 11
-84.549
 21
61.1836
 31
0.0
  0
LINE
  5
CF
330
1F
100
AcDbEntity
  8
0
  6
Continuous
 62
     7
100
AcDbLine
 10
-84.399
 20
61.3336
 30
0.0
 11
-84.399
 21
63.2336
 31
0.0
  0
LINE
  5
D0
330
1F
100
AcDbEntity
  8
0
  6
Continuous
 62
     7
100
AcDbLine
 10
-84.549
 20
63.3836
 30
0.0
 11
-86.019
 21
63.3836
 31
0.0
  0
LINE
  5
D1
330
1F
100
AcDbEntity
  8
0
  6
Continuous
 62
     7
100
AcDbLine
 10
-86.169
 20
63.2336
 30
0.0
 11
-86.169
 21
61.3336
 31
0.0
  0
LINE
  5
D2
330
1F
100
AcDbEntity
  8
0
  6
Continuous
 62
     7
100
AcDbLine
 10
-86.019
 20
56.6996
 30
0.0
 11
-84.549
 21
56.6996
 31
0.0
  0
LINE
  5
D3
330
1F
100
AcDbEntity
  8
0
  6
Continuous
 62
     7
100
AcDbLine
 10
-84.399
 20
56.8496
 30
0.0
 11
-84.399
 21
58.7496
 31
0.0
  0
LINE
  5
D4
330
1F
100
AcDbEntity
  8
0
  6
Continuous
 62
     7
100
AcDbLine
 10
-84.549
 20
58.8996
 30
0.0
 11
-86.019
 21
58.8996
 31
0.0
  0
LINE
  5
D5
330
1F
100
AcDbEntity
  8
0
  6
Continuous
 62
     7
100
AcDbLine
 10
-86.169
 20
58.7496
 30
0.0
 11
-86.169
 21
56.8496
 31
0.0
  0
LINE
  5
D6
330
1F
100
AcDbEntity
  8
0
  6
Continuous
 62
     7
100
AcDbLine
 10
-80.939
 20
61.1836
 30
0.0
 11
-79.469
 21
61.1836
 31
0.0
  0
LINE
  5
D7
330
1F
100
AcDbEntity
  8
0
  6
Continuous
 62
     7
100
AcDbLine
 10
-79.319
 20
61.3336
 30
0.0
 11
-79.319
 21
63.2336
 31
0.0
  0
LINE
  5
D8
330
1F
100
AcDbEntity
  8
0
  6
Continuous
 62
     7
100
AcDbLine
 10
-79.469
 20
63.3836
 30
0.0
 11
-80.939
 21
63.3836
 31
0.0
  0
LINE
  5
D9
330
1F
100
AcDbEntity
  8
0
  6
Continuous
 62
     7
100
AcDbLine
 10
-81.089
 20
63.2336
 30
0.0
 11
-81.089
 21
61.3336
 31
0.0
  0
LINE
  5
DA
330
1F
100
AcDbEntity
  8
0
  6
Continuous
 62
     7
100
AcDbLine
 10
-80.939
 20
56.6996
 30
0.0
 11
-79.469
 21
56.6996
 31
0.0
  0
LINE
  5
DB
330
1F
100
AcDbEntity
  8
0
  6
Continuous
 62
     7
100
AcDbLine
 10
-79.319
 20
56.8496
 30
0.0
 11
-79.319
 21
58.7496
 31
0.0
  0
LINE
  5
DC
330
1F
100
AcDbEntity
  8
0
  6
Continuous
 62
     7
100
AcDbLine
 10
-79.469
 20
58.8996
 30
0.0
 11
-80.939
 21
58.8996
 31
0.0
  0
LINE
  5
DD
330
1F
100
AcDbEntity
  8
0
  6
Continuous
 62
     7
100
AcDbLine
 10
-81.089
 20
58.7496
 30
0.0
 11
-81.089
 21
56.8496
 31
0.0
  0
LINE
  5
DE
330
1F
100
AcDbEntity
  8
0
  6
Continuous
 62
     7
100
AcDbLine
 10
-75.8989438834
 20
52.0396
 30
0.0
 11
-74.3490561166
 21
52.0396
 31
0.0
  0
LINE
  5
DF
330
1F
100
AcDbEntity
  8
0
  6
Continuous
 62
     7
100
AcDbLine
 10
-74.239
 20
52.1496561166
 30
0.0
 11
-74.239
 21
54.1295438834
 31
0.0
  0
LINE
  5
E0
330
1F
100
AcDbEntity
  8
0
  6
Continuous
 62
     7
100
AcDbLine
 10
-74.3490561166
 20
54.2396
 30
0.0
 11
-75.8989438834
 21
54.2396
 31
0.0
  0
LINE
  5
E1
330
1F
100
AcDbEntity
  8
0
  6
Continuous
 62
     7
100
AcDbLine
 10
-76.009
 20
54.1295438834
 30
0.0
 11
-76.009
 21
52.1496561166
 31
0.0
  0
LINE
  5
E2
330
1F
100
AcDbEntity
  8
0
  6
Continuous
 62
     7
100
AcDbLine
 10
-75.8989438834
 20
47.5556
 30
0.0
 11
-74.3490561166
 21
47.5556
 31
0.0
  0
LINE
  5
E3
330
1F
100
AcDbEntity
  8
0
  6
Continuous
 62
     7
100
AcDbLine
 10
-74.239
 20
47.6656561166
 30
0.0
 11
-74.239
 21
49.6455438834
 31
0.0
  0
LINE
  5
E4
330
1F
100
AcDbEntity
  8
0
  6
Continuous
 62
     7
100
AcDbLine
 10
-74.3490561166
 20
49.7556
 30
0.0
 11
-75.8989438834
 21
49.7556
 31
0.0
  0
LINE
  5
E5
330
1F
100
AcDbEntity
  8
0
  6
Continuous
 62
     7
100
AcDbLine
 10
-76.009
 20
49.6455438834
 30
0.0
 11
-76.009
 21
47.6656561166
 31
0.0
  0
LINE
  5
E6
330
1F
100
AcDbEntity
  8
0
  6
Continuous
 62
     7
100
AcDbLine
 10
-80.9789438834
 20
52.0396
 30
0.0
 11
-79.4290561166
 21
52.0396
 31
0.0
  0
LINE
  5
E7
330
1F
100
AcDbEntity
  8
0
  6
Continuous
 62
     7
100
AcDbLine
 10
-79.319
 20
52.1496561166
 30
0.0
 11
-79.319
 21
54.1295438834
 31
0.0
  0
LINE
  5
E8
330
1F
100
AcDbEntity
  8
0
  6
Continuous
 62
     7
100
AcDbLine
 10
-79.4290561166
 20
54.2396
 30
0.0
 11
-80.9789438834
 21
54.2396
 31
0.0
  0
LINE
  5
E9
330
1F
100
AcDbEntity
  8
0
  6
Continuous
 62
     7
100
AcDbLine
 10
-81.089
 20
54.1295438834
 30
0.0
 11
-81.089
 21
52.1496561166
 31
0.0
  0
LINE
  5
EA
330
1F
100
AcDbEntity
  8
0
  6
Continuous
 62
     7
100
AcDbLine
 10
-80.9789438834
 20
47.5556
 30
0.0
 11
-79.4290561166
 21
47.5556
 31
0.0
  0
LINE
  5
EB
330
1F
100
AcDbEntity
  8
0
  6
Continuous
 62
     7
100
AcDbLine
 10
-79.319
 20
47.6656561166
 30
0.0
 11
-79.319
 21
49.6455438834
 31
0.0
  0
LINE
  5
EC
330
1F
100
AcDbEntity
  8
0
  6
Continuous
 62
     7
100
AcDbLine
 10
-79.4290561166
 20
49.7556
 30
0.0
 11
-80.9789438834
 21
49.7556
 31
0.0
  0
LINE
  5
ED
330
1F
100
AcDbEntity
  8
0
  6
Continuous
 62
     7
100
AcDbLine
 10
-81.089
 20
49.6455438834
 30
0.0
 11
-81.089
 21
47.6656561166
 31
0.0
  0
LINE
  5
EE
330
1F
100
AcDbEntity
  8
0
  6
Continuous
 62
     7
100
AcDbLine
 10
-86.0589438834
 20
52.0396
 30
0.0
 11
-84.5090561166
 21
52.0396
 31
0.0
  0
LINE
  5
EF
330
1F
100
AcDbEntity
  8
0
  6
Continuous
 62
     7
100
AcDbLine
 10
-84.399
 20
52.1496561166
 30
0.0
 11
-84.399
 21
54.1295438834
 31
0.0
  0
LINE
  5
F0
330
1F
100
AcDbEntity
  8
0
  6
Continuous
 62
     7
100
AcDbLine
 10
-84.5090561166
 20
54.2396
 30
0.0
 11
-86.0589438834
 21
54.2396
 31
0.0
  0
LINE
  5
F1
330
1F
100
AcDbEntity
  8
0
  6
Continuous
 62
     7
100
AcDbLine
 10
-86.169
 20
54.1295438834
 30
0.0
 11
-86.169
 21
52.1496561166
 31
0.0
  0
LINE
  5
F2
330
1F
100
AcDbEntity
  8
0
  6
Continuous
 62
     7
100
AcDbLine
 10
-86.0589438834
 20
47.5556
 30
0.0
 11
-84.5090561166
 21
47.5556
 31
0.0
  0
LINE
  5
F3
330
1F
100
AcDbEntity
  8
0
  6
Continuous
 62
     7
100
AcDbLine
 10
-84.399
 20
47.6656561166
 30
0.0
 11
-84.399
 21
49.6455438834
 31
0.0
  0
LINE
  5
F4
330
1F
100
AcDbEntity
  8
0
  6
Continuous
 62
     7
100
AcDbLine
 10
-84.5090561166
 20
49.7556
 30
0.0
 11
-86.0589438834
 21
49.7556
 31
0.0
  0
LINE
  5
F5
330
1F
100
AcDbEntity
  8
0
  6
Continuous
 62
     7
100
AcDbLine
 10
-86.169
 20
49.6455438834
 30
0.0
 11
-86.169
 21
47.6656561166
 31
0.0
  0
LINE
  5
F6
330
1F
100
AcDbEntity
  8
0
  6
Continuous
 62
     7
100
AcDbLine
 10
-75.859
 20
61.1836
 30
0.0
 11
-74.389
 21
61.1836
 31
0.0
  0
LINE
  5
F7
330
1F
100
AcDbEntity
  8
0
  6
Continuous
 62
     7
100
AcDbLine
 10
-74.239
 20
61.3336
 30
0.0
 11
-74.239
 21
63.2336
 31
0.0
  0
LINE
  5
F8
330
1F
100
AcDbEntity
  8
0
  6
Continuous
 62
     7
100
AcDbLine
 10
-74.389
 20
63.3836
 30
0.0
 11
-75.859
 21
63.3836
 31
0.0
  0
LINE
  5
F9
330
1F
100
AcDbEntity
  8
0
  6
Continuous
 62
     7
100
AcDbLine
 10
-76.009
 20
63.2336
 30
0.0
 11
-76.009
 21
61.3336
 31
0.0
  0
LINE
  5
FA
330
1F
100
AcDbEntity
  8
0
  6
Continuous
 62
     7
100
AcDbLine
 10
-75.859
 20
56.6996
 30
0.0
 11
-74.389
 21
56.6996
 31
0.0
  0
LINE
  5
FB
330
1F
100
AcDbEntity
  8
0
  6
Continuous
 62
     7
100
AcDbLine
 10
-74.239
 20
56.8496
 30
0.0
 11
-74.239
 21
58.7496
 31
0.0
  0
LINE
  5
FC
330
1F
100
AcDbEntity
  8
0
  6
Continuous
 62
     7
100
AcDbLine
 10
-74.389
 20
58.8996
 30
0.0
 11
-75.859
 21
58.8996
 31
0.0
  0
LINE
  5
FD
330
1F
100
AcDbEntity
  8
0
  6
Continuous
 62
     7
100
AcDbLine
 10
-76.009
 20
58.7496
 30
0.0
 11
-76.009
 21
56.8496
 31
0.0
  0
LINE
  5
FE
330
1F
100
AcDbEntity
  8
0
  6
Continuous
 62
     7
100
AcDbLine
 10
-66.064
 20
64.3376
 30
0.0
 11
-66.064
 21
62.8376
 31
0.0
  0
LINE
  5
FF
330
1F
100
AcDbEntity
  8
0
  6
Continuous
 62
     7
100
AcDbLine
 10
-65.914
 20
62.6876
 30
0.0
 11
-64.014
 21
62.6876
 31
0.0
  0
LINE
  5
100
330
1F
100
AcDbEntity
  8
0
  6
Continuous
 62
     7
100
AcDbLine
 10
-63.864
 20
62.8376
 30
0.0
 11
-63.864
 21
64.3376
 31
0.0
  0
LINE
  5
101
330
1F
100
AcDbEntity
  8
0
  6
Continuous
 62
     7
100
AcDbLine
 10
-64.014
 20
64.4876
 30
0.0
 11
-65.914
 21
64.4876
 31
0.0
  0
LINE
  5
102
330
1F
100
AcDbEntity
  8
0
  6
Continuous
 62
     7
100
AcDbLine
 10
-66.064
 20
69.4376
 30
0.0
 11
-66.064
 21
67.9376
 31
0.0
  0
LINE
  5
103
330
1F
100
AcDbEntity
  8
0
  6
Continuous
 62
     7
100
AcDbLine
 10
-65.914
 20
67.7876
 30
0.0
 11
-64.014
 21
67.7876
 31
0.0
  0
LINE
  5
104
330
1F
100
AcDbEntity
  8
0
  6
Continuous
 62
     7
100
AcDbLine
 10
-63.864
 20
67.9376
 30
0.0
 11
-63.864
 21
69.4376
 31
0.0
  0
LINE
  5
105
330
1F
100
AcDbEntity
  8
0
  6
Continuous
 62
     7
100
AcDbLine
 10
-64.014
 20
69.5876
 30
0.0
 11
-65.914
 21
69.5876
 31
0.0
  0
LINE
  5
106
330
1F
100
AcDbEntity
  8
0
  6
Continuous
 62
     7
100
AcDbLine
 10
-54.446
 20
-6.8592
 30
0.0
 11
-54.446
 21
-5.3892
 31
0.0
  0
LINE
  5
107
330
1F
100
AcDbEntity
  8
0
  6
Continuous
 62
     7
100
AcDbLine
 10
-54.596
 20
-5.2392
 30
0.0
 11
-56.496
 21
-5.2392
 31
0.0
  0
LINE
  5
108
330
1F
100
AcDbEntity
  8
0
  6
Continuous
 62
     7
100
AcDbLine
 10
-56.646
 20
-5.3892
 30
0.0
 11
-56.646
 21
-6.8592
 31
0.0
  0
LINE
  5
109
330
1F
100
AcDbEntity
  8
0
  6
Continuous
 62
     7
100
AcDbLine
 10
-56.496
 20
-7.0092
 30
0.0
 11
-54.596
 21
-7.0092
 31
0.0
  0
LINE
  5
10A
330
1F
100
AcDbEntity
  8
0
  6
Continuous
 62
     7
100
AcDbLine
 10
-49.962
 20
-6.8592
 30
0.0
 11
-49.962
 21
-5.3892
 31
0.0
  0
LINE
  5
10B
330
1F
100
AcDbEntity
  8
0
  6
Continuous
 62
     7
100
AcDbLine
 10
-50.112
 20
-5.2392
 30
0.0
 11
-52.012
 21
-5.2392
 31
0.0
  0
LINE
  5
10C
330
1F
100
AcDbEntity
  8
0
  6
Continuous
 62
     7
100
AcDbLine
 10
-52.162
 20
-5.3892
 30
0.0
 11
-52.162
 21
-6.8592
 31
0.0
  0
LINE
  5
10D
330
1F
100
AcDbEntity
  8
0
  6
Continuous
 62
     7
100
AcDbLine
 10
-52.012
 20
-7.0092
 30
0.0
 11
-50.112
 21
-7.0092
 31
0.0
  0
LINE
  5
10E
330
1F
100
AcDbEntity
  8
0
  6
Continuous
 62
     7
100
AcDbLine
 10
-8.666
 20
-5.587
 30
0.0
 11
-8.666
 21
-7.057
 31
0.0
  0
LINE
  5
10F
330
1F
100
AcDbEntity
  8
0
  6
Continuous
 62
     7
100
AcDbLine
 10
-8.516
 20
-7.207
 30
0.0
 11
-6.616
 21
-7.207
 31
0.0
  0
LINE
  5
110
330
1F
100
AcDbEntity
  8
0
  6
Continuous
 62
     7
100
AcDbLine
 10
-6.466
 20
-7.057
 30
0.0
 11
-6.466
 21
-5.587
 31
0.0
  0
LINE
  5
111
330
1F
100
AcDbEntity
  8
0
  6
Continuous
 62
     7
100
AcDbLine
 10
-6.616
 20
-5.437
 30
0.0
 11
-8.516
 21
-5.437
 31
0.0
  0
LINE
  5
112
330
1F
100
AcDbEntity
  8
0
  6
Continuous
 62
     7
100
AcDbLine
 10
-13.15
 20
-5.587
 30
0.0
 11
-13.15
 21
-7.057
 31
0.0
  0
LINE
  5
113
330
1F
100
AcDbEntity
  8
0
  6
Continuous
 62
     7
100
AcDbLine
 10
-13.0
 20
-7.207
 30
0.0
 11
-11.1
 21
-7.207
 31
0.0
  0
LINE
  5
114
330
1F
100
AcDbEntity
  8
0
  6
Continuous
 62
     7
100
AcDbLine
 10
-10.95
 20
-7.057
 30
0.0
 11
-10.95
 21
-5.587
 31
0.0
  0
LINE
  5
115
330
1F
100
AcDbEntity
  8
0
  6
Continuous
 62
     7
100
AcDbLine
 10
-11.1
 20
-5.437
 30
0.0
 11
-13.0
 21
-5.437
 31
0.0
  0
LINE
  5
116
330
1F
100
AcDbEntity
  8
0
  6
Continuous
 62
     7
100
AcDbLine
 10
-17.28
 20
42.328
 30
0.0
 11
-16.98
 21
42.328
 31
0.0
  0
LINE
  5
117
330
1F
100
AcDbEntity
  8
0
  6
Continuous
 62
     7
100
AcDbLine
 10
-16.83
 20
42.478
 30
0.0
 11
-16.83
 21
44.378
 31
0.0
  0
LINE
  5
118
330
1F
100
AcDbEntity
  8
0
  6
Continuous
 62
     7
100
AcDbLine
 10
-16.98
 20
44.528
 30
0.0
 11
-17.28
 21
44.528
 31
0.0
  0
LINE
  5
119
330
1F
100
AcDbEntity
  8
0
  6
Continuous
 62
     7
100
AcDbLine
 10
-17.43
 20
44.378
 30
0.0
 11
-17.43
 21
42.478
 31
0.0
  0
LINE
  5
11A
330
1F
100
AcDbEntity
  8
0
  6
Continuous
 62
     7
100
AcDbLine
 10
-16.01
 20
42.328
 30
0.0
 11
-15.71
 21
42.328
 31
0.0
  0
LINE
  5
11B
330
1F
100
AcDbEntity
  8
0
  6
Continuous
 62
     7
100
AcDbLine
 10
-15.56
 20
42.478
 30
0.0
 11
-15.56
 21
44.378
 31
0.0
  0
LINE
  5
11C
330
1F
100
AcDbEntity
  8
0
  6
Continuous
 62
     7
100
AcDbLine
 10
-15.71
 20
44.528
 30
0.0
 11
-16.01
 21
44.528
 31
0.0
  0
LINE
  5
11D
330
1F
100
AcDbEntity
  8
0
  6
Continuous
 62
     7
100
AcDbLine
 10
-16.16
 20
44.378
 30
0.0
 11
-16.16
 21
42.478
 31
0.0
  0
LINE
  5
11E
330
1F
100
AcDbEntity
  8
0
  6
Continuous
 62
     7
100
AcDbLine
 10
-14.74
 20
42.328
 30
0.0
 11
-14.44
 21
42.328
 31
0.0
  0
LINE
  5
11F
330
1F
100
AcDbEntity
  8
0
  6
Continuous
 62
     7
100
AcDbLine
 10
-14.29
 20
42.478
 30
0.0
 11
-14.29
 21
44.378
 31
0.0
  0
LINE
  5
120
330
1F
100
AcDbEntity
  8
0
  6
Continuous
 62
     7
100
AcDbLine
 10
-14.44
 20
44.528
 30
0.0
 11
-14.74
 21
44.528
 31
0.0
  0
LINE
  5
121
330
1F
100
AcDbEntity
  8
0
  6
Continuous
 62
     7
100
AcDbLine
 10
-14.89
 20
44.378
 30
0.0
 11
-14.89
 21
42.478
 31
0.0
  0
LINE
  5
122
330
1F
100
AcDbEntity
  8
0
  6
Continuous
 62
     7
100
AcDbLine
 10
-13.47
 20
42.328
 30
0.0
 11
-13.17
 21
42.328
 31
0.0
  0
LINE
  5
123
330
1F
100
AcDbEntity
  8
0
  6
Continuous
 62
     7
100
AcDbLine
 10
-13.02
 20
42.478
 30
0.0
 11
-13.02
 21
44.378
 31
0.0
  0
LINE
  5
124
330
1F
100
AcDbEntity
  8
0
  6
Continuous
 62
     7
100
AcDbLine
 10
-13.17
 20
44.528
 30
0.0
 11
-13.47
 21
44.528
 31
0.0
  0
LINE
  5
125
330
1F
100
AcDbEntity
  8
0
  6
Continuous
 62
     7
100
AcDbLine
 10
-13.62
 20
44.378
 30
0.0
 11
-13.62
 21
42.478
 31
0.0
  0
LINE
  5
126
330
1F
100
AcDbEntity
  8
0
  6
Continuous
 62
     7
100
AcDbLine
 10
-12.2
 20
42.328
 30
0.0
 11
-11.9
 21
42.328
 31
0.0
  0
LINE
  5
127
330
1F
100
AcDbEntity
  8
0
  6
Continuous
 62
     7
100
AcDbLine
 10
-11.75
 20
42.478
 30
0.0
 11
-11.75
 21
44.378
 31
0.0
  0
LINE
  5
128
330
1F
100
AcDbEntity
  8
0
  6
Continuous
 62
     7
100
AcDbLine
 10
-11.9
 20
44.528
 30
0.0
 11
-12.2
 21
44.528
 31
0.0
  0
LINE
  5
129
330
1F
100
AcDbEntity
  8
0
  6
Continuous
 62
     7
100
AcDbLine
 10
-12.35
 20
44.378
 30
0.0
 11
-12.35
 21
42.478
 31
0.0
  0
LINE
  5
12A
330
1F
100
AcDbEntity
  8
0
  6
Continuous
 62
     7
100
AcDbLine
 10
-10.93
 20
42.328
 30
0.0
 11
-10.63
 21
42.328
 31
0.0
  0
LINE
  5
12B
330
1F
100
AcDbEntity
  8
0
  6
Continuous
 62
     7
100
AcDbLine
 10
-10.48
 20
42.478
 30
0.0
 11
-10.48
 21
44.378
 31
0.0
  0
LINE
  5
12C
330
1F
100
AcDbEntity
  8
0
  6
Continuous
 62
     7
100
AcDbLine
 10
-10.63
 20
44.528
 30
0.0
 11
-10.93
 21
44.528
 31
0.0
  0
LINE
  5
12D
330
1F
100
AcDbEntity
  8
0
  6
Continuous
 62
     7
100
AcDbLine
 10
-11.08
 20
44.378
 30
0.0
 11
-11.08
 21
42.478
 31
0.0
  0
LINE
  5
12E
330
1F
100
AcDbEntity
  8
0
  6
Continuous
 62
     7
100
AcDbLine
 10
-9.66
 20
42.328
 30
0.0
 11
-9.36
 21
42.328
 31
0.0
  0
LINE
  5
12F
330
1F
100
AcDbEntity
  8
0
  6
Continuous
 62
     7
100
AcDbLine
 10
-9.21
 20
42.478
 30
0.0
 11
-9.21
 21
44.378
 31
0.0
  0
LINE
  5
130
330
1F
100
AcDbEntity
  8
0
  6
Continuous
 62
     7
100
AcDbLine
 10
-9.36
 20
44.528
 30
0.0
 11
-9.66
 21
44.528
 31
0.0
  0
LINE
  5
131
330
1F
100
AcDbEntity
  8
0
  6
Continuous
 62
     7
100
AcDbLine
 10
-9.81
 20
44.378
 30
0.0
 11
-9.81
 21
42.478
 31
0.0
  0
LINE
  5
132
330
1F
100
AcDbEntity
  8
0
  6
Continuous
 62
     7
100
AcDbLine
 10
-9.66
 20
47.928
 30
0.0
 11
-9.36
 21
47.928
 31
0.0
  0
LINE
  5
133
330
1F
100
AcDbEntity
  8
0
  6
Continuous
 62
     7
100
AcDbLine
 10
-9.21
 20
48.078
 30
0.0
 11
-9.21
 21
49.978
 31
0.0
  0
LINE
  5
134
330
1F
100
AcDbEntity
  8
0
  6
Continuous
 62
     7
100
AcDbLine
 10
-9.36
 20
50.128
 30
0.0
 11
-9.66
 21
50.128
 31
0.0
  0
LINE
  5
135
330
1F
100
AcDbEntity
  8
0
  6
Continuous
 62
     7
100
AcDbLine
 10
-9.81
 20
49.978
 30
0.0
 11
-9.81
 21
48.078
 31
0.0
  0
LINE
  5
136
330
1F
100
AcDbEntity
  8
0
  6
Continuous
 62
     7
100
AcDbLine
 10
-10.93
 20
47.928
 30
0.0
 11
-10.63
 21
47.928
 31
0.0
  0
LINE
  5
137
330
1F
100
AcDbEntity
  8
0
  6
Continuous
 62
     7
100
AcDbLine
 10
-10.48
 20
48.078
 30
0.0
 11
-10.48
 21
49.978
 31
0.0
  0
LINE
  5
138
330
1F
100
AcDbEntity
  8
0
  6
Continuous
 62
     7
100
AcDbLine
 10
-10.63
 20
50.128
 30
0.0
 11
-10.93
 21
50.128
 31
0.0
  0
LINE
  5
139
330
1F
100
AcDbEntity
  8
0
  6
Continuous
 62
     7
100
AcDbLine
 10
-11.08
 20
49.978
 30
0.0
 11
-11.08
 21
48.078
 31
0.0
  0
LINE
  5
13A
330
1F
100
AcDbEntity
  8
0
  6
Continuous
 62
     7
100
AcDbLine
 10
-12.2
 20
47.928
 30
0.0
 11
-11.9
 21
47.928
 31
0.0
  0
LINE
  5
13B
330
1F
100
AcDbEntity
  8
0
  6
Continuous
 62
     7
100
AcDbLine
 10
-11.75
 20
48.078
 30
0.0
 11
-11.75
 21
49.978
 31
0.0
  0
LINE
  5
13C
330
1F
100
AcDbEntity
  8
0
  6
Continuous
 62
     7
100
AcDbLine
 10
-11.9
 20
50.128
 30
0.0
 11
-12.2
 21
50.128
 31
0.0
  0
LINE
  5
13D
330
1F
100
AcDbEntity
  8
0
  6
Continuous
 62
     7
100
AcDbLine
 10
-12.35
 20
49.978
 30
0.0
 11
-12.35
 21
48.078
 31
0.0
  0
LINE
  5
13E
330
1F
100
AcDbEntity
  8
0
  6
Continuous
 62
     7
100
AcDbLine
 10
-13.47
 20
47.928
 30
0.0
 11
-13.17
 21
47.928
 31
0.0
  0
LINE
  5
13F
330
1F
100
AcDbEntity
  8
0
  6
Continuous
 62
     7
100
AcDbLine
 10
-13.02
 20
48.078
 30
0.0
 11
-13.02
 21
49.978
 31
0.0
  0
LINE
  5
140
330
1F
100
AcDbEntity
  8
0
  6
Continuous
 62
     7
100
AcDbLine
 10
-13.17
 20
50.128
 30
0.0
 11
-13.47
 21
50.128
 31
0.0
  0
LINE
  5
141
330
1F
100
AcDbEntity
  8
0
  6
Continuous
 62
     7
100
AcDbLine
 10
-13.62
 20
49.978
 30
0.0
 11
-13.62
 21
48.078
 31
0.0
  0
LINE
  5
142
330
1F
100
AcDbEntity
  8
0
  6
Continuous
 62
     7
100
AcDbLine
 10
-14.74
 20
47.928
 30
0.0
 11
-14.44
 21
47.928
 31
0.0
  0
LINE
  5
143
330
1F
100
AcDbEntity
  8
0
  6
Continuous
 62
     7
100
AcDbLine
 10
-14.29
 20
48.078
 30
0.0
 11
-14.29
 21
49.978
 31
0.0
  0
LINE
  5
144
330
1F
100
AcDbEntity
  8
0
  6
Continuous
 62
     7
100
AcDbLine
 10
-14.44
 20
50.128
 30
0.0
 11
-14.74
 21
50.128
 31
0.0
  0
LINE
  5
145
330
1F
100
AcDbEntity
  8
0
  6
Continuous
 62
     7
100
AcDbLine
 10
-14.89
 20
49.978
 30
0.0
 11
-14.89
 21
48.078
 31
0.0
  0
LINE
  5
146
330
1F
100
AcDbEntity
  8
0
  6
Continuous
 62
     7
100
AcDbLine
 10
-16.01
 20
47.928
 30
0.0
 11
-15.71
 21
47.928
 31
0.0
  0
LINE
  5
147
330
1F
100
AcDbEntity
  8
0
  6
Continuous
 62
     7
100
AcDbLine
 10
-15.56
 20
48.078
 30
0.0
 11
-15.56
 21
49.978
 31
0.0
  0
LINE
  5
148
330
1F
100
AcDbEntity
  8
0
  6
Continuous
 62
     7
100
AcDbLine
 10
-15.71
 20
50.128
 30
0.0
 11
-16.01
 21
50.128
 31
0.0
  0
LINE
  5
149
330
1F
100
AcDbEntity
  8
0
  6
Continuous
 62
     7
100
AcDbLine
 10
-16.16
 20
49.978
 30
0.0
 11
-16.16
 21
48.078
 31
0.0
  0
LINE
  5
14A
330
1F
100
AcDbEntity
  8
0
  6
Continuous
 62
     7
100
AcDbLine
 10
-17.43
 20
47.928
 30
0.0
 11
-16.98
 21
47.928
 31
0.0
  0
LINE
  5
14B
330
1F
100
AcDbEntity
  8
0
  6
Continuous
 62
     7
100
AcDbLine
 10
-16.83
 20
48.078
 30
0.0
 11
-16.83
 21
49.978
 31
0.0
  0
LINE
  5
14C
330
1F
100
AcDbEntity
  8
0
  6
Continuous
 62
     7
100
AcDbLine
 10
-16.98
 20
50.128
 30
0.0
 11
-17.28
 21
50.128
 31
0.0
  0
LINE
  5
14D
330
1F
100
AcDbEntity
  8
0
  6
Continuous
 62
     7
100
AcDbLine
 10
-17.43
 20
49.978
 30
0.0
 11
-17.43
 21
47.928
 31
0.0
  0
LINE
  5
14E
330
1F
100
AcDbEntity
  8
0
  6
Continuous
 62
     7
100
AcDbLine
 10
-22.9466
 20
44.1428
 30
0.0
 11
-22.9466
 21
44.5032
 31
0.0
  0
LINE
  5
14F
330
1F
100
AcDbEntity
  8
0
  6
Continuous
 62
     7
100
AcDbLine
 10
-23.0966
 20
44.6532
 30
0.0
 11
-24.8286
 21
44.6532
 31
0.0
  0
LINE
  5
150
330
1F
100
AcDbEntity
  8
0
  6
Continuous
 62
     7
100
AcDbLine
 10
-24.9786
 20
44.5032
 30
0.0
 11
-24.9786
 21
44.1428
 31
0.0
  0
LINE
  5
151
330
1F
100
AcDbEntity
  8
0
  6
Continuous
 62
     7
100
AcDbLine
 10
-24.8286
 20
43.9928
 30
0.0
 11
-23.0966
 21
43.9928
 31
0.0
  0
LINE
  5
152
330
1F
100
AcDbEntity
  8
0
  6
Continuous
 62
     7
100
AcDbLine
 10
-22.9466
 20
45.4128
 30
0.0
 11
-22.9466
 21
45.7732
 31
0.0
  0
LINE
  5
153
330
1F
100
AcDbEntity
  8
0
  6
Continuous
 62
     7
100
AcDbLine
 10
-23.0966
 20
45.9232
 30
0.0
 11
-24.8286
 21
45.9232
 31
0.0
  0
LINE
  5
154
330
1F
100
AcDbEntity
  8
0
  6
Continuous
 62
     7
100
AcDbLine
 10
-24.9786
 20
45.7732
 30
0.0
 11
-24.9786
 21
45.4128
 31
0.0
  0
LINE
  5
155
330
1F
100
AcDbEntity
  8
0
  6
Continuous
 62
     7
100
AcDbLine
 10
-24.8286
 20
45.2628
 30
0.0
 11
-23.0966
 21
45.2628
 31
0.0
  0
LINE
  5
156
330
1F
100
AcDbEntity
  8
0
  6
Continuous
 62
     7
100
AcDbLine
 10
-22.9466
 20
46.6828
 30
0.0
 11
-22.9466
 21
47.0432
 31
0.0
  0
LINE
  5
157
330
1F
100
AcDbEntity
  8
0
  6
Continuous
 62
     7
100
AcDbLine
 10
-23.0966
 20
47.1932
 30
0.0
 11
-24.8286
 21
47.1932
 31
0.0
  0
LINE
  5
158
330
1F
100
AcDbEntity
  8
0
  6
Continuous
 62
     7
100
AcDbLine
 10
-24.9786
 20
47.0432
 30
0.0
 11
-24.9786
 21
46.6828
 31
0.0
  0
LINE
  5
159
330
1F
100
AcDbEntity
  8
0
  6
Continuous
 62
     7
100
AcDbLine
 10
-24.8286
 20
46.5328
 30
0.0
 11
-23.0966
 21
46.5328
 31
0.0
  0
LINE
  5
15A
330
1F
100
AcDbEntity
  8
0
  6
Continuous
 62
     7
100
AcDbLine
 10
-22.9466
 20
47.9528
 30
0.0
 11
-22.9466
 21
48.3132
 31
0.0
  0
LINE
  5
15B
330
1F
100
AcDbEntity
  8
0
  6
Continuous
 62
     7
100
AcDbLine
 10
-23.0966
 20
48.4632
 30
0.0
 11
-24.8286
 21
48.4632
 31
0.0
  0
LINE
  5
15C
330
1F
100
AcDbEntity
  8
0
  6
Continuous
 62
     7
100
AcDbLine
 10
-24.9786
 20
48.3132
 30
0.0
 11
-24.9786
 21
47.9528
 31
0.0
  0
LINE
  5
15D
330
1F
100
AcDbEntity
  8
0
  6
Continuous
 62
     7
100
AcDbLine
 10
-24.8286
 20
47.8028
 30
0.0
 11
-23.0966
 21
47.8028
 31
0.0
  0
LINE
  5
15E
330
1F
100
AcDbEntity
  8
0
  6
Continuous
 62
     7
100
AcDbLine
 10
-22.9466
 20
49.2228
 30
0.0
 11
-22.9466
 21
49.5832
 31
0.0
  0
LINE
  5
15F
330
1F
100
AcDbEntity
  8
0
  6
Continuous
 62
     7
100
AcDbLine
 10
-23.0966
 20
49.7332
 30
0.0
 11
-24.8286
 21
49.7332
 31
0.0
  0
LINE
  5
160
330
1F
100
AcDbEntity
  8
0
  6
Continuous
 62
     7
100
AcDbLine
 10
-24.9786
 20
49.5832
 30
0.0
 11
-24.9786
 21
49.2228
 31
0.0
  0
LINE
  5
161
330
1F
100
AcDbEntity
  8
0
  6
Continuous
 62
     7
100
AcDbLine
 10
-24.8286
 20
49.0728
 30
0.0
 11
-23.0966
 21
49.0728
 31
0.0
  0
LINE
  5
162
330
1F
100
AcDbEntity
  8
0
  6
Continuous
 62
     7
100
AcDbLine
 10
-22.9466
 20
50.4928
 30
0.0
 11
-22.9466
 21
50.8532
 31
0.0
  0
LINE
  5
163
330
1F
100
AcDbEntity
  8
0
  6
Continuous
 62
     7
100
AcDbLine
 10
-23.0966
 20
51.0032
 30
0.0
 11
-24.8286
 21
51.0032
 31
0.0
  0
LINE
  5
164
330
1F
100
AcDbEntity
  8
0
  6
Continuous
 62
     7
100
AcDbLine
 10
-24.9786
 20
50.8532
 30
0.0
 11
-24.9786
 21
50.4928
 31
0.0
  0
LINE
  5
165
330
1F
100
AcDbEntity
  8
0
  6
Continuous
 62
     7
100
AcDbLine
 10
-24.8286
 20
50.3428
 30
0.0
 11
-23.0966
 21
50.3428
 31
0.0
  0
LINE
  5
166
330
1F
100
AcDbEntity
  8
0
  6
Continuous
 62
     7
100
AcDbLine
 10
-22.9466
 20
51.7628
 30
0.0
 11
-22.9466
 21
52.1232
 31
0.0
  0
LINE
  5
167
330
1F
100
AcDbEntity
  8
0
  6
Continuous
 62
     7
100
AcDbLine
 10
-23.0966
 20
52.2732
 30
0.0
 11
-24.8286
 21
52.2732
 31
0.0
  0
LINE
  5
168
330
1F
100
AcDbEntity
  8
0
  6
Continuous
 62
     7
100
AcDbLine
 10
-24.9786
 20
52.1232
 30
0.0
 11
-24.9786
 21
51.7628
 31
0.0
  0
LINE
  5
169
330
1F
100
AcDbEntity
  8
0
  6
Continuous
 62
     7
100
AcDbLine
 10
-24.8286
 20
51.6128
 30
0.0
 11
-23.0966
 21
51.6128
 31
0.0
  0
LINE
  5
16A
330
1F
100
AcDbEntity
  8
0
  6
Continuous
 62
     7
100
AcDbLine
 10
-22.9466
 20
53.0328
 30
0.0
 11
-22.9466
 21
53.3932
 31
0.0
  0
LINE
  5
16B
330
1F
100
AcDbEntity
  8
0
  6
Continuous
 62
     7
100
AcDbLine
 10
-23.0966
 20
53.5432
 30
0.0
 11
-24.8286
 21
53.5432
 31
0.0
  0
LINE
  5
16C
330
1F
100
AcDbEntity
  8
0
  6
Continuous
 62
     7
100
AcDbLine
 10
-24.9786
 20
53.3932
 30
0.0
 11
-24.9786
 21
53.0328
 31
0.0
  0
LINE
  5
16D
330
1F
100
AcDbEntity
  8
0
  6
Continuous
 62
     7
100
AcDbLine
 10
-24.8286
 20
52.8828
 30
0.0
 11
-23.0966
 21
52.8828
 31
0.0
  0
LINE
  5
16E
330
1F
100
AcDbEntity
  8
0
  6
Continuous
 62
     7
100
AcDbLine
 10
-29.0934
 20
53.0328
 30
0.0
 11
-29.0934
 21
53.3932
 31
0.0
  0
LINE
  5
16F
330
1F
100
AcDbEntity
  8
0
  6
Continuous
 62
     7
100
AcDbLine
 10
-29.2434
 20
53.5432
 30
0.0
 11
-30.9754
 21
53.5432
 31
0.0
  0
LINE
  5
170
330
1F
100
AcDbEntity
  8
0
  6
Continuous
 62
     7
100
AcDbLine
 10
-31.1254
 20
53.3932
 30
0.0
 11
-31.1254
 21
53.0328
 31
0.0
  0
LINE
  5
171
330
1F
100
AcDbEntity
  8
0
  6
Continuous
 62
     7
100
AcDbLine
 10
-30.9754
 20
52.8828
 30
0.0
 11
-29.2434
 21
52.8828
 31
0.0
  0
LINE
  5
172
330
1F
100
AcDbEntity
  8
0
  6
Continuous
 62
     7
100
AcDbLine
 10
-29.0934
 20
51.7628
 30
0.0
 11
-29.0934
 21
52.1232
 31
0.0
  0
LINE
  5
173
330
1F
100
AcDbEntity
  8
0
  6
Continuous
 62
     7
100
AcDbLine
 10
-29.2434
 20
52.2732
 30
0.0
 11
-30.9754
 21
52.2732
 31
0.0
  0
LINE
  5
174
330
1F
100
AcDbEntity
  8
0
  6
Continuous
 62
     7
100
AcDbLine
 10
-31.1254
 20
52.1232
 30
0.0
 11
-31.1254
 21
51.7628
 31
0.0
  0
LINE
  5
175
330
1F
100
AcDbEntity
  8
0
  6
Continuous
 62
     7
100
AcDbLine
 10
-30.9754
 20
51.6128
 30
0.0
 11
-29.2434
 21
51.6128
 31
0.0
  0
LINE
  5
176
330
1F
100
AcDbEntity
  8
0
  6
Continuous
 62
     7
100
AcDbLine
 10
-29.0934
 20
50.4928
 30
0.0
 11
-29.0934
 21
50.8532
 31
0.0
  0
LINE
  5
177
330
1F
100
AcDbEntity
  8
0
  6
Continuous
 62
     7
100
AcDbLine
 10
-29.2434
 20
51.0032
 30
0.0
 11
-30.9754
 21
51.0032
 31
0.0
  0
LINE
  5
178
330
1F
100
AcDbEntity
  8
0
  6
Continuous
 62
     7
100
AcDbLine
 10
-31.1254
 20
50.8532
 30
0.0
 11
-31.1254
 21
50.4928
 31
0.0
  0
LINE
  5
179
330
1F
100
AcDbEntity
  8
0
  6
Continuous
 62
     7
100
AcDbLine
 10
-30.9754
 20
50.3428
 30
0.0
 11
-29.2434
 21
50.3428
 31
0.0
  0
LINE
  5
17A
330
1F
100
AcDbEntity
  8
0
  6
Continuous
 62
     7
100
AcDbLine
 10
-29.0934
 20
49.2228
 30
0.0
 11
-29.0934
 21
49.5832
 31
0.0
  0
LINE
  5
17B
330
1F
100
AcDbEntity
  8
0
  6
Continuous
 62
     7
100
AcDbLine
 10
-29.2434
 20
49.7332
 30
0.0
 11
-30.9754
 21
49.7332
 31
0.0
  0
LINE
  5
17C
330
1F
100
AcDbEntity
  8
0
  6
Continuous
 62
     7
100
AcDbLine
 10
-31.1254
 20
49.5832
 30
0.0
 11
-31.1254
 21
49.2228
 31
0.0
  0
LINE
  5
17D
330
1F
100
AcDbEntity
  8
0
  6
Continuous
 62
     7
100
AcDbLine
 10
-30.9754
 20
49.0728
 30
0.0
 11
-29.2434
 21
49.0728
 31
0.0
  0
LINE
  5
17E
330
1F
100
AcDbEntity
  8
0
  6
Continuous
 62
     7
100
AcDbLine
 10
-29.0934
 20
47.9528
 30
0.0
 11
-29.0934
 21
48.3132
 31
0.0
  0
LINE
  5
17F
330
1F
100
AcDbEntity
  8
0
  6
Continuous
 62
     7
100
AcDbLine
 10
-29.2434
 20
48.4632
 30
0.0
 11
-30.9754
 21
48.4632
 31
0.0
  0
LINE
  5
180
330
1F
100
AcDbEntity
  8
0
  6
Continuous
 62
     7
100
AcDbLine
 10
-31.1254
 20
48.3132
 30
0.0
 11
-31.1254
 21
47.9528
 31
0.0
  0
LINE
  5
181
330
1F
100
AcDbEntity
  8
0
  6
Continuous
 62
     7
100
AcDbLine
 10
-30.9754
 20
47.8028
 30
0.0
 11
-29.2434
 21
47.8028
 31
0.0
  0
LINE
  5
182
330
1F
100
AcDbEntity
  8
0
  6
Continuous
 62
     7
100
AcDbLine
 10
-29.0934
 20
46.6828
 30
0.0
 11
-29.0934
 21
47.0432
 31
0.0
  0
LINE
  5
183
330
1F
100
AcDbEntity
  8
0
  6
Continuous
 62
     7
100
AcDbLine
 10
-29.2434
 20
47.1932
 30
0.0
 11
-30.9754
 21
47.1932
 31
0.0
  0
LINE
  5
184
330
1F
100
AcDbEntity
  8
0
  6
Continuous
 62
     7
100
AcDbLine
 10
-31.1254
 20
47.0432
 30
0.0
 11
-31.1254
 21
46.6828
 31
0.0
  0
LINE
  5
185
330
1F
100
AcDbEntity
  8
0
  6
Continuous
 62
     7
100
AcDbLine
 10
-30.9754
 20
46.5328
 30
0.0
 11
-29.2434
 21
46.5328
 31
0.0
  0
LINE
  5
186
330
1F
100
AcDbEntity
  8
0
  6
Continuous
 62
     7
100
AcDbLine
 10
-29.0934
 20
45.4128
 30
0.0
 11
-29.0934
 21
45.7732
 31
0.0
  0
LINE
  5
187
330
1F
100
AcDbEntity
  8
0
  6
Continuous
 62
     7
100
AcDbLine
 10
-29.2434
 20
45.9232
 30
0.0
 11
-30.9754
 21
45.9232
 31
0.0
  0
LINE
  5
188
330
1F
100
AcDbEntity
  8
0
  6
Continuous
 62
     7
100
AcDbLine
 10
-31.1254
 20
45.7732
 30
0.0
 11
-31.1254
 21
45.4128
 31
0.0
  0
LINE
  5
189
330
1F
100
AcDbEntity
  8
0
  6
Continuous
 62
     7
100
AcDbLine
 10
-30.9754
 20
45.2628
 30
0.0
 11
-29.2434
 21
45.2628
 31
0.0
  0
LINE
  5
18A
330
1F
100
AcDbEntity
  8
0
  6
Continuous
 62
     7
100
AcDbLine
 10
-29.0934
 20
44.1428
 30
0.0
 11
-29.0934
 21
44.5032
 31
0.0
  0
LINE
  5
18B
330
1F
100
AcDbEntity
  8
0
  6
Continuous
 62
     7
100
AcDbLine
 10
-29.2434
 20
44.6532
 30
0.0
 11
-30.9754
 21
44.6532
 31
0.0
  0
LINE
  5
18C
330
1F
100
AcDbEntity
  8
0
  6
Continuous
 62
     7
100
AcDbLine
 10
-31.1254
 20
44.5032
 30
0.0
 11
-31.1254
 21
44.1428
 31
0.0
  0
LINE
  5
18D
330
1F
100
AcDbEntity
  8
0
  6
Continuous
 62
     7
100
AcDbLine
 10
-30.9754
 20
43.9928
 30
0.0
 11
-29.2434
 21
43.9928
 31
0.0
  0
LINE
  5
18E
330
1F
100
AcDbEntity
  8
0
  6
Continuous
 62
     7
100
AcDbLine
 10
-78.784
 20
39.0496
 30
0.0
 11
-79.084
 21
39.0496
 31
0.0
  0
LINE
  5
18F
330
1F
100
AcDbEntity
  8
0
  6
Continuous
 62
     7
100
AcDbLine
 10
-79.234
 20
38.8996
 30
0.0
 11
-79.234
 21
36.9996
 31
0.0
  0
LINE
  5
190
330
1F
100
AcDbEntity
  8
0
  6
Continuous
 62
     7
100
AcDbLine
 10
-79.084
 20
36.8496
 30
0.0
 11
-78.784
 21
36.8496
 31
0.0
  0
LINE
  5
191
330
1F
100
AcDbEntity
  8
0
  6
Continuous
 62
     7
100
AcDbLine
 10
-78.634
 20
36.9996
 30
0.0
 11
-78.634
 21
38.8996
 31
0.0
  0
LINE
  5
192
330
1F
100
AcDbEntity
  8
0
  6
Continuous
 62
     7
100
AcDbLine
 10
-80.054
 20
39.0496
 30
0.0
 11
-80.354
 21
39.0496
 31
0.0
  0
LINE
  5
193
330
1F
100
AcDbEntity
  8
0
  6
Continuous
 62
     7
100
AcDbLine
 10
-80.504
 20
38.8996
 30
0.0
 11
-80.504
 21
36.9996
 31
0.0
  0
LINE
  5
194
330
1F
100
AcDbEntity
  8
0
  6
Continuous
 62
     7
100
AcDbLine
 10
-80.354
 20
36.8496
 30
0.0
 11
-80.054
 21
36.8496
 31
0.0
  0
LINE
  5
195
330
1F
100
AcDbEntity
  8
0
  6
Continuous
 62
     7
100
AcDbLine
 10
-79.904
 20
36.9996
 30
0.0
 11
-79.904
 21
38.8996
 31
0.0
  0
LINE
  5
196
330
1F
100
AcDbEntity
  8
0
  6
Continuous
 62
     7
100
AcDbLine
 10
-81.324
 20
39.0496
 30
0.0
 11
-81.624
 21
39.0496
 31
0.0
  0
LINE
  5
197
330
1F
100
AcDbEntity
  8
0
  6
Continuous
 62
     7
100
AcDbLine
 10
-81.774
 20
38.8996
 30
0.0
 11
-81.774
 21
36.9996
 31
0.0
  0
LINE
  5
198
330
1F
100
AcDbEntity
  8
0
  6
Continuous
 62
     7
100
AcDbLine
 10
-81.624
 20
36.8496
 30
0.0
 11
-81.324
 21
36.8496
 31
0.0
  0
LINE
  5
199
330
1F
100
AcDbEntity
  8
0
  6
Continuous
 62
     7
100
AcDbLine
 10
-81.174
 20
36.9996
 30
0.0
 11
-81.174
 21
38.8996
 31
0.0
  0
LINE
  5
19A
330
1F
100
AcDbEntity
  8
0
  6
Continuous
 62
     7
100
AcDbLine
 10
-82.594
 20
39.0496
 30
0.0
 11
-82.894
 21
39.0496
 31
0.0
  0
LINE
  5
19B
330
1F
100
AcDbEntity
  8
0
  6
Continuous
 62
     7
100
AcDbLine
 10
-83.044
 20
38.8996
 30
0.0
 11
-83.044
 21
36.9996
 31
0.0
  0
LINE
  5
19C
330
1F
100
AcDbEntity
  8
0
  6
Continuous
 62
     7
100
AcDbLine
 10
-82.894
 20
36.8496
 30
0.0
 11
-82.594
 21
36.8496
 31
0.0
  0
LINE
  5
19D
330
1F
100
AcDbEntity
  8
0
  6
Continuous
 62
     7
100
AcDbLine
 10
-82.444
 20
36.9996
 30
0.0
 11
-82.444
 21
38.8996
 31
0.0
  0
LINE
  5
19E
330
1F
100
AcDbEntity
  8
0
  6
Continuous
 62
     7
100
AcDbLine
 10
-83.864
 20
39.0496
 30
0.0
 11
-84.164
 21
39.0496
 31
0.0
  0
LINE
  5
19F
330
1F
100
AcDbEntity
  8
0
  6
Continuous
 62
     7
100
AcDbLine
 10
-84.314
 20
38.8996
 30
0.0
 11
-84.314
 21
36.9996
 31
0.0
  0
LINE
  5
1A0
330
1F
100
AcDbEntity
  8
0
  6
Continuous
 62
     7
100
AcDbLine
 10
-84.164
 20
36.8496
 30
0.0
 11
-83.864
 21
36.8496
 31
0.0
  0
LINE
  5
1A1
330
1F
100
AcDbEntity
  8
0
  6
Continuous
 62
     7
100
AcDbLine
 10
-83.714
 20
36.9996
 30
0.0
 11
-83.714
 21
38.8996
 31
0.0
  0
LINE
  5
1A2
330
1F
100
AcDbEntity
  8
0
  6
Continuous
 62
     7
100
AcDbLine
 10
-85.134
 20
39.0496
 30
0.0
 11
-85.434
 21
39.0496
 31
0.0
  0
LINE
  5
1A3
330
1F
100
AcDbEntity
  8
0
  6
Continuous
 62
     7
100
AcDbLine
 10
-85.584
 20
38.8996
 30
0.0
 11
-85.584
 21
36.9996
 31
0.0
  0
LINE
  5
1A4
330
1F
100
AcDbEntity
  8
0
  6
Continuous
 62
     7
100
AcDbLine
 10
-85.434
 20
36.8496
 30
0.0
 11
-85.134
 21
36.8496
 31
0.0
  0
LINE
  5
1A5
330
1F
100
AcDbEntity
  8
0
  6
Continuous
 62
     7
100
AcDbLine
 10
-84.984
 20
36.9996
 30
0.0
 11
-84.984
 21
38.8996
 31
0.0
  0
LINE
  5
1A6
330
1F
100
AcDbEntity
  8
0
  6
Continuous
 62
     7
100
AcDbLine
 10
-86.404
 20
39.0496
 30
0.0
 11
-86.704
 21
39.0496
 31
0.0
  0
LINE
  5
1A7
330
1F
100
AcDbEntity
  8
0
  6
Continuous
 62
     7
100
AcDbLine
 10
-86.854
 20
38.8996
 30
0.0
 11
-86.854
 21
36.9996
 31
0.0
  0
LINE
  5
1A8
330
1F
100
AcDbEntity
  8
0
  6
Continuous
 62
     7
100
AcDbLine
 10
-86.704
 20
36.8496
 30
0.0
 11
-86.404
 21
36.8496
 31
0.0
  0
LINE
  5
1A9
330
1F
100
AcDbEntity
  8
0
  6
Continuous
 62
     7
100
AcDbLine
 10
-86.254
 20
36.9996
 30
0.0
 11
-86.254
 21
38.8996
 31
0.0
  0
LINE
  5
1AA
330
1F
100
AcDbEntity
  8
0
  6
Continuous
 62
     7
100
AcDbLine
 10
-86.404
 20
33.4496
 30
0.0
 11
-86.704
 21
33.4496
 31
0.0
  0
LINE
  5
1AB
330
1F
100
AcDbEntity
  8
0
  6
Continuous
 62
     7
100
AcDbLine
 10
-86.854
 20
33.2996
 30
0.0
 11
-86.854
 21
31.3996
 31
0.0
  0
LINE
  5
1AC
330
1F
100
AcDbEntity
  8
0
  6
Continuous
 62
     7
100
AcDbLine
 10
-86.704
 20
31.2496
 30
0.0
 11
-86.404
 21
31.2496
 31
0.0
  0
LINE
  5
1AD
330
1F
100
AcDbEntity
  8
0
  6
Continuous
 62
     7
100
AcDbLine
 10
-86.254
 20
31.3996
 30
0.0
 11
-86.254
 21
33.2996
 31
0.0
  0
LINE
  5
1AE
330
1F
100
AcDbEntity
  8
0
  6
Continuous
 62
     7
100
AcDbLine
 10
-85.134
 20
33.4496
 30
0.0
 11
-85.434
 21
33.4496
 31
0.0
  0
LINE
  5
1AF
330
1F
100
AcDbEntity
  8
0
  6
Continuous
 62
     7
100
AcDbLine
 10
-85.584
 20
33.2996
 30
0.0
 11
-85.584
 21
31.3996
 31
0.0
  0
LINE
  5
1B0
330
1F
100
AcDbEntity
  8
0
  6
Continuous
 62
     7
100
AcDbLine
 10
-85.434
 20
31.2496
 30
0.0
 11
-85.134
 21
31.2496
 31
0.0
  0
LINE
  5
1B1
330
1F
100
AcDbEntity
  8
0
  6
Continuous
 62
     7
100
AcDbLine
 10
-84.984
 20
31.3996
 30
0.0
 11
-84.984
 21
33.2996
 31
0.0
  0
LINE
  5
1B2
330
1F
100
AcDbEntity
  8
0
  6
Continuous
 62
     7
100
AcDbLine
 10
-83.864
 20
33.4496
 30
0.0
 11
-84.164
 21
33.4496
 31
0.0
  0
LINE
  5
1B3
330
1F
100
AcDbEntity
  8
0
  6
Continuous
 62
     7
100
AcDbLine
 10
-84.314
 20
33.2996
 30
0.0
 11
-84.314
 21
31.3996
 31
0.0
  0
LINE
  5
1B4
330
1F
100
AcDbEntity
  8
0
  6
Continuous
 62
     7
100
AcDbLine
 10
-84.164
 20
31.2496
 30
0.0
 11
-83.864
 21
31.2496
 31
0.0
  0
LINE
  5
1B5
330
1F
100
AcDbEntity
  8
0
  6
Continuous
 62
     7
100
AcDbLine
 10
-83.714
 20
31.3996
 30
0.0
 11
-83.714
 21
33.2996
 31
0.0
  0
LINE
  5
1B6
330
1F
100
AcDbEntity
  8
0
  6
Continuous
 62
     7
100
AcDbLine
 10
-82.594
 20
33.4496
 30
0.0
 11
-82.894
 21
33.4496
 31
0.0
  0
LINE
  5
1B7
330
1F
100
AcDbEntity
  8
0
  6
Continuous
 62
     7
100
AcDbLine
 10
-83.044
 20
33.2996
 30
0.0
 11
-83.044
 21
31.3996
 31
0.0
  0
LINE
  5
1B8
330
1F
100
AcDbEntity
  8
0
  6
Continuous
 62
     7
100
AcDbLine
 10
-82.894
 20
31.2496
 30
0.0
 11
-82.594
 21
31.2496
 31
0.0
  0
LINE
  5
1B9
330
1F
100
AcDbEntity
  8
0
  6
Continuous
 62
     7
100
AcDbLine
 10
-82.444
 20
31.3996
 30
0.0
 11
-82.444
 21
33.2996
 31
0.0
  0
LINE
  5
1BA
330
1F
100
AcDbEntity
  8
0
  6
Continuous
 62
     7
100
AcDbLine
 10
-81.324
 20
33.4496
 30
0.0
 11
-81.624
 21
33.4496
 31
0.0
  0
LINE
  5
1BB
330
1F
100
AcDbEntity
  8
0
  6
Continuous
 62
     7
100
AcDbLine
 10
-81.774
 20
33.2996
 30
0.0
 11
-81.774
 21
31.3996
 31
0.0
  0
LINE
  5
1BC
330
1F
100
AcDbEntity
  8
0
  6
Continuous
 62
     7
100
AcDbLine
 10
-81.624
 20
31.2496
 30
0.0
 11
-81.324
 21
31.2496
 31
0.0
  0
LINE
  5
1BD
330
1F
100
AcDbEntity
  8
0
  6
Continuous
 62
     7
100
AcDbLine
 10
-81.174
 20
31.3996
 30
0.0
 11
-81.174
 21
33.2996
 31
0.0
  0
LINE
  5
1BE
330
1F
100
AcDbEntity
  8
0
  6
Continuous
 62
     7
100
AcDbLine
 10
-80.054
 20
33.4496
 30
0.0
 11
-80.354
 21
33.4496
 31
0.0
  0
LINE
  5
1BF
330
1F
100
AcDbEntity
  8
0
  6
Continuous
 62
     7
100
AcDbLine
 10
-80.504
 20
33.2996
 30
0.0
 11
-80.504
 21
31.3996
 31
0.0
  0
LINE
  5
1C0
330
1F
100
AcDbEntity
  8
0
  6
Continuous
 62
     7
100
AcDbLine
 10
-80.354
 20
31.2496
 30
0.0
 11
-80.054
 21
31.2496
 31
0.0
  0
LINE
  5
1C1
330
1F
100
AcDbEntity
  8
0
  6
Continuous
 62
     7
100
AcDbLine
 10
-79.904
 20
31.3996
 30
0.0
 11
-79.904
 21
33.2996
 31
0.0
  0
LINE
  5
1C2
330
1F
100
AcDbEntity
  8
0
  6
Continuous
 62
     7
100
AcDbLine
 10
-78.784
 20
33.4496
 30
0.0
 11
-79.084
 21
33.4496
 31
0.0
  0
LINE
  5
1C3
330
1F
100
AcDbEntity
  8
0
  6
Continuous
 62
     7
100
AcDbLine
 10
-79.234
 20
33.2996
 30
0.0
 11
-79.234
 21
31.3996
 31
0.0
  0
LINE
  5
1C4
330
1F
100
AcDbEntity
  8
0
  6
Continuous
 62
     7
100
AcDbLine
 10
-79.084
 20
31.2496
 30
0.0
 11
-78.784
 21
31.2496
 31
0.0
  0
LINE
  5
1C5
330
1F
100
AcDbEntity
  8
0
  6
Continuous
 62
     7
100
AcDbLine
 10
-78.634
 20
31.3996
 30
0.0
 11
-78.634
 21
33.2996
 31
0.0
  0
LINE
  5
1C6
330
1F
100
AcDbEntity
  8
0
  6
Continuous
 62
     7
100
AcDbLine
 10
-73.1174
 20
37.2348
 30
0.0
 11
-73.1174
 21
36.8744
 31
0.0
  0
LINE
  5
1C7
330
1F
100
AcDbEntity
  8
0
  6
Continuous
 62
     7
100
AcDbLine
 10
-72.9674
 20
36.7244
 30
0.0
 11
-71.2354
 21
36.7244
 31
0.0
  0
LINE
  5
1C8
330
1F
100
AcDbEntity
  8
0
  6
Continuous
 62
     7
100
AcDbLine
 10
-71.0854
 20
36.8744
 30
0.0
 11
-71.0854
 21
37.2348
 31
0.0
  0
LINE
  5
1C9
330
1F
100
AcDbEntity
  8
0
  6
Continuous
 62
     7
100
AcDbLine
 10
-71.2354
 20
37.3848
 30
0.0
 11
-72.9674
 21
37.3848
 31
0.0
  0
LINE
  5
1CA
330
1F
100
AcDbEntity
  8
0
  6
Continuous
 62
     7
100
AcDbLine
 10
-73.1174
 20
35.9648
 30
0.0
 11
-73.1174
 21
35.6044
 31
0.0
  0
LINE
  5
1CB
330
1F
100
AcDbEntity
  8
0
  6
Continuous
 62
     7
100
AcDbLine
 10
-72.9674
 20
35.4544
 30
0.0
 11
-71.2354
 21
35.4544
 31
0.0
  0
LINE
  5
1CC
330
1F
100
AcDbEntity
  8
0
  6
Continuous
 62
     7
100
AcDbLine
 10
-71.0854
 20
35.6044
 30
0.0
 11
-71.0854
 21
35.9648
 31
0.0
  0
LINE
  5
1CD
330
1F
100
AcDbEntity
  8
0
  6
Continuous
 62
     7
100
AcDbLine
 10
-71.2354
 20
36.1148
 30
0.0
 11
-72.9674
 21
36.1148
 31
0.0
  0
LINE
  5
1CE
330
1F
100
AcDbEntity
  8
0
  6
Continuous
 62
     7
100
AcDbLine
 10
-73.1174
 20
34.6948
 30
0.0
 11
-73.1174
 21
34.3344
 31
0.0
  0
LINE
  5
1CF
330
1F
100
AcDbEntity
  8
0
  6
Continuous
 62
     7
100
AcDbLine
 10
-72.9674
 20
34.1844
 30
0.0
 11
-71.2354
 21
34.1844
 31
0.0
  0
LINE
  5
1D0
330
1F
100
AcDbEntity
  8
0
  6
Continuous
 62
     7
100
AcDbLine
 10
-71.0854
 20
34.3344
 30
0.0
 11
-71.0854
 21
34.6948
 31
0.0
  0
LINE
  5
1D1
330
1F
100
AcDbEntity
  8
0
  6
Continuous
 62
     7
100
AcDbLine
 10
-71.2354
 20
34.8448
 30
0.0
 11
-72.9674
 21
34.8448
 31
0.0
  0
LINE
  5
1D2
330
1F
100
AcDbEntity
  8
0
  6
Continuous
 62
     7
100
AcDbLine
 10
-73.1174
 20
33.4248
 30
0.0
 11
-73.1174
 21
33.0644
 31
0.0
  0
LINE
  5
1D3
330
1F
100
AcDbEntity
  8
0
  6
Continuous
 62
     7
100
AcDbLine
 10
-72.9674
 20
32.9144
 30
0.0
 11
-71.2354
 21
32.9144
 31
0.0
  0
LINE
  5
1D4
330
1F
100
AcDbEntity
  8
0
  6
Continuous
 62
     7
100
AcDbLine
 10
-71.0854
 20
33.0644
 30
0.0
 11
-71.0854
 21
33.4248
 31
0.0
  0
LINE
  5
1D5
330
1F
100
AcDbEntity
  8
0
  6
Continuous
 62
     7
100
AcDbLine
 10
-71.2354
 20
33.5748
 30
0.0
 11
-72.9674
 21
33.5748
 31
0.0
  0
LINE
  5
1D6
330
1F
100
AcDbEntity
  8
0
  6
Continuous
 62
     7
100
AcDbLine
 10
-73.1174
 20
32.1548
 30
0.0
 11
-73.1174
 21
31.7944
 31
0.0
  0
LINE
  5
1D7
330
1F
100
AcDbEntity
  8
0
  6
Continuous
 62
     7
100
AcDbLine
 10
-72.9674
 20
31.6444
 30
0.0
 11
-71.2354
 21
31.6444
 31
0.0
  0
LINE
  5
1D8
330
1F
100
AcDbEntity
  8
0
  6
Continuous
 62
     7
100
AcDbLine
 10
-71.0854
 20
31.7944
 30
0.0
 11
-71.0854
 21
32.1548
 31
0.0
  0
LINE
  5
1D9
330
1F
100
AcDbEntity
  8
0
  6
Continuous
 62
     7
100
AcDbLine
 10
-71.2354
 20
32.3048
 30
0.0
 11
-72.9674
 21
32.3048
 31
0.0
  0
LINE
  5
1DA
330
1F
100
AcDbEntity
  8
0
  6
Continuous
 62
     7
100
AcDbLine
 10
-73.1174
 20
30.8848
 30
0.0
 11
-73.1174
 21
30.5244
 31
0.0
  0
LINE
  5
1DB
330
1F
100
AcDbEntity
  8
0
  6
Continuous
 62
     7
100
AcDbLine
 10
-72.9674
 20
30.3744
 30
0.0
 11
-71.2354
 21
30.3744
 31
0.0
  0
LINE
  5
1DC
330
1F
100
AcDbEntity
  8
0
  6
Continuous
 62
     7
100
AcDbLine
 10
-71.0854
 20
30.5244
 30
0.0
 11
-71.0854
 21
30.8848
 31
0.0
  0
LINE
  5
1DD
330
1F
100
AcDbEntity
  8
0
  6
Continuous
 62
     7
100
AcDbLine
 10
-71.2354
 20
31.0348
 30
0.0
 11
-72.9674
 21
31.0348
 31
0.0
  0
LINE
  5
1DE
330
1F
100
AcDbEntity
  8
0
  6
Continuous
 62
     7
100
AcDbLine
 10
-73.1174
 20
29.6148
 30
0.0
 11
-73.1174
 21
29.2544
 31
0.0
  0
LINE
  5
1DF
330
1F
100
AcDbEntity
  8
0
  6
Continuous
 62
     7
100
AcDbLine
 10
-72.9674
 20
29.1044
 30
0.0
 11
-71.2354
 21
29.1044
 31
0.0
  0
LINE
  5
1E0
330
1F
100
AcDbEntity
  8
0
  6
Continuous
 62
     7
100
AcDbLine
 10
-71.0854
 20
29.2544
 30
0.0
 11
-71.0854
 21
29.6148
 31
0.0
  0
LINE
  5
1E1
330
1F
100
AcDbEntity
  8
0
  6
Continuous
 62
     7
100
AcDbLine
 10
-71.2354
 20
29.7648
 30
0.0
 11
-72.9674
 21
29.7648
 31
0.0
  0
LINE
  5
1E2
330
1F
100
AcDbEntity
  8
0
  6
Continuous
 62
     7
100
AcDbLine
 10
-73.1174
 20
28.3448
 30
0.0
 11
-73.1174
 21
27.9844
 31
0.0
  0
LINE
  5
1E3
330
1F
100
AcDbEntity
  8
0
  6
Continuous
 62
     7
100
AcDbLine
 10
-72.9674
 20
27.8344
 30
0.0
 11
-71.2354
 21
27.8344
 31
0.0
  0
LINE
  5
1E4
330
1F
100
AcDbEntity
  8
0
  6
Continuous
 62
     7
100
AcDbLine
 10
-71.0854
 20
27.9844
 30
0.0
 11
-71.0854
 21
28.3448
 31
0.0
  0
LINE
  5
1E5
330
1F
100
AcDbEntity
  8
0
  6
Continuous
 62
     7
100
AcDbLine
 10
-71.2354
 20
28.4948
 30
0.0
 11
-72.9674
 21
28.4948
 31
0.0
  0
LINE
  5
1E6
330
1F
100
AcDbEntity
  8
0
  6
Continuous
 62
     7
100
AcDbLine
 10
-66.9706
 20
28.3448
 30
0.0
 11
-66.9706
 21
27.9844
 31
0.0
  0
LINE
  5
1E7
330
1F
100
AcDbEntity
  8
0
  6
Continuous
 62
     7
100
AcDbLine
 10
-66.8206
 20
27.8344
 30
0.0
 11
-65.0886
 21
27.8344
 31
0.0
  0
LINE
  5
1E8
330
1F
100
AcDbEntity
  8
0
  6
Continuous
 62
     7
100
AcDbLine
 10
-64.9386
 20
27.9844
 30
0.0
 11
-64.9386
 21
28.3448
 31
0.0
  0
LINE
  5
1E9
330
1F
100
AcDbEntity
  8
0
  6
Continuous
 62
     7
100
AcDbLine
 10
-65.0886
 20
28.4948
 30
0.0
 11
-66.8206
 21
28.4948
 31
0.0
  0
LINE
  5
1EA
330
1F
100
AcDbEntity
  8
0
  6
Continuous
 62
     7
100
AcDbLine
 10
-66.9706
 20
29.6148
 30
0.0
 11
-66.9706
 21
29.2544
 31
0.0
  0
LINE
  5
1EB
330
1F
100
AcDbEntity
  8
0
  6
Continuous
 62
     7
100
AcDbLine
 10
-66.8206
 20
29.1044
 30
0.0
 11
-65.0886
 21
29.1044
 31
0.0
  0
LINE
  5
1EC
330
1F
100
AcDbEntity
  8
0
  6
Continuous
 62
     7
100
AcDbLine
 10
-64.9386
 20
29.2544
 30
0.0
 11
-64.9386
 21
29.6148
 31
0.0
  0
LINE
  5
1ED
330
1F
100
AcDbEntity
  8
0
  6
Continuous
 62
     7
100
AcDbLine
 10
-65.0886
 20
29.7648
 30
0.0
 11
-66.8206
 21
29.7648
 31
0.0
  0
LINE
  5
1EE
330
1F
100
AcDbEntity
  8
0
  6
Continuous
 62
     7
100
AcDbLine
 10
-66.9706
 20
30.8848
 30
0.0
 11
-66.9706
 21
30.5244
 31
0.0
  0
LINE
  5
1EF
330
1F
100
AcDbEntity
  8
0
  6
Continuous
 62
     7
100
AcDbLine
 10
-66.8206
 20
30.3744
 30
0.0
 11
-65.0886
 21
30.3744
 31
0.0
  0
LINE
  5
1F0
330
1F
100
AcDbEntity
  8
0
  6
Continuous
 62
     7
100
AcDbLine
 10
-64.9386
 20
30.5244
 30
0.0
 11
-64.9386
 21
30.8848
 31
0.0
  0
LINE
  5
1F1
330
1F
100
AcDbEntity
  8
0
  6
Continuous
 62
     7
100
AcDbLine
 10
-65.0886
 20
31.0348
 30
0.0
 11
-66.8206
 21
31.0348
 31
0.0
  0
LINE
  5
1F2
330
1F
100
AcDbEntity
  8
0
  6
Continuous
 62
     7
100
AcDbLine
 10
-66.9706
 20
32.1548
 30
0.0
 11
-66.9706
 21
31.7944
 31
0.0
  0
LINE
  5
1F3
330
1F
100
AcDbEntity
  8
0
  6
Continuous
 62
     7
100
AcDbLine
 10
-66.8206
 20
31.6444
 30
0.0
 11
-65.0886
 21
31.6444
 31
0.0
  0
LINE
  5
1F4
330
1F
100
AcDbEntity
  8
0
  6
Continuous
 62
     7
100
AcDbLine
 10
-64.9386
 20
31.7944
 30
0.0
 11
-64.9386
 21
32.1548
 31
0.0
  0
LINE
  5
1F5
330
1F
100
AcDbEntity
  8
0
  6
Continuous
 62
     7
100
AcDbLine
 10
-65.0886
 20
32.3048
 30
0.0
 11
-66.8206
 21
32.3048
 31
0.0
  0
LINE
  5
1F6
330
1F
100
AcDbEntity
  8
0
  6
Continuous
 62
     7
100
AcDbLine
 10
-66.9706
 20
33.4248
 30
0.0
 11
-66.9706
 21
33.0644
 31
0.0
  0
LINE
  5
1F7
330
1F
100
AcDbEntity
  8
0
  6
Continuous
 62
     7
100
AcDbLine
 10
-66.8206
 20
32.9144
 30
0.0
 11
-65.0886
 21
32.9144
 31
0.0
  0
LINE
  5
1F8
330
1F
100
AcDbEntity
  8
0
  6
Continuous
 62
     7
100
AcDbLine
 10
-64.9386
 20
33.0644
 30
0.0
 11
-64.9386
 21
33.4248
 31
0.0
  0
LINE
  5
1F9
330
1F
100
AcDbEntity
  8
0
  6
Continuous
 62
     7
100
AcDbLine
 10
-65.0886
 20
33.5748
 30
0.0
 11
-66.8206
 21
33.5748
 31
0.0
  0
LINE
  5
1FA
330
1F
100
AcDbEntity
  8
0
  6
Continuous
 62
     7
100
AcDbLine
 10
-66.9706
 20
34.6948
 30
0.0
 11
-66.9706
 21
34.3344
 31
0.0
  0
LINE
  5
1FB
330
1F
100
AcDbEntity
  8
0
  6
Continuous
 62
     7
100
AcDbLine
 10
-66.8206
 20
34.1844
 30
0.0
 11
-65.0886
 21
34.1844
 31
0.0
  0
LINE
  5
1FC
330
1F
100
AcDbEntity
  8
0
  6
Continuous
 62
     7
100
AcDbLine
 10
-64.9386
 20
34.3344
 30
0.0
 11
-64.9386
 21
34.6948
 31
0.0
  0
LINE
  5
1FD
330
1F
100
AcDbEntity
  8
0
  6
Continuous
 62
     7
100
AcDbLine
 10
-65.0886
 20
34.8448
 30
0.0
 11
-66.8206
 21
34.8448
 31
0.0
  0
LINE
  5
1FE
330
1F
100
AcDbEntity
  8
0
  6
Continuous
 62
     7
100
AcDbLine
 10
-66.9706
 20
35.9648
 30
0.0
 11
-66.9706
 21
35.6044
 31
0.0
  0
LINE
  5
1FF
330
1F
100
AcDbEntity
  8
0
  6
Continuous
 62
     7
100
AcDbLine
 10
-66.8206
 20
35.4544
 30
0.0
 11
-65.0886
 21
35.4544
 31
0.0
  0
LINE
  5
200
330
1F
100
AcDbEntity
  8
0
  6
Continuous
 62
     7
100
AcDbLine
 10
-64.9386
 20
35.6044
 30
0.0
 11
-64.9386
 21
35.9648
 31
0.0
  0
LINE
  5
201
330
1F
100
AcDbEntity
  8
0
  6
Continuous
 62
     7
100
AcDbLine
 10
-65.0886
 20
36.1148
 30
0.0
 11
-66.8206
 21
36.1148
 31
0.0
  0
LINE
  5
202
330
1F
100
AcDbEntity
  8
0
  6
Continuous
 62
     7
100
AcDbLine
 10
-66.9706
 20
37.2348
 30
0.0
 11
-66.9706
 21
36.8744
 31
0.0
  0
LINE
  5
203
330
1F
100
AcDbEntity
  8
0
  6
Continuous
 62
     7
100
AcDbLine
 10
-66.8206
 20
36.7244
 30
0.0
 11
-65.0886
 21
36.7244
 31
0.0
  0
LINE
  5
204
330
1F
100
AcDbEntity
  8
0
  6
Continuous
 62
     7
100
AcDbLine
 10
-64.9386
 20
36.8744
 30
0.0
 11
-64.9386
 21
37.2348
 31
0.0
  0
LINE
  5
205
330
1F
100
AcDbEntity
  8
0
  6
Continuous
 62
     7
100
AcDbLine
 10
-65.0886
 20
37.3848
 30
0.0
 11
-66.8206
 21
37.3848
 31
0.0
  0
LINE
  5
206
330
1F
100
AcDbEntity
  8
0
  6
Continuous
 62
     7
100
AcDbLine
 10
-44.381
 20
-6.035
 30
0.0
 11
-44.881
 21
-6.035
 31
0.0
  0
LINE
  5
207
330
1F
100
AcDbEntity
  8
0
  6
Continuous
 62
     7
100
AcDbLine
 10
-45.031
 20
-6.185
 30
0.0
 11
-45.031
 21
-7.685
 31
0.0
  0
LINE
  5
208
330
1F
100
AcDbEntity
  8
0
  6
Continuous
 62
     7
100
AcDbLine
 10
-44.881
 20
-7.835
 30
0.0
 11
-44.381
 21
-7.835
 31
0.0
  0
LINE
  5
209
330
1F
100
AcDbEntity
  8
0
  6
Continuous
 62
     7
100
AcDbLine
 10
-44.231
 20
-7.685
 30
0.0
 11
-44.231
 21
-6.185
 31
0.0
  0
LINE
  5
20A
330
1F
100
AcDbEntity
  8
0
  6
Continuous
 62
     7
100
AcDbLine
 10
-45.88
 20
-6.039
 30
0.0
 11
-46.38
 21
-6.039
 31
0.0
  0
LINE
  5
20B
330
1F
100
AcDbEntity
  8
0
  6
Continuous
 62
     7
100
AcDbLine
 10
-46.53
 20
-6.189
 30
0.0
 11
-46.53
 21
-8.2451207674
 31
0.0
  0
LINE
  5
20C
330
1F
100
AcDbEntity
  8
0
  6
Continuous
 62
     7
100
AcDbLine
 10
-45.73
 20
-8.2451207674
 30
0.0
 11
-45.73
 21
-6.189
 31
0.0
  0
LINE
  5
20D
330
1F
100
AcDbEntity
  8
0
  6
Continuous
 62
     7
100
AcDbLine
 10
-47.379
 20
-6.035
 30
0.0
 11
-47.879
 21
-6.035
 31
0.0
  0
LINE
  5
20E
330
1F
100
AcDbEntity
  8
0
  6
Continuous
 62
     7
100
AcDbLine
 10
-48.029
 20
-6.185
 30
0.0
 11
-48.029
 21
-7.685
 31
0.0
  0
LINE
  5
20F
330
1F
100
AcDbEntity
  8
0
  6
Continuous
 62
     7
100
AcDbLine
 10
-47.879
 20
-7.835
 30
0.0
 11
-47.379
 21
-7.835
 31
0.0
  0
LINE
  5
210
330
1F
100
AcDbEntity
  8
0
  6
Continuous
 62
     7
100
AcDbLine
 10
-47.229
 20
-7.685
 30
0.0
 11
-47.229
 21
-6.185
 31
0.0
  0
LINE
  5
211
330
1F
100
AcDbEntity
  8
0
  6
Continuous
 62
     7
100
AcDbLine
 10
-30.659
 20
-12.054
 30
0.0
 11
-30.359
 21
-12.054
 31
0.0
  0
LINE
  5
212
330
1F
100
AcDbEntity
  8
0
  6
Continuous
 62
     7
100
AcDbLine
 10
-30.209
 20
-11.904
 30
0.0
 11
-30.209
 21
-10.004
 31
0.0
  0
LINE
  5
213
330
1F
100
AcDbEntity
  8
0
  6
Continuous
 62
     7
100
AcDbLine
 10
-30.359
 20
-9.854
 30
0.0
 11
-30.659
 21
-9.854
 31
0.0
  0
LINE
  5
214
330
1F
100
AcDbEntity
  8
0
  6
Continuous
 62
     7
100
AcDbLine
 10
-30.809
 20
-10.004
 30
0.0
 11
-30.809
 21
-11.904
 31
0.0
  0
LINE
  5
215
330
1F
100
AcDbEntity
  8
0
  6
Continuous
 62
     7
100
AcDbLine
 10
-29.389
 20
-12.054
 30
0.0
 11
-29.089
 21
-12.054
 31
0.0
  0
LINE
  5
216
330
1F
100
AcDbEntity
  8
0
  6
Continuous
 62
     7
100
AcDbLine
 10
-28.939
 20
-11.904
 30
0.0
 11
-28.939
 21
-10.004
 31
0.0
  0
LINE
  5
217
330
1F
100
AcDbEntity
  8
0
  6
Continuous
 62
     7
100
AcDbLine
 10
-29.089
 20
-9.854
 30
0.0
 11
-29.389
 21
-9.854
 31
0.0
  0
LINE
  5
218
330
1F
100
AcDbEntity
  8
0
  6
Continuous
 62
     7
100
AcDbLine
 10
-29.539
 20
-10.004
 30
0.0
 11
-29.539
 21
-11.904
 31
0.0
  0
LINE
  5
219
330
1F
100
AcDbEntity
  8
0
  6
Continuous
 62
     7
100
AcDbLine
 10
-28.119
 20
-12.054
 30
0.0
 11
-27.819
 21
-12.054
 31
0.0
  0
LINE
  5
21A
330
1F
100
AcDbEntity
  8
0
  6
Continuous
 62
     7
100
AcDbLine
 10
-27.669
 20
-11.904
 30
0.0
 11
-27.669
 21
-10.004
 31
0.0
  0
LINE
  5
21B
330
1F
100
AcDbEntity
  8
0
  6
Continuous
 62
     7
100
AcDbLine
 10
-27.819
 20
-9.854
 30
0.0
 11
-28.119
 21
-9.854
 31
0.0
  0
LINE
  5
21C
330
1F
100
AcDbEntity
  8
0
  6
Continuous
 62
     7
100
AcDbLine
 10
-28.269
 20
-10.004
 30
0.0
 11
-28.269
 21
-11.904
 31
0.0
  0
LINE
  5
21D
330
1F
100
AcDbEntity
  8
0
  6
Continuous
 62
     7
100
AcDbLine
 10
-26.849
 20
-12.054
 30
0.0
 11
-26.549
 21
-12.054
 31
0.0
  0
LINE
  5
21E
330
1F
100
AcDbEntity
  8
0
  6
Continuous
 62
     7
100
AcDbLine
 10
-26.399
 20
-11.904
 30
0.0
 11
-26.399
 21
-10.004
 31
0.0
  0
LINE
  5
21F
330
1F
100
AcDbEntity
  8
0
  6
Continuous
 62
     7
100
AcDbLine
 10
-26.549
 20
-9.854
 30
0.0
 11
-26.849
 21
-9.854
 31
0.0
  0
LINE
  5
220
330
1F
100
AcDbEntity
  8
0
  6
Continuous
 62
     7
100
AcDbLine
 10
-26.999
 20
-10.004
 30
0.0
 11
-26.999
 21
-11.904
 31
0.0
  0
LINE
  5
221
330
1F
100
AcDbEntity
  8
0
  6
Continuous
 62
     7
100
AcDbLine
 10
-26.849
 20
-6.854
 30
0.0
 11
-26.549
 21
-6.854
 31
0.0
  0
LINE
  5
222
330
1F
100
AcDbEntity
  8
0
  6
Continuous
 62
     7
100
AcDbLine
 10
-26.399
 20
-6.704
 30
0.0
 11
-26.399
 21
-4.804
 31
0.0
  0
LINE
  5
223
330
1F
100
AcDbEntity
  8
0
  6
Continuous
 62
     7
100
AcDbLine
 10
-26.549
 20
-4.654
 30
0.0
 11
-26.849
 21
-4.654
 31
0.0
  0
LINE
  5
224
330
1F
100
AcDbEntity
  8
0
  6
Continuous
 62
     7
100
AcDbLine
 10
-26.999
 20
-4.804
 30
0.0
 11
-26.999
 21
-6.704
 31
0.0
  0
LINE
  5
225
330
1F
100
AcDbEntity
  8
0
  6
Continuous
 62
     7
100
AcDbLine
 10
-28.119
 20
-6.854
 30
0.0
 11
-27.819
 21
-6.854
 31
0.0
  0
LINE
  5
226
330
1F
100
AcDbEntity
  8
0
  6
Continuous
 62
     7
100
AcDbLine
 10
-27.669
 20
-6.704
 30
0.0
 11
-27.669
 21
-4.804
 31
0.0
  0
LINE
  5
227
330
1F
100
AcDbEntity
  8
0
  6
Continuous
 62
     7
100
AcDbLine
 10
-27.819
 20
-4.654
 30
0.0
 11
-28.119
 21
-4.654
 31
0.0
  0
LINE
  5
228
330
1F
100
AcDbEntity
  8
0
  6
Continuous
 62
     7
100
AcDbLine
 10
-28.269
 20
-4.804
 30
0.0
 11
-28.269
 21
-6.704
 31
0.0
  0
LINE
  5
229
330
1F
100
AcDbEntity
  8
0
  6
Continuous
 62
     7
100
AcDbLine
 10
-29.389
 20
-6.854
 30
0.0
 11
-29.089
 21
-6.854
 31
0.0
  0
LINE
  5
22A
330
1F
100
AcDbEntity
  8
0
  6
Continuous
 62
     7
100
AcDbLine
 10
-28.939
 20
-6.704
 30
0.0
 11
-28.939
 21
-4.804
 31
0.0
  0
LINE
  5
22B
330
1F
100
AcDbEntity
  8
0
  6
Continuous
 62
     7
100
AcDbLine
 10
-29.089
 20
-4.654
 30
0.0
 11
-29.389
 21
-4.654
 31
0.0
  0
LINE
  5
22C
330
1F
100
AcDbEntity
  8
0
  6
Continuous
 62
     7
100
AcDbLine
 10
-29.539
 20
-4.804
 30
0.0
 11
-29.539
 21
-6.704
 31
0.0
  0
LINE
  5
22D
330
1F
100
AcDbEntity
  8
0
  6
Continuous
 62
     7
100
AcDbLine
 10
-30.659
 20
-6.854
 30
0.0
 11
-30.359
 21
-6.854
 31
0.0
  0
LINE
  5
22E
330
1F
100
AcDbEntity
  8
0
  6
Continuous
 62
     7
100
AcDbLine
 10
-30.209
 20
-6.704
 30
0.0
 11
-30.209
 21
-4.804
 31
0.0
  0
LINE
  5
22F
330
1F
100
AcDbEntity
  8
0
  6
Continuous
 62
     7
100
AcDbLine
 10
-30.359
 20
-4.654
 30
0.0
 11
-30.659
 21
-4.654
 31
0.0
  0
LINE
  5
230
330
1F
100
AcDbEntity
  8
0
  6
Continuous
 62
     7
100
AcDbLine
 10
-30.809
 20
-4.804
 30
0.0
 11
-30.809
 21
-6.704
 31
0.0
  0
LINE
  5
231
330
1F
100
AcDbEntity
  8
0
  6
Continuous
 62
     7
100
AcDbLine
 10
-29.351
 20
27.465
 30
0.0
 11
-29.851
 21
27.465
 31
0.0
  0
LINE
  5
232
330
1F
100
AcDbEntity
  8
0
  6
Continuous
 62
     7
100
AcDbLine
 10
-30.001
 20
27.315
 30
0.0
 11
-30.001
 21
25.815
 31
0.0
  0
LINE
  5
233
330
1F
100
AcDbEntity
  8
0
  6
Continuous
 62
     7
100
AcDbLine
 10
-29.851
 20
25.665
 30
0.0
 11
-29.351
 21
25.665
 31
0.0
  0
LINE
  5
234
330
1F
100
AcDbEntity
  8
0
  6
Continuous
 62
     7
100
AcDbLine
 10
-29.201
 20
25.815
 30
0.0
 11
-29.201
 21
27.315
 31
0.0
  0
LINE
  5
235
330
1F
100
AcDbEntity
  8
0
  6
Continuous
 62
     7
100
AcDbLine
 10
-30.85
 20
27.461
 30
0.0
 11
-31.35
 21
27.461
 31
0.0
  0
LINE
  5
236
330
1F
100
AcDbEntity
  8
0
  6
Continuous
 62
     7
100
AcDbLine
 10
-31.5
 20
27.311
 30
0.0
 11
-31.5
 21
25.2548792326
 31
0.0
  0
LINE
  5
237
330
1F
100
AcDbEntity
  8
0
  6
Continuous
 62
     7
100
AcDbLine
 10
-30.7
 20
25.2548792326
 30
0.0
 11
-30.7
 21
27.311
 31
0.0
  0
LINE
  5
238
330
1F
100
AcDbEntity
  8
0
  6
Continuous
 62
     7
100
AcDbLine
 10
-32.349
 20
27.465
 30
0.0
 11
-32.849
 21
27.465
 31
0.0
  0
LINE
  5
239
330
1F
100
AcDbEntity
  8
0
  6
Continuous
 62
     7
100
AcDbLine
 10
-32.999
 20
27.315
 30
0.0
 11
-32.999
 21
25.815
 31
0.0
  0
LINE
  5
23A
330
1F
100
AcDbEntity
  8
0
  6
Continuous
 62
     7
100
AcDbLine
 10
-32.849
 20
25.665
 30
0.0
 11
-32.349
 21
25.665
 31
0.0
  0
LINE
  5
23B
330
1F
100
AcDbEntity
  8
0
  6
Continuous
 62
     7
100
AcDbLine
 10
-32.199
 20
25.815
 30
0.0
 11
-32.199
 21
27.315
 31
0.0
  0
LINE
  5
23C
330
1F
100
AcDbEntity
  8
0
  6
Continuous
 62
     7
100
AcDbLine
 10
-66.7529438834
 20
53.9126
 30
0.0
 11
-66.1730561166
 21
53.9126
 31
0.0
  0
LINE
  5
23D
330
1F
100
AcDbEntity
  8
0
  6
Continuous
 62
     7
100
AcDbLine
 10
-66.063
 20
54.0226561166
 30
0.0
 11
-66.063
 21
55.6025438834
 31
0.0
  0
LINE
  5
23E
330
1F
100
AcDbEntity
  8
0
  6
Continuous
 62
     7
100
AcDbLine
 10
-66.1730561166
 20
55.7126
 30
0.0
 11
-66.7529438834
 21
55.7126
 31
0.0
  0
LINE
  5
23F
330
1F
100
AcDbEntity
  8
0
  6
Continuous
 62
     7
100
AcDbLine
 10
-66.863
 20
55.6025438834
 30
0.0
 11
-66.863
 21
54.0226561166
 31
0.0
  0
LINE
  5
240
330
1F
100
AcDbEntity
  8
0
  6
Continuous
 62
     7
100
AcDbLine
 10
-65.2539438834
 20
53.9166
 30
0.0
 11
-64.6740561166
 21
53.9166
 31
0.0
  0
LINE
  5
241
330
1F
100
AcDbEntity
  8
0
  6
Continuous
 62
     7
100
AcDbLine
 10
-64.564
 20
54.0266561166
 30
0.0
 11
-64.564
 21
56.1227207674
 31
0.0
  0
LINE
  5
242
330
1F
100
AcDbEntity
  8
0
  6
Continuous
 62
     7
100
AcDbLine
 10
-65.364
 20
56.1227207674
 30
0.0
 11
-65.364
 21
54.0266561166
 31
0.0
  0
LINE
  5
243
330
1F
100
AcDbEntity
  8
0
  6
Continuous
 62
     7
100
AcDbLine
 10
-63.7549438834
 20
53.9126
 30
0.0
 11
-63.1750561166
 21
53.9126
 31
0.0
  0
LINE
  5
244
330
1F
100
AcDbEntity
  8
0
  6
Continuous
 62
     7
100
AcDbLine
 10
-63.065
 20
54.0226561166
 30
0.0
 11
-63.065
 21
55.6025438834
 31
0.0
  0
LINE
  5
245
330
1F
100
AcDbEntity
  8
0
  6
Continuous
 62
     7
100
AcDbLine
 10
-63.1750561166
 20
55.7126
 30
0.0
 11
-63.7549438834
 21
55.7126
 31
0.0
  0
LINE
  5
246
330
1F
100
AcDbEntity
  8
0
  6
Continuous
 62
     7
100
AcDbLine
 10
-63.865
 20
55.6025438834
 30
0.0
 11
-63.865
 21
54.0226561166
 31
0.0
  0
LINE
  5
247
330
1F
100
AcDbEntity
  8
0
  6
Continuous
 62
     7
100
AcDbLine
 10
-4.926
 20
44.122
 30
0.0
 11
-4.926
 21
43.122
 31
0.0
  0
LINE
  5
248
330
1F
100
AcDbEntity
  8
0
  6
Continuous
 62
     7
100
AcDbLine
 10
-4.776
 20
42.972
 30
0.0
 11
-3.576
 21
42.972
 31
0.0
  0
LINE
  5
249
330
1F
100
AcDbEntity
  8
0
  6
Continuous
 62
     7
100
AcDbLine
 10
-3.426
 20
43.122
 30
0.0
 11
-3.426
 21
44.122
 31
0.0
  0
LINE
  5
24A
330
1F
100
AcDbEntity
  8
0
  6
Continuous
 62
     7
100
AcDbLine
 10
-3.576
 20
44.272
 30
0.0
 11
-4.776
 21
44.272
 31
0.0
  0
LINE
  5
24B
330
1F
100
AcDbEntity
  8
0
  6
Continuous
 62
     7
100
AcDbLine
 10
-4.926
 20
42.222
 30
0.0
 11
-4.926
 21
41.222
 31
0.0
  0
LINE
  5
24C
330
1F
100
AcDbEntity
  8
0
  6
Continuous
 62
     7
100
AcDbLine
 10
-4.776
 20
41.072
 30
0.0
 11
-3.576
 21
41.072
 31
0.0
  0
LINE
  5
24D
330
1F
100
AcDbEntity
  8
0
  6
Continuous
 62
     7
100
AcDbLine
 10
-3.426
 20
41.222
 30
0.0
 11
-3.426
 21
42.222
 31
0.0
  0
LINE
  5
24E
330
1F
100
AcDbEntity
  8
0
  6
Continuous
 62
     7
100
AcDbLine
 10
-3.576
 20
42.372
 30
0.0
 11
-4.776
 21
42.372
 31
0.0
  0
LINE
  5
24F
330
1F
100
AcDbEntity
  8
0
  6
Continuous
 62
     7
100
AcDbLine
 10
-2.894
 20
49.202
 30
0.0
 11
-2.894
 21
48.202
 31
0.0
  0
LINE
  5
250
330
1F
100
AcDbEntity
  8
0
  6
Continuous
 62
     7
100
AcDbLine
 10
-2.744
 20
48.052
 30
0.0
 11
-1.544
 21
48.052
 31
0.0
  0
LINE
  5
251
330
1F
100
AcDbEntity
  8
0
  6
Continuous
 62
     7
100
AcDbLine
 10
-1.394
 20
48.202
 30
0.0
 11
-1.394
 21
49.202
 31
0.0
  0
LINE
  5
252
330
1F
100
AcDbEntity
  8
0
  6
Continuous
 62
     7
100
AcDbLine
 10
-1.544
 20
49.352
 30
0.0
 11
-2.744
 21
49.352
 31
0.0
  0
LINE
  5
253
330
1F
100
AcDbEntity
  8
0
  6
Continuous
 62
     7
100
AcDbLine
 10
-2.894
 20
47.302
 30
0.0
 11
-2.894
 21
46.302
 31
0.0
  0
LINE
  5
254
330
1F
100
AcDbEntity
  8
0
  6
Continuous
 62
     7
100
AcDbLine
 10
-2.744
 20
46.152
 30
0.0
 11
-1.544
 21
46.152
 31
0.0
  0
LINE
  5
255
330
1F
100
AcDbEntity
  8
0
  6
Continuous
 62
     7
100
AcDbLine
 10
-1.394
 20
46.302
 30
0.0
 11
-1.394
 21
47.302
 31
0.0
  0
LINE
  5
256
330
1F
100
AcDbEntity
  8
0
  6
Continuous
 62
     7
100
AcDbLine
 10
-1.544
 20
47.452
 30
0.0
 11
-2.744
 21
47.452
 31
0.0
  0
LINE
  5
257
330
1F
100
AcDbEntity
  8
0
  6
Continuous
 62
     7
100
AcDbLine
 10
-4.696
 20
51.89
 30
0.0
 11
-4.696
 21
52.89
 31
0.0
  0
LINE
  5
258
330
1F
100
AcDbEntity
  8
0
  6
Continuous
 62
     7
100
AcDbLine
 10
-4.846
 20
53.04
 30
0.0
 11
-6.046
 21
53.04
 31
0.0
  0
LINE
  5
259
330
1F
100
AcDbEntity
  8
0
  6
Continuous
 62
     7
100
AcDbLine
 10
-6.196
 20
52.89
 30
0.0
 11
-6.196
 21
51.89
 31
0.0
  0
LINE
  5
25A
330
1F
100
AcDbEntity
  8
0
  6
Continuous
 62
     7
100
AcDbLine
 10
-6.046
 20
51.74
 30
0.0
 11
-4.846
 21
51.74
 31
0.0
  0
LINE
  5
25B
330
1F
100
AcDbEntity
  8
0
  6
Continuous
 62
     7
100
AcDbLine
 10
-4.696
 20
53.79
 30
0.0
 11
-4.696
 21
54.79
 31
0.0
  0
LINE
  5
25C
330
1F
100
AcDbEntity
  8
0
  6
Continuous
 62
     7
100
AcDbLine
 10
-4.846
 20
54.94
 30
0.0
 11
-6.046
 21
54.94
 31
0.0
  0
LINE
  5
25D
330
1F
100
AcDbEntity
  8
0
  6
Continuous
 62
     7
100
AcDbLine
 10
-6.196
 20
54.79
 30
0.0
 11
-6.196
 21
53.79
 31
0.0
  0
LINE
  5
25E
330
1F
100
AcDbEntity
  8
0
  6
Continuous
 62
     7
100
AcDbLine
 10
-6.046
 20
53.64
 30
0.0
 11
-4.846
 21
53.64
 31
0.0
  0
LINE
  5
25F
330
1F
100
AcDbEntity
  8
0
  6
Continuous
 62
     7
100
AcDbLine
 10
-6.45
 20
49.202
 30
0.0
 11
-6.45
 21
48.202
 31
0.0
  0
LINE
  5
260
330
1F
100
AcDbEntity
  8
0
  6
Continuous
 62
     7
100
AcDbLine
 10
-6.3
 20
48.052
 30
0.0
 11
-5.1
 21
48.052
 31
0.0
  0
LINE
  5
261
330
1F
100
AcDbEntity
  8
0
  6
Continuous
 62
     7
100
AcDbLine
 10
-4.95
 20
48.202
 30
0.0
 11
-4.95
 21
49.202
 31
0.0
  0
LINE
  5
262
330
1F
100
AcDbEntity
  8
0
  6
Continuous
 62
     7
100
AcDbLine
 10
-5.1
 20
49.352
 30
0.0
 11
-6.3
 21
49.352
 31
0.0
  0
LINE
  5
263
330
1F
100
AcDbEntity
  8
0
  6
Continuous
 62
     7
100
AcDbLine
 10
-6.45
 20
47.302
 30
0.0
 11
-6.45
 21
46.302
 31
0.0
  0
LINE
  5
264
330
1F
100
AcDbEntity
  8
0
  6
Continuous
 62
     7
100
AcDbLine
 10
-6.3
 20
46.152
 30
0.0
 11
-5.1
 21
46.152
 31
0.0
  0
LINE
  5
265
330
1F
100
AcDbEntity
  8
0
  6
Continuous
 62
     7
100
AcDbLine
 10
-4.95
 20
46.302
 30
0.0
 11
-4.95
 21
47.302
 31
0.0
  0
LINE
  5
266
330
1F
100
AcDbEntity
  8
0
  6
Continuous
 62
     7
100
AcDbLine
 10
-5.1
 20
47.452
 30
0.0
 11
-6.3
 21
47.452
 31
0.0
  0
LINE
  5
267
330
1F
100
AcDbEntity
  8
0
  6
Continuous
 62
     7
100
AcDbLine
 10
-2.156
 20
56.97
 30
0.0
 11
-2.156
 21
57.97
 31
0.0
  0
LINE
  5
268
330
1F
100
AcDbEntity
  8
0
  6
Continuous
 62
     7
100
AcDbLine
 10
-2.306
 20
58.12
 30
0.0
 11
-3.506
 21
58.12
 31
0.0
  0
LINE
  5
269
330
1F
100
AcDbEntity
  8
0
  6
Continuous
 62
     7
100
AcDbLine
 10
-3.656
 20
57.97
 30
0.0
 11
-3.656
 21
56.97
 31
0.0
  0
LINE
  5
26A
330
1F
100
AcDbEntity
  8
0
  6
Continuous
 62
     7
100
AcDbLine
 10
-3.506
 20
56.82
 30
0.0
 11
-2.306
 21
56.82
 31
0.0
  0
LINE
  5
26B
330
1F
100
AcDbEntity
  8
0
  6
Continuous
 62
     7
100
AcDbLine
 10
-2.156
 20
58.87
 30
0.0
 11
-2.156
 21
59.87
 31
0.0
  0
LINE
  5
26C
330
1F
100
AcDbEntity
  8
0
  6
Continuous
 62
     7
100
AcDbLine
 10
-2.306
 20
60.02
 30
0.0
 11
-3.506
 21
60.02
 31
0.0
  0
LINE
  5
26D
330
1F
100
AcDbEntity
  8
0
  6
Continuous
 62
     7
100
AcDbLine
 10
-3.656
 20
59.87
 30
0.0
 11
-3.656
 21
58.87
 31
0.0
  0
LINE
  5
26E
330
1F
100
AcDbEntity
  8
0
  6
Continuous
 62
     7
100
AcDbLine
 10
-3.506
 20
58.72
 30
0.0
 11
-2.306
 21
58.72
 31
0.0
  0
LINE
  5
26F
330
1F
100
AcDbEntity
  8
0
  6
Continuous
 62
     7
100
AcDbLine
 10
-8.252
 20
51.89
 30
0.0
 11
-8.252
 21
52.89
 31
0.0
  0
LINE
  5
270
330
1F
100
AcDbEntity
  8
0
  6
Continuous
 62
     7
100
AcDbLine
 10
-8.402
 20
53.04
 30
0.0
 11
-9.602
 21
53.04
 31
0.0
  0
LINE
  5
271
330
1F
100
AcDbEntity
  8
0
  6
Continuous
 62
     7
100
AcDbLine
 10
-9.752
 20
52.89
 30
0.0
 11
-9.752
 21
51.89
 31
0.0
  0
LINE
  5
272
330
1F
100
AcDbEntity
  8
0
  6
Continuous
 62
     7
100
AcDbLine
 10
-9.602
 20
51.74
 30
0.0
 11
-8.402
 21
51.74
 31
0.0
  0
LINE
  5
273
330
1F
100
AcDbEntity
  8
0
  6
Continuous
 62
     7
100
AcDbLine
 10
-8.252
 20
53.79
 30
0.0
 11
-8.252
 21
54.79
 31
0.0
  0
LINE
  5
274
330
1F
100
AcDbEntity
  8
0
  6
Continuous
 62
     7
100
AcDbLine
 10
-8.402
 20
54.94
 30
0.0
 11
-9.602
 21
54.94
 31
0.0
  0
LINE
  5
275
330
1F
100
AcDbEntity
  8
0
  6
Continuous
 62
     7
100
AcDbLine
 10
-9.752
 20
54.79
 30
0.0
 11
-9.752
 21
53.79
 31
0.0
  0
LINE
  5
276
330
1F
100
AcDbEntity
  8
0
  6
Continuous
 62
     7
100
AcDbLine
 10
-9.602
 20
53.64
 30
0.0
 11
-8.402
 21
53.64
 31
0.0
  0
LINE
  5
277
330
1F
100
AcDbEntity
  8
0
  6
Continuous
 62
     7
100
AcDbLine
 10
-6.474
 20
14.806
 30
0.0
 11
-6.474
 21
15.806
 31
0.0
  0
LINE
  5
278
330
1F
100
AcDbEntity
  8
0
  6
Continuous
 62
     7
100
AcDbLine
 10
-6.624
 20
15.956
 30
0.0
 11
-7.824
 21
15.956
 31
0.0
  0
LINE
  5
279
330
1F
100
AcDbEntity
  8
0
  6
Continuous
 62
     7
100
AcDbLine
 10
-7.974
 20
15.806
 30
0.0
 11
-7.974
 21
14.806
 31
0.0
  0
LINE
  5
27A
330
1F
100
AcDbEntity
  8
0
  6
Continuous
 62
     7
100
AcDbLine
 10
-7.824
 20
14.656
 30
0.0
 11
-6.624
 21
14.656
 31
0.0
  0
LINE
  5
27B
330
1F
100
AcDbEntity
  8
0
  6
Continuous
 62
     7
100
AcDbLine
 10
-6.474
 20
16.706
 30
0.0
 11
-6.474
 21
17.706
 31
0.0
  0
LINE
  5
27C
330
1F
100
AcDbEntity
  8
0
  6
Continuous
 62
     7
100
AcDbLine
 10
-6.624
 20
17.856
 30
0.0
 11
-7.824
 21
17.856
 31
0.0
  0
LINE
  5
27D
330
1F
100
AcDbEntity
  8
0
  6
Continuous
 62
     7
100
AcDbLine
 10
-7.974
 20
17.706
 30
0.0
 11
-7.974
 21
16.706
 31
0.0
  0
LINE
  5
27E
330
1F
100
AcDbEntity
  8
0
  6
Continuous
 62
     7
100
AcDbLine
 10
-7.824
 20
16.556
 30
0.0
 11
-6.624
 21
16.556
 31
0.0
  0
LINE
  5
27F
330
1F
100
AcDbEntity
  8
0
  6
Continuous
 62
     7
100
AcDbLine
 10
-11.53
 20
16.182
 30
0.0
 11
-11.53
 21
15.182
 31
0.0
  0
LINE
  5
280
330
1F
100
AcDbEntity
  8
0
  6
Continuous
 62
     7
100
AcDbLine
 10
-11.38
 20
15.032
 30
0.0
 11
-10.18
 21
15.032
 31
0.0
  0
LINE
  5
281
330
1F
100
AcDbEntity
  8
0
  6
Continuous
 62
     7
100
AcDbLine
 10
-10.03
 20
15.182
 30
0.0
 11
-10.03
 21
16.182
 31
0.0
  0
LINE
  5
282
330
1F
100
AcDbEntity
  8
0
  6
Continuous
 62
     7
100
AcDbLine
 10
-10.18
 20
16.332
 30
0.0
 11
-11.38
 21
16.332
 31
0.0
  0
LINE
  5
283
330
1F
100
AcDbEntity
  8
0
  6
Continuous
 62
     7
100
AcDbLine
 10
-11.53
 20
14.282
 30
0.0
 11
-11.53
 21
13.282
 31
0.0
  0
LINE
  5
284
330
1F
100
AcDbEntity
  8
0
  6
Continuous
 62
     7
100
AcDbLine
 10
-11.38
 20
13.132
 30
0.0
 11
-10.18
 21
13.132
 31
0.0
  0
LINE
  5
285
330
1F
100
AcDbEntity
  8
0
  6
Continuous
 62
     7
100
AcDbLine
 10
-10.03
 20
13.282
 30
0.0
 11
-10.03
 21
14.282
 31
0.0
  0
LINE
  5
286
330
1F
100
AcDbEntity
  8
0
  6
Continuous
 62
     7
100
AcDbLine
 10
-10.18
 20
14.432
 30
0.0
 11
-11.38
 21
14.432
 31
0.0
  0
LINE
  5
287
330
1F
100
AcDbEntity
  8
0
  6
Continuous
 62
     7
100
AcDbLine
 10
-21.436
 20
59.616
 30
0.0
 11
-21.436
 21
58.616
 31
0.0
  0
LINE
  5
288
330
1F
100
AcDbEntity
  8
0
  6
Continuous
 62
     7
100
AcDbLine
 10
-21.286
 20
58.466
 30
0.0
 11
-20.086
 21
58.466
 31
0.0
  0
LINE
  5
289
330
1F
100
AcDbEntity
  8
0
  6
Continuous
 62
     7
100
AcDbLine
 10
-19.936
 20
58.616
 30
0.0
 11
-19.936
 21
59.616
 31
0.0
  0
LINE
  5
28A
330
1F
100
AcDbEntity
  8
0
  6
Continuous
 62
     7
100
AcDbLine
 10
-20.086
 20
59.766
 30
0.0
 11
-21.286
 21
59.766
 31
0.0
  0
LINE
  5
28B
330
1F
100
AcDbEntity
  8
0
  6
Continuous
 62
     7
100
AcDbLine
 10
-21.436
 20
57.716
 30
0.0
 11
-21.436
 21
56.716
 31
0.0
  0
LINE
  5
28C
330
1F
100
AcDbEntity
  8
0
  6
Continuous
 62
     7
100
AcDbLine
 10
-21.286
 20
56.566
 30
0.0
 11
-20.086
 21
56.566
 31
0.0
  0
LINE
  5
28D
330
1F
100
AcDbEntity
  8
0
  6
Continuous
 62
     7
100
AcDbLine
 10
-19.936
 20
56.716
 30
0.0
 11
-19.936
 21
57.716
 31
0.0
  0
LINE
  5
28E
330
1F
100
AcDbEntity
  8
0
  6
Continuous
 62
     7
100
AcDbLine
 10
-20.086
 20
57.866
 30
0.0
 11
-21.286
 21
57.866
 31
0.0
  0
LINE
  5
28F
330
1F
100
AcDbEntity
  8
0
  6
Continuous
 62
     7
100
AcDbLine
 10
-16.61
 20
16.182
 30
0.0
 11
-16.61
 21
15.182
 31
0.0
  0
LINE
  5
290
330
1F
100
AcDbEntity
  8
0
  6
Continuous
 62
     7
100
AcDbLine
 10
-16.46
 20
15.032
 30
0.0
 11
-15.26
 21
15.032
 31
0.0
  0
LINE
  5
291
330
1F
100
AcDbEntity
  8
0
  6
Continuous
 62
     7
100
AcDbLine
 10
-15.11
 20
15.182
 30
0.0
 11
-15.11
 21
16.182
 31
0.0
  0
LINE
  5
292
330
1F
100
AcDbEntity
  8
0
  6
Continuous
 62
     7
100
AcDbLine
 10
-15.26
 20
16.332
 30
0.0
 11
-16.46
 21
16.332
 31
0.0
  0
LINE
  5
293
330
1F
100
AcDbEntity
  8
0
  6
Continuous
 62
     7
100
AcDbLine
 10
-16.61
 20
14.282
 30
0.0
 11
-16.61
 21
13.282
 31
0.0
  0
LINE
  5
294
330
1F
100
AcDbEntity
  8
0
  6
Continuous
 62
     7
100
AcDbLine
 10
-16.46
 20
13.132
 30
0.0
 11
-15.26
 21
13.132
 31
0.0
  0
LINE
  5
295
330
1F
100
AcDbEntity
  8
0
  6
Continuous
 62
     7
100
AcDbLine
 10
-15.11
 20
13.282
 30
0.0
 11
-15.11
 21
14.282
 31
0.0
  0
LINE
  5
296
330
1F
100
AcDbEntity
  8
0
  6
Continuous
 62
     7
100
AcDbLine
 10
-15.26
 20
14.432
 30
0.0
 11
-16.46
 21
14.432
 31
0.0
  0
LINE
  5
297
330
1F
100
AcDbEntity
  8
0
  6
Continuous
 62
     7
100
AcDbLine
 10
-21.69
 20
16.182
 30
0.0
 11
-21.69
 21
15.182
 31
0.0
  0
LINE
  5
298
330
1F
100
AcDbEntity
  8
0
  6
Continuous
 62
     7
100
AcDbLine
 10
-21.54
 20
15.032
 30
0.0
 11
-20.34
 21
15.032
 31
0.0
  0
LINE
  5
299
330
1F
100
AcDbEntity
  8
0
  6
Continuous
 62
     7
100
AcDbLine
 10
-20.19
 20
15.182
 30
0.0
 11
-20.19
 21
16.182
 31
0.0
  0
LINE
  5
29A
330
1F
100
AcDbEntity
  8
0
  6
Continuous
 62
     7
100
AcDbLine
 10
-20.34
 20
16.332
 30
0.0
 11
-21.54
 21
16.332
 31
0.0
  0
LINE
  5
29B
330
1F
100
AcDbEntity
  8
0
  6
Continuous
 62
     7
100
AcDbLine
 10
-21.69
 20
14.282
 30
0.0
 11
-21.69
 21
13.282
 31
0.0
  0
LINE
  5
29C
330
1F
100
AcDbEntity
  8
0
  6
Continuous
 62
     7
100
AcDbLine
 10
-21.54
 20
13.132
 30
0.0
 11
-20.34
 21
13.132
 31
0.0
  0
LINE
  5
29D
330
1F
100
AcDbEntity
  8
0
  6
Continuous
 62
     7
100
AcDbLine
 10
-20.19
 20
13.282
 30
0.0
 11
-20.19
 21
14.282
 31
0.0
  0
LINE
  5
29E
330
1F
100
AcDbEntity
  8
0
  6
Continuous
 62
     7
100
AcDbLine
 10
-20.34
 20
14.432
 30
0.0
 11
-21.54
 21
14.432
 31
0.0
  0
LINE
  5
29F
330
1F
100
AcDbEntity
  8
0
  6
Continuous
 62
     7
100
AcDbLine
 10
-19.15
 20
38.534
 30
0.0
 11
-19.15
 21
37.534
 31
0.0
  0
LINE
  5
2A0
330
1F
100
AcDbEntity
  8
0
  6
Continuous
 62
     7
100
AcDbLine
 10
-19.0
 20
37.384
 30
0.0
 11
-17.8
 21
37.384
 31
0.0
  0
LINE
  5
2A1
330
1F
100
AcDbEntity
  8
0
  6
Continuous
 62
     7
100
AcDbLine
 10
-17.65
 20
37.534
 30
0.0
 11
-17.65
 21
38.534
 31
0.0
  0
LINE
  5
2A2
330
1F
100
AcDbEntity
  8
0
  6
Continuous
 62
     7
100
AcDbLine
 10
-17.8
 20
38.684
 30
0.0
 11
-19.0
 21
38.684
 31
0.0
  0
LINE
  5
2A3
330
1F
100
AcDbEntity
  8
0
  6
Continuous
 62
     7
100
AcDbLine
 10
-19.15
 20
36.634
 30
0.0
 11
-19.15
 21
35.634
 31
0.0
  0
LINE
  5
2A4
330
1F
100
AcDbEntity
  8
0
  6
Continuous
 62
     7
100
AcDbLine
 10
-19.0
 20
35.484
 30
0.0
 11
-17.8
 21
35.484
 31
0.0
  0
LINE
  5
2A5
330
1F
100
AcDbEntity
  8
0
  6
Continuous
 62
     7
100
AcDbLine
 10
-17.65
 20
35.634
 30
0.0
 11
-17.65
 21
36.634
 31
0.0
  0
LINE
  5
2A6
330
1F
100
AcDbEntity
  8
0
  6
Continuous
 62
     7
100
AcDbLine
 10
-17.8
 20
36.784
 30
0.0
 11
-19.0
 21
36.784
 31
0.0
  0
LINE
  5
2A7
330
1F
100
AcDbEntity
  8
0
  6
Continuous
 62
     7
100
AcDbLine
 10
-7.974
 20
24.31
 30
0.0
 11
-7.974
 21
23.31
 31
0.0
  0
LINE
  5
2A8
330
1F
100
AcDbEntity
  8
0
  6
Continuous
 62
     7
100
AcDbLine
 10
-7.824
 20
23.16
 30
0.0
 11
-6.624
 21
23.16
 31
0.0
  0
LINE
  5
2A9
330
1F
100
AcDbEntity
  8
0
  6
Continuous
 62
     7
100
AcDbLine
 10
-6.474
 20
23.31
 30
0.0
 11
-6.474
 21
24.31
 31
0.0
  0
LINE
  5
2AA
330
1F
100
AcDbEntity
  8
0
  6
Continuous
 62
     7
100
AcDbLine
 10
-6.624
 20
24.46
 30
0.0
 11
-7.824
 21
24.46
 31
0.0
  0
LINE
  5
2AB
330
1F
100
AcDbEntity
  8
0
  6
Continuous
 62
     7
100
AcDbLine
 10
-7.974
 20
22.41
 30
0.0
 11
-7.974
 21
21.41
 31
0.0
  0
LINE
  5
2AC
330
1F
100
AcDbEntity
  8
0
  6
Continuous
 62
     7
100
AcDbLine
 10
-7.824
 20
21.26
 30
0.0
 11
-6.624
 21
21.26
 31
0.0
  0
LINE
  5
2AD
330
1F
100
AcDbEntity
  8
0
  6
Continuous
 62
     7
100
AcDbLine
 10
-6.474
 20
21.41
 30
0.0
 11
-6.474
 21
22.41
 31
0.0
  0
LINE
  5
2AE
330
1F
100
AcDbEntity
  8
0
  6
Continuous
 62
     7
100
AcDbLine
 10
-6.624
 20
22.56
 30
0.0
 11
-7.824
 21
22.56
 31
0.0
  0
LINE
  5
2AF
330
1F
100
AcDbEntity
  8
0
  6
Continuous
 62
     7
100
AcDbLine
 10
-22.706
 20
38.534
 30
0.0
 11
-22.706
 21
37.534
 31
0.0
  0
LINE
  5
2B0
330
1F
100
AcDbEntity
  8
0
  6
Continuous
 62
     7
100
AcDbLine
 10
-22.556
 20
37.384
 30
0.0
 11
-21.356
 21
37.384
 31
0.0
  0
LINE
  5
2B1
330
1F
100
AcDbEntity
  8
0
  6
Continuous
 62
     7
100
AcDbLine
 10
-21.206
 20
37.534
 30
0.0
 11
-21.206
 21
38.534
 31
0.0
  0
LINE
  5
2B2
330
1F
100
AcDbEntity
  8
0
  6
Continuous
 62
     7
100
AcDbLine
 10
-21.356
 20
38.684
 30
0.0
 11
-22.556
 21
38.684
 31
0.0
  0
LINE
  5
2B3
330
1F
100
AcDbEntity
  8
0
  6
Continuous
 62
     7
100
AcDbLine
 10
-22.706
 20
36.634
 30
0.0
 11
-22.706
 21
35.634
 31
0.0
  0
LINE
  5
2B4
330
1F
100
AcDbEntity
  8
0
  6
Continuous
 62
     7
100
AcDbLine
 10
-22.556
 20
35.484
 30
0.0
 11
-21.356
 21
35.484
 31
0.0
  0
LINE
  5
2B5
330
1F
100
AcDbEntity
  8
0
  6
Continuous
 62
     7
100
AcDbLine
 10
-21.206
 20
35.634
 30
0.0
 11
-21.206
 21
36.634
 31
0.0
  0
LINE
  5
2B6
330
1F
100
AcDbEntity
  8
0
  6
Continuous
 62
     7
100
AcDbLine
 10
-21.356
 20
36.784
 30
0.0
 11
-22.556
 21
36.784
 31
0.0
  0
LINE
  5
2B7
330
1F
100
AcDbEntity
  8
0
  6
Continuous
 62
     7
100
AcDbLine
 10
-26.262
 20
32.438
 30
0.0
 11
-26.262
 21
31.438
 31
0.0
  0
LINE
  5
2B8
330
1F
100
AcDbEntity
  8
0
  6
Continuous
 62
     7
100
AcDbLine
 10
-26.112
 20
31.288
 30
0.0
 11
-24.912
 21
31.288
 31
0.0
  0
LINE
  5
2B9
330
1F
100
AcDbEntity
  8
0
  6
Continuous
 62
     7
100
AcDbLine
 10
-24.762
 20
31.438
 30
0.0
 11
-24.762
 21
32.438
 31
0.0
  0
LINE
  5
2BA
330
1F
100
AcDbEntity
  8
0
  6
Continuous
 62
     7
100
AcDbLine
 10
-24.912
 20
32.588
 30
0.0
 11
-26.112
 21
32.588
 31
0.0
  0
LINE
  5
2BB
330
1F
100
AcDbEntity
  8
0
  6
Continuous
 62
     7
100
AcDbLine
 10
-26.262
 20
30.538
 30
0.0
 11
-26.262
 21
29.538
 31
0.0
  0
LINE
  5
2BC
330
1F
100
AcDbEntity
  8
0
  6
Continuous
 62
     7
100
AcDbLine
 10
-26.112
 20
29.388
 30
0.0
 11
-24.912
 21
29.388
 31
0.0
  0
LINE
  5
2BD
330
1F
100
AcDbEntity
  8
0
  6
Continuous
 62
     7
100
AcDbLine
 10
-24.762
 20
29.538
 30
0.0
 11
-24.762
 21
30.538
 31
0.0
  0
LINE
  5
2BE
330
1F
100
AcDbEntity
  8
0
  6
Continuous
 62
     7
100
AcDbLine
 10
-24.912
 20
30.688
 30
0.0
 11
-26.112
 21
30.688
 31
0.0
  0
LINE
  5
2BF
330
1F
100
AcDbEntity
  8
0
  6
Continuous
 62
     7
100
AcDbLine
 10
-10.03
 20
36.904
 30
0.0
 11
-10.03
 21
37.904
 31
0.0
  0
LINE
  5
2C0
330
1F
100
AcDbEntity
  8
0
  6
Continuous
 62
     7
100
AcDbLine
 10
-10.18
 20
38.054
 30
0.0
 11
-11.38
 21
38.054
 31
0.0
  0
LINE
  5
2C1
330
1F
100
AcDbEntity
  8
0
  6
Continuous
 62
     7
100
AcDbLine
 10
-11.53
 20
37.904
 30
0.0
 11
-11.53
 21
36.904
 31
0.0
  0
LINE
  5
2C2
330
1F
100
AcDbEntity
  8
0
  6
Continuous
 62
     7
100
AcDbLine
 10
-11.38
 20
36.754
 30
0.0
 11
-10.18
 21
36.754
 31
0.0
  0
LINE
  5
2C3
330
1F
100
AcDbEntity
  8
0
  6
Continuous
 62
     7
100
AcDbLine
 10
-10.03
 20
38.804
 30
0.0
 11
-10.03
 21
39.804
 31
0.0
  0
LINE
  5
2C4
330
1F
100
AcDbEntity
  8
0
  6
Continuous
 62
     7
100
AcDbLine
 10
-10.18
 20
39.954
 30
0.0
 11
-11.38
 21
39.954
 31
0.0
  0
LINE
  5
2C5
330
1F
100
AcDbEntity
  8
0
  6
Continuous
 62
     7
100
AcDbLine
 10
-11.53
 20
39.804
 30
0.0
 11
-11.53
 21
38.804
 31
0.0
  0
LINE
  5
2C6
330
1F
100
AcDbEntity
  8
0
  6
Continuous
 62
     7
100
AcDbLine
 10
-11.38
 20
38.654
 30
0.0
 11
-10.18
 21
38.654
 31
0.0
  0
LINE
  5
2C7
330
1F
100
AcDbEntity
  8
0
  6
Continuous
 62
     7
100
AcDbLine
 10
-21.182
 20
48.694
 30
0.0
 11
-21.182
 21
47.694
 31
0.0
  0
LINE
  5
2C8
330
1F
100
AcDbEntity
  8
0
  6
Continuous
 62
     7
100
AcDbLine
 10
-21.032
 20
47.544
 30
0.0
 11
-19.832
 21
47.544
 31
0.0
  0
LINE
  5
2C9
330
1F
100
AcDbEntity
  8
0
  6
Continuous
 62
     7
100
AcDbLine
 10
-19.682
 20
47.694
 30
0.0
 11
-19.682
 21
48.694
 31
0.0
  0
LINE
  5
2CA
330
1F
100
AcDbEntity
  8
0
  6
Continuous
 62
     7
100
AcDbLine
 10
-19.832
 20
48.844
 30
0.0
 11
-21.032
 21
48.844
 31
0.0
  0
LINE
  5
2CB
330
1F
100
AcDbEntity
  8
0
  6
Continuous
 62
     7
100
AcDbLine
 10
-21.182
 20
46.794
 30
0.0
 11
-21.182
 21
45.794
 31
0.0
  0
LINE
  5
2CC
330
1F
100
AcDbEntity
  8
0
  6
Continuous
 62
     7
100
AcDbLine
 10
-21.032
 20
45.644
 30
0.0
 11
-19.832
 21
45.644
 31
0.0
  0
LINE
  5
2CD
330
1F
100
AcDbEntity
  8
0
  6
Continuous
 62
     7
100
AcDbLine
 10
-19.682
 20
45.794
 30
0.0
 11
-19.682
 21
46.794
 31
0.0
  0
LINE
  5
2CE
330
1F
100
AcDbEntity
  8
0
  6
Continuous
 62
     7
100
AcDbLine
 10
-19.832
 20
46.944
 30
0.0
 11
-21.032
 21
46.944
 31
0.0
  0
LINE
  5
2CF
330
1F
100
AcDbEntity
  8
0
  6
Continuous
 62
     7
100
AcDbLine
 10
-23.746
 20
56.716
 30
0.0
 11
-23.746
 21
57.716
 31
0.0
  0
LINE
  5
2D0
330
1F
100
AcDbEntity
  8
0
  6
Continuous
 62
     7
100
AcDbLine
 10
-23.896
 20
57.866
 30
0.0
 11
-25.096
 21
57.866
 31
0.0
  0
LINE
  5
2D1
330
1F
100
AcDbEntity
  8
0
  6
Continuous
 62
     7
100
AcDbLine
 10
-25.246
 20
57.716
 30
0.0
 11
-25.246
 21
56.716
 31
0.0
  0
LINE
  5
2D2
330
1F
100
AcDbEntity
  8
0
  6
Continuous
 62
     7
100
AcDbLine
 10
-25.096
 20
56.566
 30
0.0
 11
-23.896
 21
56.566
 31
0.0
  0
LINE
  5
2D3
330
1F
100
AcDbEntity
  8
0
  6
Continuous
 62
     7
100
AcDbLine
 10
-23.746
 20
58.616
 30
0.0
 11
-23.746
 21
59.616
 31
0.0
  0
LINE
  5
2D4
330
1F
100
AcDbEntity
  8
0
  6
Continuous
 62
     7
100
AcDbLine
 10
-23.896
 20
59.766
 30
0.0
 11
-25.096
 21
59.766
 31
0.0
  0
LINE
  5
2D5
330
1F
100
AcDbEntity
  8
0
  6
Continuous
 62
     7
100
AcDbLine
 10
-25.246
 20
59.616
 30
0.0
 11
-25.246
 21
58.616
 31
0.0
  0
LINE
  5
2D6
330
1F
100
AcDbEntity
  8
0
  6
Continuous
 62
     7
100
AcDbLine
 10
-25.096
 20
58.466
 30
0.0
 11
-23.896
 21
58.466
 31
0.0
  0
LINE
  5
2D7
330
1F
100
AcDbEntity
  8
0
  6
Continuous
 62
     7
100
AcDbLine
 10
-27.556
 20
56.716
 30
0.0
 11
-27.556
 21
57.716
 31
0.0
  0
LINE
  5
2D8
330
1F
100
AcDbEntity
  8
0
  6
Continuous
 62
     7
100
AcDbLine
 10
-27.706
 20
57.866
 30
0.0
 11
-28.906
 21
57.866
 31
0.0
  0
LINE
  5
2D9
330
1F
100
AcDbEntity
  8
0
  6
Continuous
 62
     7
100
AcDbLine
 10
-29.056
 20
57.716
 30
0.0
 11
-29.056
 21
56.716
 31
0.0
  0
LINE
  5
2DA
330
1F
100
AcDbEntity
  8
0
  6
Continuous
 62
     7
100
AcDbLine
 10
-28.906
 20
56.566
 30
0.0
 11
-27.706
 21
56.566
 31
0.0
  0
LINE
  5
2DB
330
1F
100
AcDbEntity
  8
0
  6
Continuous
 62
     7
100
AcDbLine
 10
-27.556
 20
58.616
 30
0.0
 11
-27.556
 21
59.616
 31
0.0
  0
LINE
  5
2DC
330
1F
100
AcDbEntity
  8
0
  6
Continuous
 62
     7
100
AcDbLine
 10
-27.706
 20
59.766
 30
0.0
 11
-28.906
 21
59.766
 31
0.0
  0
LINE
  5
2DD
330
1F
100
AcDbEntity
  8
0
  6
Continuous
 62
     7
100
AcDbLine
 10
-29.056
 20
59.616
 30
0.0
 11
-29.056
 21
58.616
 31
0.0
  0
LINE
  5
2DE
330
1F
100
AcDbEntity
  8
0
  6
Continuous
 62
     7
100
AcDbLine
 10
-28.906
 20
58.466
 30
0.0
 11
-27.706
 21
58.466
 31
0.0
  0
LINE
  5
2DF
330
1F
100
AcDbEntity
  8
0
  6
Continuous
 62
     7
100
AcDbLine
 10
-40.51
 20
52.906
 30
0.0
 11
-40.51
 21
53.906
 31
0.0
  0
LINE
  5
2E0
330
1F
100
AcDbEntity
  8
0
  6
Continuous
 62
     7
100
AcDbLine
 10
-40.66
 20
54.056
 30
0.0
 11
-41.86
 21
54.056
 31
0.0
  0
LINE
  5
2E1
330
1F
100
AcDbEntity
  8
0
  6
Continuous
 62
     7
100
AcDbLine
 10
-42.01
 20
53.906
 30
0.0
 11
-42.01
 21
52.906
 31
0.0
  0
LINE
  5
2E2
330
1F
100
AcDbEntity
  8
0
  6
Continuous
 62
     7
100
AcDbLine
 10
-41.86
 20
52.756
 30
0.0
 11
-40.66
 21
52.756
 31
0.0
  0
LINE
  5
2E3
330
1F
100
AcDbEntity
  8
0
  6
Continuous
 62
     7
100
AcDbLine
 10
-40.51
 20
54.806
 30
0.0
 11
-40.51
 21
55.806
 31
0.0
  0
LINE
  5
2E4
330
1F
100
AcDbEntity
  8
0
  6
Continuous
 62
     7
100
AcDbLine
 10
-40.66
 20
55.956
 30
0.0
 11
-41.86
 21
55.956
 31
0.0
  0
LINE
  5
2E5
330
1F
100
AcDbEntity
  8
0
  6
Continuous
 62
     7
100
AcDbLine
 10
-42.01
 20
55.806
 30
0.0
 11
-42.01
 21
54.806
 31
0.0
  0
LINE
  5
2E6
330
1F
100
AcDbEntity
  8
0
  6
Continuous
 62
     7
100
AcDbLine
 10
-41.86
 20
54.656
 30
0.0
 11
-40.66
 21
54.656
 31
0.0
  0
LINE
  5
2E7
330
1F
100
AcDbEntity
  8
0
  6
Continuous
 62
     7
100
AcDbLine
 10
-37.462
 20
52.906
 30
0.0
 11
-37.462
 21
53.906
 31
0.0
  0
LINE
  5
2E8
330
1F
100
AcDbEntity
  8
0
  6
Continuous
 62
     7
100
AcDbLine
 10
-37.612
 20
54.056
 30
0.0
 11
-38.812
 21
54.056
 31
0.0
  0
LINE
  5
2E9
330
1F
100
AcDbEntity
  8
0
  6
Continuous
 62
     7
100
AcDbLine
 10
-38.962
 20
53.906
 30
0.0
 11
-38.962
 21
52.906
 31
0.0
  0
LINE
  5
2EA
330
1F
100
AcDbEntity
  8
0
  6
Continuous
 62
     7
100
AcDbLine
 10
-38.812
 20
52.756
 30
0.0
 11
-37.612
 21
52.756
 31
0.0
  0
LINE
  5
2EB
330
1F
100
AcDbEntity
  8
0
  6
Continuous
 62
     7
100
AcDbLine
 10
-37.462
 20
54.806
 30
0.0
 11
-37.462
 21
55.806
 31
0.0
  0
LINE
  5
2EC
330
1F
100
AcDbEntity
  8
0
  6
Continuous
 62
     7
100
AcDbLine
 10
-37.612
 20
55.956
 30
0.0
 11
-38.812
 21
55.956
 31
0.0
  0
LINE
  5
2ED
330
1F
100
AcDbEntity
  8
0
  6
Continuous
 62
     7
100
AcDbLine
 10
-38.962
 20
55.806
 30
0.0
 11
-38.962
 21
54.806
 31
0.0
  0
LINE
  5
2EE
330
1F
100
AcDbEntity
  8
0
  6
Continuous
 62
     7
100
AcDbLine
 10
-38.812
 20
54.656
 30
0.0
 11
-37.612
 21
54.656
 31
0.0
  0
LINE
  5
2EF
330
1F
100
AcDbEntity
  8
0
  6
Continuous
 62
     7
100
AcDbLine
 10
-34.16
 20
52.9289939078
 30
0.0
 11
-34.16
 21
53.906
 31
0.0
  0
LINE
  5
2F0
330
1F
100
AcDbEntity
  8
0
  6
Continuous
 62
     7
100
AcDbLine
 10
-34.31
 20
54.056
 30
0.0
 11
-35.51
 21
54.056
 31
0.0
  0
LINE
  5
2F1
330
1F
100
AcDbEntity
  8
0
  6
Continuous
 62
     7
100
AcDbLine
 10
-35.66
 20
53.906
 30
0.0
 11
-35.66
 21
52.906
 31
0.0
  0
LINE
  5
2F2
330
1F
100
AcDbEntity
  8
0
  6
Continuous
 62
     7
100
AcDbLine
 10
-35.51
 20
52.756
 30
0.0
 11
-34.3329939078
 21
52.756
 31
0.0
  0
LINE
  5
2F3
330
1F
100
AcDbEntity
  8
0
  6
Continuous
 62
     7
100
AcDbLine
 10
-34.16
 20
54.806
 30
0.0
 11
-34.16
 21
55.806
 31
0.0
  0
LINE
  5
2F4
330
1F
100
AcDbEntity
  8
0
  6
Continuous
 62
     7
100
AcDbLine
 10
-34.31
 20
55.956
 30
0.0
 11
-35.51
 21
55.956
 31
0.0
  0
LINE
  5
2F5
330
1F
100
AcDbEntity
  8
0
  6
Continuous
 62
     7
100
AcDbLine
 10
-35.66
 20
55.806
 30
0.0
 11
-35.66
 21
54.806
 31
0.0
  0
LINE
  5
2F6
330
1F
100
AcDbEntity
  8
0
  6
Continuous
 62
     7
100
AcDbLine
 10
-35.51
 20
54.656
 30
0.0
 11
-34.31
 21
54.656
 31
0.0
  0
LINE
  5
2F7
330
1F
100
AcDbEntity
  8
0
  6
Continuous
 62
     7
100
AcDbLine
 10
-33.46
 20
46.724
 30
0.0
 11
-34.46
 21
46.724
 31
0.0
  0
LINE
  5
2F8
330
1F
100
AcDbEntity
  8
0
  6
Continuous
 62
     7
100
AcDbLine
 10
-34.61
 20
46.574
 30
0.0
 11
-34.61
 21
45.374
 31
0.0
  0
LINE
  5
2F9
330
1F
100
AcDbEntity
  8
0
  6
Continuous
 62
     7
100
AcDbLine
 10
-34.46
 20
45.224
 30
0.0
 11
-33.46
 21
45.224
 31
0.0
  0
LINE
  5
2FA
330
1F
100
AcDbEntity
  8
0
  6
Continuous
 62
     7
100
AcDbLine
 10
-33.31
 20
45.374
 30
0.0
 11
-33.31
 21
46.574
 31
0.0
  0
LINE
  5
2FB
330
1F
100
AcDbEntity
  8
0
  6
Continuous
 62
     7
100
AcDbLine
 10
-35.36
 20
46.724
 30
0.0
 11
-36.51
 21
46.724
 31
0.0
  0
LINE
  5
2FC
330
1F
100
AcDbEntity
  8
0
  6
Continuous
 62
     7
100
AcDbLine
 10
-36.51
 20
46.724
 30
0.0
 11
-36.51
 21
45.374
 31
0.0
  0
LINE
  5
2FD
330
1F
100
AcDbEntity
  8
0
  6
Continuous
 62
     7
100
AcDbLine
 10
-36.36
 20
45.224
 30
0.0
 11
-35.36
 21
45.224
 31
0.0
  0
LINE
  5
2FE
330
1F
100
AcDbEntity
  8
0
  6
Continuous
 62
     7
100
AcDbLine
 10
-35.21
 20
45.374
 30
0.0
 11
-35.21
 21
46.574
 31
0.0
  0
LINE
  5
2FF
330
1F
100
AcDbEntity
  8
0
  6
Continuous
 62
     7
100
AcDbLine
 10
-33.46
 20
49.264
 30
0.0
 11
-34.46
 21
49.264
 31
0.0
  0
LINE
  5
300
330
1F
100
AcDbEntity
  8
0
  6
Continuous
 62
     7
100
AcDbLine
 10
-34.61
 20
49.114
 30
0.0
 11
-34.61
 21
47.914
 31
0.0
  0
LINE
  5
301
330
1F
100
AcDbEntity
  8
0
  6
Continuous
 62
     7
100
AcDbLine
 10
-34.46
 20
47.764
 30
0.0
 11
-33.46
 21
47.764
 31
0.0
  0
LINE
  5
302
330
1F
100
AcDbEntity
  8
0
  6
Continuous
 62
     7
100
AcDbLine
 10
-33.31
 20
47.914
 30
0.0
 11
-33.31
 21
49.114
 31
0.0
  0
LINE
  5
303
330
1F
100
AcDbEntity
  8
0
  6
Continuous
 62
     7
100
AcDbLine
 10
-35.36
 20
49.264
 30
0.0
 11
-36.36
 21
49.264
 31
0.0
  0
LINE
  5
304
330
1F
100
AcDbEntity
  8
0
  6
Continuous
 62
     7
100
AcDbLine
 10
-36.51
 20
49.114
 30
0.0
 11
-36.51
 21
47.914
 31
0.0
  0
LINE
  5
305
330
1F
100
AcDbEntity
  8
0
  6
Continuous
 62
     7
100
AcDbLine
 10
-36.36
 20
47.764
 30
0.0
 11
-35.36
 21
47.764
 31
0.0
  0
LINE
  5
306
330
1F
100
AcDbEntity
  8
0
  6
Continuous
 62
     7
100
AcDbLine
 10
-35.21
 20
47.914
 30
0.0
 11
-35.21
 21
49.114
 31
0.0
  0
LINE
  5
307
330
1F
100
AcDbEntity
  8
0
  6
Continuous
 62
     7
100
AcDbLine
 10
-3.426
 20
35.126
 30
0.0
 11
-3.426
 21
36.126
 31
0.0
  0
LINE
  5
308
330
1F
100
AcDbEntity
  8
0
  6
Continuous
 62
     7
100
AcDbLine
 10
-3.576
 20
36.276
 30
0.0
 11
-4.776
 21
36.276
 31
0.0
  0
LINE
  5
309
330
1F
100
AcDbEntity
  8
0
  6
Continuous
 62
     7
100
AcDbLine
 10
-4.926
 20
36.126
 30
0.0
 11
-4.926
 21
35.126
 31
0.0
  0
LINE
  5
30A
330
1F
100
AcDbEntity
  8
0
  6
Continuous
 62
     7
100
AcDbLine
 10
-4.776
 20
34.976
 30
0.0
 11
-3.576
 21
34.976
 31
0.0
  0
LINE
  5
30B
330
1F
100
AcDbEntity
  8
0
  6
Continuous
 62
     7
100
AcDbLine
 10
-3.426
 20
37.026
 30
0.0
 11
-3.426
 21
38.026
 31
0.0
  0
LINE
  5
30C
330
1F
100
AcDbEntity
  8
0
  6
Continuous
 62
     7
100
AcDbLine
 10
-3.576
 20
38.176
 30
0.0
 11
-4.776
 21
38.176
 31
0.0
  0
LINE
  5
30D
330
1F
100
AcDbEntity
  8
0
  6
Continuous
 62
     7
100
AcDbLine
 10
-4.926
 20
38.026
 30
0.0
 11
-4.926
 21
37.026
 31
0.0
  0
LINE
  5
30E
330
1F
100
AcDbEntity
  8
0
  6
Continuous
 62
     7
100
AcDbLine
 10
-4.776
 20
36.876
 30
0.0
 11
-3.576
 21
36.876
 31
0.0
  0
LINE
  5
30F
330
1F
100
AcDbEntity
  8
0
  6
Continuous
 62
     7
100
AcDbLine
 10
-6.22
 20
31.316
 30
0.0
 11
-6.22
 21
32.316
 31
0.0
  0
LINE
  5
310
330
1F
100
AcDbEntity
  8
0
  6
Continuous
 62
     7
100
AcDbLine
 10
-6.37
 20
32.466
 30
0.0
 11
-7.57
 21
32.466
 31
0.0
  0
LINE
  5
311
330
1F
100
AcDbEntity
  8
0
  6
Continuous
 62
     7
100
AcDbLine
 10
-7.72
 20
32.316
 30
0.0
 11
-7.72
 21
31.316
 31
0.0
  0
LINE
  5
312
330
1F
100
AcDbEntity
  8
0
  6
Continuous
 62
     7
100
AcDbLine
 10
-7.57
 20
31.166
 30
0.0
 11
-6.37
 21
31.166
 31
0.0
  0
LINE
  5
313
330
1F
100
AcDbEntity
  8
0
  6
Continuous
 62
     7
100
AcDbLine
 10
-6.22
 20
33.216
 30
0.0
 11
-6.22
 21
34.216
 31
0.0
  0
LINE
  5
314
330
1F
100
AcDbEntity
  8
0
  6
Continuous
 62
     7
100
AcDbLine
 10
-6.37
 20
34.366
 30
0.0
 11
-7.57
 21
34.366
 31
0.0
  0
LINE
  5
315
330
1F
100
AcDbEntity
  8
0
  6
Continuous
 62
     7
100
AcDbLine
 10
-7.72
 20
34.216
 30
0.0
 11
-7.72
 21
33.216
 31
0.0
  0
LINE
  5
316
330
1F
100
AcDbEntity
  8
0
  6
Continuous
 62
     7
100
AcDbLine
 10
-7.57
 20
33.066
 30
0.0
 11
-6.37
 21
33.066
 31
0.0
  0
LINE
  5
317
330
1F
100
AcDbEntity
  8
0
  6
Continuous
 62
     7
100
AcDbLine
 10
-8.228
 20
39.804
 30
0.0
 11
-8.228
 21
38.804
 31
0.0
  0
LINE
  5
318
330
1F
100
AcDbEntity
  8
0
  6
Continuous
 62
     7
100
AcDbLine
 10
-8.078
 20
38.654
 30
0.0
 11
-6.878
 21
38.654
 31
0.0
  0
LINE
  5
319
330
1F
100
AcDbEntity
  8
0
  6
Continuous
 62
     7
100
AcDbLine
 10
-6.728
 20
38.804
 30
0.0
 11
-6.728
 21
39.804
 31
0.0
  0
LINE
  5
31A
330
1F
100
AcDbEntity
  8
0
  6
Continuous
 62
     7
100
AcDbLine
 10
-6.878
 20
39.954
 30
0.0
 11
-8.078
 21
39.954
 31
0.0
  0
LINE
  5
31B
330
1F
100
AcDbEntity
  8
0
  6
Continuous
 62
     7
100
AcDbLine
 10
-8.228
 20
37.904
 30
0.0
 11
-8.228
 21
36.904
 31
0.0
  0
LINE
  5
31C
330
1F
100
AcDbEntity
  8
0
  6
Continuous
 62
     7
100
AcDbLine
 10
-8.078
 20
36.754
 30
0.0
 11
-6.878
 21
36.754
 31
0.0
  0
LINE
  5
31D
330
1F
100
AcDbEntity
  8
0
  6
Continuous
 62
     7
100
AcDbLine
 10
-6.728
 20
36.904
 30
0.0
 11
-6.728
 21
37.904
 31
0.0
  0
LINE
  5
31E
330
1F
100
AcDbEntity
  8
0
  6
Continuous
 62
     7
100
AcDbLine
 10
-6.878
 20
38.054
 30
0.0
 11
-8.078
 21
38.054
 31
0.0
  0
LINE
  5
31F
330
1F
100
AcDbEntity
  8
0
  6
Continuous
 62
     7
100
AcDbLine
 10
-29.65
 20
34.278
 30
0.0
 11
-30.65
 21
34.278
 31
0.0
  0
LINE
  5
320
330
1F
100
AcDbEntity
  8
0
  6
Continuous
 62
     7
100
AcDbLine
 10
-30.8
 20
34.128
 30
0.0
 11
-30.8
 21
32.928
 31
0.0
  0
LINE
  5
321
330
1F
100
AcDbEntity
  8
0
  6
Continuous
 62
     7
100
AcDbLine
 10
-30.65
 20
32.778
 30
0.0
 11
-29.65
 21
32.778
 31
0.0
  0
LINE
  5
322
330
1F
100
AcDbEntity
  8
0
  6
Continuous
 62
     7
100
AcDbLine
 10
-29.5
 20
32.928
 30
0.0
 11
-29.5
 21
34.128
 31
0.0
  0
LINE
  5
323
330
1F
100
AcDbEntity
  8
0
  6
Continuous
 62
     7
100
AcDbLine
 10
-31.55
 20
34.278
 30
0.0
 11
-32.55
 21
34.278
 31
0.0
  0
LINE
  5
324
330
1F
100
AcDbEntity
  8
0
  6
Continuous
 62
     7
100
AcDbLine
 10
-32.7
 20
34.128
 30
0.0
 11
-32.7
 21
32.928
 31
0.0
  0
LINE
  5
325
330
1F
100
AcDbEntity
  8
0
  6
Continuous
 62
     7
100
AcDbLine
 10
-32.55
 20
32.778
 30
0.0
 11
-31.55
 21
32.778
 31
0.0
  0
LINE
  5
326
330
1F
100
AcDbEntity
  8
0
  6
Continuous
 62
     7
100
AcDbLine
 10
-31.4
 20
32.928
 30
0.0
 11
-31.4
 21
34.128
 31
0.0
  0
LINE
  5
327
330
1F
100
AcDbEntity
  8
0
  6
Continuous
 62
     7
100
AcDbLine
 10
-26.262
 20
38.534
 30
0.0
 11
-26.262
 21
37.534
 31
0.0
  0
LINE
  5
328
330
1F
100
AcDbEntity
  8
0
  6
Continuous
 62
     7
100
AcDbLine
 10
-26.112
 20
37.384
 30
0.0
 11
-24.912
 21
37.384
 31
0.0
  0
LINE
  5
329
330
1F
100
AcDbEntity
  8
0
  6
Continuous
 62
     7
100
AcDbLine
 10
-24.762
 20
37.534
 30
0.0
 11
-24.762
 21
38.534
 31
0.0
  0
LINE
  5
32A
330
1F
100
AcDbEntity
  8
0
  6
Continuous
 62
     7
100
AcDbLine
 10
-24.912
 20
38.684
 30
0.0
 11
-26.112
 21
38.684
 31
0.0
  0
LINE
  5
32B
330
1F
100
AcDbEntity
  8
0
  6
Continuous
 62
     7
100
AcDbLine
 10
-26.262
 20
36.634
 30
0.0
 11
-26.262
 21
35.634
 31
0.0
  0
LINE
  5
32C
330
1F
100
AcDbEntity
  8
0
  6
Continuous
 62
     7
100
AcDbLine
 10
-26.112
 20
35.484
 30
0.0
 11
-24.912
 21
35.484
 31
0.0
  0
LINE
  5
32D
330
1F
100
AcDbEntity
  8
0
  6
Continuous
 62
     7
100
AcDbLine
 10
-24.762
 20
35.634
 30
0.0
 11
-24.762
 21
36.634
 31
0.0
  0
LINE
  5
32E
330
1F
100
AcDbEntity
  8
0
  6
Continuous
 62
     7
100
AcDbLine
 10
-24.912
 20
36.784
 30
0.0
 11
-26.112
 21
36.784
 31
0.0
  0
LINE
  5
32F
330
1F
100
AcDbEntity
  8
0
  6
Continuous
 62
     7
100
AcDbLine
 10
-24.1025
 20
13.168
 30
0.0
 11
-24.1025
 21
14.468
 31
0.0
  0
LINE
  5
330
330
1F
100
AcDbEntity
  8
0
  6
Continuous
 62
     7
100
AcDbLine
 10
-24.2525
 20
14.618
 30
0.0
 11
-25.7555
 21
14.618
 31
0.0
  0
LINE
  5
331
330
1F
100
AcDbEntity
  8
0
  6
Continuous
 62
     7
100
AcDbLine
 10
-25.9055
 20
14.468
 30
0.0
 11
-25.9055
 21
13.168
 31
0.0
  0
LINE
  5
332
330
1F
100
AcDbEntity
  8
0
  6
Continuous
 62
     7
100
AcDbLine
 10
-25.7555
 20
13.018
 30
0.0
 11
-24.2525
 21
13.018
 31
0.0
  0
LINE
  5
333
330
1F
100
AcDbEntity
  8
0
  6
Continuous
 62
     7
100
AcDbLine
 10
-24.1025
 20
16.012
 30
0.0
 11
-24.1025
 21
17.312
 31
0.0
  0
LINE
  5
334
330
1F
100
AcDbEntity
  8
0
  6
Continuous
 62
     7
100
AcDbLine
 10
-24.2525
 20
17.462
 30
0.0
 11
-25.7555
 21
17.462
 31
0.0
  0
LINE
  5
335
330
1F
100
AcDbEntity
  8
0
  6
Continuous
 62
     7
100
AcDbLine
 10
-25.9055
 20
17.312
 30
0.0
 11
-25.9055
 21
16.012
 31
0.0
  0
LINE
  5
336
330
1F
100
AcDbEntity
  8
0
  6
Continuous
 62
     7
100
AcDbLine
 10
-25.7555
 20
15.862
 30
0.0
 11
-24.2525
 21
15.862
 31
0.0
  0
LINE
  5
337
330
1F
100
AcDbEntity
  8
0
  6
Continuous
 62
     7
100
AcDbLine
 10
-91.138
 20
37.2556
 30
0.0
 11
-91.138
 21
38.2556
 31
0.0
  0
LINE
  5
338
330
1F
100
AcDbEntity
  8
0
  6
Continuous
 62
     7
100
AcDbLine
 10
-91.288
 20
38.4056
 30
0.0
 11
-92.488
 21
38.4056
 31
0.0
  0
LINE
  5
339
330
1F
100
AcDbEntity
  8
0
  6
Continuous
 62
     7
100
AcDbLine
 10
-92.638
 20
38.2556
 30
0.0
 11
-92.638
 21
37.2556
 31
0.0
  0
LINE
  5
33A
330
1F
100
AcDbEntity
  8
0
  6
Continuous
 62
     7
100
AcDbLine
 10
-92.488
 20
37.1056
 30
0.0
 11
-91.288
 21
37.1056
 31
0.0
  0
LINE
  5
33B
330
1F
100
AcDbEntity
  8
0
  6
Continuous
 62
     7
100
AcDbLine
 10
-91.138
 20
39.1556
 30
0.0
 11
-91.138
 21
40.1556
 31
0.0
  0
LINE
  5
33C
330
1F
100
AcDbEntity
  8
0
  6
Continuous
 62
     7
100
AcDbLine
 10
-91.288
 20
40.3056
 30
0.0
 11
-92.488
 21
40.3056
 31
0.0
  0
LINE
  5
33D
330
1F
100
AcDbEntity
  8
0
  6
Continuous
 62
     7
100
AcDbLine
 10
-92.638
 20
40.1556
 30
0.0
 11
-92.638
 21
39.1556
 31
0.0
  0
LINE
  5
33E
330
1F
100
AcDbEntity
  8
0
  6
Continuous
 62
     7
100
AcDbLine
 10
-92.488
 20
39.0056
 30
0.0
 11
-91.288
 21
39.0056
 31
0.0
  0
LINE
  5
33F
330
1F
100
AcDbEntity
  8
0
  6
Continuous
 62
     7
100
AcDbLine
 10
-93.17
 20
32.1756
 30
0.0
 11
-93.17
 21
33.1756
 31
0.0
  0
LINE
  5
340
330
1F
100
AcDbEntity
  8
0
  6
Continuous
 62
     7
100
AcDbLine
 10
-93.32
 20
33.3256
 30
0.0
 11
-94.52
 21
33.3256
 31
0.0
  0
LINE
  5
341
330
1F
100
AcDbEntity
  8
0
  6
Continuous
 62
     7
100
AcDbLine
 10
-94.67
 20
33.1756
 30
0.0
 11
-94.67
 21
32.1756
 31
0.0
  0
LINE
  5
342
330
1F
100
AcDbEntity
  8
0
  6
Continuous
 62
     7
100
AcDbLine
 10
-94.52
 20
32.0256
 30
0.0
 11
-93.32
 21
32.0256
 31
0.0
  0
LINE
  5
343
330
1F
100
AcDbEntity
  8
0
  6
Continuous
 62
     7
100
AcDbLine
 10
-93.17
 20
34.0756
 30
0.0
 11
-93.17
 21
35.0756
 31
0.0
  0
LINE
  5
344
330
1F
100
AcDbEntity
  8
0
  6
Continuous
 62
     7
100
AcDbLine
 10
-93.32
 20
35.2256
 30
0.0
 11
-94.52
 21
35.2256
 31
0.0
  0
LINE
  5
345
330
1F
100
AcDbEntity
  8
0
  6
Continuous
 62
     7
100
AcDbLine
 10
-94.67
 20
35.0756
 30
0.0
 11
-94.67
 21
34.0756
 31
0.0
  0
LINE
  5
346
330
1F
100
AcDbEntity
  8
0
  6
Continuous
 62
     7
100
AcDbLine
 10
-94.52
 20
33.9256
 30
0.0
 11
-93.32
 21
33.9256
 31
0.0
  0
LINE
  5
347
330
1F
100
AcDbEntity
  8
0
  6
Continuous
 62
     7
100
AcDbLine
 10
-91.368
 20
29.4876
 30
0.0
 11
-91.368
 21
28.4876
 31
0.0
  0
LINE
  5
348
330
1F
100
AcDbEntity
  8
0
  6
Continuous
 62
     7
100
AcDbLine
 10
-91.218
 20
28.3376
 30
0.0
 11
-90.018
 21
28.3376
 31
0.0
  0
LINE
  5
349
330
1F
100
AcDbEntity
  8
0
  6
Continuous
 62
     7
100
AcDbLine
 10
-89.868
 20
28.4876
 30
0.0
 11
-89.868
 21
29.4876
 31
0.0
  0
LINE
  5
34A
330
1F
100
AcDbEntity
  8
0
  6
Continuous
 62
     7
100
AcDbLine
 10
-90.018
 20
29.6376
 30
0.0
 11
-91.218
 21
29.6376
 31
0.0
  0
LINE
  5
34B
330
1F
100
AcDbEntity
  8
0
  6
Continuous
 62
     7
100
AcDbLine
 10
-91.368
 20
27.5876
 30
0.0
 11
-91.368
 21
26.5876
 31
0.0
  0
LINE
  5
34C
330
1F
100
AcDbEntity
  8
0
  6
Continuous
 62
     7
100
AcDbLine
 10
-91.218
 20
26.4376
 30
0.0
 11
-90.018
 21
26.4376
 31
0.0
  0
LINE
  5
34D
330
1F
100
AcDbEntity
  8
0
  6
Continuous
 62
     7
100
AcDbLine
 10
-89.868
 20
26.5876
 30
0.0
 11
-89.868
 21
27.5876
 31
0.0
  0
LINE
  5
34E
330
1F
100
AcDbEntity
  8
0
  6
Continuous
 62
     7
100
AcDbLine
 10
-90.018
 20
27.7376
 30
0.0
 11
-91.218
 21
27.7376
 31
0.0
  0
LINE
  5
34F
330
1F
100
AcDbEntity
  8
0
  6
Continuous
 62
     7
100
AcDbLine
 10
-89.614
 20
32.1756
 30
0.0
 11
-89.614
 21
33.1756
 31
0.0
  0
LINE
  5
350
330
1F
100
AcDbEntity
  8
0
  6
Continuous
 62
     7
100
AcDbLine
 10
-89.764
 20
33.3256
 30
0.0
 11
-90.964
 21
33.3256
 31
0.0
  0
LINE
  5
351
330
1F
100
AcDbEntity
  8
0
  6
Continuous
 62
     7
100
AcDbLine
 10
-91.114
 20
33.1756
 30
0.0
 11
-91.114
 21
32.1756
 31
0.0
  0
LINE
  5
352
330
1F
100
AcDbEntity
  8
0
  6
Continuous
 62
     7
100
AcDbLine
 10
-90.964
 20
32.0256
 30
0.0
 11
-89.764
 21
32.0256
 31
0.0
  0
LINE
  5
353
330
1F
100
AcDbEntity
  8
0
  6
Continuous
 62
     7
100
AcDbLine
 10
-89.614
 20
34.0756
 30
0.0
 11
-89.614
 21
35.0756
 31
0.0
  0
LINE
  5
354
330
1F
100
AcDbEntity
  8
0
  6
Continuous
 62
     7
100
AcDbLine
 10
-89.764
 20
35.2256
 30
0.0
 11
-90.964
 21
35.2256
 31
0.0
  0
LINE
  5
355
330
1F
100
AcDbEntity
  8
0
  6
Continuous
 62
     7
100
AcDbLine
 10
-91.114
 20
35.0756
 30
0.0
 11
-91.114
 21
34.0756
 31
0.0
  0
LINE
  5
356
330
1F
100
AcDbEntity
  8
0
  6
Continuous
 62
     7
100
AcDbLine
 10
-90.964
 20
33.9256
 30
0.0
 11
-89.764
 21
33.9256
 31
0.0
  0
LINE
  5
357
330
1F
100
AcDbEntity
  8
0
  6
Continuous
 62
     7
100
AcDbLine
 10
-93.908
 20
24.4076
 30
0.0
 11
-93.908
 21
23.4076
 31
0.0
  0
LINE
  5
358
330
1F
100
AcDbEntity
  8
0
  6
Continuous
 62
     7
100
AcDbLine
 10
-93.758
 20
23.2576
 30
0.0
 11
-92.558
 21
23.2576
 31
0.0
  0
LINE
  5
359
330
1F
100
AcDbEntity
  8
0
  6
Continuous
 62
     7
100
AcDbLine
 10
-92.408
 20
23.4076
 30
0.0
 11
-92.408
 21
24.4076
 31
0.0
  0
LINE
  5
35A
330
1F
100
AcDbEntity
  8
0
  6
Continuous
 62
     7
100
AcDbLine
 10
-92.558
 20
24.5576
 30
0.0
 11
-93.758
 21
24.5576
 31
0.0
  0
LINE
  5
35B
330
1F
100
AcDbEntity
  8
0
  6
Continuous
 62
     7
100
AcDbLine
 10
-93.908
 20
22.5076
 30
0.0
 11
-93.908
 21
21.5076
 31
0.0
  0
LINE
  5
35C
330
1F
100
AcDbEntity
  8
0
  6
Continuous
 62
     7
100
AcDbLine
 10
-93.758
 20
21.3576
 30
0.0
 11
-92.558
 21
21.3576
 31
0.0
  0
LINE
  5
35D
330
1F
100
AcDbEntity
  8
0
  6
Continuous
 62
     7
100
AcDbLine
 10
-92.408
 20
21.5076
 30
0.0
 11
-92.408
 21
22.5076
 31
0.0
  0
LINE
  5
35E
330
1F
100
AcDbEntity
  8
0
  6
Continuous
 62
     7
100
AcDbLine
 10
-92.558
 20
22.6576
 30
0.0
 11
-93.758
 21
22.6576
 31
0.0
  0
LINE
  5
35F
330
1F
100
AcDbEntity
  8
0
  6
Continuous
 62
     7
100
AcDbLine
 10
-87.812
 20
29.4876
 30
0.0
 11
-87.812
 21
28.4876
 31
0.0
  0
LINE
  5
360
330
1F
100
AcDbEntity
  8
0
  6
Continuous
 62
     7
100
AcDbLine
 10
-87.662
 20
28.3376
 30
0.0
 11
-86.462
 21
28.3376
 31
0.0
  0
LINE
  5
361
330
1F
100
AcDbEntity
  8
0
  6
Continuous
 62
     7
100
AcDbLine
 10
-86.312
 20
28.4876
 30
0.0
 11
-86.312
 21
29.4876
 31
0.0
  0
LINE
  5
362
330
1F
100
AcDbEntity
  8
0
  6
Continuous
 62
     7
100
AcDbLine
 10
-86.462
 20
29.6376
 30
0.0
 11
-87.662
 21
29.6376
 31
0.0
  0
LINE
  5
363
330
1F
100
AcDbEntity
  8
0
  6
Continuous
 62
     7
100
AcDbLine
 10
-87.812
 20
27.5876
 30
0.0
 11
-87.812
 21
26.5876
 31
0.0
  0
LINE
  5
364
330
1F
100
AcDbEntity
  8
0
  6
Continuous
 62
     7
100
AcDbLine
 10
-87.662
 20
26.4376
 30
0.0
 11
-86.462
 21
26.4376
 31
0.0
  0
LINE
  5
365
330
1F
100
AcDbEntity
  8
0
  6
Continuous
 62
     7
100
AcDbLine
 10
-86.312
 20
26.5876
 30
0.0
 11
-86.312
 21
27.5876
 31
0.0
  0
LINE
  5
366
330
1F
100
AcDbEntity
  8
0
  6
Continuous
 62
     7
100
AcDbLine
 10
-86.462
 20
27.7376
 30
0.0
 11
-87.662
 21
27.7376
 31
0.0
  0
LINE
  5
367
330
1F
100
AcDbEntity
  8
0
  6
Continuous
 62
     7
100
AcDbLine
 10
-89.59
 20
66.5716
 30
0.0
 11
-89.59
 21
65.5716
 31
0.0
  0
LINE
  5
368
330
1F
100
AcDbEntity
  8
0
  6
Continuous
 62
     7
100
AcDbLine
 10
-89.44
 20
65.4216
 30
0.0
 11
-88.24
 21
65.4216
 31
0.0
  0
LINE
  5
369
330
1F
100
AcDbEntity
  8
0
  6
Continuous
 62
     7
100
AcDbLine
 10
-88.09
 20
65.5716
 30
0.0
 11
-88.09
 21
66.5716
 31
0.0
  0
LINE
  5
36A
330
1F
100
AcDbEntity
  8
0
  6
Continuous
 62
     7
100
AcDbLine
 10
-88.24
 20
66.7216
 30
0.0
 11
-89.44
 21
66.7216
 31
0.0
  0
LINE
  5
36B
330
1F
100
AcDbEntity
  8
0
  6
Continuous
 62
     7
100
AcDbLine
 10
-89.59
 20
64.6716
 30
0.0
 11
-89.59
 21
63.6716
 31
0.0
  0
LINE
  5
36C
330
1F
100
AcDbEntity
  8
0
  6
Continuous
 62
     7
100
AcDbLine
 10
-89.44
 20
63.5216
 30
0.0
 11
-88.24
 21
63.5216
 31
0.0
  0
LINE
  5
36D
330
1F
100
AcDbEntity
  8
0
  6
Continuous
 62
     7
100
AcDbLine
 10
-88.09
 20
63.6716
 30
0.0
 11
-88.09
 21
64.6716
 31
0.0
  0
LINE
  5
36E
330
1F
100
AcDbEntity
  8
0
  6
Continuous
 62
     7
100
AcDbLine
 10
-88.24
 20
64.8216
 30
0.0
 11
-89.44
 21
64.8216
 31
0.0
  0
LINE
  5
36F
330
1F
100
AcDbEntity
  8
0
  6
Continuous
 62
     7
100
AcDbLine
 10
-84.534
 20
65.1956
 30
0.0
 11
-84.534
 21
66.1956
 31
0.0
  0
LINE
  5
370
330
1F
100
AcDbEntity
  8
0
  6
Continuous
 62
     7
100
AcDbLine
 10
-84.684
 20
66.3456
 30
0.0
 11
-85.884
 21
66.3456
 31
0.0
  0
LINE
  5
371
330
1F
100
AcDbEntity
  8
0
  6
Continuous
 62
     7
100
AcDbLine
 10
-86.034
 20
66.1956
 30
0.0
 11
-86.034
 21
65.1956
 31
0.0
  0
LINE
  5
372
330
1F
100
AcDbEntity
  8
0
  6
Continuous
 62
     7
100
AcDbLine
 10
-85.884
 20
65.0456
 30
0.0
 11
-84.684
 21
65.0456
 31
0.0
  0
LINE
  5
373
330
1F
100
AcDbEntity
  8
0
  6
Continuous
 62
     7
100
AcDbLine
 10
-84.534
 20
67.0956
 30
0.0
 11
-84.534
 21
68.0956
 31
0.0
  0
LINE
  5
374
330
1F
100
AcDbEntity
  8
0
  6
Continuous
 62
     7
100
AcDbLine
 10
-84.684
 20
68.2456
 30
0.0
 11
-85.884
 21
68.2456
 31
0.0
  0
LINE
  5
375
330
1F
100
AcDbEntity
  8
0
  6
Continuous
 62
     7
100
AcDbLine
 10
-86.034
 20
68.0956
 30
0.0
 11
-86.034
 21
67.0956
 31
0.0
  0
LINE
  5
376
330
1F
100
AcDbEntity
  8
0
  6
Continuous
 62
     7
100
AcDbLine
 10
-85.884
 20
66.9456
 30
0.0
 11
-84.684
 21
66.9456
 31
0.0
  0
LINE
  5
377
330
1F
100
AcDbEntity
  8
0
  6
Continuous
 62
     7
100
AcDbLine
 10
-74.628
 20
21.7616
 30
0.0
 11
-74.628
 21
22.7616
 31
0.0
  0
LINE
  5
378
330
1F
100
AcDbEntity
  8
0
  6
Continuous
 62
     7
100
AcDbLine
 10
-74.778
 20
22.9116
 30
0.0
 11
-75.978
 21
22.9116
 31
0.0
  0
LINE
  5
379
330
1F
100
AcDbEntity
  8
0
  6
Continuous
 62
     7
100
AcDbLine
 10
-76.128
 20
22.7616
 30
0.0
 11
-76.128
 21
21.7616
 31
0.0
  0
LINE
  5
37A
330
1F
100
AcDbEntity
  8
0
  6
Continuous
 62
     7
100
AcDbLine
 10
-75.978
 20
21.6116
 30
0.0
 11
-74.778
 21
21.6116
 31
0.0
  0
LINE
  5
37B
330
1F
100
AcDbEntity
  8
0
  6
Continuous
 62
     7
100
AcDbLine
 10
-74.628
 20
23.6616
 30
0.0
 11
-74.628
 21
24.6616
 31
0.0
  0
LINE
  5
37C
330
1F
100
AcDbEntity
  8
0
  6
Continuous
 62
     7
100
AcDbLine
 10
-74.778
 20
24.8116
 30
0.0
 11
-75.978
 21
24.8116
 31
0.0
  0
LINE
  5
37D
330
1F
100
AcDbEntity
  8
0
  6
Continuous
 62
     7
100
AcDbLine
 10
-76.128
 20
24.6616
 30
0.0
 11
-76.128
 21
23.6616
 31
0.0
  0
LINE
  5
37E
330
1F
100
AcDbEntity
  8
0
  6
Continuous
 62
     7
100
AcDbLine
 10
-75.978
 20
23.5116
 30
0.0
 11
-74.778
 21
23.5116
 31
0.0
  0
LINE
  5
37F
330
1F
100
AcDbEntity
  8
0
  6
Continuous
 62
     7
100
AcDbLine
 10
-79.454
 20
65.1956
 30
0.0
 11
-79.454
 21
66.1956
 31
0.0
  0
LINE
  5
380
330
1F
100
AcDbEntity
  8
0
  6
Continuous
 62
     7
100
AcDbLine
 10
-79.604
 20
66.3456
 30
0.0
 11
-80.804
 21
66.3456
 31
0.0
  0
LINE
  5
381
330
1F
100
AcDbEntity
  8
0
  6
Continuous
 62
     7
100
AcDbLine
 10
-80.954
 20
66.1956
 30
0.0
 11
-80.954
 21
65.1956
 31
0.0
  0
LINE
  5
382
330
1F
100
AcDbEntity
  8
0
  6
Continuous
 62
     7
100
AcDbLine
 10
-80.804
 20
65.0456
 30
0.0
 11
-79.604
 21
65.0456
 31
0.0
  0
LINE
  5
383
330
1F
100
AcDbEntity
  8
0
  6
Continuous
 62
     7
100
AcDbLine
 10
-79.454
 20
67.0956
 30
0.0
 11
-79.454
 21
68.0956
 31
0.0
  0
LINE
  5
384
330
1F
100
AcDbEntity
  8
0
  6
Continuous
 62
     7
100
AcDbLine
 10
-79.604
 20
68.2456
 30
0.0
 11
-80.804
 21
68.2456
 31
0.0
  0
LINE
  5
385
330
1F
100
AcDbEntity
  8
0
  6
Continuous
 62
     7
100
AcDbLine
 10
-80.954
 20
68.0956
 30
0.0
 11
-80.954
 21
67.0956
 31
0.0
  0
LINE
  5
386
330
1F
100
AcDbEntity
  8
0
  6
Continuous
 62
     7
100
AcDbLine
 10
-80.804
 20
66.9456
 30
0.0
 11
-79.604
 21
66.9456
 31
0.0
  0
LINE
  5
387
330
1F
100
AcDbEntity
  8
0
  6
Continuous
 62
     7
100
AcDbLine
 10
-74.374
 20
65.1956
 30
0.0
 11
-74.374
 21
66.1956
 31
0.0
  0
LINE
  5
388
330
1F
100
AcDbEntity
  8
0
  6
Continuous
 62
     7
100
AcDbLine
 10
-74.524
 20
66.3456
 30
0.0
 11
-75.724
 21
66.3456
 31
0.0
  0
LINE
  5
389
330
1F
100
AcDbEntity
  8
0
  6
Continuous
 62
     7
100
AcDbLine
 10
-75.874
 20
66.1956
 30
0.0
 11
-75.874
 21
65.1956
 31
0.0
  0
LINE
  5
38A
330
1F
100
AcDbEntity
  8
0
  6
Continuous
 62
     7
100
AcDbLine
 10
-75.724
 20
65.0456
 30
0.0
 11
-74.524
 21
65.0456
 31
0.0
  0
LINE
  5
38B
330
1F
100
AcDbEntity
  8
0
  6
Continuous
 62
     7
100
AcDbLine
 10
-74.374
 20
67.0956
 30
0.0
 11
-74.374
 21
68.0956
 31
0.0
  0
LINE
  5
38C
330
1F
100
AcDbEntity
  8
0
  6
Continuous
 62
     7
100
AcDbLine
 10
-74.524
 20
68.2456
 30
0.0
 11
-75.724
 21
68.2456
 31
0.0
  0
LINE
  5
38D
330
1F
100
AcDbEntity
  8
0
  6
Continuous
 62
     7
100
AcDbLine
 10
-75.874
 20
68.0956
 30
0.0
 11
-75.874
 21
67.0956
 31
0.0
  0
LINE
  5
38E
330
1F
100
AcDbEntity
  8
0
  6
Continuous
 62
     7
100
AcDbLine
 10
-75.724
 20
66.9456
 30
0.0
 11
-74.524
 21
66.9456
 31
0.0
  0
LINE
  5
38F
330
1F
100
AcDbEntity
  8
0
  6
Continuous
 62
     7
100
AcDbLine
 10
-76.914
 20
42.8436
 30
0.0
 11
-76.914
 21
43.8436
 31
0.0
  0
LINE
  5
390
330
1F
100
AcDbEntity
  8
0
  6
Continuous
 62
     7
100
AcDbLine
 10
-77.064
 20
43.9936
 30
0.0
 11
-78.264
 21
43.9936
 31
0.0
  0
LINE
  5
391
330
1F
100
AcDbEntity
  8
0
  6
Continuous
 62
     7
100
AcDbLine
 10
-78.414
 20
43.8436
 30
0.0
 11
-78.414
 21
42.8436
 31
0.0
  0
LINE
  5
392
330
1F
100
AcDbEntity
  8
0
  6
Continuous
 62
     7
100
AcDbLine
 10
-78.264
 20
42.6936
 30
0.0
 11
-77.064
 21
42.6936
 31
0.0
  0
LINE
  5
393
330
1F
100
AcDbEntity
  8
0
  6
Continuous
 62
     7
100
AcDbLine
 10
-76.914
 20
44.7436
 30
0.0
 11
-76.914
 21
45.7436
 31
0.0
  0
LINE
  5
394
330
1F
100
AcDbEntity
  8
0
  6
Continuous
 62
     7
100
AcDbLine
 10
-77.064
 20
45.8936
 30
0.0
 11
-78.264
 21
45.8936
 31
0.0
  0
LINE
  5
395
330
1F
100
AcDbEntity
  8
0
  6
Continuous
 62
     7
100
AcDbLine
 10
-78.414
 20
45.7436
 30
0.0
 11
-78.414
 21
44.7436
 31
0.0
  0
LINE
  5
396
330
1F
100
AcDbEntity
  8
0
  6
Continuous
 62
     7
100
AcDbLine
 10
-78.264
 20
44.5936
 30
0.0
 11
-77.064
 21
44.5936
 31
0.0
  0
LINE
  5
397
330
1F
100
AcDbEntity
  8
0
  6
Continuous
 62
     7
100
AcDbLine
 10
-88.09
 20
57.0676
 30
0.0
 11
-88.09
 21
58.0676
 31
0.0
  0
LINE
  5
398
330
1F
100
AcDbEntity
  8
0
  6
Continuous
 62
     7
100
AcDbLine
 10
-88.24
 20
58.2176
 30
0.0
 11
-89.44
 21
58.2176
 31
0.0
  0
LINE
  5
399
330
1F
100
AcDbEntity
  8
0
  6
Continuous
 62
     7
100
AcDbLine
 10
-89.59
 20
58.0676
 30
0.0
 11
-89.59
 21
57.0676
 31
0.0
  0
LINE
  5
39A
330
1F
100
AcDbEntity
  8
0
  6
Continuous
 62
     7
100
AcDbLine
 10
-89.44
 20
56.9176
 30
0.0
 11
-88.24
 21
56.9176
 31
0.0
  0
LINE
  5
39B
330
1F
100
AcDbEntity
  8
0
  6
Continuous
 62
     7
100
AcDbLine
 10
-88.09
 20
58.9676
 30
0.0
 11
-88.09
 21
59.9676
 31
0.0
  0
LINE
  5
39C
330
1F
100
AcDbEntity
  8
0
  6
Continuous
 62
     7
100
AcDbLine
 10
-88.24
 20
60.1176
 30
0.0
 11
-89.44
 21
60.1176
 31
0.0
  0
LINE
  5
39D
330
1F
100
AcDbEntity
  8
0
  6
Continuous
 62
     7
100
AcDbLine
 10
-89.59
 20
59.9676
 30
0.0
 11
-89.59
 21
58.9676
 31
0.0
  0
LINE
  5
39E
330
1F
100
AcDbEntity
  8
0
  6
Continuous
 62
     7
100
AcDbLine
 10
-89.44
 20
58.8176
 30
0.0
 11
-88.24
 21
58.8176
 31
0.0
  0
LINE
  5
39F
330
1F
100
AcDbEntity
  8
0
  6
Continuous
 62
     7
100
AcDbLine
 10
-73.358
 20
42.8436
 30
0.0
 11
-73.358
 21
43.8436
 31
0.0
  0
LINE
  5
3A0
330
1F
100
AcDbEntity
  8
0
  6
Continuous
 62
     7
100
AcDbLine
 10
-73.508
 20
43.9936
 30
0.0
 11
-74.708
 21
43.9936
 31
0.0
  0
LINE
  5
3A1
330
1F
100
AcDbEntity
  8
0
  6
Continuous
 62
     7
100
AcDbLine
 10
-74.858
 20
43.8436
 30
0.0
 11
-74.858
 21
42.8436
 31
0.0
  0
LINE
  5
3A2
330
1F
100
AcDbEntity
  8
0
  6
Continuous
 62
     7
100
AcDbLine
 10
-74.708
 20
42.6936
 30
0.0
 11
-73.508
 21
42.6936
 31
0.0
  0
LINE
  5
3A3
330
1F
100
AcDbEntity
  8
0
  6
Continuous
 62
     7
100
AcDbLine
 10
-73.358
 20
44.7436
 30
0.0
 11
-73.358
 21
45.7436
 31
0.0
  0
LINE
  5
3A4
330
1F
100
AcDbEntity
  8
0
  6
Continuous
 62
     7
100
AcDbLine
 10
-73.508
 20
45.8936
 30
0.0
 11
-74.708
 21
45.8936
 31
0.0
  0
LINE
  5
3A5
330
1F
100
AcDbEntity
  8
0
  6
Continuous
 62
     7
100
AcDbLine
 10
-74.858
 20
45.7436
 30
0.0
 11
-74.858
 21
44.7436
 31
0.0
  0
LINE
  5
3A6
330
1F
100
AcDbEntity
  8
0
  6
Continuous
 62
     7
100
AcDbLine
 10
-74.708
 20
44.5936
 30
0.0
 11
-73.508
 21
44.5936
 31
0.0
  0
LINE
  5
3A7
330
1F
100
AcDbEntity
  8
0
  6
Continuous
 62
     7
100
AcDbLine
 10
-69.802
 20
48.8996561166
 30
0.0
 11
-69.802
 21
49.9795438834
 31
0.0
  0
LINE
  5
3A8
330
1F
100
AcDbEntity
  8
0
  6
Continuous
 62
     7
100
AcDbLine
 10
-69.9120561166
 20
50.0896
 30
0.0
 11
-71.1919438834
 21
50.0896
 31
0.0
  0
LINE
  5
3A9
330
1F
100
AcDbEntity
  8
0
  6
Continuous
 62
     7
100
AcDbLine
 10
-71.302
 20
49.9795438834
 30
0.0
 11
-71.302
 21
48.8996561166
 31
0.0
  0
LINE
  5
3AA
330
1F
100
AcDbEntity
  8
0
  6
Continuous
 62
     7
100
AcDbLine
 10
-71.1919438834
 20
48.7896
 30
0.0
 11
-69.9120561166
 21
48.7896
 31
0.0
  0
LINE
  5
3AB
330
1F
100
AcDbEntity
  8
0
  6
Continuous
 62
     7
100
AcDbLine
 10
-69.802
 20
50.7996561166
 30
0.0
 11
-69.802
 21
51.8795438834
 31
0.0
  0
LINE
  5
3AC
330
1F
100
AcDbEntity
  8
0
  6
Continuous
 62
     7
100
AcDbLine
 10
-69.9120561166
 20
51.9896
 30
0.0
 11
-71.1919438834
 21
51.9896
 31
0.0
  0
LINE
  5
3AD
330
1F
100
AcDbEntity
  8
0
  6
Continuous
 62
     7
100
AcDbLine
 10
-71.302
 20
51.8795438834
 30
0.0
 11
-71.302
 21
50.7996561166
 31
0.0
  0
LINE
  5
3AE
330
1F
100
AcDbEntity
  8
0
  6
Continuous
 62
     7
100
AcDbLine
 10
-71.1919438834
 20
50.6896
 30
0.0
 11
-69.9120561166
 21
50.6896
 31
0.0
  0
LINE
  5
3AF
330
1F
100
AcDbEntity
  8
0
  6
Continuous
 62
     7
100
AcDbLine
 10
-86.034
 20
44.4736
 30
0.0
 11
-86.034
 21
43.4736
 31
0.0
  0
LINE
  5
3B0
330
1F
100
AcDbEntity
  8
0
  6
Continuous
 62
     7
100
AcDbLine
 10
-85.884
 20
43.3236
 30
0.0
 11
-84.684
 21
43.3236
 31
0.0
  0
LINE
  5
3B1
330
1F
100
AcDbEntity
  8
0
  6
Continuous
 62
     7
100
AcDbLine
 10
-84.534
 20
43.4736
 30
0.0
 11
-84.534
 21
44.4736
 31
0.0
  0
LINE
  5
3B2
330
1F
100
AcDbEntity
  8
0
  6
Continuous
 62
     7
100
AcDbLine
 10
-84.684
 20
44.6236
 30
0.0
 11
-85.884
 21
44.6236
 31
0.0
  0
LINE
  5
3B3
330
1F
100
AcDbEntity
  8
0
  6
Continuous
 62
     7
100
AcDbLine
 10
-86.034
 20
42.5736
 30
0.0
 11
-86.034
 21
41.5736
 31
0.0
  0
LINE
  5
3B4
330
1F
100
AcDbEntity
  8
0
  6
Continuous
 62
     7
100
AcDbLine
 10
-85.884
 20
41.4236
 30
0.0
 11
-84.684
 21
41.4236
 31
0.0
  0
LINE
  5
3B5
330
1F
100
AcDbEntity
  8
0
  6
Continuous
 62
     7
100
AcDbLine
 10
-84.534
 20
41.5736
 30
0.0
 11
-84.534
 21
42.5736
 31
0.0
  0
LINE
  5
3B6
330
1F
100
AcDbEntity
  8
0
  6
Continuous
 62
     7
100
AcDbLine
 10
-84.684
 20
42.7236
 30
0.0
 11
-85.884
 21
42.7236
 31
0.0
  0
LINE
  5
3B7
330
1F
100
AcDbEntity
  8
0
  6
Continuous
 62
     7
100
AcDbLine
 10
-74.882
 20
32.6836
 30
0.0
 11
-74.882
 21
33.6836
 31
0.0
  0
LINE
  5
3B8
330
1F
100
AcDbEntity
  8
0
  6
Continuous
 62
     7
100
AcDbLine
 10
-75.032
 20
33.8336
 30
0.0
 11
-76.232
 21
33.8336
 31
0.0
  0
LINE
  5
3B9
330
1F
100
AcDbEntity
  8
0
  6
Continuous
 62
     7
100
AcDbLine
 10
-76.382
 20
33.6836
 30
0.0
 11
-76.382
 21
32.6836
 31
0.0
  0
LINE
  5
3BA
330
1F
100
AcDbEntity
  8
0
  6
Continuous
 62
     7
100
AcDbLine
 10
-76.232
 20
32.5336
 30
0.0
 11
-75.032
 21
32.5336
 31
0.0
  0
LINE
  5
3BB
330
1F
100
AcDbEntity
  8
0
  6
Continuous
 62
     7
100
AcDbLine
 10
-74.882
 20
34.5836
 30
0.0
 11
-74.882
 21
35.5836
 31
0.0
  0
LINE
  5
3BC
330
1F
100
AcDbEntity
  8
0
  6
Continuous
 62
     7
100
AcDbLine
 10
-75.032
 20
35.7336
 30
0.0
 11
-76.232
 21
35.7336
 31
0.0
  0
LINE
  5
3BD
330
1F
100
AcDbEntity
  8
0
  6
Continuous
 62
     7
100
AcDbLine
 10
-76.382
 20
35.5836
 30
0.0
 11
-76.382
 21
34.5836
 31
0.0
  0
LINE
  5
3BE
330
1F
100
AcDbEntity
  8
0
  6
Continuous
 62
     7
100
AcDbLine
 10
-76.232
 20
34.4336
 30
0.0
 11
-75.032
 21
34.4336
 31
0.0
  0
LINE
  5
3BF
330
1F
100
AcDbEntity
  8
0
  6
Continuous
 62
     7
100
AcDbLine
 10
-72.318
 20
24.6616
 30
0.0
 11
-72.318
 21
23.6616
 31
0.0
  0
LINE
  5
3C0
330
1F
100
AcDbEntity
  8
0
  6
Continuous
 62
     7
100
AcDbLine
 10
-72.168
 20
23.5116
 30
0.0
 11
-70.968
 21
23.5116
 31
0.0
  0
LINE
  5
3C1
330
1F
100
AcDbEntity
  8
0
  6
Continuous
 62
     7
100
AcDbLine
 10
-70.818
 20
23.6616
 30
0.0
 11
-70.818
 21
24.6616
 31
0.0
  0
LINE
  5
3C2
330
1F
100
AcDbEntity
  8
0
  6
Continuous
 62
     7
100
AcDbLine
 10
-70.968
 20
24.8116
 30
0.0
 11
-72.168
 21
24.8116
 31
0.0
  0
LINE
  5
3C3
330
1F
100
AcDbEntity
  8
0
  6
Continuous
 62
     7
100
AcDbLine
 10
-72.318
 20
22.7616
 30
0.0
 11
-72.318
 21
21.7616
 31
0.0
  0
LINE
  5
3C4
330
1F
100
AcDbEntity
  8
0
  6
Continuous
 62
     7
100
AcDbLine
 10
-72.168
 20
21.6116
 30
0.0
 11
-70.968
 21
21.6116
 31
0.0
  0
LINE
  5
3C5
330
1F
100
AcDbEntity
  8
0
  6
Continuous
 62
     7
100
AcDbLine
 10
-70.818
 20
21.7616
 30
0.0
 11
-70.818
 21
22.7616
 31
0.0
  0
LINE
  5
3C6
330
1F
100
AcDbEntity
  8
0
  6
Continuous
 62
     7
100
AcDbLine
 10
-70.968
 20
22.9116
 30
0.0
 11
-72.168
 21
22.9116
 31
0.0
  0
LINE
  5
3C7
330
1F
100
AcDbEntity
  8
0
  6
Continuous
 62
     7
100
AcDbLine
 10
-68.508
 20
24.6616
 30
0.0
 11
-68.508
 21
23.6616
 31
0.0
  0
LINE
  5
3C8
330
1F
100
AcDbEntity
  8
0
  6
Continuous
 62
     7
100
AcDbLine
 10
-68.358
 20
23.5116
 30
0.0
 11
-67.158
 21
23.5116
 31
0.0
  0
LINE
  5
3C9
330
1F
100
AcDbEntity
  8
0
  6
Continuous
 62
     7
100
AcDbLine
 10
-67.008
 20
23.6616
 30
0.0
 11
-67.008
 21
24.6616
 31
0.0
  0
LINE
  5
3CA
330
1F
100
AcDbEntity
  8
0
  6
Continuous
 62
     7
100
AcDbLine
 10
-67.158
 20
24.8116
 30
0.0
 11
-68.358
 21
24.8116
 31
0.0
  0
LINE
  5
3CB
330
1F
100
AcDbEntity
  8
0
  6
Continuous
 62
     7
100
AcDbLine
 10
-68.508
 20
22.7616
 30
0.0
 11
-68.508
 21
21.7616
 31
0.0
  0
LINE
  5
3CC
330
1F
100
AcDbEntity
  8
0
  6
Continuous
 62
     7
100
AcDbLine
 10
-68.358
 20
21.6116
 30
0.0
 11
-67.158
 21
21.6116
 31
0.0
  0
LINE
  5
3CD
330
1F
100
AcDbEntity
  8
0
  6
Continuous
 62
     7
100
AcDbLine
 10
-67.008
 20
21.7616
 30
0.0
 11
-67.008
 21
22.7616
 31
0.0
  0
LINE
  5
3CE
330
1F
100
AcDbEntity
  8
0
  6
Continuous
 62
     7
100
AcDbLine
 10
-67.158
 20
22.9116
 30
0.0
 11
-68.358
 21
22.9116
 31
0.0
  0
LINE
  5
3CF
330
1F
100
AcDbEntity
  8
0
  6
Continuous
 62
     7
100
AcDbLine
 10
-55.554
 20
28.4716
 30
0.0
 11
-55.554
 21
27.4716
 31
0.0
  0
LINE
  5
3D0
330
1F
100
AcDbEntity
  8
0
  6
Continuous
 62
     7
100
AcDbLine
 10
-55.404
 20
27.3216
 30
0.0
 11
-54.204
 21
27.3216
 31
0.0
  0
LINE
  5
3D1
330
1F
100
AcDbEntity
  8
0
  6
Continuous
 62
     7
100
AcDbLine
 10
-54.054
 20
27.4716
 30
0.0
 11
-54.054
 21
28.4716
 31
0.0
  0
LINE
  5
3D2
330
1F
100
AcDbEntity
  8
0
  6
Continuous
 62
     7
100
AcDbLine
 10
-54.204
 20
28.6216
 30
0.0
 11
-55.404
 21
28.6216
 31
0.0
  0
LINE
  5
3D3
330
1F
100
AcDbEntity
  8
0
  6
Continuous
 62
     7
100
AcDbLine
 10
-55.554
 20
26.5716
 30
0.0
 11
-55.554
 21
25.5716
 31
0.0
  0
LINE
  5
3D4
330
1F
100
AcDbEntity
  8
0
  6
Continuous
 62
     7
100
AcDbLine
 10
-55.404
 20
25.4216
 30
0.0
 11
-54.204
 21
25.4216
 31
0.0
  0
LINE
  5
3D5
330
1F
100
AcDbEntity
  8
0
  6
Continuous
 62
     7
100
AcDbLine
 10
-54.054
 20
25.5716
 30
0.0
 11
-54.054
 21
26.5716
 31
0.0
  0
LINE
  5
3D6
330
1F
100
AcDbEntity
  8
0
  6
Continuous
 62
     7
100
AcDbLine
 10
-54.204
 20
26.7216
 30
0.0
 11
-55.404
 21
26.7216
 31
0.0
  0
LINE
  5
3D7
330
1F
100
AcDbEntity
  8
0
  6
Continuous
 62
     7
100
AcDbLine
 10
-58.602
 20
28.4716
 30
0.0
 11
-58.602
 21
27.4716
 31
0.0
  0
LINE
  5
3D8
330
1F
100
AcDbEntity
  8
0
  6
Continuous
 62
     7
100
AcDbLine
 10
-58.452
 20
27.3216
 30
0.0
 11
-57.252
 21
27.3216
 31
0.0
  0
LINE
  5
3D9
330
1F
100
AcDbEntity
  8
0
  6
Continuous
 62
     7
100
AcDbLine
 10
-57.102
 20
27.4716
 30
0.0
 11
-57.102
 21
28.4716
 31
0.0
  0
LINE
  5
3DA
330
1F
100
AcDbEntity
  8
0
  6
Continuous
 62
     7
100
AcDbLine
 10
-57.252
 20
28.6216
 30
0.0
 11
-58.452
 21
28.6216
 31
0.0
  0
LINE
  5
3DB
330
1F
100
AcDbEntity
  8
0
  6
Continuous
 62
     7
100
AcDbLine
 10
-58.602
 20
26.5716
 30
0.0
 11
-58.602
 21
25.5716
 31
0.0
  0
LINE
  5
3DC
330
1F
100
AcDbEntity
  8
0
  6
Continuous
 62
     7
100
AcDbLine
 10
-58.452
 20
25.4216
 30
0.0
 11
-57.252
 21
25.4216
 31
0.0
  0
LINE
  5
3DD
330
1F
100
AcDbEntity
  8
0
  6
Continuous
 62
     7
100
AcDbLine
 10
-57.102
 20
25.5716
 30
0.0
 11
-57.102
 21
26.5716
 31
0.0
  0
LINE
  5
3DE
330
1F
100
AcDbEntity
  8
0
  6
Continuous
 62
     7
100
AcDbLine
 10
-57.252
 20
26.7216
 30
0.0
 11
-58.452
 21
26.7216
 31
0.0
  0
LINE
  5
3DF
330
1F
100
AcDbEntity
  8
0
  6
Continuous
 62
     7
100
AcDbLine
 10
-61.904
 20
28.4716
 30
0.0
 11
-61.904
 21
27.4716
 31
0.0
  0
LINE
  5
3E0
330
1F
100
AcDbEntity
  8
0
  6
Continuous
 62
     7
100
AcDbLine
 10
-61.754
 20
27.3216
 30
0.0
 11
-60.554
 21
27.3216
 31
0.0
  0
LINE
  5
3E1
330
1F
100
AcDbEntity
  8
0
  6
Continuous
 62
     7
100
AcDbLine
 10
-60.404
 20
27.4716
 30
0.0
 11
-60.404
 21
28.4716
 31
0.0
  0
LINE
  5
3E2
330
1F
100
AcDbEntity
  8
0
  6
Continuous
 62
     7
100
AcDbLine
 10
-60.554
 20
28.6216
 30
0.0
 11
-61.754
 21
28.6216
 31
0.0
  0
LINE
  5
3E3
330
1F
100
AcDbEntity
  8
0
  6
Continuous
 62
     7
100
AcDbLine
 10
-61.904
 20
26.5716
 30
0.0
 11
-61.904
 21
25.5716
 31
0.0
  0
LINE
  5
3E4
330
1F
100
AcDbEntity
  8
0
  6
Continuous
 62
     7
100
AcDbLine
 10
-61.754
 20
25.4216
 30
0.0
 11
-60.554
 21
25.4216
 31
0.0
  0
LINE
  5
3E5
330
1F
100
AcDbEntity
  8
0
  6
Continuous
 62
     7
100
AcDbLine
 10
-60.404
 20
25.5716
 30
0.0
 11
-60.404
 21
26.5716
 31
0.0
  0
LINE
  5
3E6
330
1F
100
AcDbEntity
  8
0
  6
Continuous
 62
     7
100
AcDbLine
 10
-60.554
 20
26.7216
 30
0.0
 11
-61.754
 21
26.7216
 31
0.0
  0
LINE
  5
3E7
330
1F
100
AcDbEntity
  8
0
  6
Continuous
 62
     7
100
AcDbLine
 10
-62.604
 20
34.6536
 30
0.0
 11
-61.604
 21
34.6536
 31
0.0
  0
LINE
  5
3E8
330
1F
100
AcDbEntity
  8
0
  6
Continuous
 62
     7
100
AcDbLine
 10
-61.454
 20
34.8036
 30
0.0
 11
-61.454
 21
36.0036
 31
0.0
  0
LINE
  5
3E9
330
1F
100
AcDbEntity
  8
0
  6
Continuous
 62
     7
100
AcDbLine
 10
-61.604
 20
36.1536
 30
0.0
 11
-62.604
 21
36.1536
 31
0.0
  0
LINE
  5
3EA
330
1F
100
AcDbEntity
  8
0
  6
Continuous
 62
     7
100
AcDbLine
 10
-62.754
 20
36.0036
 30
0.0
 11
-62.754
 21
34.8036
 31
0.0
  0
LINE
  5
3EB
330
1F
100
AcDbEntity
  8
0
  6
Continuous
 62
     7
100
AcDbLine
 10
-60.704
 20
34.6536
 30
0.0
 11
-59.704
 21
34.6536
 31
0.0
  0
LINE
  5
3EC
330
1F
100
AcDbEntity
  8
0
  6
Continuous
 62
     7
100
AcDbLine
 10
-59.554
 20
34.8036
 30
0.0
 11
-59.554
 21
36.0036
 31
0.0
  0
LINE
  5
3ED
330
1F
100
AcDbEntity
  8
0
  6
Continuous
 62
     7
100
AcDbLine
 10
-59.704
 20
36.1536
 30
0.0
 11
-60.704
 21
36.1536
 31
0.0
  0
LINE
  5
3EE
330
1F
100
AcDbEntity
  8
0
  6
Continuous
 62
     7
100
AcDbLine
 10
-60.854
 20
36.0036
 30
0.0
 11
-60.854
 21
34.8036
 31
0.0
  0
LINE
  5
3EF
330
1F
100
AcDbEntity
  8
0
  6
Continuous
 62
     7
100
AcDbLine
 10
-62.604
 20
32.1136
 30
0.0
 11
-61.604
 21
32.1136
 31
0.0
  0
LINE
  5
3F0
330
1F
100
AcDbEntity
  8
0
  6
Continuous
 62
     7
100
AcDbLine
 10
-61.454
 20
32.2636
 30
0.0
 11
-61.454
 21
33.4636
 31
0.0
  0
LINE
  5
3F1
330
1F
100
AcDbEntity
  8
0
  6
Continuous
 62
     7
100
AcDbLine
 10
-61.604
 20
33.6136
 30
0.0
 11
-62.604
 21
33.6136
 31
0.0
  0
LINE
  5
3F2
330
1F
100
AcDbEntity
  8
0
  6
Continuous
 62
     7
100
AcDbLine
 10
-62.754
 20
33.4636
 30
0.0
 11
-62.754
 21
32.2636
 31
0.0
  0
LINE
  5
3F3
330
1F
100
AcDbEntity
  8
0
  6
Continuous
 62
     7
100
AcDbLine
 10
-60.704
 20
32.1136
 30
0.0
 11
-59.704
 21
32.1136
 31
0.0
  0
LINE
  5
3F4
330
1F
100
AcDbEntity
  8
0
  6
Continuous
 62
     7
100
AcDbLine
 10
-59.554
 20
32.2636
 30
0.0
 11
-59.554
 21
33.4636
 31
0.0
  0
LINE
  5
3F5
330
1F
100
AcDbEntity
  8
0
  6
Continuous
 62
     7
100
AcDbLine
 10
-59.704
 20
33.6136
 30
0.0
 11
-60.704
 21
33.6136
 31
0.0
  0
LINE
  5
3F6
330
1F
100
AcDbEntity
  8
0
  6
Continuous
 62
     7
100
AcDbLine
 10
-60.854
 20
33.4636
 30
0.0
 11
-60.854
 21
32.2636
 31
0.0
  0
LINE
  5
3F7
330
1F
100
AcDbEntity
  8
0
  6
Continuous
 62
     7
100
AcDbLine
 10
-92.638
 20
46.2516
 30
0.0
 11
-92.638
 21
45.2516
 31
0.0
  0
LINE
  5
3F8
330
1F
100
AcDbEntity
  8
0
  6
Continuous
 62
     7
100
AcDbLine
 10
-92.488
 20
45.1016
 30
0.0
 11
-91.288
 21
45.1016
 31
0.0
  0
LINE
  5
3F9
330
1F
100
AcDbEntity
  8
0
  6
Continuous
 62
     7
100
AcDbLine
 10
-91.138
 20
45.2516
 30
0.0
 11
-91.138
 21
46.2516
 31
0.0
  0
LINE
  5
3FA
330
1F
100
AcDbEntity
  8
0
  6
Continuous
 62
     7
100
AcDbLine
 10
-91.288
 20
46.4016
 30
0.0
 11
-92.488
 21
46.4016
 31
0.0
  0
LINE
  5
3FB
330
1F
100
AcDbEntity
  8
0
  6
Continuous
 62
     7
100
AcDbLine
 10
-92.638
 20
44.3516
 30
0.0
 11
-92.638
 21
43.3516
 31
0.0
  0
LINE
  5
3FC
330
1F
100
AcDbEntity
  8
0
  6
Continuous
 62
     7
100
AcDbLine
 10
-92.488
 20
43.2016
 30
0.0
 11
-91.288
 21
43.2016
 31
0.0
  0
LINE
  5
3FD
330
1F
100
AcDbEntity
  8
0
  6
Continuous
 62
     7
100
AcDbLine
 10
-91.138
 20
43.3516
 30
0.0
 11
-91.138
 21
44.3516
 31
0.0
  0
LINE
  5
3FE
330
1F
100
AcDbEntity
  8
0
  6
Continuous
 62
     7
100
AcDbLine
 10
-91.288
 20
44.5016
 30
0.0
 11
-92.488
 21
44.5016
 31
0.0
  0
LINE
  5
3FF
330
1F
100
AcDbEntity
  8
0
  6
Continuous
 62
     7
100
AcDbLine
 10
-89.844
 20
50.1015438834
 30
0.0
 11
-89.844
 21
49.0216561166
 31
0.0
  0
LINE
  5
400
330
1F
100
AcDbEntity
  8
0
  6
Continuous
 62
     7
100
AcDbLine
 10
-89.7339438834
 20
48.9116
 30
0.0
 11
-88.4540561166
 21
48.9116
 31
0.0
  0
LINE
  5
401
330
1F
100
AcDbEntity
  8
0
  6
Continuous
 62
     7
100
AcDbLine
 10
-88.344
 20
49.0216561166
 30
0.0
 11
-88.344
 21
50.1015438834
 31
0.0
  0
LINE
  5
402
330
1F
100
AcDbEntity
  8
0
  6
Continuous
 62
     7
100
AcDbLine
 10
-88.4540561166
 20
50.2116
 30
0.0
 11
-89.7339438834
 21
50.2116
 31
0.0
  0
LINE
  5
403
330
1F
100
AcDbEntity
  8
0
  6
Continuous
 62
     7
100
AcDbLine
 10
-89.844
 20
48.2015438834
 30
0.0
 11
-89.844
 21
47.1216561166
 31
0.0
  0
LINE
  5
404
330
1F
100
AcDbEntity
  8
0
  6
Continuous
 62
     7
100
AcDbLine
 10
-89.7339438834
 20
47.0116
 30
0.0
 11
-88.4540561166
 21
47.0116
 31
0.0
  0
LINE
  5
405
330
1F
100
AcDbEntity
  8
0
  6
Continuous
 62
     7
100
AcDbLine
 10
-88.344
 20
47.1216561166
 30
0.0
 11
-88.344
 21
48.2015438834
 31
0.0
  0
LINE
  5
406
330
1F
100
AcDbEntity
  8
0
  6
Continuous
 62
     7
100
AcDbLine
 10
-88.4540561166
 20
48.3116
 30
0.0
 11
-89.7339438834
 21
48.3116
 31
0.0
  0
LINE
  5
407
330
1F
100
AcDbEntity
  8
0
  6
Continuous
 62
     7
100
AcDbLine
 10
-87.836
 20
41.5736
 30
0.0
 11
-87.836
 21
42.5736
 31
0.0
  0
LINE
  5
408
330
1F
100
AcDbEntity
  8
0
  6
Continuous
 62
     7
100
AcDbLine
 10
-87.986
 20
42.7236
 30
0.0
 11
-89.186
 21
42.7236
 31
0.0
  0
LINE
  5
409
330
1F
100
AcDbEntity
  8
0
  6
Continuous
 62
     7
100
AcDbLine
 10
-89.336
 20
42.5736
 30
0.0
 11
-89.336
 21
41.5736
 31
0.0
  0
LINE
  5
40A
330
1F
100
AcDbEntity
  8
0
  6
Continuous
 62
     7
100
AcDbLine
 10
-89.186
 20
41.4236
 30
0.0
 11
-87.986
 21
41.4236
 31
0.0
  0
LINE
  5
40B
330
1F
100
AcDbEntity
  8
0
  6
Continuous
 62
     7
100
AcDbLine
 10
-87.836
 20
43.4736
 30
0.0
 11
-87.836
 21
44.4736
 31
0.0
  0
LINE
  5
40C
330
1F
100
AcDbEntity
  8
0
  6
Continuous
 62
     7
100
AcDbLine
 10
-87.986
 20
44.6236
 30
0.0
 11
-89.186
 21
44.6236
 31
0.0
  0
LINE
  5
40D
330
1F
100
AcDbEntity
  8
0
  6
Continuous
 62
     7
100
AcDbLine
 10
-89.336
 20
44.4736
 30
0.0
 11
-89.336
 21
43.4736
 31
0.0
  0
LINE
  5
40E
330
1F
100
AcDbEntity
  8
0
  6
Continuous
 62
     7
100
AcDbLine
 10
-89.186
 20
43.3236
 30
0.0
 11
-87.986
 21
43.3236
 31
0.0
  0
LINE
  5
40F
330
1F
100
AcDbEntity
  8
0
  6
Continuous
 62
     7
100
AcDbLine
 10
-66.4539438834
 20
47.0996
 30
0.0
 11
-65.3740561166
 21
47.0996
 31
0.0
  0
LINE
  5
410
330
1F
100
AcDbEntity
  8
0
  6
Continuous
 62
     7
100
AcDbLine
 10
-65.264
 20
47.2096561166
 30
0.0
 11
-65.264
 21
48.4895438834
 31
0.0
  0
LINE
  5
411
330
1F
100
AcDbEntity
  8
0
  6
Continuous
 62
     7
100
AcDbLine
 10
-65.3740561166
 20
48.5996
 30
0.0
 11
-66.4539438834
 21
48.5996
 31
0.0
  0
LINE
  5
412
330
1F
100
AcDbEntity
  8
0
  6
Continuous
 62
     7
100
AcDbLine
 10
-66.564
 20
48.4895438834
 30
0.0
 11
-66.564
 21
47.2096561166
 31
0.0
  0
LINE
  5
413
330
1F
100
AcDbEntity
  8
0
  6
Continuous
 62
     7
100
AcDbLine
 10
-64.5539438834
 20
47.0996
 30
0.0
 11
-63.4740561166
 21
47.0996
 31
0.0
  0
LINE
  5
414
330
1F
100
AcDbEntity
  8
0
  6
Continuous
 62
     7
100
AcDbLine
 10
-63.364
 20
47.2096561166
 30
0.0
 11
-63.364
 21
48.4895438834
 31
0.0
  0
LINE
  5
415
330
1F
100
AcDbEntity
  8
0
  6
Continuous
 62
     7
100
AcDbLine
 10
-63.4740561166
 20
48.5996
 30
0.0
 11
-64.5539438834
 21
48.5996
 31
0.0
  0
LINE
  5
416
330
1F
100
AcDbEntity
  8
0
  6
Continuous
 62
     7
100
AcDbLine
 10
-64.664
 20
48.4895438834
 30
0.0
 11
-64.664
 21
47.2096561166
 31
0.0
  0
LINE
  5
417
330
1F
100
AcDbEntity
  8
0
  6
Continuous
 62
     7
100
AcDbLine
 10
-69.802
 20
42.8036561166
 30
0.0
 11
-69.802
 21
43.8835438834
 31
0.0
  0
LINE
  5
418
330
1F
100
AcDbEntity
  8
0
  6
Continuous
 62
     7
100
AcDbLine
 10
-69.9120561166
 20
43.9936
 30
0.0
 11
-71.152
 21
43.9936
 31
0.0
  0
LINE
  5
419
330
1F
100
AcDbEntity
  8
0
  6
Continuous
 62
     7
100
AcDbLine
 10
-71.302
 20
43.8436
 30
0.0
 11
-71.302
 21
42.8436
 31
0.0
  0
LINE
  5
41A
330
1F
100
AcDbEntity
  8
0
  6
Continuous
 62
     7
100
AcDbLine
 10
-71.152
 20
42.6936
 30
0.0
 11
-69.9120561166
 21
42.6936
 31
0.0
  0
LINE
  5
41B
330
1F
100
AcDbEntity
  8
0
  6
Continuous
 62
     7
100
AcDbLine
 10
-69.802
 20
44.7036561166
 30
0.0
 11
-69.802
 21
45.7835438834
 31
0.0
  0
LINE
  5
41C
330
1F
100
AcDbEntity
  8
0
  6
Continuous
 62
     7
100
AcDbLine
 10
-69.9120561166
 20
45.8936
 30
0.0
 11
-71.1919438834
 21
45.8936
 31
0.0
  0
LINE
  5
41D
330
1F
100
AcDbEntity
  8
0
  6
Continuous
 62
     7
100
AcDbLine
 10
-71.302
 20
45.7835438834
 30
0.0
 11
-71.302
 21
44.7036561166
 31
0.0
  0
LINE
  5
41E
330
1F
100
AcDbEntity
  8
0
  6
Continuous
 62
     7
100
AcDbLine
 10
-71.1919438834
 20
44.5936
 30
0.0
 11
-69.9120561166
 21
44.5936
 31
0.0
  0
LINE
  5
41F
330
1F
100
AcDbEntity
  8
0
  6
Continuous
 62
     7
100
AcDbLine
 10
-71.9615
 20
68.2096
 30
0.0
 11
-71.9615
 21
66.9096
 31
0.0
  0
LINE
  5
420
330
1F
100
AcDbEntity
  8
0
  6
Continuous
 62
     7
100
AcDbLine
 10
-71.8115
 20
66.7596
 30
0.0
 11
-70.3085
 21
66.7596
 31
0.0
  0
LINE
  5
421
330
1F
100
AcDbEntity
  8
0
  6
Continuous
 62
     7
100
AcDbLine
 10
-70.1585
 20
66.9096
 30
0.0
 11
-70.1585
 21
68.2096
 31
0.0
  0
LINE
  5
422
330
1F
100
AcDbEntity
  8
0
  6
Continuous
 62
     7
100
AcDbLine
 10
-70.3085
 20
68.3596
 30
0.0
 11
-71.8115
 21
68.3596
 31
0.0
  0
LINE
  5
423
330
1F
100
AcDbEntity
  8
0
  6
Continuous
 62
     7
100
AcDbLine
 10
-71.9615
 20
65.3656
 30
0.0
 11
-71.9615
 21
64.0656
 31
0.0
  0
LINE
  5
424
330
1F
100
AcDbEntity
  8
0
  6
Continuous
 62
     7
100
AcDbLine
 10
-71.8115
 20
63.9156
 30
0.0
 11
-70.3085
 21
63.9156
 31
0.0
  0
LINE
  5
425
330
1F
100
AcDbEntity
  8
0
  6
Continuous
 62
     7
100
AcDbLine
 10
-70.1585
 20
64.0656
 30
0.0
 11
-70.1585
 21
65.3656
 31
0.0
  0
LINE
  5
426
330
1F
100
AcDbEntity
  8
0
  6
Continuous
 62
     7
100
AcDbLine
 10
-70.3085
 20
65.5156
 30
0.0
 11
-71.8115
 21
65.5156
 31
0.0
  0
LINE
  5
427
330
1F
100
AcDbEntity
  8
0
  6
Continuous
 62
     7
100
AcDbLine
 10
-50.522
 20
-10.144
 30
0.0
 11
-51.522
 21
-10.144
 31
0.0
  0
LINE
  5
428
330
1F
100
AcDbEntity
  8
0
  6
Continuous
 62
     7
100
AcDbLine
 10
-51.672
 20
-10.294
 30
0.0
 11
-51.672
 21
-11.494
 31
0.0
  0
LINE
  5
429
330
1F
100
AcDbEntity
  8
0
  6
Continuous
 62
     7
100
AcDbLine
 10
-51.522
 20
-11.644
 30
0.0
 11
-50.522
 21
-11.644
 31
0.0
  0
LINE
  5
42A
330
1F
100
AcDbEntity
  8
0
  6
Continuous
 62
     7
100
AcDbLine
 10
-50.372
 20
-11.494
 30
0.0
 11
-50.372
 21
-10.294
 31
0.0
  0
LINE
  5
42B
330
1F
100
AcDbEntity
  8
0
  6
Continuous
 62
     7
100
AcDbLine
 10
-52.422
 20
-10.144
 30
0.0
 11
-53.422
 21
-10.144
 31
0.0
  0
LINE
  5
42C
330
1F
100
AcDbEntity
  8
0
  6
Continuous
 62
     7
100
AcDbLine
 10
-53.572
 20
-10.294
 30
0.0
 11
-53.572
 21
-11.494
 31
0.0
  0
LINE
  5
42D
330
1F
100
AcDbEntity
  8
0
  6
Continuous
 62
     7
100
AcDbLine
 10
-53.422
 20
-11.644
 30
0.0
 11
-52.422
 21
-11.644
 31
0.0
  0
LINE
  5
42E
330
1F
100
AcDbEntity
  8
0
  6
Continuous
 62
     7
100
AcDbLine
 10
-52.272
 20
-11.494
 30
0.0
 11
-52.272
 21
-10.294
 31
0.0
  0
LINE
  5
42F
330
1F
100
AcDbEntity
  8
0
  6
Continuous
 62
     7
100
AcDbLine
 10
-21.058
 20
-10.144
 30
0.0
 11
-22.058
 21
-10.144
 31
0.0
  0
LINE
  5
430
330
1F
100
AcDbEntity
  8
0
  6
Continuous
 62
     7
100
AcDbLine
 10
-22.208
 20
-10.294
 30
0.0
 11
-22.208
 21
-11.494
 31
0.0
  0
LINE
  5
431
330
1F
100
AcDbEntity
  8
0
  6
Continuous
 62
     7
100
AcDbLine
 10
-22.058
 20
-11.644
 30
0.0
 11
-21.058
 21
-11.644
 31
0.0
  0
LINE
  5
432
330
1F
100
AcDbEntity
  8
0
  6
Continuous
 62
     7
100
AcDbLine
 10
-20.908
 20
-11.494
 30
0.0
 11
-20.908
 21
-10.294
 31
0.0
  0
LINE
  5
433
330
1F
100
AcDbEntity
  8
0
  6
Continuous
 62
     7
100
AcDbLine
 10
-22.958
 20
-10.144
 30
0.0
 11
-23.958
 21
-10.144
 31
0.0
  0
LINE
  5
434
330
1F
100
AcDbEntity
  8
0
  6
Continuous
 62
     7
100
AcDbLine
 10
-24.108
 20
-10.294
 30
0.0
 11
-24.108
 21
-11.494
 31
0.0
  0
LINE
  5
435
330
1F
100
AcDbEntity
  8
0
  6
Continuous
 62
     7
100
AcDbLine
 10
-23.958
 20
-11.644
 30
0.0
 11
-22.958
 21
-11.644
 31
0.0
  0
LINE
  5
436
330
1F
100
AcDbEntity
  8
0
  6
Continuous
 62
     7
100
AcDbLine
 10
-22.808
 20
-11.494
 30
0.0
 11
-22.808
 21
-10.294
 31
0.0
  0
LINE
  5
437
330
1F
100
AcDbEntity
  8
0
  6
Continuous
 62
     7
100
AcDbLine
 10
-21.058
 20
-5.572
 30
0.0
 11
-22.058
 21
-5.572
 31
0.0
  0
LINE
  5
438
330
1F
100
AcDbEntity
  8
0
  6
Continuous
 62
     7
100
AcDbLine
 10
-22.208
 20
-5.722
 30
0.0
 11
-22.208
 21
-6.922
 31
0.0
  0
LINE
  5
439
330
1F
100
AcDbEntity
  8
0
  6
Continuous
 62
     7
100
AcDbLine
 10
-22.058
 20
-7.072
 30
0.0
 11
-21.058
 21
-7.072
 31
0.0
  0
LINE
  5
43A
330
1F
100
AcDbEntity
  8
0
  6
Continuous
 62
     7
100
AcDbLine
 10
-20.908
 20
-6.922
 30
0.0
 11
-20.908
 21
-5.722
 31
0.0
  0
LINE
  5
43B
330
1F
100
AcDbEntity
  8
0
  6
Continuous
 62
     7
100
AcDbLine
 10
-22.958
 20
-5.572
 30
0.0
 11
-23.958
 21
-5.572
 31
0.0
  0
LINE
  5
43C
330
1F
100
AcDbEntity
  8
0
  6
Continuous
 62
     7
100
AcDbLine
 10
-24.108
 20
-5.722
 30
0.0
 11
-24.108
 21
-6.922
 31
0.0
  0
LINE
  5
43D
330
1F
100
AcDbEntity
  8
0
  6
Continuous
 62
     7
100
AcDbLine
 10
-23.958
 20
-7.072
 30
0.0
 11
-22.958
 21
-7.072
 31
0.0
  0
LINE
  5
43E
330
1F
100
AcDbEntity
  8
0
  6
Continuous
 62
     7
100
AcDbLine
 10
-22.808
 20
-6.922
 30
0.0
 11
-22.808
 21
-5.722
 31
0.0
  0
LINE
  5
43F
330
1F
100
AcDbEntity
  8
0
  6
Continuous
 62
     7
100
AcDbLine
 10
-18.624
 20
-11.644
 30
0.0
 11
-17.624
 21
-11.644
 31
0.0
  0
LINE
  5
440
330
1F
100
AcDbEntity
  8
0
  6
Continuous
 62
     7
100
AcDbLine
 10
-17.474
 20
-11.494
 30
0.0
 11
-17.474
 21
-10.294
 31
0.0
  0
LINE
  5
441
330
1F
100
AcDbEntity
  8
0
  6
Continuous
 62
     7
100
AcDbLine
 10
-17.624
 20
-10.144
 30
0.0
 11
-18.624
 21
-10.144
 31
0.0
  0
LINE
  5
442
330
1F
100
AcDbEntity
  8
0
  6
Continuous
 62
     7
100
AcDbLine
 10
-18.774
 20
-10.294
 30
0.0
 11
-18.774
 21
-11.494
 31
0.0
  0
LINE
  5
443
330
1F
100
AcDbEntity
  8
0
  6
Continuous
 62
     7
100
AcDbLine
 10
-16.724
 20
-11.644
 30
0.0
 11
-15.724
 21
-11.644
 31
0.0
  0
LINE
  5
444
330
1F
100
AcDbEntity
  8
0
  6
Continuous
 62
     7
100
AcDbLine
 10
-15.574
 20
-11.494
 30
0.0
 11
-15.574
 21
-10.294
 31
0.0
  0
LINE
  5
445
330
1F
100
AcDbEntity
  8
0
  6
Continuous
 62
     7
100
AcDbLine
 10
-15.724
 20
-10.144
 30
0.0
 11
-16.724
 21
-10.144
 31
0.0
  0
LINE
  5
446
330
1F
100
AcDbEntity
  8
0
  6
Continuous
 62
     7
100
AcDbLine
 10
-16.874
 20
-10.294
 30
0.0
 11
-16.874
 21
-11.494
 31
0.0
  0
LINE
  5
447
330
1F
100
AcDbEntity
  8
0
  6
Continuous
 62
     7
100
AcDbLine
 10
-33.25
 20
-5.572
 30
0.0
 11
-34.25
 21
-5.572
 31
0.0
  0
LINE
  5
448
330
1F
100
AcDbEntity
  8
0
  6
Continuous
 62
     7
100
AcDbLine
 10
-34.4
 20
-5.722
 30
0.0
 11
-34.4
 21
-6.922
 31
0.0
  0
LINE
  5
449
330
1F
100
AcDbEntity
  8
0
  6
Continuous
 62
     7
100
AcDbLine
 10
-34.25
 20
-7.072
 30
0.0
 11
-33.25
 21
-7.072
 31
0.0
  0
LINE
  5
44A
330
1F
100
AcDbEntity
  8
0
  6
Continuous
 62
     7
100
AcDbLine
 10
-33.1
 20
-6.922
 30
0.0
 11
-33.1
 21
-5.722
 31
0.0
  0
LINE
  5
44B
330
1F
100
AcDbEntity
  8
0
  6
Continuous
 62
     7
100
AcDbLine
 10
-35.15
 20
-5.572
 30
0.0
 11
-36.15
 21
-5.572
 31
0.0
  0
LINE
  5
44C
330
1F
100
AcDbEntity
  8
0
  6
Continuous
 62
     7
100
AcDbLine
 10
-36.3
 20
-5.722
 30
0.0
 11
-36.3
 21
-6.922
 31
0.0
  0
LINE
  5
44D
330
1F
100
AcDbEntity
  8
0
  6
Continuous
 62
     7
100
AcDbLine
 10
-36.15
 20
-7.072
 30
0.0
 11
-35.15
 21
-7.072
 31
0.0
  0
LINE
  5
44E
330
1F
100
AcDbEntity
  8
0
  6
Continuous
 62
     7
100
AcDbLine
 10
-35.0
 20
-6.922
 30
0.0
 11
-35.0
 21
-5.722
 31
0.0
  0
LINE
  5
44F
330
1F
100
AcDbEntity
  8
0
  6
Continuous
 62
     7
100
AcDbLine
 10
-36.15
 20
-11.644
 30
0.0
 11
-35.15
 21
-11.644
 31
0.0
  0
LINE
  5
450
330
1F
100
AcDbEntity
  8
0
  6
Continuous
 62
     7
100
AcDbLine
 10
-35.0
 20
-11.494
 30
0.0
 11
-35.0
 21
-10.294
 31
0.0
  0
LINE
  5
451
330
1F
100
AcDbEntity
  8
0
  6
Continuous
 62
     7
100
AcDbLine
 10
-35.15
 20
-10.144
 30
0.0
 11
-36.15
 21
-10.144
 31
0.0
  0
LINE
  5
452
330
1F
100
AcDbEntity
  8
0
  6
Continuous
 62
     7
100
AcDbLine
 10
-36.3
 20
-10.294
 30
0.0
 11
-36.3
 21
-11.494
 31
0.0
  0
LINE
  5
453
330
1F
100
AcDbEntity
  8
0
  6
Continuous
 62
     7
100
AcDbLine
 10
-34.25
 20
-11.644
 30
0.0
 11
-33.25
 21
-11.644
 31
0.0
  0
LINE
  5
454
330
1F
100
AcDbEntity
  8
0
  6
Continuous
 62
     7
100
AcDbLine
 10
-33.1
 20
-11.494
 30
0.0
 11
-33.1
 21
-10.294
 31
0.0
  0
LINE
  5
455
330
1F
100
AcDbEntity
  8
0
  6
Continuous
 62
     7
100
AcDbLine
 10
-33.25
 20
-10.144
 30
0.0
 11
-34.25
 21
-10.144
 31
0.0
  0
LINE
  5
456
330
1F
100
AcDbEntity
  8
0
  6
Continuous
 62
     7
100
AcDbLine
 10
-34.4
 20
-10.294
 30
0.0
 11
-34.4
 21
-11.494
 31
0.0
  0
LINE
  5
457
330
1F
100
AcDbEntity
  8
0
  6
Continuous
 62
     7
100
AcDbLine
 10
-15.724
 20
-5.572
 30
0.0
 11
-16.724
 21
-5.572
 31
0.0
  0
LINE
  5
458
330
1F
100
AcDbEntity
  8
0
  6
Continuous
 62
     7
100
AcDbLine
 10
-16.874
 20
-5.722
 30
0.0
 11
-16.874
 21
-6.922
 31
0.0
  0
LINE
  5
459
330
1F
100
AcDbEntity
  8
0
  6
Continuous
 62
     7
100
AcDbLine
 10
-16.724
 20
-7.072
 30
0.0
 11
-15.724
 21
-7.072
 31
0.0
  0
LINE
  5
45A
330
1F
100
AcDbEntity
  8
0
  6
Continuous
 62
     7
100
AcDbLine
 10
-15.574
 20
-6.922
 30
0.0
 11
-15.574
 21
-5.722
 31
0.0
  0
LINE
  5
45B
330
1F
100
AcDbEntity
  8
0
  6
Continuous
 62
     7
100
AcDbLine
 10
-17.624
 20
-5.572
 30
0.0
 11
-18.624
 21
-5.572
 31
0.0
  0
LINE
  5
45C
330
1F
100
AcDbEntity
  8
0
  6
Continuous
 62
     7
100
AcDbLine
 10
-18.774
 20
-5.722
 30
0.0
 11
-18.774
 21
-6.922
 31
0.0
  0
LINE
  5
45D
330
1F
100
AcDbEntity
  8
0
  6
Continuous
 62
     7
100
AcDbLine
 10
-18.624
 20
-7.072
 30
0.0
 11
-17.624
 21
-7.072
 31
0.0
  0
LINE
  5
45E
330
1F
100
AcDbEntity
  8
0
  6
Continuous
 62
     7
100
AcDbLine
 10
-17.474
 20
-6.922
 30
0.0
 11
-17.474
 21
-5.722
 31
0.0
  0
LINE
  5
45F
330
1F
100
AcDbEntity
  8
0
  6
Continuous
 62
     7
100
AcDbLine
 10
-28.329
 20
30.6324
 30
0.0
 11
-29.2482
 21
30.6324
 31
0.0
  0
LINE
  5
460
330
1F
100
AcDbEntity
  8
0
  6
Continuous
 62
     7
100
AcDbLine
 10
-29.3982
 20
30.4824
 30
0.0
 11
-29.3982
 21
28.5472
 31
0.0
  0
LINE
  5
461
330
1F
100
AcDbEntity
  8
0
  6
Continuous
 62
     7
100
AcDbLine
 10
-29.2482
 20
28.3972
 30
0.0
 11
-28.329
 21
28.3972
 31
0.0
  0
LINE
  5
462
330
1F
100
AcDbEntity
  8
0
  6
Continuous
 62
     7
100
AcDbLine
 10
-28.179
 20
28.5472
 30
0.0
 11
-28.179
 21
30.4824
 31
0.0
  0
LINE
  5
463
330
1F
100
AcDbEntity
  8
0
  6
Continuous
 62
     7
100
AcDbLine
 10
-30.6404
 20
30.6324
 30
0.0
 11
-31.5596
 21
30.6324
 31
0.0
  0
LINE
  5
464
330
1F
100
AcDbEntity
  8
0
  6
Continuous
 62
     7
100
AcDbLine
 10
-31.7096
 20
30.4824
 30
0.0
 11
-31.7096
 21
28.5472
 31
0.0
  0
LINE
  5
465
330
1F
100
AcDbEntity
  8
0
  6
Continuous
 62
     7
100
AcDbLine
 10
-31.5596
 20
28.3972
 30
0.0
 11
-30.6404
 21
28.3972
 31
0.0
  0
LINE
  5
466
330
1F
100
AcDbEntity
  8
0
  6
Continuous
 62
     7
100
AcDbLine
 10
-30.4904
 20
28.5472
 30
0.0
 11
-30.4904
 21
30.4824
 31
0.0
  0
LINE
  5
467
330
1F
100
AcDbEntity
  8
0
  6
Continuous
 62
     7
100
AcDbLine
 10
-32.9518
 20
30.6324
 30
0.0
 11
-33.871
 21
30.6324
 31
0.0
  0
LINE
  5
468
330
1F
100
AcDbEntity
  8
0
  6
Continuous
 62
     7
100
AcDbLine
 10
-34.021
 20
30.4824
 30
0.0
 11
-34.021
 21
28.5472
 31
0.0
  0
LINE
  5
469
330
1F
100
AcDbEntity
  8
0
  6
Continuous
 62
     7
100
AcDbLine
 10
-33.871
 20
28.3972
 30
0.0
 11
-32.9518
 21
28.3972
 31
0.0
  0
LINE
  5
46A
330
1F
100
AcDbEntity
  8
0
  6
Continuous
 62
     7
100
AcDbLine
 10
-32.8018
 20
28.5472
 30
0.0
 11
-32.8018
 21
30.4824
 31
0.0
  0
LINE
  5
46B
330
1F
100
AcDbEntity
  8
0
  6
Continuous
 62
     7
100
AcDbLine
 10
-32.116
 20
24.417
 30
0.0
 11
-32.75
 21
24.417
 31
0.0
  0
LINE
  5
46C
330
1F
100
AcDbEntity
  8
0
  6
Continuous
 62
     7
100
AcDbLine
 10
-32.9
 20
24.267
 30
0.0
 11
-32.9
 21
22.367
 31
0.0
  0
LINE
  5
46D
330
1F
100
AcDbEntity
  8
0
  6
Continuous
 62
     7
100
AcDbLine
 10
-32.75
 20
22.217
 30
0.0
 11
-32.0981389947
 21
22.217
 31
0.0
  0
LINE
  5
46E
330
1F
100
AcDbEntity
  8
0
  6
Continuous
 62
     7
100
AcDbLine
 10
-29.3
 20
22.367
 30
0.0
 11
-29.3
 21
24.267
 31
0.0
  0
LINE
  5
46F
330
1F
100
AcDbEntity
  8
0
  6
Continuous
 62
     7
100
AcDbLine
 10
-67.7749438834
 20
50.7452
 30
0.0
 11
-66.7758561166
 21
50.7452
 31
0.0
  0
LINE
  5
470
330
1F
100
AcDbEntity
  8
0
  6
Continuous
 62
     7
100
AcDbLine
 10
-66.6658
 20
50.8552561166
 30
0.0
 11
-66.6658
 21
52.9804
 31
0.0
  0
LINE
  5
471
330
1F
100
AcDbEntity
  8
0
  6
Continuous
 62
     7
100
AcDbLine
 10
-66.6658
 20
52.9804
 30
0.0
 11
-67.7749438834
 21
52.9804
 31
0.0
  0
LINE
  5
472
330
1F
100
AcDbEntity
  8
0
  6
Continuous
 62
     7
100
AcDbLine
 10
-67.885
 20
52.8703438834
 30
0.0
 11
-67.885
 21
50.8552561166
 31
0.0
  0
LINE
  5
473
330
1F
100
AcDbEntity
  8
0
  6
Continuous
 62
     7
100
AcDbLine
 10
-65.4635438834
 20
50.7452
 30
0.0
 11
-64.4644561166
 21
50.7452
 31
0.0
  0
LINE
  5
474
330
1F
100
AcDbEntity
  8
0
  6
Continuous
 62
     7
100
AcDbLine
 10
-64.3544
 20
50.8552561166
 30
0.0
 11
-64.3544
 21
52.8703438834
 31
0.0
  0
LINE
  5
475
330
1F
100
AcDbEntity
  8
0
  6
Continuous
 62
     7
100
AcDbLine
 10
-64.4644561166
 20
52.9804
 30
0.0
 11
-65.4635438834
 21
52.9804
 31
0.0
  0
LINE
  5
476
330
1F
100
AcDbEntity
  8
0
  6
Continuous
 62
     7
100
AcDbLine
 10
-65.5736
 20
52.8703438834
 30
0.0
 11
-65.5736
 21
50.8552561166
 31
0.0
  0
LINE
  5
477
330
1F
100
AcDbEntity
  8
0
  6
Continuous
 62
     7
100
AcDbLine
 10
-63.1521438834
 20
50.7452
 30
0.0
 11
-62.1530561166
 21
50.7452
 31
0.0
  0
LINE
  5
478
330
1F
100
AcDbEntity
  8
0
  6
Continuous
 62
     7
100
AcDbLine
 10
-62.043
 20
50.8552561166
 30
0.0
 11
-62.043
 21
52.8703438834
 31
0.0
  0
LINE
  5
479
330
1F
100
AcDbEntity
  8
0
  6
Continuous
 62
     7
100
AcDbLine
 10
-62.1530561166
 20
52.9804
 30
0.0
 11
-63.1521438834
 21
52.9804
 31
0.0
  0
LINE
  5
47A
330
1F
100
AcDbEntity
  8
0
  6
Continuous
 62
     7
100
AcDbLine
 10
-63.2622
 20
52.8703438834
 30
0.0
 11
-63.2622
 21
50.8552561166
 31
0.0
  0
LINE
  5
47B
330
1F
100
AcDbEntity
  8
0
  6
Continuous
 62
     7
100
AcDbLine
 10
-63.948
 20
56.9606
 30
0.0
 11
-63.3364670155
 21
56.9606
 31
0.0
  0
LINE
  5
47C
330
1F
100
AcDbEntity
  8
0
  6
Continuous
 62
     7
100
AcDbLine
 10
-63.164
 20
57.1330670155
 30
0.0
 11
-63.164
 21
59.0106
 31
0.0
  0
LINE
  5
47D
330
1F
100
AcDbEntity
  8
0
  6
Continuous
 62
     7
100
AcDbLine
 10
-65.9621389947
 20
59.1606
 30
0.0
 11
-66.614
 21
59.1606
 31
0.0
  0
LINE
  5
47E
330
1F
100
AcDbEntity
  8
0
  6
Continuous
 62
     7
100
AcDbLine
 10
-66.764
 20
59.0106
 30
0.0
 11
-66.764
 21
57.0706561166
 31
0.0
  0
LINE
  5
47F
330
1F
100
AcDbEntity
  8
0
  6
Continuous
 62
     7
100
AcDbLine
 10
-47.146
 20
-8.993
 30
0.0
 11
-47.146
 21
-11.119
 31
0.0
  0
ARC
  5
480
330
1F
100
AcDbEntity
  8
0
  6
Continuous
 62
     7
100
AcDbCircle
 10
-46.3839823574
 20
-11.1189823574
 30
0.0
 40
0.7620176428406434
100
AcDbArc
 50
180.0013265423
 51
269.9986734577
  0
LINE
  5
481
330
1F
100
AcDbEntity
  8
0
  6
Continuous
 62
     7
100
AcDbLine
 10
-46.384
 20
-11.881
 30
0.0
 11
-45.876
 21
-11.881
 31
0.0
  0
ARC
  5
482
330
1F
100
AcDbEntity
  8
0
  6
Continuous
 62
     7
100
AcDbCircle
 10
-45.8760176426
 20
-11.1189823574
 30
0.0
 40
0.7620176428406432
100
AcDbArc
 50
270.0013265423
 51
359.9986734577
  0
LINE
  5
483
330
1F
100
AcDbEntity
  8
0
  6
Continuous
 62
     7
100
AcDbLine
 10
-45.114
 20
-11.119
 30
0.0
 11
-45.114
 21
-8.993
 31
0.0
  0
ARC
  5
484
330
1F
100
AcDbEntity
  8
0
  6
Continuous
 62
     7
100
AcDbCircle
 10
-45.8760176426
 20
-8.9930176426
 30
0.0
 40
0.7620176428406432
100
AcDbArc
 50
0.0013265423
 51
78.9526729825
  0
ARC
  5
485
330
1F
100
AcDbEntity
  8
0
  6
Continuous
 62
     7
100
AcDbCircle
 10
-46.3839823574
 20
-8.9930176426
 30
0.0
 40
0.7620176428406434
100
AcDbArc
 50
101.0473270175
 51
179.9986734577
  0
LINE
  5
486
330
1F
100
AcDbEntity
  8
0
  6
Continuous
 62
     7
100
AcDbLine
 10
-29.45
 20
24.417
 30
0.0
 11
-30.084
 21
24.417
 31
0.0
  0
LINE
  5
487
330
1F
100
AcDbEntity
  8
0
  6
Continuous
 62
     7
100
AcDbLine
 10
-32.116
 20
24.507
 30
0.0
 11
-32.116
 21
24.417
 31
0.0
  0
ARC
  5
488
330
1F
100
AcDbEntity
  8
0
  6
Continuous
 62
     7
100
AcDbCircle
 10
-31.3539823574
 20
22.3810176426
 30
0.0
 40
0.7620176428406435
100
AcDbArc
 50
192.4296822677
 51
269.9986734577
  0
LINE
  5
489
330
1F
100
AcDbEntity
  8
0
  6
Continuous
 62
     7
100
AcDbLine
 10
-31.354
 20
21.619
 30
0.0
 11
-30.846
 21
21.619
 31
0.0
  0
ARC
  5
48A
330
1F
100
AcDbEntity
  8
0
  6
Continuous
 62
     7
100
AcDbCircle
 10
-30.8460176426
 20
22.3810176426
 30
0.0
 40
0.7620176428406432
100
AcDbArc
 50
270.0013265423
 51
347.5703177323
  0
LINE
  5
48B
330
1F
100
AcDbEntity
  8
0
  6
Continuous
 62
     7
100
AcDbLine
 10
-30.084
 20
24.417
 30
0.0
 11
-30.084
 21
24.507
 31
0.0
  0
ARC
  5
48C
330
1F
100
AcDbEntity
  8
0
  6
Continuous
 62
     7
100
AcDbCircle
 10
-30.8460176426
 20
24.5069823574
 30
0.0
 40
0.7620176428406432
100
AcDbArc
 50
0.0013265423
 51
78.9526729825
  0
ARC
  5
48D
330
1F
100
AcDbEntity
  8
0
  6
Continuous
 62
     7
100
AcDbCircle
 10
-31.3539823574
 20
24.5069823574
 30
0.0
 40
0.7620176428406437
100
AcDbArc
 50
101.0473270175
 51
179.9986734577
  0
LINE
  5
48E
330
1F
100
AcDbEntity
  8
0
  6
Continuous
 62
     7
100
AcDbLine
 10
-30.1018610053
 20
22.217
 30
0.0
 11
-29.45
 21
22.217
 31
0.0
  0
LINE
  5
48F
330
1F
100
AcDbEntity
  8
0
  6
Continuous
 62
     7
100
AcDbLine
 10
-63.948
 20
56.8706
 30
0.0
 11
-63.948
 21
56.9606
 31
0.0
  0
ARC
  5
490
330
1F
100
AcDbEntity
  8
0
  6
Continuous
 62
     7
100
AcDbCircle
 10
-64.7100176426
 20
58.9965823574
 30
0.0
 40
0.7620176428406435
100
AcDbArc
 50
12.4296822677
 51
89.9986734577
  0
LINE
  5
491
330
1F
100
AcDbEntity
  8
0
  6
Continuous
 62
     7
100
AcDbLine
 10
-64.71
 20
59.7586
 30
0.0
 11
-65.218
 21
59.7586
 31
0.0
  0
ARC
  5
492
330
1F
100
AcDbEntity
  8
0
  6
Continuous
 62
     7
100
AcDbCircle
 10
-65.2179823574
 20
58.9965823574
 30
0.0
 40
0.7620176428406432
100
AcDbArc
 50
90.0013265423
 51
167.5703177323
  0
LINE
  5
493
330
1F
100
AcDbEntity
  8
0
  6
Continuous
 62
     7
100
AcDbLine
 10
-65.98
 20
56.9606
 30
0.0
 11
-65.98
 21
56.8706
 31
0.0
  0
ARC
  5
494
330
1F
100
AcDbEntity
  8
0
  6
Continuous
 62
     7
100
AcDbCircle
 10
-65.2179823574
 20
56.8706176426
 30
0.0
 40
0.7620176428406432
100
AcDbArc
 50
180.0013265423
 51
258.9526729825
  0
ARC
  5
495
330
1F
100
AcDbEntity
  8
0
  6
Continuous
 62
     7
100
AcDbCircle
 10
-64.7100176426
 20
56.8706176426
 30
0.0
 40
0.7620176428406434
100
AcDbArc
 50
281.0473270175
 51
359.9986734577
  0
LINE
  5
496
330
1F
100
AcDbEntity
  8
0
  6
Continuous
 62
     7
100
AcDbLine
 10
-63.314
 20
59.1606
 30
0.0
 11
-63.9658610053
 21
59.1606
 31
0.0
  0
LINE
  5
497
330
1F
100
AcDbEntity
  8
0
  6
Continuous
 62
     7
100
AcDbLine
 10
-66.6539438834
 20
56.9606
 30
0.0
 11
-65.98
 21
56.9606
 31
0.0
  0
ARC
  5
499
330
1F
100
AcDbEntity
  8
Standard
  6
Continuous
 62
     7
100
AcDbCircle
 10
-85.884
 20
68.0956
 30
0.0
 40
0.15
100
AcDbArc
 50
90.0
 51
180.0
  0
ARC
  5
49A
330
1F
100
AcDbEntity
  8
Standard
  6
Continuous
 62
     7
100
AcDbCircle
 10
-84.684
 20
68.0956
 30
0.0
 40
0.15
100
AcDbArc
 50
0.0
 51
90.0
  0
ARC
  5
49B
330
1F
100
AcDbEntity
  8
Standard
  6
Continuous
 62
     7
100
AcDbCircle
 10
-84.684
 20
67.0956
 30
0.0
 40
0.15
100
AcDbArc
 50
270.0
 51
0.0
  0
ARC
  5
49C
330
1F
100
AcDbEntity
  8
Standard
  6
Continuous
 62
     7
100
AcDbCircle
 10
-85.884
 20
67.0956
 30
0.0
 40
0.15
100
AcDbArc
 50
180.0
 51
270.0
  0
ARC
  5
49D
330
1F
100
AcDbEntity
  8
Standard
  6
Continuous
 62
     7
100
AcDbCircle
 10
-88.24
 20
66.5716
 30
0.0
 40
0.15
100
AcDbArc
 50
0.0
 51
90.0
  0
ARC
  5
49E
330
1F
100
AcDbEntity
  8
Standard
  6
Continuous
 62
     7
100
AcDbCircle
 10
-89.44
 20
66.5716
 30
0.0
 40
0.15
100
AcDbArc
 50
90.0
 51
180.0
  0
ARC
  5
49F
330
1F
100
AcDbEntity
  8
Standard
  6
Continuous
 62
     7
100
AcDbCircle
 10
-89.74
 20
66.5716
 30
0.0
 40
0.1499999999999974
100
AcDbArc
 50
0.0
 51
90.0
  0
ARC
  5
4A0
330
1F
100
AcDbEntity
  8
Standard
  6
Continuous
 62
     7
100
AcDbCircle
 10
-89.44
 20
65.5716
 30
0.0
 40
0.15
100
AcDbArc
 50
180.0
 51
270.0
  0
ARC
  5
4A1
330
1F
100
AcDbEntity
  8
Standard
  6
Continuous
 62
     7
100
AcDbCircle
 10
-88.24
 20
65.5716
 30
0.0
 40
0.15
100
AcDbArc
 50
270.0
 51
0.0
  0
ARC
  5
4A2
330
1F
100
AcDbEntity
  8
Standard
  6
Continuous
 62
     7
100
AcDbCircle
 10
-89.44
 20
64.6716
 30
0.0
 40
0.15
100
AcDbArc
 50
90.0
 51
180.0
  0
ARC
  5
4A3
330
1F
100
AcDbEntity
  8
Standard
  6
Continuous
 62
     7
100
AcDbCircle
 10
-88.24
 20
64.6716
 30
0.0
 40
0.15
100
AcDbArc
 50
0.0
 51
90.0
  0
ARC
  5
4A4
330
1F
100
AcDbEntity
  8
Standard
  6
Continuous
 62
     7
100
AcDbCircle
 10
-88.24
 20
63.6716
 30
0.0
 40
0.15
100
AcDbArc
 50
270.0
 51
0.0
  0
ARC
  5
4A5
330
1F
100
AcDbEntity
  8
Standard
  6
Continuous
 62
     7
100
AcDbCircle
 10
-85.884
 20
65.1956
 30
0.0
 40
0.15
100
AcDbArc
 50
180.0
 51
270.0
  0
ARC
  5
4A6
330
1F
100
AcDbEntity
  8
Standard
  6
Continuous
 62
     7
100
AcDbCircle
 10
-89.44
 20
63.6716
 30
0.0
 40
0.15
100
AcDbArc
 50
180.0
 51
270.0
  0
ARC
  5
4A7
330
1F
100
AcDbEntity
  8
Standard
  6
Continuous
 62
     7
100
AcDbCircle
 10
-84.684
 20
65.1956
 30
0.0
 40
0.15
100
AcDbArc
 50
270.0
 51
360.0
  0
ARC
  5
4A8
330
1F
100
AcDbEntity
  8
Standard
  6
Continuous
 62
     7
100
AcDbCircle
 10
-84.684
 20
66.1956
 30
0.0
 40
0.15
100
AcDbArc
 50
0.0
 51
90.0
  0
ARC
  5
4A9
330
1F
100
AcDbEntity
  8
Standard
  6
Continuous
 62
     7
100
AcDbCircle
 10
-85.884
 20
66.1956
 30
0.0
 40
0.15
100
AcDbArc
 50
90.0
 51
180.0
  0
ARC
  5
4AA
330
1F
100
AcDbEntity
  8
Standard
  6
Continuous
 62
     7
100
AcDbCircle
 10
-86.019
 20
63.2336
 30
0.0
 40
0.15
100
AcDbArc
 50
90.0
 51
180.0
  0
ARC
  5
4AB
330
1F
100
AcDbEntity
  8
Standard
  6
Continuous
 62
     7
100
AcDbCircle
 10
-84.549
 20
63.2336
 30
0.0
 40
0.15
100
AcDbArc
 50
0.0
 51
90.0
  0
ARC
  5
4AC
330
1F
100
AcDbEntity
  8
Standard
  6
Continuous
 62
     7
100
AcDbCircle
 10
-86.019
 20
61.3336
 30
0.0
 40
0.15
100
AcDbArc
 50
180.0
 51
270.0
  0
ARC
  5
4AD
330
1F
100
AcDbEntity
  8
Standard
  6
Continuous
 62
     7
100
AcDbCircle
 10
-84.549
 20
61.3336
 30
0.0
 40
0.15
100
AcDbArc
 50
270.0
 51
360.0
  0
ARC
  5
4AE
330
1F
100
AcDbEntity
  8
Standard
  6
Continuous
 62
     7
100
AcDbCircle
 10
-80.939
 20
63.2336
 30
0.0
 40
0.15
100
AcDbArc
 50
90.0
 51
180.0
  0
ARC
  5
4AF
330
1F
100
AcDbEntity
  8
Standard
  6
Continuous
 62
     7
100
AcDbCircle
 10
-79.469
 20
63.2336
 30
0.0
 40
0.15
100
AcDbArc
 50
0.0
 51
90.0
  0
ARC
  5
4B0
330
1F
100
AcDbEntity
  8
Standard
  6
Continuous
 62
     7
100
AcDbCircle
 10
-80.939
 20
61.3336
 30
0.0
 40
0.15
100
AcDbArc
 50
180.0
 51
270.0
  0
ARC
  5
4B1
330
1F
100
AcDbEntity
  8
Standard
  6
Continuous
 62
     7
100
AcDbCircle
 10
-79.469
 20
61.3336
 30
0.0
 40
0.15
100
AcDbArc
 50
270.0
 51
360.0
  0
ARC
  5
4B2
330
1F
100
AcDbEntity
  8
Standard
  6
Continuous
 62
     7
100
AcDbCircle
 10
-79.604
 20
65.1956
 30
0.0
 40
0.15
100
AcDbArc
 50
270.0
 51
0.0
  0
ARC
  5
4B3
330
1F
100
AcDbEntity
  8
Standard
  6
Continuous
 62
     7
100
AcDbCircle
 10
-79.604
 20
66.1956
 30
0.0
 40
0.15
100
AcDbArc
 50
0.0
 51
90.0
  0
ARC
  5
4B4
330
1F
100
AcDbEntity
  8
Standard
  6
Continuous
 62
     7
100
AcDbCircle
 10
-80.804
 20
66.1956
 30
0.0
 40
0.15
100
AcDbArc
 50
90.0
 51
180.0
  0
ARC
  5
4B5
330
1F
100
AcDbEntity
  8
Standard
  6
Continuous
 62
     7
100
AcDbCircle
 10
-79.604
 20
68.0956
 30
0.0
 40
0.15
100
AcDbArc
 50
0.0
 51
90.0
  0
ARC
  5
4B6
330
1F
100
AcDbEntity
  8
Standard
  6
Continuous
 62
     7
100
AcDbCircle
 10
-80.804
 20
68.0956
 30
0.0
 40
0.15
100
AcDbArc
 50
90.0
 51
180.0
  0
ARC
  5
4B7
330
1F
100
AcDbEntity
  8
Standard
  6
Continuous
 62
     7
100
AcDbCircle
 10
-80.804
 20
67.0956
 30
0.0
 40
0.15
100
AcDbArc
 50
180.0
 51
270.0
  0
ARC
  5
4B8
330
1F
100
AcDbEntity
  8
Standard
  6
Continuous
 62
     7
100
AcDbCircle
 10
-79.604
 20
67.0956
 30
0.0
 40
0.15
100
AcDbArc
 50
270.0
 51
0.0
  0
ARC
  5
4B9
330
1F
100
AcDbEntity
  8
Standard
  6
Continuous
 62
     7
100
AcDbCircle
 10
-75.724
 20
68.0956
 30
0.0
 40
0.15
100
AcDbArc
 50
90.0
 51
180.0
  0
ARC
  5
4BA
330
1F
100
AcDbEntity
  8
Standard
  6
Continuous
 62
     7
100
AcDbCircle
 10
-74.524
 20
68.0956
 30
0.0
 40
0.15
100
AcDbArc
 50
0.0
 51
90.0
  0
ARC
  5
4BB
330
1F
100
AcDbEntity
  8
Standard
  6
Continuous
 62
     7
100
AcDbCircle
 10
-74.524
 20
67.0956
 30
0.0
 40
0.15
100
AcDbArc
 50
270.0
 51
0.0
  0
ARC
  5
4BC
330
1F
100
AcDbEntity
  8
Standard
  6
Continuous
 62
     7
100
AcDbCircle
 10
-75.724
 20
67.0956
 30
0.0
 40
0.15
100
AcDbArc
 50
180.0
 51
270.0
  0
ARC
  5
4BD
330
1F
100
AcDbEntity
  8
Standard
  6
Continuous
 62
     7
100
AcDbCircle
 10
-74.524
 20
66.1956
 30
0.0
 40
0.15
100
AcDbArc
 50
0.0
 51
90.0
  0
ARC
  5
4BE
330
1F
100
AcDbEntity
  8
Standard
  6
Continuous
 62
     7
100
AcDbCircle
 10
-75.724
 20
66.1956
 30
0.0
 40
0.15
100
AcDbArc
 50
90.0
 51
180.0
  0
ARC
  5
4BF
330
1F
100
AcDbEntity
  8
Standard
  6
Continuous
 62
     7
100
AcDbCircle
 10
-75.724
 20
65.1956
 30
0.0
 40
0.15
100
AcDbArc
 50
180.0
 51
270.0
  0
ARC
  5
4C0
330
1F
100
AcDbEntity
  8
Standard
  6
Continuous
 62
     7
100
AcDbCircle
 10
-74.524
 20
65.1956
 30
0.0
 40
0.15
100
AcDbArc
 50
270.0
 51
0.0
  0
ARC
  5
4C1
330
1F
100
AcDbEntity
  8
Standard
  6
Continuous
 62
     7
100
AcDbCircle
 10
-71.8115
 20
66.9096
 30
0.0
 40
0.15
100
AcDbArc
 50
180.0
 51
270.0
  0
ARC
  5
4C2
330
1F
100
AcDbEntity
  8
Standard
  6
Continuous
 62
     7
100
AcDbCircle
 10
-71.8115
 20
68.2096
 30
0.0
 40
0.15
100
AcDbArc
 50
90.0
 51
180.0
  0
ARC
  5
4C3
330
1F
100
AcDbEntity
  8
Standard
  6
Continuous
 62
     7
100
AcDbCircle
 10
-70.3085
 20
68.2096
 30
0.0
 40
0.15
100
AcDbArc
 50
0.0
 51
90.0
  0
ARC
  5
4C4
330
1F
100
AcDbEntity
  8
Standard
  6
Continuous
 62
     7
100
AcDbCircle
 10
-70.3085
 20
66.9096
 30
0.0
 40
0.15
100
AcDbArc
 50
270.0
 51
0.0
  0
ARC
  5
4C5
330
1F
100
AcDbEntity
  8
Standard
  6
Continuous
 62
     7
100
AcDbCircle
 10
-70.3085
 20
65.3656
 30
0.0
 40
0.15
100
AcDbArc
 50
0.0
 51
90.0
  0
ARC
  5
4C6
330
1F
100
AcDbEntity
  8
Standard
  6
Continuous
 62
     7
100
AcDbCircle
 10
-71.8115
 20
64.0656
 30
0.0
 40
0.15
100
AcDbArc
 50
180.0
 51
270.0
  0
ARC
  5
4C7
330
1F
100
AcDbEntity
  8
Standard
  6
Continuous
 62
     7
100
AcDbCircle
 10
-71.8115
 20
65.3656
 30
0.0
 40
0.15
100
AcDbArc
 50
90.0
 51
180.0
  0
ARC
  5
4C8
330
1F
100
AcDbEntity
  8
Standard
  6
Continuous
 62
     7
100
AcDbCircle
 10
-70.3085
 20
64.0656
 30
0.0
 40
0.15
100
AcDbArc
 50
270.0
 51
360.0
  0
ARC
  5
4C9
330
1F
100
AcDbEntity
  8
Standard
  6
Continuous
 62
     7
100
AcDbCircle
 10
-70.21
 20
61.4496
 30
0.0
 40
0.15
100
AcDbArc
 50
270.0
 51
0.0
  0
ARC
  5
4CA
330
1F
100
AcDbEntity
  8
Standard
  6
Continuous
 62
     7
100
AcDbCircle
 10
-71.91
 20
62.6496
 30
0.0
 40
0.15
100
AcDbArc
 50
90.0
 51
180.0
  0
ARC
  5
4CB
330
1F
100
AcDbEntity
  8
Standard
  6
Continuous
 62
     7
100
AcDbCircle
 10
-70.21
 20
62.6496
 30
0.0
 40
0.15
100
AcDbArc
 50
0.0
 51
90.0
  0
ARC
  5
4CC
330
1F
100
AcDbEntity
  8
Standard
  6
Continuous
 62
     7
100
AcDbCircle
 10
-71.91
 20
61.4496
 30
0.0
 40
0.15
100
AcDbArc
 50
180.0
 51
270.0
  0
ARC
  5
4CD
330
1F
100
AcDbEntity
  8
Standard
  6
Continuous
 62
     7
100
AcDbCircle
 10
-74.389
 20
63.2336
 30
0.0
 40
0.15
100
AcDbArc
 50
0.0
 51
90.0
  0
ARC
  5
4CE
330
1F
100
AcDbEntity
  8
Standard
  6
Continuous
 62
     7
100
AcDbCircle
 10
-75.859
 20
63.2336
 30
0.0
 40
0.15
100
AcDbArc
 50
90.0
 51
180.0
  0
ARC
  5
4CF
330
1F
100
AcDbEntity
  8
Standard
  6
Continuous
 62
     7
100
AcDbCircle
 10
-75.859
 20
61.3336
 30
0.0
 40
0.15
100
AcDbArc
 50
180.0
 51
270.0
  0
ARC
  5
4D0
330
1F
100
AcDbEntity
  8
Standard
  6
Continuous
 62
     7
100
AcDbCircle
 10
-80.804
 20
65.1956
 30
0.0
 40
0.15
100
AcDbArc
 50
180.0
 51
270.0
  0
ARC
  5
4D1
330
1F
100
AcDbEntity
  8
Standard
  6
Continuous
 62
     7
100
AcDbCircle
 10
-65.914
 20
69.4376
 30
0.0
 40
0.15
100
AcDbArc
 50
90.0
 51
180.0
  0
ARC
  5
4D2
330
1F
100
AcDbEntity
  8
Standard
  6
Continuous
 62
     7
100
AcDbCircle
 10
-64.014
 20
69.4376
 30
0.0
 40
0.15
100
AcDbArc
 50
0.0
 51
90.0
  0
ARC
  5
4D3
330
1F
100
AcDbEntity
  8
Standard
  6
Continuous
 62
     7
100
AcDbCircle
 10
-65.914
 20
67.9376
 30
0.0
 40
0.15
100
AcDbArc
 50
180.0
 51
270.0
  0
ARC
  5
4D4
330
1F
100
AcDbEntity
  8
Standard
  6
Continuous
 62
     7
100
AcDbCircle
 10
-64.014
 20
67.9376
 30
0.0
 40
0.15
100
AcDbArc
 50
270.0
 51
0.0
  0
ARC
  5
4D5
330
1F
100
AcDbEntity
  8
Standard
  6
Continuous
 62
     7
100
AcDbCircle
 10
-64.014
 20
64.3376
 30
0.0
 40
0.15
100
AcDbArc
 50
0.0
 51
90.0
  0
ARC
  5
4D6
330
1F
100
AcDbEntity
  8
Standard
  6
Continuous
 62
     7
100
AcDbCircle
 10
-65.914
 20
64.3376
 30
0.0
 40
0.15
100
AcDbArc
 50
90.0
 51
180.0
  0
ARC
  5
4D7
330
1F
100
AcDbEntity
  8
Standard
  6
Continuous
 62
     7
100
AcDbCircle
 10
-65.914
 20
62.8376
 30
0.0
 40
0.15
100
AcDbArc
 50
180.0
 51
270.0
  0
ARC
  5
4D8
330
1F
100
AcDbEntity
  8
Standard
  6
Continuous
 62
     7
100
AcDbCircle
 10
-64.014
 20
62.8376
 30
0.0
 40
0.15
100
AcDbArc
 50
270.0
 51
0.0
  0
ARC
  5
4D9
330
1F
100
AcDbEntity
  8
Standard
  6
Continuous
 62
     7
100
AcDbCircle
 10
-88.24
 20
59.9676
 30
0.0
 40
0.15
100
AcDbArc
 50
0.0
 51
90.0
  0
ARC
  5
4DA
330
1F
100
AcDbEntity
  8
Standard
  6
Continuous
 62
     7
100
AcDbCircle
 10
-89.44
 20
59.9676
 30
0.0
 40
0.15
100
AcDbArc
 50
90.0
 51
180.0
  0
ARC
  5
4DB
330
1F
100
AcDbEntity
  8
Standard
  6
Continuous
 62
     7
100
AcDbCircle
 10
-89.44
 20
58.9676
 30
0.0
 40
0.15
100
AcDbArc
 50
180.0
 51
270.0
  0
ARC
  5
4DC
330
1F
100
AcDbEntity
  8
Standard
  6
Continuous
 62
     7
100
AcDbCircle
 10
-88.24
 20
58.9676
 30
0.0
 40
0.15
100
AcDbArc
 50
270.0
 51
360.0
  0
ARC
  5
4DD
330
1F
100
AcDbEntity
  8
Standard
  6
Continuous
 62
     7
100
AcDbCircle
 10
-88.24
 20
58.0676
 30
0.0
 40
0.15
100
AcDbArc
 50
0.0
 51
90.0
  0
ARC
  5
4DE
330
1F
100
AcDbEntity
  8
Standard
  6
Continuous
 62
     7
100
AcDbCircle
 10
-89.44
 20
58.0676
 30
0.0
 40
0.15
100
AcDbArc
 50
90.0
 51
180.0
  0
ARC
  5
4DF
330
1F
100
AcDbEntity
  8
Standard
  6
Continuous
 62
     7
100
AcDbCircle
 10
-89.44
 20
57.0676
 30
0.0
 40
0.15
100
AcDbArc
 50
180.0
 51
270.0
  0
ARC
  5
4E0
330
1F
100
AcDbEntity
  8
Standard
  6
Continuous
 62
     7
100
AcDbCircle
 10
-88.24
 20
57.0676
 30
0.0
 40
0.15
100
AcDbArc
 50
270.0
 51
360.0
  0
ARC
  5
4E1
330
1F
100
AcDbEntity
  8
Standard
  6
Continuous
 62
     7
100
AcDbCircle
 10
-86.019
 20
58.7496
 30
0.0
 40
0.15
100
AcDbArc
 50
90.0
 51
180.0
  0
ARC
  5
4E2
330
1F
100
AcDbEntity
  8
Standard
  6
Continuous
 62
     7
100
AcDbCircle
 10
-86.019
 20
56.8496
 30
0.0
 40
0.15
100
AcDbArc
 50
180.0
 51
270.0
  0
ARC
  5
4E3
330
1F
100
AcDbEntity
  8
Standard
  6
Continuous
 62
     7
100
AcDbCircle
 10
-84.549
 20
56.8496
 30
0.0
 40
0.15
100
AcDbArc
 50
270.0
 51
0.0
  0
ARC
  5
4E4
330
1F
100
AcDbEntity
  8
Standard
  6
Continuous
 62
     7
100
AcDbCircle
 10
-84.549
 20
58.7496
 30
0.0
 40
0.15
100
AcDbArc
 50
0.0
 51
90.0
  0
ARC
  5
4E5
330
1F
100
AcDbEntity
  8
Standard
  6
Continuous
 62
     7
100
AcDbCircle
 10
-80.939
 20
58.7496
 30
0.0
 40
0.15
100
AcDbArc
 50
90.0
 51
180.0
  0
ARC
  5
4E6
330
1F
100
AcDbEntity
  8
Standard
  6
Continuous
 62
     7
100
AcDbCircle
 10
-79.469
 20
58.7496
 30
0.0
 40
0.15
100
AcDbArc
 50
0.0
 51
90.0
  0
ARC
  5
4E7
330
1F
100
AcDbEntity
  8
Standard
  6
Continuous
 62
     7
100
AcDbCircle
 10
-79.469
 20
56.8496
 30
0.0
 40
0.15
100
AcDbArc
 50
270.0
 51
360.0
  0
ARC
  5
4E8
330
1F
100
AcDbEntity
  8
Standard
  6
Continuous
 62
     7
100
AcDbCircle
 10
-80.939
 20
56.8496
 30
0.0
 40
0.15
100
AcDbArc
 50
180.0
 51
270.0
  0
ARC
  5
4E9
330
1F
100
AcDbEntity
  8
Standard
  6
Continuous
 62
     7
100
AcDbCircle
 10
-74.389
 20
61.3336
 30
0.0
 40
0.15
100
AcDbArc
 50
270.0
 51
360.0
  0
ARC
  5
4EA
330
1F
100
AcDbEntity
  8
Standard
  6
Continuous
 62
     7
100
AcDbCircle
 10
-74.389
 20
58.7496
 30
0.0
 40
0.15
100
AcDbArc
 50
0.0
 51
90.0
  0
ARC
  5
4EB
330
1F
100
AcDbEntity
  8
Standard
  6
Continuous
 62
     7
100
AcDbCircle
 10
-75.859
 20
58.7496
 30
0.0
 40
0.15
100
AcDbArc
 50
90.0
 51
180.0
  0
ARC
  5
4EC
330
1F
100
AcDbEntity
  8
Standard
  6
Continuous
 62
     7
100
AcDbCircle
 10
-75.859
 20
56.8496
 30
0.0
 40
0.15
100
AcDbArc
 50
180.0
 51
270.0
  0
ARC
  5
4ED
330
1F
100
AcDbEntity
  8
Standard
  6
Continuous
 62
     7
100
AcDbCircle
 10
-74.389
 20
56.8496
 30
0.0
 40
0.15
100
AcDbArc
 50
270.0
 51
360.0
  0
ARC
  5
4EE
330
1F
100
AcDbEntity
  8
Standard
  6
Continuous
 62
     7
100
AcDbCircle
 10
-71.91
 20
58.4496
 30
0.0
 40
0.15
100
AcDbArc
 50
180.0
 51
270.0
  0
ARC
  5
4EF
330
1F
100
AcDbEntity
  8
Standard
  6
Continuous
 62
     7
100
AcDbCircle
 10
-71.91
 20
59.6496
 30
0.0
 40
0.15
100
AcDbArc
 50
90.0
 51
180.0
  0
ARC
  5
4F0
330
1F
100
AcDbEntity
  8
Standard
  6
Continuous
 62
     7
100
AcDbCircle
 10
-70.21
 20
59.6496
 30
0.0
 40
0.15
100
AcDbArc
 50
0.0
 51
90.0
  0
ARC
  5
4F1
330
1F
100
AcDbEntity
  8
Standard
  6
Continuous
 62
     7
100
AcDbCircle
 10
-70.21
 20
58.4496
 30
0.0
 40
0.15
100
AcDbArc
 50
270.0
 51
0.0
  0
ARC
  5
4F2
330
1F
100
AcDbEntity
  8
Standard
  6
Continuous
 62
     7
100
AcDbCircle
 10
-63.314
 20
59.0106
 30
0.0
 40
0.15
100
AcDbArc
 50
0.0
 51
90.0
  0
ARC
  5
4F3
330
1F
100
AcDbEntity
  8
Standard
  6
Continuous
 62
     7
100
AcDbCircle
 10
-66.614
 20
59.0106
 30
0.0
 40
0.15
100
AcDbArc
 50
90.0
 51
180.0
  0
ARC
  5
4F4
330
1F
100
AcDbEntity
  8
Standard
  6
Continuous
 62
     7
100
AcDbCircle
 10
-63.3364670155
 20
57.1330670155
 30
0.0
 40
0.1724670155310841
100
AcDbArc
 50
270.0
 51
0.0
  0
ARC
  5
4F5
330
1F
100
AcDbEntity
  8
Standard
  6
Continuous
 62
     7
100
AcDbCircle
 10
-66.6539438834
 20
57.0706561166
 30
0.0
 40
0.1100561165639349
100
AcDbArc
 50
180.0
 51
270.0
  0
ARC
  5
4F6
330
1F
100
AcDbEntity
  8
Standard
  6
Continuous
 62
     7
100
AcDbCircle
 10
-63.1750561166
 20
54.0226561166
 30
0.0
 40
0.1100561165639349
100
AcDbArc
 50
270.0
 51
0.0
  0
ARC
  5
4F7
330
1F
100
AcDbEntity
  8
Standard
  6
Continuous
 62
     7
100
AcDbCircle
 10
-63.1750561166
 20
55.6025438834
 30
0.0
 40
0.1100561165639349
100
AcDbArc
 50
0.0
 51
90.0
  0
ARC
  5
4F8
330
1F
100
AcDbEntity
  8
Standard
  6
Continuous
 62
     7
100
AcDbCircle
 10
-63.7549438834
 20
55.6025438834
 30
0.0
 40
0.1100561165639349
100
AcDbArc
 50
90.0
 51
180.0
  0
ARC
  5
4F9
330
1F
100
AcDbEntity
  8
Standard
  6
Continuous
 62
     7
100
AcDbCircle
 10
-63.7549438834
 20
54.0226561166
 30
0.0
 40
0.1100561165639349
100
AcDbArc
 50
180.0
 51
270.0
  0
ARC
  5
4FA
330
1F
100
AcDbEntity
  8
Standard
  6
Continuous
 62
     7
100
AcDbCircle
 10
-64.6740561166
 20
54.0266561166
 30
0.0
 40
0.1100561165639349
100
AcDbArc
 50
270.0
 51
0.0
  0
ARC
  5
4FB
330
1F
100
AcDbEntity
  8
Standard
  6
Continuous
 62
     7
100
AcDbCircle
 10
-65.2539438834
 20
54.0266561166
 30
0.0
 40
0.1100561165639349
100
AcDbArc
 50
180.0
 51
270.0
  0
ARC
  5
4FC
330
1F
100
AcDbEntity
  8
Standard
  6
Continuous
 62
     7
100
AcDbCircle
 10
-66.1730561166
 20
54.0226561166
 30
0.0
 40
0.1100561165639349
100
AcDbArc
 50
270.0
 51
0.0
  0
ARC
  5
4FD
330
1F
100
AcDbEntity
  8
Standard
  6
Continuous
 62
     7
100
AcDbCircle
 10
-66.1730561166
 20
55.6025438834
 30
0.0
 40
0.1100561165639349
100
AcDbArc
 50
0.0
 51
90.0
  0
ARC
  5
4FE
330
1F
100
AcDbEntity
  8
Standard
  6
Continuous
 62
     7
100
AcDbCircle
 10
-66.7529438834
 20
55.6025438834
 30
0.0
 40
0.1100561165639349
100
AcDbArc
 50
90.0
 51
180.0
  0
ARC
  5
4FF
330
1F
100
AcDbEntity
  8
Standard
  6
Continuous
 62
     7
100
AcDbCircle
 10
-66.7529438834
 20
54.0226561166
 30
0.0
 40
0.1100561165639349
100
AcDbArc
 50
180.0
 51
270.0
  0
ARC
  5
500
330
1F
100
AcDbEntity
  8
Standard
  6
Continuous
 62
     7
100
AcDbCircle
 10
-67.7749438834
 20
52.8703438834
 30
0.0
 40
0.1100561165639349
100
AcDbArc
 50
90.0
 51
180.0
  0
ARC
  5
501
330
1F
100
AcDbEntity
  8
Standard
  6
Continuous
 62
     7
100
AcDbCircle
 10
-65.4635438834
 20
52.8703438834
 30
0.0
 40
0.1100561165639349
100
AcDbArc
 50
90.0
 51
180.0
  0
ARC
  5
502
330
1F
100
AcDbEntity
  8
Standard
  6
Continuous
 62
     7
100
AcDbCircle
 10
-67.7749438834
 20
50.8552561166
 30
0.0
 40
0.1100561165639349
100
AcDbArc
 50
180.0
 51
270.0
  0
ARC
  5
503
330
1F
100
AcDbEntity
  8
Standard
  6
Continuous
 62
     7
100
AcDbCircle
 10
-66.7758561166
 20
50.8552561166
 30
0.0
 40
0.1100561165639349
100
AcDbArc
 50
270.0
 51
0.0
  0
ARC
  5
504
330
1F
100
AcDbEntity
  8
Standard
  6
Continuous
 62
     7
100
AcDbCircle
 10
-65.4635438834
 20
50.8552561166
 30
0.0
 40
0.1100561165639349
100
AcDbArc
 50
180.0
 51
270.0
  0
ARC
  5
505
330
1F
100
AcDbEntity
  8
Standard
  6
Continuous
 62
     7
100
AcDbCircle
 10
-64.4644561166
 20
50.8552561166
 30
0.0
 40
0.1100561165639349
100
AcDbArc
 50
270.0
 51
0.0
  0
ARC
  5
506
330
1F
100
AcDbEntity
  8
Standard
  6
Continuous
 62
     7
100
AcDbCircle
 10
-64.4644561166
 20
52.8703438834
 30
0.0
 40
0.1100561165639349
100
AcDbArc
 50
0.0
 51
90.0
  0
ARC
  5
507
330
1F
100
AcDbEntity
  8
Standard
  6
Continuous
 62
     7
100
AcDbCircle
 10
-63.1521438834
 20
52.8703438834
 30
0.0
 40
0.1100561165639349
100
AcDbArc
 50
90.0
 51
180.0
  0
ARC
  5
508
330
1F
100
AcDbEntity
  8
Standard
  6
Continuous
 62
     7
100
AcDbCircle
 10
-62.1530561166
 20
52.8703438834
 30
0.0
 40
0.1100561165639349
100
AcDbArc
 50
0.0
 51
90.0
  0
ARC
  5
509
330
1F
100
AcDbEntity
  8
Standard
  6
Continuous
 62
     7
100
AcDbCircle
 10
-62.1530561166
 20
50.8552561166
 30
0.0
 40
0.1100561165639349
100
AcDbArc
 50
270.0
 51
0.0
  0
ARC
  5
50A
330
1F
100
AcDbEntity
  8
Standard
  6
Continuous
 62
     7
100
AcDbCircle
 10
-63.1521438834
 20
50.8552561166
 30
0.0
 40
0.1100561165639349
100
AcDbArc
 50
180.0
 51
270.0
  0
ARC
  5
50B
330
1F
100
AcDbEntity
  8
Standard
  6
Continuous
 62
     7
100
AcDbCircle
 10
-69.9120561166
 20
51.8795438834
 30
0.0
 40
0.1100561165639349
100
AcDbArc
 50
0.0
 51
90.0
  0
ARC
  5
50C
330
1F
100
AcDbEntity
  8
Standard
  6
Continuous
 62
     7
100
AcDbCircle
 10
-71.1919438834
 20
51.8795438834
 30
0.0
 40
0.1100561165639349
100
AcDbArc
 50
90.0
 51
180.0
  0
ARC
  5
50D
330
1F
100
AcDbEntity
  8
Standard
  6
Continuous
 62
     7
100
AcDbCircle
 10
-71.1919438834
 20
50.7996561166
 30
0.0
 40
0.1100561165639349
100
AcDbArc
 50
180.0
 51
270.0
  0
ARC
  5
50E
330
1F
100
AcDbEntity
  8
Standard
  6
Continuous
 62
     7
100
AcDbCircle
 10
-69.9120561166
 20
50.7996561166
 30
0.0
 40
0.1100561165639349
100
AcDbArc
 50
270.0
 51
0.0
  0
ARC
  5
50F
330
1F
100
AcDbEntity
  8
Standard
  6
Continuous
 62
     7
100
AcDbCircle
 10
-69.9120561166
 20
49.9795438834
 30
0.0
 40
0.1100561165639349
100
AcDbArc
 50
0.0
 51
90.0
  0
ARC
  5
510
330
1F
100
AcDbEntity
  8
Standard
  6
Continuous
 62
     7
100
AcDbCircle
 10
-71.1919438834
 20
49.9795438834
 30
0.0
 40
0.1100561165639349
100
AcDbArc
 50
90.0
 51
180.0
  0
ARC
  5
511
330
1F
100
AcDbEntity
  8
Standard
  6
Continuous
 62
     7
100
AcDbCircle
 10
-71.1919438834
 20
48.8996561166
 30
0.0
 40
0.1100561165639349
100
AcDbArc
 50
180.0
 51
270.0
  0
ARC
  5
512
330
1F
100
AcDbEntity
  8
Standard
  6
Continuous
 62
     7
100
AcDbCircle
 10
-69.9120561166
 20
48.8996561166
 30
0.0
 40
0.1100561165639349
100
AcDbArc
 50
270.0
 51
0.0
  0
ARC
  5
513
330
1F
100
AcDbEntity
  8
Standard
  6
Continuous
 62
     7
100
AcDbCircle
 10
-66.4539438834
 20
48.4895438834
 30
0.0
 40
0.1100561165639349
100
AcDbArc
 50
90.0
 51
180.0
  0
ARC
  5
514
330
1F
100
AcDbEntity
  8
Standard
  6
Continuous
 62
     7
100
AcDbCircle
 10
-65.3740561166
 20
48.4895438834
 30
0.0
 40
0.1100561165639349
100
AcDbArc
 50
0.0
 51
90.0
  0
ARC
  5
515
330
1F
100
AcDbEntity
  8
Standard
  6
Continuous
 62
     7
100
AcDbCircle
 10
-65.3740561166
 20
47.2096561166
 30
0.0
 40
0.1100561165639349
100
AcDbArc
 50
270.0
 51
0.0
  0
ARC
  5
516
330
1F
100
AcDbEntity
  8
Standard
  6
Continuous
 62
     7
100
AcDbCircle
 10
-66.4539438834
 20
47.2096561166
 30
0.0
 40
0.1100561165639349
100
AcDbArc
 50
180.0
 51
270.0
  0
ARC
  5
517
330
1F
100
AcDbEntity
  8
Standard
  6
Continuous
 62
     7
100
AcDbCircle
 10
-64.5539438834
 20
48.4895438834
 30
0.0
 40
0.1100561165639349
100
AcDbArc
 50
90.0
 51
180.0
  0
ARC
  5
518
330
1F
100
AcDbEntity
  8
Standard
  6
Continuous
 62
     7
100
AcDbCircle
 10
-63.4740561166
 20
48.4895438834
 30
0.0
 40
0.1100561165639349
100
AcDbArc
 50
0.0
 51
90.0
  0
ARC
  5
519
330
1F
100
AcDbEntity
  8
Standard
  6
Continuous
 62
     7
100
AcDbCircle
 10
-63.4740561166
 20
47.2096561166
 30
0.0
 40
0.1100561165639349
100
AcDbArc
 50
270.0
 51
0.0
  0
ARC
  5
51A
330
1F
100
AcDbEntity
  8
Standard
  6
Continuous
 62
     7
100
AcDbCircle
 10
-64.5539438834
 20
47.2096561166
 30
0.0
 40
0.1100561165639349
100
AcDbArc
 50
180.0
 51
270.0
  0
ARC
  5
51B
330
1F
100
AcDbEntity
  8
Standard
  6
Continuous
 62
     7
100
AcDbCircle
 10
-74.3490561166
 20
49.6455438834
 30
0.0
 40
0.1100561165639349
100
AcDbArc
 50
0.0
 51
90.0
  0
ARC
  5
51C
330
1F
100
AcDbEntity
  8
Standard
  6
Continuous
 62
     7
100
AcDbCircle
 10
-75.8989438834
 20
49.6455438834
 30
0.0
 40
0.1100561165639349
100
AcDbArc
 50
90.0
 51
180.0
  0
ARC
  5
51D
330
1F
100
AcDbEntity
  8
Standard
  6
Continuous
 62
     7
100
AcDbCircle
 10
-75.8989438834
 20
47.6656561166
 30
0.0
 40
0.1100561165639349
100
AcDbArc
 50
180.0
 51
270.0
  0
ARC
  5
51E
330
1F
100
AcDbEntity
  8
Standard
  6
Continuous
 62
     7
100
AcDbCircle
 10
-74.3490561166
 20
47.6656561166
 30
0.0
 40
0.1100561165639349
100
AcDbArc
 50
270.0
 51
0.0
  0
ARC
  5
51F
330
1F
100
AcDbEntity
  8
Standard
  6
Continuous
 62
     7
100
AcDbCircle
 10
-74.3490561166
 20
52.1496561166
 30
0.0
 40
0.1100561165639349
100
AcDbArc
 50
270.0
 51
0.0
  0
ARC
  5
520
330
1F
100
AcDbEntity
  8
Standard
  6
Continuous
 62
     7
100
AcDbCircle
 10
-75.8989438834
 20
52.1496561166
 30
0.0
 40
0.1100561165639349
100
AcDbArc
 50
180.0
 51
270.0
  0
ARC
  5
521
330
1F
100
AcDbEntity
  8
Standard
  6
Continuous
 62
     7
100
AcDbCircle
 10
-75.8989438834
 20
54.1295438834
 30
0.0
 40
0.1100561165639349
100
AcDbArc
 50
90.0
 51
180.0
  0
ARC
  5
522
330
1F
100
AcDbEntity
  8
Standard
  6
Continuous
 62
     7
100
AcDbCircle
 10
-74.3490561166
 20
54.1295438834
 30
0.0
 40
0.1100561165639349
100
AcDbArc
 50
0.0
 51
90.0
  0
ARC
  5
523
330
1F
100
AcDbEntity
  8
Standard
  6
Continuous
 62
     7
100
AcDbCircle
 10
-79.4290561166
 20
54.1295438834
 30
0.0
 40
0.1100561165639349
100
AcDbArc
 50
0.0
 51
90.0
  0
ARC
  5
524
330
1F
100
AcDbEntity
  8
Standard
  6
Continuous
 62
     7
100
AcDbCircle
 10
-80.9789438834
 20
54.1295438834
 30
0.0
 40
0.1100561165639349
100
AcDbArc
 50
90.0
 51
180.0
  0
ARC
  5
525
330
1F
100
AcDbEntity
  8
Standard
  6
Continuous
 62
     7
100
AcDbCircle
 10
-80.9789438834
 20
52.1496561166
 30
0.0
 40
0.1100561165639349
100
AcDbArc
 50
180.0
 51
270.0
  0
ARC
  5
526
330
1F
100
AcDbEntity
  8
Standard
  6
Continuous
 62
     7
100
AcDbCircle
 10
-84.5090561166
 20
54.1295438834
 30
0.0
 40
0.1100561165639349
100
AcDbArc
 50
0.0
 51
90.0
  0
ARC
  5
527
330
1F
100
AcDbEntity
  8
Standard
  6
Continuous
 62
     7
100
AcDbCircle
 10
-86.0589438834
 20
54.1295438834
 30
0.0
 40
0.1100561165639349
100
AcDbArc
 50
90.0
 51
180.0
  0
ARC
  5
528
330
1F
100
AcDbEntity
  8
Standard
  6
Continuous
 62
     7
100
AcDbCircle
 10
-86.0589438834
 20
52.1496561166
 30
0.0
 40
0.1100561165639349
100
AcDbArc
 50
180.0
 51
270.0
  0
ARC
  5
529
330
1F
100
AcDbEntity
  8
Standard
  6
Continuous
 62
     7
100
AcDbCircle
 10
-84.5090561166
 20
52.1496561166
 30
0.0
 40
0.1100561165639349
100
AcDbArc
 50
270.0
 51
0.0
  0
ARC
  5
52A
330
1F
100
AcDbEntity
  8
Standard
  6
Continuous
 62
     7
100
AcDbCircle
 10
-79.4290561166
 20
52.1496561166
 30
0.0
 40
0.1100561165639349
100
AcDbArc
 50
270.0
 51
0.0
  0
ARC
  5
52B
330
1F
100
AcDbEntity
  8
Standard
  6
Continuous
 62
     7
100
AcDbCircle
 10
-84.5090561166
 20
49.6455438834
 30
0.0
 40
0.1100561165639349
100
AcDbArc
 50
0.0
 51
90.0
  0
ARC
  5
52C
330
1F
100
AcDbEntity
  8
Standard
  6
Continuous
 62
     7
100
AcDbCircle
 10
-86.0589438834
 20
49.6455438834
 30
0.0
 40
0.1100561165639349
100
AcDbArc
 50
90.0
 51
180.0
  0
ARC
  5
52D
330
1F
100
AcDbEntity
  8
Standard
  6
Continuous
 62
     7
100
AcDbCircle
 10
-86.0589438834
 20
47.6656561166
 30
0.0
 40
0.1100561165639349
100
AcDbArc
 50
180.0
 51
270.0
  0
ARC
  5
52E
330
1F
100
AcDbEntity
  8
Standard
  6
Continuous
 62
     7
100
AcDbCircle
 10
-80.9789438834
 20
49.6455438834
 30
0.0
 40
0.1100561165639349
100
AcDbArc
 50
90.0
 51
180.0
  0
ARC
  5
52F
330
1F
100
AcDbEntity
  8
Standard
  6
Continuous
 62
     7
100
AcDbCircle
 10
-84.5090561166
 20
47.6656561166
 30
0.0
 40
0.1100561165639349
100
AcDbArc
 50
270.0
 51
0.0
  0
ARC
  5
530
330
1F
100
AcDbEntity
  8
Standard
  6
Continuous
 62
     7
100
AcDbCircle
 10
-88.4540561166
 20
50.1015438834
 30
0.0
 40
0.1100561165639349
100
AcDbArc
 50
0.0
 51
90.0
  0
ARC
  5
531
330
1F
100
AcDbEntity
  8
Standard
  6
Continuous
 62
     7
100
AcDbCircle
 10
-89.7339438834
 20
50.1015438834
 30
0.0
 40
0.1100561165639349
100
AcDbArc
 50
90.0
 51
180.0
  0
ARC
  5
532
330
1F
100
AcDbEntity
  8
Standard
  6
Continuous
 62
     7
100
AcDbCircle
 10
-89.7339438834
 20
49.0216561166
 30
0.0
 40
0.1100561165639349
100
AcDbArc
 50
180.0
 51
270.0
  0
ARC
  5
533
330
1F
100
AcDbEntity
  8
Standard
  6
Continuous
 62
     7
100
AcDbCircle
 10
-88.4540561166
 20
48.2015438834
 30
0.0
 40
0.1100561165639349
100
AcDbArc
 50
0.0
 51
90.0
  0
ARC
  5
534
330
1F
100
AcDbEntity
  8
Standard
  6
Continuous
 62
     7
100
AcDbCircle
 10
-88.4540561166
 20
49.0216561166
 30
0.0
 40
0.1100561165639349
100
AcDbArc
 50
270.0
 51
0.0
  0
ARC
  5
535
330
1F
100
AcDbEntity
  8
Standard
  6
Continuous
 62
     7
100
AcDbCircle
 10
-88.4540561166
 20
47.1216561166
 30
0.0
 40
0.1100561165639349
100
AcDbArc
 50
270.0
 51
0.0
  0
ARC
  5
536
330
1F
100
AcDbEntity
  8
Standard
  6
Continuous
 62
     7
100
AcDbCircle
 10
-89.7339438834
 20
48.2015438834
 30
0.0
 40
0.1100561165639349
100
AcDbArc
 50
90.0
 51
180.0
  0
ARC
  5
537
330
1F
100
AcDbEntity
  8
Standard
  6
Continuous
 62
     7
100
AcDbCircle
 10
-89.7339438834
 20
47.1216561166
 30
0.0
 40
0.1100561165639349
100
AcDbArc
 50
180.0
 51
270.0
  0
ARC
  5
538
330
1F
100
AcDbEntity
  8
Standard
  6
Continuous
 62
     7
100
AcDbCircle
 10
-80.9789438834
 20
47.6656561166
 30
0.0
 40
0.1100561165639349
100
AcDbArc
 50
180.0
 51
270.0
  0
ARC
  5
539
330
1F
100
AcDbEntity
  8
Standard
  6
Continuous
 62
     7
100
AcDbCircle
 10
-79.4290561166
 20
47.6656561166
 30
0.0
 40
0.1100561165639349
100
AcDbArc
 50
270.0
 51
0.0
  0
ARC
  5
53A
330
1F
100
AcDbEntity
  8
Standard
  6
Continuous
 62
     7
100
AcDbCircle
 10
-79.4290561166
 20
49.6455438834
 30
0.0
 40
0.1100561165639349
100
AcDbArc
 50
0.0
 51
90.0
  0
ARC
  5
53B
330
1F
100
AcDbEntity
  8
Standard
  6
Continuous
 62
     7
100
AcDbCircle
 10
-69.9120561166
 20
45.7835438834
 30
0.0
 40
0.1100561165639349
100
AcDbArc
 50
0.0
 51
90.0
  0
ARC
  5
53C
330
1F
100
AcDbEntity
  8
Standard
  6
Continuous
 62
     7
100
AcDbCircle
 10
-69.9120561166
 20
44.7036561166
 30
0.0
 40
0.1100561165639349
100
AcDbArc
 50
270.0
 51
0.0
  0
ARC
  5
53D
330
1F
100
AcDbEntity
  8
Standard
  6
Continuous
 62
     7
100
AcDbCircle
 10
-71.1919438834
 20
45.7835438834
 30
0.0
 40
0.1100561165639349
100
AcDbArc
 50
90.0
 51
180.0
  0
ARC
  5
53E
330
1F
100
AcDbEntity
  8
Standard
  6
Continuous
 62
     7
100
AcDbCircle
 10
-71.1919438834
 20
44.7036561166
 30
0.0
 40
0.1100561165639349
100
AcDbArc
 50
180.0
 51
270.0
  0
ARC
  5
53F
330
1F
100
AcDbEntity
  8
Standard
  6
Continuous
 62
     7
100
AcDbCircle
 10
-69.9120561166
 20
43.8835438834
 30
0.0
 40
0.1100561165639349
100
AcDbArc
 50
0.0
 51
90.0
  0
ARC
  5
540
330
1F
100
AcDbEntity
  8
Standard
  6
Continuous
 62
     7
100
AcDbCircle
 10
-69.9120561166
 20
42.8036561166
 30
0.0
 40
0.1100561165639349
100
AcDbArc
 50
270.0
 51
0.0
  0
ARC
  5
541
330
1F
100
AcDbEntity
  8
Standard
  6
Continuous
 62
     7
100
AcDbCircle
 10
-73.508
 20
45.7436
 30
0.0
 40
0.15
100
AcDbArc
 50
0.0
 51
90.0
  0
ARC
  5
542
330
1F
100
AcDbEntity
  8
Standard
  6
Continuous
 62
     7
100
AcDbCircle
 10
-74.708
 20
45.7436
 30
0.0
 40
0.15
100
AcDbArc
 50
90.0
 51
180.0
  0
ARC
  5
543
330
1F
100
AcDbEntity
  8
Standard
  6
Continuous
 62
     7
100
AcDbCircle
 10
-74.708
 20
44.7436
 30
0.0
 40
0.15
100
AcDbArc
 50
180.0
 51
270.0
  0
ARC
  5
544
330
1F
100
AcDbEntity
  8
Standard
  6
Continuous
 62
     7
100
AcDbCircle
 10
-73.508
 20
44.7436
 30
0.0
 40
0.15
100
AcDbArc
 50
270.0
 51
360.0
  0
ARC
  5
545
330
1F
100
AcDbEntity
  8
Standard
  6
Continuous
 62
     7
100
AcDbCircle
 10
-73.508
 20
43.8436
 30
0.0
 40
0.15
100
AcDbArc
 50
0.0
 51
90.0
  0
ARC
  5
546
330
1F
100
AcDbEntity
  8
Standard
  6
Continuous
 62
     7
100
AcDbCircle
 10
-74.708
 20
43.8436
 30
0.0
 40
0.15
100
AcDbArc
 50
90.0
 51
180.0
  0
ARC
  5
547
330
1F
100
AcDbEntity
  8
Standard
  6
Continuous
 62
     7
100
AcDbCircle
 10
-74.708
 20
42.8436
 30
0.0
 40
0.15
100
AcDbArc
 50
180.0
 51
270.0
  0
ARC
  5
548
330
1F
100
AcDbEntity
  8
Standard
  6
Continuous
 62
     7
100
AcDbCircle
 10
-73.508
 20
42.8436
 30
0.0
 40
0.15
100
AcDbArc
 50
270.0
 51
360.0
  0
ARC
  5
549
330
1F
100
AcDbEntity
  8
Standard
  6
Continuous
 62
     7
100
AcDbCircle
 10
-71.152
 20
42.8436
 30
0.0
 40
0.15
100
AcDbArc
 50
180.0
 51
270.0
  0
ARC
  5
54A
330
1F
100
AcDbEntity
  8
Standard
  6
Continuous
 62
     7
100
AcDbCircle
 10
-71.152
 20
43.8436
 30
0.0
 40
0.15
100
AcDbArc
 50
90.0
 51
180.0
  0
ARC
  5
54B
330
1F
100
AcDbEntity
  8
Standard
  6
Continuous
 62
     7
100
AcDbCircle
 10
-77.064
 20
43.8436
 30
0.0
 40
0.15
100
AcDbArc
 50
0.0
 51
90.0
  0
ARC
  5
54C
330
1F
100
AcDbEntity
  8
Standard
  6
Continuous
 62
     7
100
AcDbCircle
 10
-77.064
 20
44.7436
 30
0.0
 40
0.15
100
AcDbArc
 50
270.0
 51
0.0
  0
ARC
  5
54D
330
1F
100
AcDbEntity
  8
Standard
  6
Continuous
 62
     7
100
AcDbCircle
 10
-78.264
 20
43.8436
 30
0.0
 40
0.15
100
AcDbArc
 50
90.0
 51
180.0
  0
ARC
  5
54E
330
1F
100
AcDbEntity
  8
Standard
  6
Continuous
 62
     7
100
AcDbCircle
 10
-78.264
 20
44.7436
 30
0.0
 40
0.15
100
AcDbArc
 50
180.0
 51
270.0
  0
ARC
  5
54F
330
1F
100
AcDbEntity
  8
Standard
  6
Continuous
 62
     7
100
AcDbCircle
 10
-78.264
 20
45.7436
 30
0.0
 40
0.15
100
AcDbArc
 50
90.0
 51
180.0
  0
ARC
  5
550
330
1F
100
AcDbEntity
  8
Standard
  6
Continuous
 62
     7
100
AcDbCircle
 10
-77.064
 20
45.7436
 30
0.0
 40
0.15
100
AcDbArc
 50
0.0
 51
90.0
  0
ARC
  5
551
330
1F
100
AcDbEntity
  8
Standard
  6
Continuous
 62
     7
100
AcDbCircle
 10
-77.064
 20
42.8436
 30
0.0
 40
0.15
100
AcDbArc
 50
270.0
 51
360.0
  0
ARC
  5
552
330
1F
100
AcDbEntity
  8
Standard
  6
Continuous
 62
     7
100
AcDbCircle
 10
-78.264
 20
42.8436
 30
0.0
 40
0.15
100
AcDbArc
 50
180.0
 51
270.0
  0
ARC
  5
553
330
1F
100
AcDbEntity
  8
Standard
  6
Continuous
 62
     7
100
AcDbCircle
 10
-84.684
 20
44.4736
 30
0.0
 40
0.15
100
AcDbArc
 50
0.0
 51
90.0
  0
ARC
  5
554
330
1F
100
AcDbEntity
  8
Standard
  6
Continuous
 62
     7
100
AcDbCircle
 10
-85.884
 20
44.4736
 30
0.0
 40
0.15
100
AcDbArc
 50
90.0
 51
180.0
  0
ARC
  5
555
330
1F
100
AcDbEntity
  8
Standard
  6
Continuous
 62
     7
100
AcDbCircle
 10
-85.884
 20
43.4736
 30
0.0
 40
0.15
100
AcDbArc
 50
180.0
 51
270.0
  0
ARC
  5
556
330
1F
100
AcDbEntity
  8
Standard
  6
Continuous
 62
     7
100
AcDbCircle
 10
-84.684
 20
43.4736
 30
0.0
 40
0.15
100
AcDbArc
 50
270.0
 51
360.0
  0
ARC
  5
557
330
1F
100
AcDbEntity
  8
Standard
  6
Continuous
 62
     7
100
AcDbCircle
 10
-84.684
 20
42.5736
 30
0.0
 40
0.15
100
AcDbArc
 50
0.0
 51
90.0
  0
ARC
  5
558
330
1F
100
AcDbEntity
  8
Standard
  6
Continuous
 62
     7
100
AcDbCircle
 10
-85.884
 20
42.5736
 30
0.0
 40
0.15
100
AcDbArc
 50
90.0
 51
180.0
  0
ARC
  5
559
330
1F
100
AcDbEntity
  8
Standard
  6
Continuous
 62
     7
100
AcDbCircle
 10
-85.884
 20
41.5736
 30
0.0
 40
0.15
100
AcDbArc
 50
180.0
 51
270.0
  0
ARC
  5
55A
330
1F
100
AcDbEntity
  8
Standard
  6
Continuous
 62
     7
100
AcDbCircle
 10
-84.684
 20
41.5736
 30
0.0
 40
0.15
100
AcDbArc
 50
270.0
 51
360.0
  0
ARC
  5
55B
330
1F
100
AcDbEntity
  8
Standard
  6
Continuous
 62
     7
100
AcDbCircle
 10
-87.986
 20
41.5736
 30
0.0
 40
0.15
100
AcDbArc
 50
270.0
 51
360.0
  0
ARC
  5
55C
330
1F
100
AcDbEntity
  8
Standard
  6
Continuous
 62
     7
100
AcDbCircle
 10
-89.186
 20
41.5736
 30
0.0
 40
0.15
100
AcDbArc
 50
180.0
 51
270.0
  0
ARC
  5
55D
330
1F
100
AcDbEntity
  8
Standard
  6
Continuous
 62
     7
100
AcDbCircle
 10
-89.186
 20
42.5736
 30
0.0
 40
0.15
100
AcDbArc
 50
90.0
 51
180.0
  0
ARC
  5
55E
330
1F
100
AcDbEntity
  8
Standard
  6
Continuous
 62
     7
100
AcDbCircle
 10
-87.986
 20
42.5736
 30
0.0
 40
0.15
100
AcDbArc
 50
0.0
 51
90.0
  0
ARC
  5
55F
330
1F
100
AcDbEntity
  8
Standard
  6
Continuous
 62
     7
100
AcDbCircle
 10
-87.986
 20
43.4736
 30
0.0
 40
0.15
100
AcDbArc
 50
270.0
 51
360.0
  0
ARC
  5
560
330
1F
100
AcDbEntity
  8
Standard
  6
Continuous
 62
     7
100
AcDbCircle
 10
-87.986
 20
44.4736
 30
0.0
 40
0.15
100
AcDbArc
 50
0.0
 51
90.0
  0
ARC
  5
561
330
1F
100
AcDbEntity
  8
Standard
  6
Continuous
 62
     7
100
AcDbCircle
 10
-89.186
 20
44.4736
 30
0.0
 40
0.15
100
AcDbArc
 50
90.0
 51
180.0
  0
ARC
  5
562
330
1F
100
AcDbEntity
  8
Standard
  6
Continuous
 62
     7
100
AcDbCircle
 10
-89.186
 20
43.4736
 30
0.0
 40
0.15
100
AcDbArc
 50
180.0
 51
270.0
  0
ARC
  5
563
330
1F
100
AcDbEntity
  8
Standard
  6
Continuous
 62
     7
100
AcDbCircle
 10
-91.288
 20
45.2516
 30
0.0
 40
0.15
100
AcDbArc
 50
270.0
 51
360.0
  0
ARC
  5
564
330
1F
100
AcDbEntity
  8
Standard
  6
Continuous
 62
     7
100
AcDbCircle
 10
-92.488
 20
45.2516
 30
0.0
 40
0.15
100
AcDbArc
 50
180.0
 51
270.0
  0
ARC
  5
565
330
1F
100
AcDbEntity
  8
Standard
  6
Continuous
 62
     7
100
AcDbCircle
 10
-92.488
 20
46.2516
 30
0.0
 40
0.15
100
AcDbArc
 50
90.0
 51
180.0
  0
ARC
  5
566
330
1F
100
AcDbEntity
  8
Standard
  6
Continuous
 62
     7
100
AcDbCircle
 10
-91.288
 20
46.2516
 30
0.0
 40
0.15
100
AcDbArc
 50
0.0
 51
90.0
  0
ARC
  5
567
330
1F
100
AcDbEntity
  8
Standard
  6
Continuous
 62
     7
100
AcDbCircle
 10
-92.488
 20
44.3516
 30
0.0
 40
0.15
100
AcDbArc
 50
90.0
 51
180.0
  0
ARC
  5
568
330
1F
100
AcDbEntity
  8
Standard
  6
Continuous
 62
     7
100
AcDbCircle
 10
-91.288
 20
44.3516
 30
0.0
 40
0.15
100
AcDbArc
 50
0.0
 51
90.0
  0
ARC
  5
569
330
1F
100
AcDbEntity
  8
Standard
  6
Continuous
 62
     7
100
AcDbCircle
 10
-91.288
 20
43.3516
 30
0.0
 40
0.15
100
AcDbArc
 50
270.0
 51
360.0
  0
ARC
  5
56A
330
1F
100
AcDbEntity
  8
Standard
  6
Continuous
 62
     7
100
AcDbCircle
 10
-92.488
 20
43.3516
 30
0.0
 40
0.15
100
AcDbArc
 50
180.0
 51
270.0
  0
ARC
  5
56B
330
1F
100
AcDbEntity
  8
Standard
  6
Continuous
 62
     7
100
AcDbCircle
 10
-92.488
 20
40.1556
 30
0.0
 40
0.15
100
AcDbArc
 50
90.0
 51
180.0
  0
ARC
  5
56C
330
1F
100
AcDbEntity
  8
Standard
  6
Continuous
 62
     7
100
AcDbCircle
 10
-91.288
 20
40.1556
 30
0.0
 40
0.15
100
AcDbArc
 50
0.0
 51
90.0
  0
ARC
  5
56D
330
1F
100
AcDbEntity
  8
Standard
  6
Continuous
 62
     7
100
AcDbCircle
 10
-91.288
 20
39.1556
 30
0.0
 40
0.15
100
AcDbArc
 50
270.0
 51
0.0
  0
ARC
  5
56E
330
1F
100
AcDbEntity
  8
Standard
  6
Continuous
 62
     7
100
AcDbCircle
 10
-92.488
 20
39.1556
 30
0.0
 40
0.15
100
AcDbArc
 50
180.0
 51
270.0
  0
ARC
  5
56F
330
1F
100
AcDbEntity
  8
Standard
  6
Continuous
 62
     7
100
AcDbCircle
 10
-91.288
 20
37.2556
 30
0.0
 40
0.15
100
AcDbArc
 50
270.0
 51
0.0
  0
ARC
  5
570
330
1F
100
AcDbEntity
  8
Standard
  6
Continuous
 62
     7
100
AcDbCircle
 10
-91.288
 20
38.2556
 30
0.0
 40
0.15
100
AcDbArc
 50
0.0
 51
90.0
  0
ARC
  5
571
330
1F
100
AcDbEntity
  8
Standard
  6
Continuous
 62
     7
100
AcDbCircle
 10
-92.488
 20
38.2556
 30
0.0
 40
0.15
100
AcDbArc
 50
90.0
 51
180.0
  0
ARC
  5
572
330
1F
100
AcDbEntity
  8
Standard
  6
Continuous
 62
     7
100
AcDbCircle
 10
-92.488
 20
37.2556
 30
0.0
 40
0.15
100
AcDbArc
 50
180.0
 51
270.0
  0
ARC
  5
573
330
1F
100
AcDbEntity
  8
Standard
  6
Continuous
 62
     7
100
AcDbCircle
 10
-86.404
 20
36.9996
 30
0.0
 40
0.15
100
AcDbArc
 50
270.0
 51
360.0
  0
ARC
  5
574
330
1F
100
AcDbEntity
  8
Standard
  6
Continuous
 62
     7
100
AcDbCircle
 10
-86.704
 20
36.9996
 30
0.0
 40
0.15
100
AcDbArc
 50
180.0
 51
270.0
  0
ARC
  5
575
330
1F
100
AcDbEntity
  8
Standard
  6
Continuous
 62
     7
100
AcDbCircle
 10
-86.704
 20
38.8996
 30
0.0
 40
0.15
100
AcDbArc
 50
90.0
 51
180.0
  0
ARC
  5
576
330
1F
100
AcDbEntity
  8
Standard
  6
Continuous
 62
     7
100
AcDbCircle
 10
-86.404
 20
38.8996
 30
0.0
 40
0.15
100
AcDbArc
 50
0.0
 51
90.0
  0
ARC
  5
577
330
1F
100
AcDbEntity
  8
Standard
  6
Continuous
 62
     7
100
AcDbCircle
 10
-85.434
 20
38.8996
 30
0.0
 40
0.15
100
AcDbArc
 50
90.0
 51
180.0
  0
ARC
  5
578
330
1F
100
AcDbEntity
  8
Standard
  6
Continuous
 62
     7
100
AcDbCircle
 10
-85.134
 20
38.8996
 30
0.0
 40
0.15
100
AcDbArc
 50
0.0
 51
90.0
  0
ARC
  5
579
330
1F
100
AcDbEntity
  8
Standard
  6
Continuous
 62
     7
100
AcDbCircle
 10
-84.164
 20
38.8996
 30
0.0
 40
0.15
100
AcDbArc
 50
90.0
 51
180.0
  0
ARC
  5
57A
330
1F
100
AcDbEntity
  8
Standard
  6
Continuous
 62
     7
100
AcDbCircle
 10
-83.864
 20
38.8996
 30
0.0
 40
0.15
100
AcDbArc
 50
0.0
 51
90.0
  0
ARC
  5
57B
330
1F
100
AcDbEntity
  8
Standard
  6
Continuous
 62
     7
100
AcDbCircle
 10
-82.894
 20
38.8996
 30
0.0
 40
0.15
100
AcDbArc
 50
90.0
 51
180.0
  0
ARC
  5
57C
330
1F
100
AcDbEntity
  8
Standard
  6
Continuous
 62
     7
100
AcDbCircle
 10
-82.594
 20
38.8996
 30
0.0
 40
0.15
100
AcDbArc
 50
0.0
 51
90.0
  0
ARC
  5
57D
330
1F
100
AcDbEntity
  8
Standard
  6
Continuous
 62
     7
100
AcDbCircle
 10
-81.624
 20
38.8996
 30
0.0
 40
0.15
100
AcDbArc
 50
90.0
 51
180.0
  0
ARC
  5
57E
330
1F
100
AcDbEntity
  8
Standard
  6
Continuous
 62
     7
100
AcDbCircle
 10
-81.324
 20
38.8996
 30
0.0
 40
0.15
100
AcDbArc
 50
0.0
 51
90.0
  0
ARC
  5
57F
330
1F
100
AcDbEntity
  8
Standard
  6
Continuous
 62
     7
100
AcDbCircle
 10
-80.354
 20
38.8996
 30
0.0
 40
0.15
100
AcDbArc
 50
90.0
 51
180.0
  0
ARC
  5
580
330
1F
100
AcDbEntity
  8
Standard
  6
Continuous
 62
     7
100
AcDbCircle
 10
-80.054
 20
38.8996
 30
0.0
 40
0.15
100
AcDbArc
 50
0.0
 51
90.0
  0
ARC
  5
581
330
1F
100
AcDbEntity
  8
Standard
  6
Continuous
 62
     7
100
AcDbCircle
 10
-79.084
 20
38.8996
 30
0.0
 40
0.15
100
AcDbArc
 50
90.0
 51
180.0
  0
ARC
  5
582
330
1F
100
AcDbEntity
  8
Standard
  6
Continuous
 62
     7
100
AcDbCircle
 10
-78.784
 20
38.8996
 30
0.0
 40
0.15
100
AcDbArc
 50
0.0
 51
90.0
  0
ARC
  5
583
330
1F
100
AcDbEntity
  8
Standard
  6
Continuous
 62
     7
100
AcDbCircle
 10
-78.784
 20
36.9996
 30
0.0
 40
0.15
100
AcDbArc
 50
270.0
 51
360.0
  0
ARC
  5
584
330
1F
100
AcDbEntity
  8
Standard
  6
Continuous
 62
     7
100
AcDbCircle
 10
-79.084
 20
36.9996
 30
0.0
 40
0.15
100
AcDbArc
 50
180.0
 51
270.0
  0
ARC
  5
585
330
1F
100
AcDbEntity
  8
Standard
  6
Continuous
 62
     7
100
AcDbCircle
 10
-80.054
 20
36.9996
 30
0.0
 40
0.15
100
AcDbArc
 50
270.0
 51
0.0
  0
ARC
  5
586
330
1F
100
AcDbEntity
  8
Standard
  6
Continuous
 62
     7
100
AcDbCircle
 10
-80.354
 20
36.9996
 30
0.0
 40
0.15
100
AcDbArc
 50
180.0
 51
270.0
  0
ARC
  5
587
330
1F
100
AcDbEntity
  8
Standard
  6
Continuous
 62
     7
100
AcDbCircle
 10
-81.324
 20
36.9996
 30
0.0
 40
0.15
100
AcDbArc
 50
270.0
 51
360.0
  0
ARC
  5
588
330
1F
100
AcDbEntity
  8
Standard
  6
Continuous
 62
     7
100
AcDbCircle
 10
-81.624
 20
36.9996
 30
0.0
 40
0.15
100
AcDbArc
 50
180.0
 51
270.0
  0
ARC
  5
589
330
1F
100
AcDbEntity
  8
Standard
  6
Continuous
 62
     7
100
AcDbCircle
 10
-82.594
 20
36.9996
 30
0.0
 40
0.15
100
AcDbArc
 50
270.0
 51
360.0
  0
ARC
  5
58A
330
1F
100
AcDbEntity
  8
Standard
  6
Continuous
 62
     7
100
AcDbCircle
 10
-82.894
 20
36.9996
 30
0.0
 40
0.15
100
AcDbArc
 50
180.0
 51
270.0
  0
ARC
  5
58B
330
1F
100
AcDbEntity
  8
Standard
  6
Continuous
 62
     7
100
AcDbCircle
 10
-83.864
 20
36.9996
 30
0.0
 40
0.15
100
AcDbArc
 50
270.0
 51
360.0
  0
ARC
  5
58C
330
1F
100
AcDbEntity
  8
Standard
  6
Continuous
 62
     7
100
AcDbCircle
 10
-84.164
 20
36.9996
 30
0.0
 40
0.15
100
AcDbArc
 50
180.0
 51
270.0
  0
ARC
  5
58D
330
1F
100
AcDbEntity
  8
Standard
  6
Continuous
 62
     7
100
AcDbCircle
 10
-85.134
 20
36.9996
 30
0.0
 40
0.15
100
AcDbArc
 50
270.0
 51
360.0
  0
ARC
  5
58E
330
1F
100
AcDbEntity
  8
Standard
  6
Continuous
 62
     7
100
AcDbCircle
 10
-85.434
 20
36.9996
 30
0.0
 40
0.15
100
AcDbArc
 50
180.0
 51
270.0
  0
ARC
  5
58F
330
1F
100
AcDbEntity
  8
Standard
  6
Continuous
 62
     7
100
AcDbCircle
 10
-78.784
 20
33.2996
 30
0.0
 40
0.15
100
AcDbArc
 50
0.0
 51
90.0
  0
ARC
  5
590
330
1F
100
AcDbEntity
  8
Standard
  6
Continuous
 62
     7
100
AcDbCircle
 10
-79.084
 20
33.2996
 30
0.0
 40
0.15
100
AcDbArc
 50
90.0
 51
180.0
  0
ARC
  5
591
330
1F
100
AcDbEntity
  8
Standard
  6
Continuous
 62
     7
100
AcDbCircle
 10
-80.054
 20
33.2996
 30
0.0
 40
0.15
100
AcDbArc
 50
0.0
 51
90.0
  0
ARC
  5
592
330
1F
100
AcDbEntity
  8
Standard
  6
Continuous
 62
     7
100
AcDbCircle
 10
-80.354
 20
33.2996
 30
0.0
 40
0.15
100
AcDbArc
 50
90.0
 51
180.0
  0
ARC
  5
593
330
1F
100
AcDbEntity
  8
Standard
  6
Continuous
 62
     7
100
AcDbCircle
 10
-80.054
 20
31.3996
 30
0.0
 40
0.15
100
AcDbArc
 50
270.0
 51
0.0
  0
ARC
  5
594
330
1F
100
AcDbEntity
  8
Standard
  6
Continuous
 62
     7
100
AcDbCircle
 10
-80.354
 20
31.3996
 30
0.0
 40
0.15
100
AcDbArc
 50
180.0
 51
270.0
  0
ARC
  5
595
330
1F
100
AcDbEntity
  8
Standard
  6
Continuous
 62
     7
100
AcDbCircle
 10
-79.084
 20
31.3996
 30
0.0
 40
0.15
100
AcDbArc
 50
180.0
 51
270.0
  0
ARC
  5
596
330
1F
100
AcDbEntity
  8
Standard
  6
Continuous
 62
     7
100
AcDbCircle
 10
-78.784
 20
31.3996
 30
0.0
 40
0.15
100
AcDbArc
 50
270.0
 51
360.0
  0
ARC
  5
597
330
1F
100
AcDbEntity
  8
Standard
  6
Continuous
 62
     7
100
AcDbCircle
 10
-81.324
 20
33.2996
 30
0.0
 40
0.15
100
AcDbArc
 50
0.0
 51
90.0
  0
ARC
  5
598
330
1F
100
AcDbEntity
  8
Standard
  6
Continuous
 62
     7
100
AcDbCircle
 10
-81.624
 20
33.2996
 30
0.0
 40
0.15
100
AcDbArc
 50
90.0
 51
180.0
  0
ARC
  5
599
330
1F
100
AcDbEntity
  8
Standard
  6
Continuous
 62
     7
100
AcDbCircle
 10
-81.624
 20
31.3996
 30
0.0
 40
0.15
100
AcDbArc
 50
180.0
 51
270.0
  0
ARC
  5
59A
330
1F
100
AcDbEntity
  8
Standard
  6
Continuous
 62
     7
100
AcDbCircle
 10
-81.324
 20
31.3996
 30
0.0
 40
0.15
100
AcDbArc
 50
270.0
 51
360.0
  0
ARC
  5
59B
330
1F
100
AcDbEntity
  8
Standard
  6
Continuous
 62
     7
100
AcDbCircle
 10
-82.594
 20
33.2996
 30
0.0
 40
0.15
100
AcDbArc
 50
0.0
 51
90.0
  0
ARC
  5
59C
330
1F
100
AcDbEntity
  8
Standard
  6
Continuous
 62
     7
100
AcDbCircle
 10
-82.894
 20
33.2996
 30
0.0
 40
0.15
100
AcDbArc
 50
90.0
 51
180.0
  0
ARC
  5
59D
330
1F
100
AcDbEntity
  8
Standard
  6
Continuous
 62
     7
100
AcDbCircle
 10
-82.594
 20
31.3996
 30
0.0
 40
0.15
100
AcDbArc
 50
270.0
 51
360.0
  0
ARC
  5
59E
330
1F
100
AcDbEntity
  8
Standard
  6
Continuous
 62
     7
100
AcDbCircle
 10
-82.894
 20
31.3996
 30
0.0
 40
0.15
100
AcDbArc
 50
180.0
 51
270.0
  0
ARC
  5
59F
330
1F
100
AcDbEntity
  8
Standard
  6
Continuous
 62
     7
100
AcDbCircle
 10
-83.864
 20
33.2996
 30
0.0
 40
0.15
100
AcDbArc
 50
0.0
 51
90.0
  0
ARC
  5
5A0
330
1F
100
AcDbEntity
  8
Standard
  6
Continuous
 62
     7
100
AcDbCircle
 10
-84.164
 20
33.2996
 30
0.0
 40
0.15
100
AcDbArc
 50
90.0
 51
180.0
  0
ARC
  5
5A1
330
1F
100
AcDbEntity
  8
Standard
  6
Continuous
 62
     7
100
AcDbCircle
 10
-83.864
 20
31.3996
 30
0.0
 40
0.15
100
AcDbArc
 50
270.0
 51
360.0
  0
ARC
  5
5A2
330
1F
100
AcDbEntity
  8
Standard
  6
Continuous
 62
     7
100
AcDbCircle
 10
-84.164
 20
31.3996
 30
0.0
 40
0.15
100
AcDbArc
 50
180.0
 51
270.0
  0
ARC
  5
5A3
330
1F
100
AcDbEntity
  8
Standard
  6
Continuous
 62
     7
100
AcDbCircle
 10
-85.134
 20
33.2996
 30
0.0
 40
0.15
100
AcDbArc
 50
0.0
 51
90.0
  0
ARC
  5
5A4
330
1F
100
AcDbEntity
  8
Standard
  6
Continuous
 62
     7
100
AcDbCircle
 10
-85.434
 20
33.2996
 30
0.0
 40
0.15
100
AcDbArc
 50
90.0
 51
180.0
  0
ARC
  5
5A5
330
1F
100
AcDbEntity
  8
Standard
  6
Continuous
 62
     7
100
AcDbCircle
 10
-85.134
 20
31.3996
 30
0.0
 40
0.15
100
AcDbArc
 50
270.0
 51
360.0
  0
ARC
  5
5A6
330
1F
100
AcDbEntity
  8
Standard
  6
Continuous
 62
     7
100
AcDbCircle
 10
-85.434
 20
31.3996
 30
0.0
 40
0.15
100
AcDbArc
 50
180.0
 51
270.0
  0
ARC
  5
5A7
330
1F
100
AcDbEntity
  8
Standard
  6
Continuous
 62
     7
100
AcDbCircle
 10
-86.404
 20
33.2996
 30
0.0
 40
0.15
100
AcDbArc
 50
0.0
 51
90.0
  0
ARC
  5
5A8
330
1F
100
AcDbEntity
  8
Standard
  6
Continuous
 62
     7
100
AcDbCircle
 10
-86.704
 20
33.2996
 30
0.0
 40
0.15
100
AcDbArc
 50
90.0
 51
180.0
  0
ARC
  5
5A9
330
1F
100
AcDbEntity
  8
Standard
  6
Continuous
 62
     7
100
AcDbCircle
 10
-86.704
 20
31.3996
 30
0.0
 40
0.15
100
AcDbArc
 50
180.0
 51
270.0
  0
ARC
  5
5AA
330
1F
100
AcDbEntity
  8
Standard
  6
Continuous
 62
     7
100
AcDbCircle
 10
-86.404
 20
31.3996
 30
0.0
 40
0.15
100
AcDbArc
 50
270.0
 51
360.0
  0
ARC
  5
5AB
330
1F
100
AcDbEntity
  8
Standard
  6
Continuous
 62
     7
100
AcDbCircle
 10
-89.764
 20
32.1756
 30
0.0
 40
0.15
100
AcDbArc
 50
270.0
 51
0.0
  0
ARC
  5
5AC
330
1F
100
AcDbEntity
  8
Standard
  6
Continuous
 62
     7
100
AcDbCircle
 10
-90.964
 20
32.1756
 30
0.0
 40
0.15
100
AcDbArc
 50
180.0
 51
270.0
  0
ARC
  5
5AD
330
1F
100
AcDbEntity
  8
Standard
  6
Continuous
 62
     7
100
AcDbCircle
 10
-90.964
 20
33.1756
 30
0.0
 40
0.15
100
AcDbArc
 50
90.0
 51
180.0
  0
ARC
  5
5AE
330
1F
100
AcDbEntity
  8
Standard
  6
Continuous
 62
     7
100
AcDbCircle
 10
-89.764
 20
33.1756
 30
0.0
 40
0.15
100
AcDbArc
 50
0.0
 51
90.0
  0
ARC
  5
5AF
330
1F
100
AcDbEntity
  8
Standard
  6
Continuous
 62
     7
100
AcDbCircle
 10
-89.764
 20
34.0756
 30
0.0
 40
0.15
100
AcDbArc
 50
270.0
 51
0.0
  0
ARC
  5
5B0
330
1F
100
AcDbEntity
  8
Standard
  6
Continuous
 62
     7
100
AcDbCircle
 10
-89.764
 20
35.0756
 30
0.0
 40
0.15
100
AcDbArc
 50
0.0
 51
90.0
  0
ARC
  5
5B1
330
1F
100
AcDbEntity
  8
Standard
  6
Continuous
 62
     7
100
AcDbCircle
 10
-90.964
 20
35.0756
 30
0.0
 40
0.15
100
AcDbArc
 50
90.0
 51
180.0
  0
ARC
  5
5B2
330
1F
100
AcDbEntity
  8
Standard
  6
Continuous
 62
     7
100
AcDbCircle
 10
-90.964
 20
34.0756
 30
0.0
 40
0.15
100
AcDbArc
 50
180.0
 51
270.0
  0
ARC
  5
5B3
330
1F
100
AcDbEntity
  8
Standard
  6
Continuous
 62
     7
100
AcDbCircle
 10
-93.32
 20
35.0756
 30
0.0
 40
0.15
100
AcDbArc
 50
0.0
 51
90.0
  0
ARC
  5
5B4
330
1F
100
AcDbEntity
  8
Standard
  6
Continuous
 62
     7
100
AcDbCircle
 10
-93.32
 20
34.0756
 30
0.0
 40
0.15
100
AcDbArc
 50
270.0
 51
360.0
  0
ARC
  5
5B5
330
1F
100
AcDbEntity
  8
Standard
  6
Continuous
 62
     7
100
AcDbCircle
 10
-94.52
 20
34.0756
 30
0.0
 40
0.15
100
AcDbArc
 50
180.0
 51
270.0
  0
ARC
  5
5B6
330
1F
100
AcDbEntity
  8
Standard
  6
Continuous
 62
     7
100
AcDbCircle
 10
-94.52
 20
35.0756
 30
0.0
 40
0.15
100
AcDbArc
 50
90.0
 51
180.0
  0
ARC
  5
5B7
330
1F
100
AcDbEntity
  8
Standard
  6
Continuous
 62
     7
100
AcDbCircle
 10
-93.32
 20
32.1756
 30
0.0
 40
0.15
100
AcDbArc
 50
270.0
 51
360.0
  0
ARC
  5
5B8
330
1F
100
AcDbEntity
  8
Standard
  6
Continuous
 62
     7
100
AcDbCircle
 10
-93.32
 20
33.1756
 30
0.0
 40
0.15
100
AcDbArc
 50
0.0
 51
90.0
  0
ARC
  5
5B9
330
1F
100
AcDbEntity
  8
Standard
  6
Continuous
 62
     7
100
AcDbCircle
 10
-94.52
 20
33.1756
 30
0.0
 40
0.15
100
AcDbArc
 50
90.0
 51
180.0
  0
ARC
  5
5BA
330
1F
100
AcDbEntity
  8
Standard
  6
Continuous
 62
     7
100
AcDbCircle
 10
-94.52
 20
32.1756
 30
0.0
 40
0.15
100
AcDbArc
 50
180.0
 51
270.0
  0
ARC
  5
5BB
330
1F
100
AcDbEntity
  8
Standard
  6
Continuous
 62
     7
100
AcDbCircle
 10
-91.218
 20
29.4876
 30
0.0
 40
0.15
100
AcDbArc
 50
90.0
 51
180.0
  0
ARC
  5
5BC
330
1F
100
AcDbEntity
  8
Standard
  6
Continuous
 62
     7
100
AcDbCircle
 10
-90.018
 20
29.4876
 30
0.0
 40
0.15
100
AcDbArc
 50
0.0
 51
90.0
  0
ARC
  5
5BD
330
1F
100
AcDbEntity
  8
Standard
  6
Continuous
 62
     7
100
AcDbCircle
 10
-87.662
 20
29.4876
 30
0.0
 40
0.15
100
AcDbArc
 50
90.0
 51
180.0
  0
ARC
  5
5BE
330
1F
100
AcDbEntity
  8
Standard
  6
Continuous
 62
     7
100
AcDbCircle
 10
-86.462
 20
29.4876
 30
0.0
 40
0.15
100
AcDbArc
 50
0.0
 51
90.0
  0
ARC
  5
5BF
330
1F
100
AcDbEntity
  8
Standard
  6
Continuous
 62
     7
100
AcDbCircle
 10
-86.462
 20
28.4876
 30
0.0
 40
0.15
100
AcDbArc
 50
270.0
 51
0.0
  0
ARC
  5
5C0
330
1F
100
AcDbEntity
  8
Standard
  6
Continuous
 62
     7
100
AcDbCircle
 10
-87.662
 20
28.4876
 30
0.0
 40
0.15
100
AcDbArc
 50
180.0
 51
270.0
  0
ARC
  5
5C1
330
1F
100
AcDbEntity
  8
Standard
  6
Continuous
 62
     7
100
AcDbCircle
 10
-86.462
 20
27.5876
 30
0.0
 40
0.15
100
AcDbArc
 50
0.0
 51
90.0
  0
ARC
  5
5C2
330
1F
100
AcDbEntity
  8
Standard
  6
Continuous
 62
     7
100
AcDbCircle
 10
-87.662
 20
27.5876
 30
0.0
 40
0.15
100
AcDbArc
 50
90.0
 51
180.0
  0
ARC
  5
5C3
330
1F
100
AcDbEntity
  8
Standard
  6
Continuous
 62
     7
100
AcDbCircle
 10
-87.662
 20
26.5876
 30
0.0
 40
0.15
100
AcDbArc
 50
180.0
 51
270.0
  0
ARC
  5
5C4
330
1F
100
AcDbEntity
  8
Standard
  6
Continuous
 62
     7
100
AcDbCircle
 10
-86.462
 20
26.5876
 30
0.0
 40
0.15
100
AcDbArc
 50
270.0
 51
0.0
  0
ARC
  5
5C5
330
1F
100
AcDbEntity
  8
Standard
  6
Continuous
 62
     7
100
AcDbCircle
 10
-90.018
 20
26.5876
 30
0.0
 40
0.15
100
AcDbArc
 50
270.0
 51
0.0
  0
ARC
  5
5C6
330
1F
100
AcDbEntity
  8
Standard
  6
Continuous
 62
     7
100
AcDbCircle
 10
-90.018
 20
27.5876
 30
0.0
 40
0.15
100
AcDbArc
 50
0.0
 51
90.0
  0
ARC
  5
5C7
330
1F
100
AcDbEntity
  8
Standard
  6
Continuous
 62
     7
100
AcDbCircle
 10
-91.218
 20
27.5876
 30
0.0
 40
0.15
100
AcDbArc
 50
90.0
 51
180.0
  0
ARC
  5
5C8
330
1F
100
AcDbEntity
  8
Standard
  6
Continuous
 62
     7
100
AcDbCircle
 10
-91.218
 20
28.4876
 30
0.0
 40
0.15
100
AcDbArc
 50
180.0
 51
270.0
  0
ARC
  5
5C9
330
1F
100
AcDbEntity
  8
Standard
  6
Continuous
 62
     7
100
AcDbCircle
 10
-90.018
 20
28.4876
 30
0.0
 40
0.15
100
AcDbArc
 50
270.0
 51
0.0
  0
ARC
  5
5CA
330
1F
100
AcDbEntity
  8
Standard
  6
Continuous
 62
     7
100
AcDbCircle
 10
-91.218
 20
26.5876
 30
0.0
 40
0.15
100
AcDbArc
 50
180.0
 51
270.0
  0
ARC
  5
5CB
330
1F
100
AcDbEntity
  8
Standard
  6
Continuous
 62
     7
100
AcDbCircle
 10
-92.558
 20
24.4076
 30
0.0
 40
0.15
100
AcDbArc
 50
0.0
 51
90.0
  0
ARC
  5
5CC
330
1F
100
AcDbEntity
  8
Standard
  6
Continuous
 62
     7
100
AcDbCircle
 10
-93.758
 20
24.4076
 30
0.0
 40
0.15
100
AcDbArc
 50
90.0
 51
180.0
  0
ARC
  5
5CD
330
1F
100
AcDbEntity
  8
Standard
  6
Continuous
 62
     7
100
AcDbCircle
 10
-93.758
 20
23.4076
 30
0.0
 40
0.15
100
AcDbArc
 50
180.0
 51
270.0
  0
ARC
  5
5CE
330
1F
100
AcDbEntity
  8
Standard
  6
Continuous
 62
     7
100
AcDbCircle
 10
-92.558
 20
23.4076
 30
0.0
 40
0.15
100
AcDbArc
 50
270.0
 51
360.0
  0
ARC
  5
5CF
330
1F
100
AcDbEntity
  8
Standard
  6
Continuous
 62
     7
100
AcDbCircle
 10
-92.558
 20
22.5076
 30
0.0
 40
0.15
100
AcDbArc
 50
0.0
 51
90.0
  0
ARC
  5
5D0
330
1F
100
AcDbEntity
  8
Standard
  6
Continuous
 62
     7
100
AcDbCircle
 10
-93.758
 20
22.5076
 30
0.0
 40
0.15
100
AcDbArc
 50
90.0
 51
180.0
  0
ARC
  5
5D1
330
1F
100
AcDbEntity
  8
Standard
  6
Continuous
 62
     7
100
AcDbCircle
 10
-93.758
 20
21.5076
 30
0.0
 40
0.15
100
AcDbArc
 50
180.0
 51
270.0
  0
ARC
  5
5D2
330
1F
100
AcDbEntity
  8
Standard
  6
Continuous
 62
     7
100
AcDbCircle
 10
-92.558
 20
21.5076
 30
0.0
 40
0.15
100
AcDbArc
 50
270.0
 51
360.0
  0
ARC
  5
5D3
330
1F
100
AcDbEntity
  8
Standard
  6
Continuous
 62
     7
100
AcDbCircle
 10
-75.978
 20
24.6616
 30
0.0
 40
0.15
100
AcDbArc
 50
90.0
 51
180.0
  0
ARC
  5
5D4
330
1F
100
AcDbEntity
  8
Standard
  6
Continuous
 62
     7
100
AcDbCircle
 10
-74.778
 20
24.6616
 30
0.0
 40
0.15
100
AcDbArc
 50
0.0
 51
90.0
  0
ARC
  5
5D5
330
1F
100
AcDbEntity
  8
Standard
  6
Continuous
 62
     7
100
AcDbCircle
 10
-74.778
 20
23.6616
 30
0.0
 40
0.15
100
AcDbArc
 50
270.0
 51
0.0
  0
ARC
  5
5D6
330
1F
100
AcDbEntity
  8
Standard
  6
Continuous
 62
     7
100
AcDbCircle
 10
-75.978
 20
23.6616
 30
0.0
 40
0.15
100
AcDbArc
 50
180.0
 51
270.0
  0
ARC
  5
5D7
330
1F
100
AcDbEntity
  8
Standard
  6
Continuous
 62
     7
100
AcDbCircle
 10
-75.978
 20
22.7616
 30
0.0
 40
0.15
100
AcDbArc
 50
90.0
 51
180.0
  0
ARC
  5
5D8
330
1F
100
AcDbEntity
  8
Standard
  6
Continuous
 62
     7
100
AcDbCircle
 10
-74.778
 20
22.7616
 30
0.0
 40
0.15
100
AcDbArc
 50
0.0
 51
90.0
  0
ARC
  5
5D9
330
1F
100
AcDbEntity
  8
Standard
  6
Continuous
 62
     7
100
AcDbCircle
 10
-74.778
 20
21.7616
 30
0.0
 40
0.15
100
AcDbArc
 50
270.0
 51
360.0
  0
ARC
  5
5DA
330
1F
100
AcDbEntity
  8
Standard
  6
Continuous
 62
     7
100
AcDbCircle
 10
-75.978
 20
21.7616
 30
0.0
 40
0.15
100
AcDbArc
 50
180.0
 51
270.0
  0
ARC
  5
5DB
330
1F
100
AcDbEntity
  8
Standard
  6
Continuous
 62
     7
100
AcDbCircle
 10
-72.168
 20
21.7616
 30
0.0
 40
0.15
100
AcDbArc
 50
180.0
 51
270.0
  0
ARC
  5
5DC
330
1F
100
AcDbEntity
  8
Standard
  6
Continuous
 62
     7
100
AcDbCircle
 10
-72.168
 20
22.7616
 30
0.0
 40
0.15
100
AcDbArc
 50
90.0
 51
180.0
  0
ARC
  5
5DD
330
1F
100
AcDbEntity
  8
Standard
  6
Continuous
 62
     7
100
AcDbCircle
 10
-72.168
 20
23.6616
 30
0.0
 40
0.15
100
AcDbArc
 50
180.0
 51
270.0
  0
ARC
  5
5DE
330
1F
100
AcDbEntity
  8
Standard
  6
Continuous
 62
     7
100
AcDbCircle
 10
-72.168
 20
24.6616
 30
0.0
 40
0.15
100
AcDbArc
 50
90.0
 51
180.0
  0
ARC
  5
5DF
330
1F
100
AcDbEntity
  8
Standard
  6
Continuous
 62
     7
100
AcDbCircle
 10
-70.968
 20
24.6616
 30
0.0
 40
0.15
100
AcDbArc
 50
0.0
 51
90.0
  0
ARC
  5
5E0
330
1F
100
AcDbEntity
  8
Standard
  6
Continuous
 62
     7
100
AcDbCircle
 10
-70.968
 20
23.6616
 30
0.0
 40
0.15
100
AcDbArc
 50
270.0
 51
360.0
  0
ARC
  5
5E1
330
1F
100
AcDbEntity
  8
Standard
  6
Continuous
 62
     7
100
AcDbCircle
 10
-70.968
 20
22.7616
 30
0.0
 40
0.15
100
AcDbArc
 50
0.0
 51
90.0
  0
ARC
  5
5E2
330
1F
100
AcDbEntity
  8
Standard
  6
Continuous
 62
     7
100
AcDbCircle
 10
-70.968
 20
21.7616
 30
0.0
 40
0.15
100
AcDbArc
 50
270.0
 51
360.0
  0
ARC
  5
5E3
330
1F
100
AcDbEntity
  8
Standard
  6
Continuous
 62
     7
100
AcDbCircle
 10
-68.358
 20
21.7616
 30
0.0
 40
0.15
100
AcDbArc
 50
180.0
 51
270.0
  0
ARC
  5
5E4
330
1F
100
AcDbEntity
  8
Standard
  6
Continuous
 62
     7
100
AcDbCircle
 10
-68.358
 20
22.7616
 30
0.0
 40
0.15
100
AcDbArc
 50
90.0
 51
180.0
  0
ARC
  5
5E5
330
1F
100
AcDbEntity
  8
Standard
  6
Continuous
 62
     7
100
AcDbCircle
 10
-67.158
 20
22.7616
 30
0.0
 40
0.15
100
AcDbArc
 50
0.0
 51
90.0
  0
ARC
  5
5E6
330
1F
100
AcDbEntity
  8
Standard
  6
Continuous
 62
     7
100
AcDbCircle
 10
-67.158
 20
21.7616
 30
0.0
 40
0.15
100
AcDbArc
 50
270.0
 51
360.0
  0
ARC
  5
5E7
330
1F
100
AcDbEntity
  8
Standard
  6
Continuous
 62
     7
100
AcDbCircle
 10
-67.158
 20
23.6616
 30
0.0
 40
0.15
100
AcDbArc
 50
270.0
 51
360.0
  0
ARC
  5
5E8
330
1F
100
AcDbEntity
  8
Standard
  6
Continuous
 62
     7
100
AcDbCircle
 10
-67.158
 20
24.6616
 30
0.0
 40
0.15
100
AcDbArc
 50
0.0
 51
90.0
  0
ARC
  5
5E9
330
1F
100
AcDbEntity
  8
Standard
  6
Continuous
 62
     7
100
AcDbCircle
 10
-68.358
 20
24.6616
 30
0.0
 40
0.15
100
AcDbArc
 50
90.0
 51
180.0
  0
ARC
  5
5EA
330
1F
100
AcDbEntity
  8
Standard
  6
Continuous
 62
     7
100
AcDbCircle
 10
-68.358
 20
23.6616
 30
0.0
 40
0.15
100
AcDbArc
 50
180.0
 51
270.0
  0
ARC
  5
5EB
330
1F
100
AcDbEntity
  8
Standard
  6
Continuous
 62
     7
100
AcDbCircle
 10
-54.204
 20
25.5716
 30
0.0
 40
0.15
100
AcDbArc
 50
270.0
 51
0.0
  0
ARC
  5
5EC
330
1F
100
AcDbEntity
  8
Standard
  6
Continuous
 62
     7
100
AcDbCircle
 10
-55.404
 20
25.5716
 30
0.0
 40
0.15
100
AcDbArc
 50
180.0
 51
270.0
  0
ARC
  5
5ED
330
1F
100
AcDbEntity
  8
Standard
  6
Continuous
 62
     7
100
AcDbCircle
 10
-55.404
 20
26.5716
 30
0.0
 40
0.15
100
AcDbArc
 50
90.0
 51
180.0
  0
ARC
  5
5EE
330
1F
100
AcDbEntity
  8
Standard
  6
Continuous
 62
     7
100
AcDbCircle
 10
-54.204
 20
26.5716
 30
0.0
 40
0.15
100
AcDbArc
 50
0.0
 51
90.0
  0
ARC
  5
5EF
330
1F
100
AcDbEntity
  8
Standard
  6
Continuous
 62
     7
100
AcDbCircle
 10
-54.204
 20
27.4716
 30
0.0
 40
0.15
100
AcDbArc
 50
270.0
 51
0.0
  0
ARC
  5
5F0
330
1F
100
AcDbEntity
  8
Standard
  6
Continuous
 62
     7
100
AcDbCircle
 10
-54.204
 20
28.4716
 30
0.0
 40
0.15
100
AcDbArc
 50
0.0
 51
90.0
  0
ARC
  5
5F1
330
1F
100
AcDbEntity
  8
Standard
  6
Continuous
 62
     7
100
AcDbCircle
 10
-55.404
 20
28.4716
 30
0.0
 40
0.15
100
AcDbArc
 50
90.0
 51
180.0
  0
ARC
  5
5F2
330
1F
100
AcDbEntity
  8
Standard
  6
Continuous
 62
     7
100
AcDbCircle
 10
-55.404
 20
27.4716
 30
0.0
 40
0.15
100
AcDbArc
 50
180.0
 51
270.0
  0
ARC
  5
5F3
330
1F
100
AcDbEntity
  8
Standard
  6
Continuous
 62
     7
100
AcDbCircle
 10
-57.252
 20
27.4716
 30
0.0
 40
0.15
100
AcDbArc
 50
270.0
 51
0.0
  0
ARC
  5
5F4
330
1F
100
AcDbEntity
  8
Standard
  6
Continuous
 62
     7
100
AcDbCircle
 10
-57.252
 20
28.4716
 30
0.0
 40
0.15
100
AcDbArc
 50
0.0
 51
90.0
  0
ARC
  5
5F5
330
1F
100
AcDbEntity
  8
Standard
  6
Continuous
 62
     7
100
AcDbCircle
 10
-58.452
 20
28.4716
 30
0.0
 40
0.15
100
AcDbArc
 50
90.0
 51
180.0
  0
ARC
  5
5F6
330
1F
100
AcDbEntity
  8
Standard
  6
Continuous
 62
     7
100
AcDbCircle
 10
-58.452
 20
27.4716
 30
0.0
 40
0.15
100
AcDbArc
 50
180.0
 51
270.0
  0
ARC
  5
5F7
330
1F
100
AcDbEntity
  8
Standard
  6
Continuous
 62
     7
100
AcDbCircle
 10
-58.452
 20
26.5716
 30
0.0
 40
0.15
100
AcDbArc
 50
90.0
 51
180.0
  0
ARC
  5
5F8
330
1F
100
AcDbEntity
  8
Standard
  6
Continuous
 62
     7
100
AcDbCircle
 10
-57.252
 20
26.5716
 30
0.0
 40
0.15
100
AcDbArc
 50
0.0
 51
90.0
  0
ARC
  5
5F9
330
1F
100
AcDbEntity
  8
Standard
  6
Continuous
 62
     7
100
AcDbCircle
 10
-57.252
 20
25.5716
 30
0.0
 40
0.15
100
AcDbArc
 50
270.0
 51
0.0
  0
ARC
  5
5FA
330
1F
100
AcDbEntity
  8
Standard
  6
Continuous
 62
     7
100
AcDbCircle
 10
-58.452
 20
25.5716
 30
0.0
 40
0.15
100
AcDbArc
 50
180.0
 51
270.0
  0
ARC
  5
5FB
330
1F
100
AcDbEntity
  8
Standard
  6
Continuous
 62
     7
100
AcDbCircle
 10
-60.554
 20
25.5716
 30
0.0
 40
0.15
100
AcDbArc
 50
270.0
 51
0.0
  0
ARC
  5
5FC
330
1F
100
AcDbEntity
  8
Standard
  6
Continuous
 62
     7
100
AcDbCircle
 10
-60.554
 20
26.5716
 30
0.0
 40
0.15
100
AcDbArc
 50
0.0
 51
90.0
  0
ARC
  5
5FD
330
1F
100
AcDbEntity
  8
Standard
  6
Continuous
 62
     7
100
AcDbCircle
 10
-61.754
 20
26.5716
 30
0.0
 40
0.15
100
AcDbArc
 50
90.0
 51
180.0
  0
ARC
  5
5FE
330
1F
100
AcDbEntity
  8
Standard
  6
Continuous
 62
     7
100
AcDbCircle
 10
-61.754
 20
25.5716
 30
0.0
 40
0.15
100
AcDbArc
 50
180.0
 51
270.0
  0
ARC
  5
5FF
330
1F
100
AcDbEntity
  8
Standard
  6
Continuous
 62
     7
100
AcDbCircle
 10
-61.754
 20
27.4716
 30
0.0
 40
0.15
100
AcDbArc
 50
180.0
 51
270.0
  0
ARC
  5
600
330
1F
100
AcDbEntity
  8
Standard
  6
Continuous
 62
     7
100
AcDbCircle
 10
-60.554
 20
27.4716
 30
0.0
 40
0.15
100
AcDbArc
 50
270.0
 51
0.0
  0
ARC
  5
601
330
1F
100
AcDbEntity
  8
Standard
  6
Continuous
 62
     7
100
AcDbCircle
 10
-60.554
 20
28.4716
 30
0.0
 40
0.15
100
AcDbArc
 50
0.0
 51
90.0
  0
ARC
  5
602
330
1F
100
AcDbEntity
  8
Standard
  6
Continuous
 62
     7
100
AcDbCircle
 10
-61.754
 20
28.4716
 30
0.0
 40
0.15
100
AcDbArc
 50
90.0
 51
180.0
  0
ARC
  5
603
330
1F
100
AcDbEntity
  8
Standard
  6
Continuous
 62
     7
100
AcDbCircle
 10
-59.704
 20
32.2636
 30
0.0
 40
0.15
100
AcDbArc
 50
270.0
 51
0.0
  0
ARC
  5
604
330
1F
100
AcDbEntity
  8
Standard
  6
Continuous
 62
     7
100
AcDbCircle
 10
-60.704
 20
32.2636
 30
0.0
 40
0.15
100
AcDbArc
 50
180.0
 51
270.0
  0
ARC
  5
605
330
1F
100
AcDbEntity
  8
Standard
  6
Continuous
 62
     7
100
AcDbCircle
 10
-60.704
 20
33.4636
 30
0.0
 40
0.15
100
AcDbArc
 50
90.0
 51
180.0
  0
ARC
  5
606
330
1F
100
AcDbEntity
  8
Standard
  6
Continuous
 62
     7
100
AcDbCircle
 10
-59.704
 20
33.4636
 30
0.0
 40
0.15
100
AcDbArc
 50
0.0
 51
90.0
  0
ARC
  5
607
330
1F
100
AcDbEntity
  8
Standard
  6
Continuous
 62
     7
100
AcDbCircle
 10
-61.604
 20
33.4636
 30
0.0
 40
0.15
100
AcDbArc
 50
0.0
 51
90.0
  0
ARC
  5
608
330
1F
100
AcDbEntity
  8
Standard
  6
Continuous
 62
     7
100
AcDbCircle
 10
-62.604
 20
33.4636
 30
0.0
 40
0.15
100
AcDbArc
 50
90.0
 51
180.0
  0
ARC
  5
609
330
1F
100
AcDbEntity
  8
Standard
  6
Continuous
 62
     7
100
AcDbCircle
 10
-62.604
 20
32.2636
 30
0.0
 40
0.15
100
AcDbArc
 50
180.0
 51
270.0
  0
ARC
  5
60A
330
1F
100
AcDbEntity
  8
Standard
  6
Continuous
 62
     7
100
AcDbCircle
 10
-61.604
 20
32.2636
 30
0.0
 40
0.15
100
AcDbArc
 50
270.0
 51
0.0
  0
ARC
  5
60B
330
1F
100
AcDbEntity
  8
Standard
  6
Continuous
 62
     7
100
AcDbCircle
 10
-60.704
 20
34.8036
 30
0.0
 40
0.15
100
AcDbArc
 50
180.0
 51
270.0
  0
ARC
  5
60C
330
1F
100
AcDbEntity
  8
Standard
  6
Continuous
 62
     7
100
AcDbCircle
 10
-59.704
 20
34.8036
 30
0.0
 40
0.15
100
AcDbArc
 50
270.0
 51
0.0
  0
ARC
  5
60D
330
1F
100
AcDbEntity
  8
Standard
  6
Continuous
 62
     7
100
AcDbCircle
 10
-59.704
 20
36.0036
 30
0.0
 40
0.15
100
AcDbArc
 50
0.0
 51
90.0
  0
ARC
  5
60E
330
1F
100
AcDbEntity
  8
Standard
  6
Continuous
 62
     7
100
AcDbCircle
 10
-60.704
 20
36.0036
 30
0.0
 40
0.15
100
AcDbArc
 50
90.0
 51
180.0
  0
ARC
  5
60F
330
1F
100
AcDbEntity
  8
Standard
  6
Continuous
 62
     7
100
AcDbCircle
 10
-61.604
 20
36.0036
 30
0.0
 40
0.15
100
AcDbArc
 50
0.0
 51
90.0
  0
ARC
  5
610
330
1F
100
AcDbEntity
  8
Standard
  6
Continuous
 62
     7
100
AcDbCircle
 10
-62.604
 20
36.0036
 30
0.0
 40
0.15
100
AcDbArc
 50
90.0
 51
180.0
  0
ARC
  5
611
330
1F
100
AcDbEntity
  8
Standard
  6
Continuous
 62
     7
100
AcDbCircle
 10
-62.604
 20
34.8036
 30
0.0
 40
0.15
100
AcDbArc
 50
180.0
 51
270.0
  0
ARC
  5
612
330
1F
100
AcDbEntity
  8
Standard
  6
Continuous
 62
     7
100
AcDbCircle
 10
-61.604
 20
34.8036
 30
0.0
 40
0.15
100
AcDbArc
 50
270.0
 51
0.0
  0
ARC
  5
613
330
1F
100
AcDbEntity
  8
Standard
  6
Continuous
 62
     7
100
AcDbCircle
 10
-75.032
 20
32.6836
 30
0.0
 40
0.15
100
AcDbArc
 50
270.0
 51
360.0
  0
ARC
  5
614
330
1F
100
AcDbEntity
  8
Standard
  6
Continuous
 62
     7
100
AcDbCircle
 10
-75.032
 20
34.5836
 30
0.0
 40
0.15
100
AcDbArc
 50
270.0
 51
360.0
  0
ARC
  5
615
330
1F
100
AcDbEntity
  8
Standard
  6
Continuous
 62
     7
100
AcDbCircle
 10
-75.032
 20
35.5836
 30
0.0
 40
0.15
100
AcDbArc
 50
0.0
 51
90.0
  0
ARC
  5
616
330
1F
100
AcDbEntity
  8
Standard
  6
Continuous
 62
     7
100
AcDbCircle
 10
-76.232
 20
35.5836
 30
0.0
 40
0.15
100
AcDbArc
 50
90.0
 51
180.0
  0
ARC
  5
617
330
1F
100
AcDbEntity
  8
Standard
  6
Continuous
 62
     7
100
AcDbCircle
 10
-76.232
 20
34.5836
 30
0.0
 40
0.15
100
AcDbArc
 50
180.0
 51
270.0
  0
ARC
  5
618
330
1F
100
AcDbEntity
  8
Standard
  6
Continuous
 62
     7
100
AcDbCircle
 10
-76.232
 20
33.6836
 30
0.0
 40
0.15
100
AcDbArc
 50
90.0
 51
180.0
  0
ARC
  5
619
330
1F
100
AcDbEntity
  8
Standard
  6
Continuous
 62
     7
100
AcDbCircle
 10
-76.232
 20
32.6836
 30
0.0
 40
0.15
100
AcDbArc
 50
180.0
 51
270.0
  0
ARC
  5
61A
330
1F
100
AcDbEntity
  8
Standard
  6
Continuous
 62
     7
100
AcDbCircle
 10
-75.032
 20
33.6836
 30
0.0
 40
0.15
100
AcDbArc
 50
0.0
 51
90.0
  0
ARC
  5
61B
330
1F
100
AcDbEntity
  8
Standard
  6
Continuous
 62
     7
100
AcDbCircle
 10
-72.9674
 20
36.8744
 30
0.0
 40
0.15
100
AcDbArc
 50
180.0
 51
270.0
  0
ARC
  5
61C
330
1F
100
AcDbEntity
  8
Standard
  6
Continuous
 62
     7
100
AcDbCircle
 10
-41.86
 20
55.806
 30
0.0
 40
0.15
100
AcDbArc
 50
90.0
 51
180.0
  0
ARC
  5
61D
330
1F
100
AcDbEntity
  8
Standard
  6
Continuous
 62
     7
100
AcDbCircle
 10
-40.66
 20
55.806
 30
0.0
 40
0.15
100
AcDbArc
 50
0.0
 51
90.0
  0
ARC
  5
61E
330
1F
100
AcDbEntity
  8
Standard
  6
Continuous
 62
     7
100
AcDbCircle
 10
-38.812
 20
55.806
 30
0.0
 40
0.15
100
AcDbArc
 50
90.0
 51
180.0
  0
ARC
  5
61F
330
1F
100
AcDbEntity
  8
Standard
  6
Continuous
 62
     7
100
AcDbCircle
 10
-37.612
 20
55.806
 30
0.0
 40
0.15
100
AcDbArc
 50
0.0
 51
90.0
  0
ARC
  5
620
330
1F
100
AcDbEntity
  8
Standard
  6
Continuous
 62
     7
100
AcDbCircle
 10
-35.51
 20
55.806
 30
0.0
 40
0.15
100
AcDbArc
 50
90.0
 51
180.0
  0
ARC
  5
621
330
1F
100
AcDbEntity
  8
Standard
  6
Continuous
 62
     7
100
AcDbCircle
 10
-34.31
 20
55.806
 30
0.0
 40
0.15
100
AcDbArc
 50
0.0
 51
90.0
  0
ARC
  5
622
330
1F
100
AcDbEntity
  8
Standard
  6
Continuous
 62
     7
100
AcDbCircle
 10
-34.31
 20
54.806
 30
0.0
 40
0.15
100
AcDbArc
 50
270.0
 51
0.0
  0
ARC
  5
623
330
1F
100
AcDbEntity
  8
Standard
  6
Continuous
 62
     7
100
AcDbCircle
 10
-35.51
 20
54.806
 30
0.0
 40
0.15
100
AcDbArc
 50
180.0
 51
270.0
  0
ARC
  5
624
330
1F
100
AcDbEntity
  8
Standard
  6
Continuous
 62
     7
100
AcDbCircle
 10
-37.612
 20
54.806
 30
0.0
 40
0.15
100
AcDbArc
 50
270.0
 51
0.0
  0
ARC
  5
625
330
1F
100
AcDbEntity
  8
Standard
  6
Continuous
 62
     7
100
AcDbCircle
 10
-38.812
 20
54.806
 30
0.0
 40
0.15
100
AcDbArc
 50
180.0
 51
270.0
  0
ARC
  5
626
330
1F
100
AcDbEntity
  8
Standard
  6
Continuous
 62
     7
100
AcDbCircle
 10
-40.66
 20
54.806
 30
0.0
 40
0.15
100
AcDbArc
 50
270.0
 51
0.0
  0
ARC
  5
627
330
1F
100
AcDbEntity
  8
Standard
  6
Continuous
 62
     7
100
AcDbCircle
 10
-41.86
 20
54.806
 30
0.0
 40
0.15
100
AcDbArc
 50
180.0
 51
270.0
  0
ARC
  5
628
330
1F
100
AcDbEntity
  8
Standard
  6
Continuous
 62
     7
100
AcDbCircle
 10
-41.86
 20
53.906
 30
0.0
 40
0.15
100
AcDbArc
 50
90.0
 51
180.0
  0
ARC
  5
629
330
1F
100
AcDbEntity
  8
Standard
  6
Continuous
 62
     7
100
AcDbCircle
 10
-40.66
 20
53.906
 30
0.0
 40
0.15
100
AcDbArc
 50
0.0
 51
90.0
  0
ARC
  5
62A
330
1F
100
AcDbEntity
  8
Standard
  6
Continuous
 62
     7
100
AcDbCircle
 10
-40.66
 20
52.906
 30
0.0
 40
0.15
100
AcDbArc
 50
270.0
 51
0.0
  0
ARC
  5
62B
330
1F
100
AcDbEntity
  8
Standard
  6
Continuous
 62
     7
100
AcDbCircle
 10
-41.86
 20
52.906
 30
0.0
 40
0.15
100
AcDbArc
 50
180.0
 51
270.0
  0
ARC
  5
62C
330
1F
100
AcDbEntity
  8
Standard
  6
Continuous
 62
     7
100
AcDbCircle
 10
-37.612
 20
52.906
 30
0.0
 40
0.15
100
AcDbArc
 50
270.0
 51
0.0
  0
ARC
  5
62D
330
1F
100
AcDbEntity
  8
Standard
  6
Continuous
 62
     7
100
AcDbCircle
 10
-38.812
 20
52.906
 30
0.0
 40
0.15
100
AcDbArc
 50
180.0
 51
270.0
  0
ARC
  5
62E
330
1F
100
AcDbEntity
  8
Standard
  6
Continuous
 62
     7
100
AcDbCircle
 10
-37.612
 20
53.906
 30
0.0
 40
0.15
100
AcDbArc
 50
0.0
 51
90.0
  0
ARC
  5
62F
330
1F
100
AcDbEntity
  8
Standard
  6
Continuous
 62
     7
100
AcDbCircle
 10
-34.31
 20
53.906
 30
0.0
 40
0.15
100
AcDbArc
 50
0.0
 51
90.0
  0
ARC
  5
630
330
1F
100
AcDbEntity
  8
Standard
  6
Continuous
 62
     7
100
AcDbCircle
 10
-35.51
 20
53.906
 30
0.0
 40
0.15
100
AcDbArc
 50
90.0
 51
180.0
  0
ARC
  5
631
330
1F
100
AcDbEntity
  8
Standard
  6
Continuous
 62
     7
100
AcDbCircle
 10
-34.3329939078
 20
52.9289939078
 30
0.0
 40
0.1729939078440523
100
AcDbArc
 50
270.0
 51
0.0
  0
ARC
  5
632
330
1F
100
AcDbEntity
  8
Standard
  6
Continuous
 62
     7
100
AcDbCircle
 10
-35.51
 20
52.906
 30
0.0
 40
0.15
100
AcDbArc
 50
180.0
 51
270.0
  0
ARC
  5
633
330
1F
100
AcDbEntity
  8
Standard
  6
Continuous
 62
     7
100
AcDbCircle
 10
-38.812
 20
53.906
 30
0.0
 40
0.15
100
AcDbArc
 50
90.0
 51
180.0
  0
ARC
  5
634
330
1F
100
AcDbEntity
  8
Standard
  6
Continuous
 62
     7
100
AcDbCircle
 10
-29.2434
 20
53.3932
 30
0.0
 40
0.15
100
AcDbArc
 50
0.0
 51
90.0
  0
ARC
  5
635
330
1F
100
AcDbEntity
  8
Standard
  6
Continuous
 62
     7
100
AcDbCircle
 10
-29.2434
 20
53.0328
 30
0.0
 40
0.15
100
AcDbArc
 50
270.0
 51
360.0
  0
ARC
  5
636
330
1F
100
AcDbEntity
  8
Standard
  6
Continuous
 62
     7
100
AcDbCircle
 10
-30.9754
 20
53.0328
 30
0.0
 40
0.15
100
AcDbArc
 50
180.0
 51
270.0
  0
ARC
  5
637
330
1F
100
AcDbEntity
  8
Standard
  6
Continuous
 62
     7
100
AcDbCircle
 10
-30.9754
 20
53.3932
 30
0.0
 40
0.15
100
AcDbArc
 50
90.0
 51
180.0
  0
ARC
  5
638
330
1F
100
AcDbEntity
  8
Standard
  6
Continuous
 62
     7
100
AcDbCircle
 10
-29.2434
 20
52.1232
 30
0.0
 40
0.15
100
AcDbArc
 50
0.0
 51
90.0
  0
ARC
  5
639
330
1F
100
AcDbEntity
  8
Standard
  6
Continuous
 62
     7
100
AcDbCircle
 10
-29.2434
 20
51.7628
 30
0.0
 40
0.15
100
AcDbArc
 50
270.0
 51
360.0
  0
ARC
  5
63A
330
1F
100
AcDbEntity
  8
Standard
  6
Continuous
 62
     7
100
AcDbCircle
 10
-29.2434
 20
50.8532
 30
0.0
 40
0.15
100
AcDbArc
 50
0.0
 51
90.0
  0
ARC
  5
63B
330
1F
100
AcDbEntity
  8
Standard
  6
Continuous
 62
     7
100
AcDbCircle
 10
-29.2434
 20
50.4928
 30
0.0
 40
0.15
100
AcDbArc
 50
270.0
 51
360.0
  0
ARC
  5
63C
330
1F
100
AcDbEntity
  8
Standard
  6
Continuous
 62
     7
100
AcDbCircle
 10
-30.9754
 20
50.4928
 30
0.0
 40
0.15
100
AcDbArc
 50
180.0
 51
270.0
  0
ARC
  5
63D
330
1F
100
AcDbEntity
  8
Standard
  6
Continuous
 62
     7
100
AcDbCircle
 10
-30.9754
 20
50.8532
 30
0.0
 40
0.15
100
AcDbArc
 50
90.0
 51
180.0
  0
ARC
  5
63E
330
1F
100
AcDbEntity
  8
Standard
  6
Continuous
 62
     7
100
AcDbCircle
 10
-30.9754
 20
51.7628
 30
0.0
 40
0.15
100
AcDbArc
 50
180.0
 51
270.0
  0
ARC
  5
63F
330
1F
100
AcDbEntity
  8
Standard
  6
Continuous
 62
     7
100
AcDbCircle
 10
-30.9754
 20
52.1232
 30
0.0
 40
0.15
100
AcDbArc
 50
90.0
 51
180.0
  0
ARC
  5
640
330
1F
100
AcDbEntity
  8
Standard
  6
Continuous
 62
     7
100
AcDbCircle
 10
-27.706
 20
56.716
 30
0.0
 40
0.15
100
AcDbArc
 50
270.0
 51
0.0
  0
ARC
  5
641
330
1F
100
AcDbEntity
  8
Standard
  6
Continuous
 62
     7
100
AcDbCircle
 10
-28.906
 20
56.716
 30
0.0
 40
0.15
100
AcDbArc
 50
180.0
 51
270.0
  0
ARC
  5
642
330
1F
100
AcDbEntity
  8
Standard
  6
Continuous
 62
     7
100
AcDbCircle
 10
-27.706
 20
57.716
 30
0.0
 40
0.15
100
AcDbArc
 50
0.0
 51
90.0
  0
ARC
  5
643
330
1F
100
AcDbEntity
  8
Standard
  6
Continuous
 62
     7
100
AcDbCircle
 10
-28.906
 20
57.716
 30
0.0
 40
0.15
100
AcDbArc
 50
90.0
 51
180.0
  0
ARC
  5
644
330
1F
100
AcDbEntity
  8
Standard
  6
Continuous
 62
     7
100
AcDbCircle
 10
-28.906
 20
58.616
 30
0.0
 40
0.15
100
AcDbArc
 50
180.0
 51
270.0
  0
ARC
  5
645
330
1F
100
AcDbEntity
  8
Standard
  6
Continuous
 62
     7
100
AcDbCircle
 10
-27.706
 20
58.616
 30
0.0
 40
0.15
100
AcDbArc
 50
270.0
 51
0.0
  0
ARC
  5
646
330
1F
100
AcDbEntity
  8
Standard
  6
Continuous
 62
     7
100
AcDbCircle
 10
-27.706
 20
59.616
 30
0.0
 40
0.15
100
AcDbArc
 50
0.0
 51
90.0
  0
ARC
  5
647
330
1F
100
AcDbEntity
  8
Standard
  6
Continuous
 62
     7
100
AcDbCircle
 10
-28.906
 20
59.616
 30
0.0
 40
0.15
100
AcDbArc
 50
90.0
 51
180.0
  0
ARC
  5
648
330
1F
100
AcDbEntity
  8
Standard
  6
Continuous
 62
     7
100
AcDbCircle
 10
-23.896
 20
59.616
 30
0.0
 40
0.15
100
AcDbArc
 50
0.0
 51
90.0
  0
ARC
  5
649
330
1F
100
AcDbEntity
  8
Standard
  6
Continuous
 62
     7
100
AcDbCircle
 10
-25.096
 20
58.616
 30
0.0
 40
0.15
100
AcDbArc
 50
180.0
 51
270.0
  0
ARC
  5
64A
330
1F
100
AcDbEntity
  8
Standard
  6
Continuous
 62
     7
100
AcDbCircle
 10
-23.896
 20
58.616
 30
0.0
 40
0.15
100
AcDbArc
 50
270.0
 51
0.0
  0
ARC
  5
64B
330
1F
100
AcDbEntity
  8
Standard
  6
Continuous
 62
     7
100
AcDbCircle
 10
-25.096
 20
59.616
 30
0.0
 40
0.15
100
AcDbArc
 50
90.0
 51
180.0
  0
ARC
  5
64C
330
1F
100
AcDbEntity
  8
Standard
  6
Continuous
 62
     7
100
AcDbCircle
 10
-23.896
 20
57.716
 30
0.0
 40
0.15
100
AcDbArc
 50
0.0
 51
90.0
  0
ARC
  5
64D
330
1F
100
AcDbEntity
  8
Standard
  6
Continuous
 62
     7
100
AcDbCircle
 10
-25.096
 20
57.716
 30
0.0
 40
0.15
100
AcDbArc
 50
90.0
 51
180.0
  0
ARC
  5
64E
330
1F
100
AcDbEntity
  8
Standard
  6
Continuous
 62
     7
100
AcDbCircle
 10
-23.896
 20
56.716
 30
0.0
 40
0.15
100
AcDbArc
 50
270.0
 51
0.0
  0
ARC
  5
64F
330
1F
100
AcDbEntity
  8
Standard
  6
Continuous
 62
     7
100
AcDbCircle
 10
-25.096
 20
56.716
 30
0.0
 40
0.15
100
AcDbArc
 50
180.0
 51
270.0
  0
ARC
  5
650
330
1F
100
AcDbEntity
  8
Standard
  6
Continuous
 62
     7
100
AcDbCircle
 10
-20.086
 20
56.716
 30
0.0
 40
0.15
100
AcDbArc
 50
270.0
 51
360.0
  0
ARC
  5
651
330
1F
100
AcDbEntity
  8
Standard
  6
Continuous
 62
     7
100
AcDbCircle
 10
-20.086
 20
57.716
 30
0.0
 40
0.15
100
AcDbArc
 50
0.0
 51
90.0
  0
ARC
  5
652
330
1F
100
AcDbEntity
  8
Standard
  6
Continuous
 62
     7
100
AcDbCircle
 10
-21.286
 20
57.716
 30
0.0
 40
0.15
100
AcDbArc
 50
90.0
 51
180.0
  0
ARC
  5
653
330
1F
100
AcDbEntity
  8
Standard
  6
Continuous
 62
     7
100
AcDbCircle
 10
-21.286
 20
56.716
 30
0.0
 40
0.15
100
AcDbArc
 50
180.0
 51
270.0
  0
ARC
  5
654
330
1F
100
AcDbEntity
  8
Standard
  6
Continuous
 62
     7
100
AcDbCircle
 10
-20.086
 20
58.616
 30
0.0
 40
0.15
100
AcDbArc
 50
270.0
 51
360.0
  0
ARC
  5
655
330
1F
100
AcDbEntity
  8
Standard
  6
Continuous
 62
     7
100
AcDbCircle
 10
-21.286
 20
58.616
 30
0.0
 40
0.15
100
AcDbArc
 50
180.0
 51
270.0
  0
ARC
  5
656
330
1F
100
AcDbEntity
  8
Standard
  6
Continuous
 62
     7
100
AcDbCircle
 10
-20.086
 20
59.616
 30
0.0
 40
0.15
100
AcDbArc
 50
0.0
 51
90.0
  0
ARC
  5
657
330
1F
100
AcDbEntity
  8
Standard
  6
Continuous
 62
     7
100
AcDbCircle
 10
-21.286
 20
59.616
 30
0.0
 40
0.15
100
AcDbArc
 50
90.0
 51
180.0
  0
ARC
  5
658
330
1F
100
AcDbEntity
  8
Standard
  6
Continuous
 62
     7
100
AcDbCircle
 10
-23.0966
 20
53.3932
 30
0.0
 40
0.15
100
AcDbArc
 50
0.0
 51
90.0
  0
ARC
  5
659
330
1F
100
AcDbEntity
  8
Standard
  6
Continuous
 62
     7
100
AcDbCircle
 10
-24.8286
 20
53.3932
 30
0.0
 40
0.15
100
AcDbArc
 50
90.0
 51
180.0
  0
ARC
  5
65A
330
1F
100
AcDbEntity
  8
Standard
  6
Continuous
 62
     7
100
AcDbCircle
 10
-23.0966
 20
53.0328
 30
0.0
 40
0.15
100
AcDbArc
 50
270.0
 51
0.0
  0
ARC
  5
65B
330
1F
100
AcDbEntity
  8
Standard
  6
Continuous
 62
     7
100
AcDbCircle
 10
-24.8286
 20
53.0328
 30
0.0
 40
0.15
100
AcDbArc
 50
180.0
 51
270.0
  0
ARC
  5
65C
330
1F
100
AcDbEntity
  8
Standard
  6
Continuous
 62
     7
100
AcDbCircle
 10
-23.0966
 20
52.1232
 30
0.0
 40
0.15
100
AcDbArc
 50
0.0
 51
90.0
  0
ARC
  5
65D
330
1F
100
AcDbEntity
  8
Standard
  6
Continuous
 62
     7
100
AcDbCircle
 10
-24.8286
 20
52.1232
 30
0.0
 40
0.15
100
AcDbArc
 50
90.0
 51
180.0
  0
ARC
  5
65E
330
1F
100
AcDbEntity
  8
Standard
  6
Continuous
 62
     7
100
AcDbCircle
 10
-24.8286
 20
51.7628
 30
0.0
 40
0.15
100
AcDbArc
 50
180.0
 51
270.0
  0
ARC
  5
65F
330
1F
100
AcDbEntity
  8
Standard
  6
Continuous
 62
     7
100
AcDbCircle
 10
-23.0966
 20
51.7628
 30
0.0
 40
0.15
100
AcDbArc
 50
270.0
 51
0.0
  0
ARC
  5
660
330
1F
100
AcDbEntity
  8
Standard
  6
Continuous
 62
     7
100
AcDbCircle
 10
-23.0966
 20
50.8532
 30
0.0
 40
0.15
100
AcDbArc
 50
0.0
 51
90.0
  0
ARC
  5
661
330
1F
100
AcDbEntity
  8
Standard
  6
Continuous
 62
     7
100
AcDbCircle
 10
-24.8286
 20
50.8532
 30
0.0
 40
0.15
100
AcDbArc
 50
90.0
 51
180.0
  0
ARC
  5
662
330
1F
100
AcDbEntity
  8
Standard
  6
Continuous
 62
     7
100
AcDbCircle
 10
-24.8286
 20
50.4928
 30
0.0
 40
0.15
100
AcDbArc
 50
180.0
 51
270.0
  0
ARC
  5
663
330
1F
100
AcDbEntity
  8
Standard
  6
Continuous
 62
     7
100
AcDbCircle
 10
-23.0966
 20
50.4928
 30
0.0
 40
0.15
100
AcDbArc
 50
270.0
 51
0.0
  0
ARC
  5
664
330
1F
100
AcDbEntity
  8
Standard
  6
Continuous
 62
     7
100
AcDbCircle
 10
-23.0966
 20
49.5832
 30
0.0
 40
0.15
100
AcDbArc
 50
0.0
 51
90.0
  0
ARC
  5
665
330
1F
100
AcDbEntity
  8
Standard
  6
Continuous
 62
     7
100
AcDbCircle
 10
-24.8286
 20
49.5832
 30
0.0
 40
0.15
100
AcDbArc
 50
90.0
 51
180.0
  0
ARC
  5
666
330
1F
100
AcDbEntity
  8
Standard
  6
Continuous
 62
     7
100
AcDbCircle
 10
-23.0966
 20
49.2228
 30
0.0
 40
0.15
100
AcDbArc
 50
270.0
 51
0.0
  0
ARC
  5
667
330
1F
100
AcDbEntity
  8
Standard
  6
Continuous
 62
     7
100
AcDbCircle
 10
-24.8286
 20
49.2228
 30
0.0
 40
0.15
100
AcDbArc
 50
180.0
 51
270.0
  0
ARC
  5
668
330
1F
100
AcDbEntity
  8
Standard
  6
Continuous
 62
     7
100
AcDbCircle
 10
-23.0966
 20
48.3132
 30
0.0
 40
0.15
100
AcDbArc
 50
0.0
 51
90.0
  0
ARC
  5
669
330
1F
100
AcDbEntity
  8
Standard
  6
Continuous
 62
     7
100
AcDbCircle
 10
-24.8286
 20
48.3132
 30
0.0
 40
0.15
100
AcDbArc
 50
90.0
 51
180.0
  0
ARC
  5
66A
330
1F
100
AcDbEntity
  8
Standard
  6
Continuous
 62
     7
100
AcDbCircle
 10
-23.0966
 20
47.9528
 30
0.0
 40
0.15
100
AcDbArc
 50
270.0
 51
0.0
  0
ARC
  5
66B
330
1F
100
AcDbEntity
  8
Standard
  6
Continuous
 62
     7
100
AcDbCircle
 10
-24.8286
 20
47.9528
 30
0.0
 40
0.15
100
AcDbArc
 50
180.0
 51
270.0
  0
ARC
  5
66C
330
1F
100
AcDbEntity
  8
Standard
  6
Continuous
 62
     7
100
AcDbCircle
 10
-23.0966
 20
47.0432
 30
0.0
 40
0.15
100
AcDbArc
 50
0.0
 51
90.0
  0
ARC
  5
66D
330
1F
100
AcDbEntity
  8
Standard
  6
Continuous
 62
     7
100
AcDbCircle
 10
-24.8286
 20
47.0432
 30
0.0
 40
0.15
100
AcDbArc
 50
90.0
 51
180.0
  0
ARC
  5
66E
330
1F
100
AcDbEntity
  8
Standard
  6
Continuous
 62
     7
100
AcDbCircle
 10
-23.0966
 20
46.6828
 30
0.0
 40
0.15
100
AcDbArc
 50
270.0
 51
0.0
  0
ARC
  5
66F
330
1F
100
AcDbEntity
  8
Standard
  6
Continuous
 62
     7
100
AcDbCircle
 10
-24.8286
 20
46.6828
 30
0.0
 40
0.15
100
AcDbArc
 50
180.0
 51
270.0
  0
ARC
  5
670
330
1F
100
AcDbEntity
  8
Standard
  6
Continuous
 62
     7
100
AcDbCircle
 10
-23.0966
 20
45.7732
 30
0.0
 40
0.15
100
AcDbArc
 50
0.0
 51
90.0
  0
ARC
  5
671
330
1F
100
AcDbEntity
  8
Standard
  6
Continuous
 62
     7
100
AcDbCircle
 10
-24.8286
 20
45.7732
 30
0.0
 40
0.15
100
AcDbArc
 50
90.0
 51
180.0
  0
ARC
  5
672
330
1F
100
AcDbEntity
  8
Standard
  6
Continuous
 62
     7
100
AcDbCircle
 10
-23.0966
 20
45.4128
 30
0.0
 40
0.15
100
AcDbArc
 50
270.0
 51
0.0
  0
ARC
  5
673
330
1F
100
AcDbEntity
  8
Standard
  6
Continuous
 62
     7
100
AcDbCircle
 10
-24.8286
 20
45.4128
 30
0.0
 40
0.15
100
AcDbArc
 50
180.0
 51
270.0
  0
ARC
  5
674
330
1F
100
AcDbEntity
  8
Standard
  6
Continuous
 62
     7
100
AcDbCircle
 10
-23.0966
 20
44.5032
 30
0.0
 40
0.15
100
AcDbArc
 50
0.0
 51
90.0
  0
ARC
  5
675
330
1F
100
AcDbEntity
  8
Standard
  6
Continuous
 62
     7
100
AcDbCircle
 10
-24.8286
 20
44.5032
 30
0.0
 40
0.15
100
AcDbArc
 50
90.0
 51
180.0
  0
ARC
  5
676
330
1F
100
AcDbEntity
  8
Standard
  6
Continuous
 62
     7
100
AcDbCircle
 10
-23.0966
 20
44.1428
 30
0.0
 40
0.15
100
AcDbArc
 50
270.0
 51
0.0
  0
ARC
  5
677
330
1F
100
AcDbEntity
  8
Standard
  6
Continuous
 62
     7
100
AcDbCircle
 10
-24.8286
 20
44.1428
 30
0.0
 40
0.15
100
AcDbArc
 50
180.0
 51
270.0
  0
ARC
  5
678
330
1F
100
AcDbEntity
  8
Standard
  6
Continuous
 62
     7
100
AcDbCircle
 10
-29.2434
 20
44.1428
 30
0.0
 40
0.15
100
AcDbArc
 50
270.0
 51
360.0
  0
ARC
  5
679
330
1F
100
AcDbEntity
  8
Standard
  6
Continuous
 62
     7
100
AcDbCircle
 10
-30.9754
 20
44.1428
 30
0.0
 40
0.15
100
AcDbArc
 50
180.0
 51
270.0
  0
ARC
  5
67A
330
1F
100
AcDbEntity
  8
Standard
  6
Continuous
 62
     7
100
AcDbCircle
 10
-29.2434
 20
44.5032
 30
0.0
 40
0.15
100
AcDbArc
 50
0.0
 51
90.0
  0
ARC
  5
67B
330
1F
100
AcDbEntity
  8
Standard
  6
Continuous
 62
     7
100
AcDbCircle
 10
-30.9754
 20
44.5032
 30
0.0
 40
0.15
100
AcDbArc
 50
90.0
 51
180.0
  0
ARC
  5
67C
330
1F
100
AcDbEntity
  8
Standard
  6
Continuous
 62
     7
100
AcDbCircle
 10
-29.2434
 20
45.4128
 30
0.0
 40
0.15
100
AcDbArc
 50
270.0
 51
360.0
  0
ARC
  5
67D
330
1F
100
AcDbEntity
  8
Standard
  6
Continuous
 62
     7
100
AcDbCircle
 10
-30.9754
 20
45.4128
 30
0.0
 40
0.15
100
AcDbArc
 50
180.0
 51
270.0
  0
ARC
  5
67E
330
1F
100
AcDbEntity
  8
Standard
  6
Continuous
 62
     7
100
AcDbCircle
 10
-29.2434
 20
45.7732
 30
0.0
 40
0.15
100
AcDbArc
 50
0.0
 51
90.0
  0
ARC
  5
67F
330
1F
100
AcDbEntity
  8
Standard
  6
Continuous
 62
     7
100
AcDbCircle
 10
-30.9754
 20
45.7732
 30
0.0
 40
0.15
100
AcDbArc
 50
90.0
 51
180.0
  0
ARC
  5
680
330
1F
100
AcDbEntity
  8
Standard
  6
Continuous
 62
     7
100
AcDbCircle
 10
-29.2434
 20
46.6828
 30
0.0
 40
0.15
100
AcDbArc
 50
270.0
 51
360.0
  0
ARC
  5
681
330
1F
100
AcDbEntity
  8
Standard
  6
Continuous
 62
     7
100
AcDbCircle
 10
-30.9754
 20
46.6828
 30
0.0
 40
0.15
100
AcDbArc
 50
180.0
 51
270.0
  0
ARC
  5
682
330
1F
100
AcDbEntity
  8
Standard
  6
Continuous
 62
     7
100
AcDbCircle
 10
-29.2434
 20
47.0432
 30
0.0
 40
0.15
100
AcDbArc
 50
0.0
 51
90.0
  0
ARC
  5
683
330
1F
100
AcDbEntity
  8
Standard
  6
Continuous
 62
     7
100
AcDbCircle
 10
-30.9754
 20
47.0432
 30
0.0
 40
0.15
100
AcDbArc
 50
90.0
 51
180.0
  0
ARC
  5
684
330
1F
100
AcDbEntity
  8
Standard
  6
Continuous
 62
     7
100
AcDbCircle
 10
-29.2434
 20
47.9528
 30
0.0
 40
0.15
100
AcDbArc
 50
270.0
 51
360.0
  0
ARC
  5
685
330
1F
100
AcDbEntity
  8
Standard
  6
Continuous
 62
     7
100
AcDbCircle
 10
-30.9754
 20
47.9528
 30
0.0
 40
0.15
100
AcDbArc
 50
180.0
 51
270.0
  0
ARC
  5
686
330
1F
100
AcDbEntity
  8
Standard
  6
Continuous
 62
     7
100
AcDbCircle
 10
-29.2434
 20
48.3132
 30
0.0
 40
0.15
100
AcDbArc
 50
0.0
 51
90.0
  0
ARC
  5
687
330
1F
100
AcDbEntity
  8
Standard
  6
Continuous
 62
     7
100
AcDbCircle
 10
-30.9754
 20
48.3132
 30
0.0
 40
0.15
100
AcDbArc
 50
90.0
 51
180.0
  0
ARC
  5
688
330
1F
100
AcDbEntity
  8
Standard
  6
Continuous
 62
     7
100
AcDbCircle
 10
-29.2434
 20
49.2228
 30
0.0
 40
0.15
100
AcDbArc
 50
270.0
 51
360.0
  0
ARC
  5
689
330
1F
100
AcDbEntity
  8
Standard
  6
Continuous
 62
     7
100
AcDbCircle
 10
-30.9754
 20
49.2228
 30
0.0
 40
0.15
100
AcDbArc
 50
180.0
 51
270.0
  0
ARC
  5
68A
330
1F
100
AcDbEntity
  8
Standard
  6
Continuous
 62
     7
100
AcDbCircle
 10
-29.2434
 20
49.5832
 30
0.0
 40
0.15
100
AcDbArc
 50
0.0
 51
90.0
  0
ARC
  5
68B
330
1F
100
AcDbEntity
  8
Standard
  6
Continuous
 62
     7
100
AcDbCircle
 10
-30.9754
 20
49.5832
 30
0.0
 40
0.15
100
AcDbArc
 50
90.0
 51
180.0
  0
ARC
  5
68C
330
1F
100
AcDbEntity
  8
Standard
  6
Continuous
 62
     7
100
AcDbCircle
 10
-33.46
 20
47.914
 30
0.0
 40
0.15
100
AcDbArc
 50
270.0
 51
0.0
  0
ARC
  5
68D
330
1F
100
AcDbEntity
  8
Standard
  6
Continuous
 62
     7
100
AcDbCircle
 10
-34.46
 20
47.914
 30
0.0
 40
0.15
100
AcDbArc
 50
180.0
 51
270.0
  0
ARC
  5
68E
330
1F
100
AcDbEntity
  8
Standard
  6
Continuous
 62
     7
100
AcDbCircle
 10
-33.46
 20
49.114
 30
0.0
 40
0.15
100
AcDbArc
 50
0.0
 51
90.0
  0
ARC
  5
68F
330
1F
100
AcDbEntity
  8
Standard
  6
Continuous
 62
     7
100
AcDbCircle
 10
-34.46
 20
49.114
 30
0.0
 40
0.15
100
AcDbArc
 50
90.0
 51
180.0
  0
ARC
  5
690
330
1F
100
AcDbEntity
  8
Standard
  6
Continuous
 62
     7
100
AcDbCircle
 10
-35.36
 20
47.914
 30
0.0
 40
0.15
100
AcDbArc
 50
270.0
 51
0.0
  0
ARC
  5
691
330
1F
100
AcDbEntity
  8
Standard
  6
Continuous
 62
     7
100
AcDbCircle
 10
-36.36
 20
47.914
 30
0.0
 40
0.15
100
AcDbArc
 50
180.0
 51
270.0
  0
ARC
  5
692
330
1F
100
AcDbEntity
  8
Standard
  6
Continuous
 62
     7
100
AcDbCircle
 10
-35.36
 20
49.114
 30
0.0
 40
0.15
100
AcDbArc
 50
0.0
 51
90.0
  0
ARC
  5
693
330
1F
100
AcDbEntity
  8
Standard
  6
Continuous
 62
     7
100
AcDbCircle
 10
-36.36
 20
49.114
 30
0.0
 40
0.15
100
AcDbArc
 50
90.0
 51
180.0
  0
ARC
  5
694
330
1F
100
AcDbEntity
  8
Standard
  6
Continuous
 62
     7
100
AcDbCircle
 10
-33.46
 20
46.574
 30
0.0
 40
0.15
100
AcDbArc
 50
0.0
 51
90.0
  0
ARC
  5
695
330
1F
100
AcDbEntity
  8
Standard
  6
Continuous
 62
     7
100
AcDbCircle
 10
-34.46
 20
46.574
 30
0.0
 40
0.15
100
AcDbArc
 50
90.0
 51
180.0
  0
ARC
  5
696
330
1F
100
AcDbEntity
  8
Standard
  6
Continuous
 62
     7
100
AcDbCircle
 10
-33.46
 20
45.374
 30
0.0
 40
0.15
100
AcDbArc
 50
270.0
 51
0.0
  0
ARC
  5
697
330
1F
100
AcDbEntity
  8
Standard
  6
Continuous
 62
     7
100
AcDbCircle
 10
-34.46
 20
45.374
 30
0.0
 40
0.15
100
AcDbArc
 50
180.0
 51
270.0
  0
ARC
  5
698
330
1F
100
AcDbEntity
  8
Standard
  6
Continuous
 62
     7
100
AcDbCircle
 10
-35.36
 20
45.374
 30
0.0
 40
0.15
100
AcDbArc
 50
270.0
 51
0.0
  0
ARC
  5
699
330
1F
100
AcDbEntity
  8
Standard
  6
Continuous
 62
     7
100
AcDbCircle
 10
-36.36
 20
45.374
 30
0.0
 40
0.15
100
AcDbArc
 50
180.0
 51
270.0
  0
ARC
  5
69A
330
1F
100
AcDbEntity
  8
Standard
  6
Continuous
 62
     7
100
AcDbCircle
 10
-35.36
 20
46.574
 30
0.0
 40
0.15
100
AcDbArc
 50
0.0
 51
90.0
  0
ARC
  5
69B
330
1F
100
AcDbEntity
  8
Standard
  6
Continuous
 62
     7
100
AcDbCircle
 10
-19.832
 20
46.794
 30
0.0
 40
0.15
100
AcDbArc
 50
0.0
 51
90.0
  0
ARC
  5
69C
330
1F
100
AcDbEntity
  8
Standard
  6
Continuous
 62
     7
100
AcDbCircle
 10
-21.032
 20
46.794
 30
0.0
 40
0.15
100
AcDbArc
 50
90.0
 51
180.0
  0
ARC
  5
69D
330
1F
100
AcDbEntity
  8
Standard
  6
Continuous
 62
     7
100
AcDbCircle
 10
-19.832
 20
48.694
 30
0.0
 40
0.15
100
AcDbArc
 50
0.0
 51
90.0
  0
ARC
  5
69E
330
1F
100
AcDbEntity
  8
Standard
  6
Continuous
 62
     7
100
AcDbCircle
 10
-21.032
 20
48.694
 30
0.0
 40
0.15
100
AcDbArc
 50
90.0
 51
180.0
  0
ARC
  5
69F
330
1F
100
AcDbEntity
  8
Standard
  6
Continuous
 62
     7
100
AcDbCircle
 10
-19.832
 20
47.694
 30
0.0
 40
0.15
100
AcDbArc
 50
270.0
 51
0.0
  0
ARC
  5
6A0
330
1F
100
AcDbEntity
  8
Standard
  6
Continuous
 62
     7
100
AcDbCircle
 10
-21.032
 20
47.694
 30
0.0
 40
0.15
100
AcDbArc
 50
180.0
 51
270.0
  0
ARC
  5
6A1
330
1F
100
AcDbEntity
  8
Standard
  6
Continuous
 62
     7
100
AcDbCircle
 10
-19.832
 20
45.794
 30
0.0
 40
0.15
100
AcDbArc
 50
270.0
 51
0.0
  0
ARC
  5
6A2
330
1F
100
AcDbEntity
  8
Standard
  6
Continuous
 62
     7
100
AcDbCircle
 10
-21.032
 20
45.794
 30
0.0
 40
0.15
100
AcDbArc
 50
180.0
 51
270.0
  0
ARC
  5
6A3
330
1F
100
AcDbEntity
  8
Standard
  6
Continuous
 62
     7
100
AcDbCircle
 10
-17.28
 20
49.978
 30
0.0
 40
0.15
100
AcDbArc
 50
90.0
 51
180.0
  0
ARC
  5
6A4
330
1F
100
AcDbEntity
  8
Standard
  6
Continuous
 62
     7
100
AcDbCircle
 10
-16.98
 20
49.978
 30
0.0
 40
0.15
100
AcDbArc
 50
0.0
 51
90.0
  0
ARC
  5
6A5
330
1F
100
AcDbEntity
  8
Standard
  6
Continuous
 62
     7
100
AcDbCircle
 10
-16.01
 20
49.978
 30
0.0
 40
0.15
100
AcDbArc
 50
90.0
 51
180.0
  0
ARC
  5
6A6
330
1F
100
AcDbEntity
  8
Standard
  6
Continuous
 62
     7
100
AcDbCircle
 10
-15.71
 20
49.978
 30
0.0
 40
0.15
100
AcDbArc
 50
0.0
 51
90.0
  0
ARC
  5
6A7
330
1F
100
AcDbEntity
  8
Standard
  6
Continuous
 62
     7
100
AcDbCircle
 10
-14.74
 20
49.978
 30
0.0
 40
0.15
100
AcDbArc
 50
90.0
 51
180.0
  0
ARC
  5
6A8
330
1F
100
AcDbEntity
  8
Standard
  6
Continuous
 62
     7
100
AcDbCircle
 10
-14.44
 20
49.978
 30
0.0
 40
0.15
100
AcDbArc
 50
0.0
 51
90.0
  0
ARC
  5
6A9
330
1F
100
AcDbEntity
  8
Standard
  6
Continuous
 62
     7
100
AcDbCircle
 10
-13.47
 20
49.978
 30
0.0
 40
0.15
100
AcDbArc
 50
90.0
 51
180.0
  0
ARC
  5
6AA
330
1F
100
AcDbEntity
  8
Standard
  6
Continuous
 62
     7
100
AcDbCircle
 10
-13.17
 20
49.978
 30
0.0
 40
0.15
100
AcDbArc
 50
0.0
 51
90.0
  0
ARC
  5
6AB
330
1F
100
AcDbEntity
  8
Standard
  6
Continuous
 62
     7
100
AcDbCircle
 10
-12.2
 20
49.978
 30
0.0
 40
0.15
100
AcDbArc
 50
90.0
 51
180.0
  0
ARC
  5
6AC
330
1F
100
AcDbEntity
  8
Standard
  6
Continuous
 62
     7
100
AcDbCircle
 10
-11.9
 20
49.978
 30
0.0
 40
0.15
100
AcDbArc
 50
0.0
 51
90.0
  0
ARC
  5
6AD
330
1F
100
AcDbEntity
  8
Standard
  6
Continuous
 62
     7
100
AcDbCircle
 10
-10.63
 20
49.978
 30
0.0
 40
0.15
100
AcDbArc
 50
0.0
 51
90.0
  0
ARC
  5
6AE
330
1F
100
AcDbEntity
  8
Standard
  6
Continuous
 62
     7
100
AcDbCircle
 10
-10.93
 20
49.978
 30
0.0
 40
0.15
100
AcDbArc
 50
90.0
 51
180.0
  0
ARC
  5
6AF
330
1F
100
AcDbEntity
  8
Standard
  6
Continuous
 62
     7
100
AcDbCircle
 10
-9.36
 20
49.978
 30
0.0
 40
0.15
100
AcDbArc
 50
0.0
 51
90.0
  0
ARC
  5
6B0
330
1F
100
AcDbEntity
  8
Standard
  6
Continuous
 62
     7
100
AcDbCircle
 10
-9.36
 20
48.078
 30
0.0
 40
0.15
100
AcDbArc
 50
270.0
 51
0.0
  0
ARC
  5
6B1
330
1F
100
AcDbEntity
  8
Standard
  6
Continuous
 62
     7
100
AcDbCircle
 10
-9.66
 20
48.078
 30
0.0
 40
0.15
100
AcDbArc
 50
180.0
 51
270.0
  0
ARC
  5
6B2
330
1F
100
AcDbEntity
  8
Standard
  6
Continuous
 62
     7
100
AcDbCircle
 10
-9.66
 20
49.978
 30
0.0
 40
0.15
100
AcDbArc
 50
90.0
 51
180.0
  0
ARC
  5
6B3
330
1F
100
AcDbEntity
  8
Standard
  6
Continuous
 62
     7
100
AcDbCircle
 10
-10.63
 20
48.078
 30
0.0
 40
0.15
100
AcDbArc
 50
270.0
 51
0.0
  0
ARC
  5
6B4
330
1F
100
AcDbEntity
  8
Standard
  6
Continuous
 62
     7
100
AcDbCircle
 10
-10.93
 20
48.078
 30
0.0
 40
0.15
100
AcDbArc
 50
180.0
 51
270.0
  0
ARC
  5
6B5
330
1F
100
AcDbEntity
  8
Standard
  6
Continuous
 62
     7
100
AcDbCircle
 10
-11.9
 20
48.078
 30
0.0
 40
0.15
100
AcDbArc
 50
270.0
 51
0.0
  0
ARC
  5
6B6
330
1F
100
AcDbEntity
  8
Standard
  6
Continuous
 62
     7
100
AcDbCircle
 10
-12.2
 20
48.078
 30
0.0
 40
0.15
100
AcDbArc
 50
180.0
 51
270.0
  0
ARC
  5
6B7
330
1F
100
AcDbEntity
  8
Standard
  6
Continuous
 62
     7
100
AcDbCircle
 10
-13.17
 20
48.078
 30
0.0
 40
0.15
100
AcDbArc
 50
270.0
 51
0.0
  0
ARC
  5
6B8
330
1F
100
AcDbEntity
  8
Standard
  6
Continuous
 62
     7
100
AcDbCircle
 10
-13.47
 20
48.078
 30
0.0
 40
0.15
100
AcDbArc
 50
180.0
 51
270.0
  0
ARC
  5
6B9
330
1F
100
AcDbEntity
  8
Standard
  6
Continuous
 62
     7
100
AcDbCircle
 10
-14.44
 20
48.078
 30
0.0
 40
0.15
100
AcDbArc
 50
270.0
 51
0.0
  0
ARC
  5
6BA
330
1F
100
AcDbEntity
  8
Standard
  6
Continuous
 62
     7
100
AcDbCircle
 10
-14.74
 20
48.078
 30
0.0
 40
0.15
100
AcDbArc
 50
180.0
 51
270.0
  0
ARC
  5
6BB
330
1F
100
AcDbEntity
  8
Standard
  6
Continuous
 62
     7
100
AcDbCircle
 10
-15.71
 20
48.078
 30
0.0
 40
0.15
100
AcDbArc
 50
270.0
 51
0.0
  0
ARC
  5
6BC
330
1F
100
AcDbEntity
  8
Standard
  6
Continuous
 62
     7
100
AcDbCircle
 10
-16.01
 20
48.078
 30
0.0
 40
0.15
100
AcDbArc
 50
180.0
 51
270.0
  0
ARC
  5
6BD
330
1F
100
AcDbEntity
  8
Standard
  6
Continuous
 62
     7
100
AcDbCircle
 10
-16.98
 20
48.078
 30
0.0
 40
0.15
100
AcDbArc
 50
270.0
 51
0.0
  0
ARC
  5
6BE
330
1F
100
AcDbEntity
  8
Standard
  6
Continuous
 62
     7
100
AcDbCircle
 10
-17.28
 20
44.378
 30
0.0
 40
0.15
100
AcDbArc
 50
90.0
 51
180.0
  0
ARC
  5
6BF
330
1F
100
AcDbEntity
  8
Standard
  6
Continuous
 62
     7
100
AcDbCircle
 10
-16.98
 20
44.378
 30
0.0
 40
0.15
100
AcDbArc
 50
0.0
 51
90.0
  0
ARC
  5
6C0
330
1F
100
AcDbEntity
  8
Standard
  6
Continuous
 62
     7
100
AcDbCircle
 10
-16.98
 20
42.478
 30
0.0
 40
0.15
100
AcDbArc
 50
270.0
 51
0.0
  0
ARC
  5
6C1
330
1F
100
AcDbEntity
  8
Standard
  6
Continuous
 62
     7
100
AcDbCircle
 10
-17.28
 20
42.478
 30
0.0
 40
0.15
100
AcDbArc
 50
180.0
 51
270.0
  0
ARC
  5
6C2
330
1F
100
AcDbEntity
  8
Standard
  6
Continuous
 62
     7
100
AcDbCircle
 10
-16.01
 20
44.378
 30
0.0
 40
0.15
100
AcDbArc
 50
90.0
 51
180.0
  0
ARC
  5
6C3
330
1F
100
AcDbEntity
  8
Standard
  6
Continuous
 62
     7
100
AcDbCircle
 10
-15.71
 20
44.378
 30
0.0
 40
0.15
100
AcDbArc
 50
0.0
 51
90.0
  0
ARC
  5
6C4
330
1F
100
AcDbEntity
  8
Standard
  6
Continuous
 62
     7
100
AcDbCircle
 10
-15.71
 20
42.478
 30
0.0
 40
0.15
100
AcDbArc
 50
270.0
 51
360.0
  0
ARC
  5
6C5
330
1F
100
AcDbEntity
  8
Standard
  6
Continuous
 62
     7
100
AcDbCircle
 10
-16.01
 20
42.478
 30
0.0
 40
0.15
100
AcDbArc
 50
180.0
 51
270.0
  0
ARC
  5
6C6
330
1F
100
AcDbEntity
  8
Standard
  6
Continuous
 62
     7
100
AcDbCircle
 10
-14.74
 20
42.478
 30
0.0
 40
0.15
100
AcDbArc
 50
180.0
 51
270.0
  0
ARC
  5
6C7
330
1F
100
AcDbEntity
  8
Standard
  6
Continuous
 62
     7
100
AcDbCircle
 10
-14.44
 20
42.478
 30
0.0
 40
0.15
100
AcDbArc
 50
270.0
 51
0.0
  0
ARC
  5
6C8
330
1F
100
AcDbEntity
  8
Standard
  6
Continuous
 62
     7
100
AcDbCircle
 10
-13.47
 20
42.478
 30
0.0
 40
0.15
100
AcDbArc
 50
180.0
 51
270.0
  0
ARC
  5
6C9
330
1F
100
AcDbEntity
  8
Standard
  6
Continuous
 62
     7
100
AcDbCircle
 10
-13.17
 20
42.478
 30
0.0
 40
0.15
100
AcDbArc
 50
270.0
 51
0.0
  0
ARC
  5
6CA
330
1F
100
AcDbEntity
  8
Standard
  6
Continuous
 62
     7
100
AcDbCircle
 10
-11.9
 20
42.478
 30
0.0
 40
0.15
100
AcDbArc
 50
270.0
 51
0.0
  0
ARC
  5
6CB
330
1F
100
AcDbEntity
  8
Standard
  6
Continuous
 62
     7
100
AcDbCircle
 10
-12.2
 20
42.478
 30
0.0
 40
0.15
100
AcDbArc
 50
180.0
 51
270.0
  0
ARC
  5
6CC
330
1F
100
AcDbEntity
  8
Standard
  6
Continuous
 62
     7
100
AcDbCircle
 10
-10.93
 20
42.478
 30
0.0
 40
0.15
100
AcDbArc
 50
180.0
 51
270.0
  0
ARC
  5
6CD
330
1F
100
AcDbEntity
  8
Standard
  6
Continuous
 62
     7
100
AcDbCircle
 10
-10.63
 20
42.478
 30
0.0
 40
0.15
100
AcDbArc
 50
270.0
 51
0.0
  0
ARC
  5
6CE
330
1F
100
AcDbEntity
  8
Standard
  6
Continuous
 62
     7
100
AcDbCircle
 10
-9.66
 20
42.478
 30
0.0
 40
0.15
100
AcDbArc
 50
180.0
 51
270.0
  0
ARC
  5
6CF
330
1F
100
AcDbEntity
  8
Standard
  6
Continuous
 62
     7
100
AcDbCircle
 10
-9.36
 20
42.478
 30
0.0
 40
0.15
100
AcDbArc
 50
270.0
 51
0.0
  0
ARC
  5
6D0
330
1F
100
AcDbEntity
  8
Standard
  6
Continuous
 62
     7
100
AcDbCircle
 10
-14.74
 20
44.378
 30
0.0
 40
0.15
100
AcDbArc
 50
90.0
 51
180.0
  0
ARC
  5
6D1
330
1F
100
AcDbEntity
  8
Standard
  6
Continuous
 62
     7
100
AcDbCircle
 10
-14.44
 20
44.378
 30
0.0
 40
0.15
100
AcDbArc
 50
0.0
 51
90.0
  0
ARC
  5
6D2
330
1F
100
AcDbEntity
  8
Standard
  6
Continuous
 62
     7
100
AcDbCircle
 10
-13.47
 20
44.378
 30
0.0
 40
0.15
100
AcDbArc
 50
90.0
 51
180.0
  0
ARC
  5
6D3
330
1F
100
AcDbEntity
  8
Standard
  6
Continuous
 62
     7
100
AcDbCircle
 10
-13.17
 20
44.378
 30
0.0
 40
0.15
100
AcDbArc
 50
0.0
 51
90.0
  0
ARC
  5
6D4
330
1F
100
AcDbEntity
  8
Standard
  6
Continuous
 62
     7
100
AcDbCircle
 10
-12.2
 20
44.378
 30
0.0
 40
0.15
100
AcDbArc
 50
90.0
 51
180.0
  0
ARC
  5
6D5
330
1F
100
AcDbEntity
  8
Standard
  6
Continuous
 62
     7
100
AcDbCircle
 10
-11.9
 20
44.378
 30
0.0
 40
0.15
100
AcDbArc
 50
0.0
 51
90.0
  0
ARC
  5
6D6
330
1F
100
AcDbEntity
  8
Standard
  6
Continuous
 62
     7
100
AcDbCircle
 10
-10.93
 20
44.378
 30
0.0
 40
0.15
100
AcDbArc
 50
90.0
 51
180.0
  0
ARC
  5
6D7
330
1F
100
AcDbEntity
  8
Standard
  6
Continuous
 62
     7
100
AcDbCircle
 10
-10.63
 20
44.378
 30
0.0
 40
0.15
100
AcDbArc
 50
0.0
 51
90.0
  0
ARC
  5
6D8
330
1F
100
AcDbEntity
  8
Standard
  6
Continuous
 62
     7
100
AcDbCircle
 10
-6.3
 20
46.302
 30
0.0
 40
0.15
100
AcDbArc
 50
180.0
 51
270.0
  0
ARC
  5
6D9
330
1F
100
AcDbEntity
  8
Standard
  6
Continuous
 62
     7
100
AcDbCircle
 10
-5.1
 20
46.302
 30
0.0
 40
0.15
100
AcDbArc
 50
270.0
 51
0.0
  0
ARC
  5
6DA
330
1F
100
AcDbEntity
  8
Standard
  6
Continuous
 62
     7
100
AcDbCircle
 10
-5.1
 20
47.302
 30
0.0
 40
0.15
100
AcDbArc
 50
0.0
 51
90.0
  0
ARC
  5
6DB
330
1F
100
AcDbEntity
  8
Standard
  6
Continuous
 62
     7
100
AcDbCircle
 10
-6.3
 20
47.302
 30
0.0
 40
0.15
100
AcDbArc
 50
90.0
 51
180.0
  0
ARC
  5
6DC
330
1F
100
AcDbEntity
  8
Standard
  6
Continuous
 62
     7
100
AcDbCircle
 10
-6.3
 20
48.202
 30
0.0
 40
0.15
100
AcDbArc
 50
180.0
 51
270.0
  0
ARC
  5
6DD
330
1F
100
AcDbEntity
  8
Standard
  6
Continuous
 62
     7
100
AcDbCircle
 10
-6.3
 20
49.202
 30
0.0
 40
0.15
100
AcDbArc
 50
90.0
 51
180.0
  0
ARC
  5
6DE
330
1F
100
AcDbEntity
  8
Standard
  6
Continuous
 62
     7
100
AcDbCircle
 10
-5.1
 20
49.202
 30
0.0
 40
0.15
100
AcDbArc
 50
0.0
 51
90.0
  0
ARC
  5
6DF
330
1F
100
AcDbEntity
  8
Standard
  6
Continuous
 62
     7
100
AcDbCircle
 10
-5.1
 20
48.202
 30
0.0
 40
0.15
100
AcDbArc
 50
270.0
 51
0.0
  0
ARC
  5
6E0
330
1F
100
AcDbEntity
  8
Standard
  6
Continuous
 62
     7
100
AcDbCircle
 10
-2.744
 20
47.302
 30
0.0
 40
0.15
100
AcDbArc
 50
90.0
 51
180.0
  0
ARC
  5
6E1
330
1F
100
AcDbEntity
  8
Standard
  6
Continuous
 62
     7
100
AcDbCircle
 10
-1.544
 20
47.302
 30
0.0
 40
0.15
100
AcDbArc
 50
0.0
 51
90.0
  0
ARC
  5
6E2
330
1F
100
AcDbEntity
  8
Standard
  6
Continuous
 62
     7
100
AcDbCircle
 10
-1.544
 20
48.202
 30
0.0
 40
0.15
100
AcDbArc
 50
270.0
 51
0.0
  0
ARC
  5
6E3
330
1F
100
AcDbEntity
  8
Standard
  6
Continuous
 62
     7
100
AcDbCircle
 10
-1.544
 20
49.202
 30
0.0
 40
0.15
100
AcDbArc
 50
0.0
 51
90.0
  0
ARC
  5
6E4
330
1F
100
AcDbEntity
  8
Standard
  6
Continuous
 62
     7
100
AcDbCircle
 10
-2.744
 20
49.202
 30
0.0
 40
0.15
100
AcDbArc
 50
90.0
 51
180.0
  0
ARC
  5
6E5
330
1F
100
AcDbEntity
  8
Standard
  6
Continuous
 62
     7
100
AcDbCircle
 10
-2.744
 20
48.202
 30
0.0
 40
0.15
100
AcDbArc
 50
180.0
 51
270.0
  0
ARC
  5
6E6
330
1F
100
AcDbEntity
  8
Standard
  6
Continuous
 62
     7
100
AcDbCircle
 10
-1.544
 20
46.302
 30
0.0
 40
0.15
100
AcDbArc
 50
270.0
 51
0.0
  0
ARC
  5
6E7
330
1F
100
AcDbEntity
  8
Standard
  6
Continuous
 62
     7
100
AcDbCircle
 10
-2.744
 20
46.302
 30
0.0
 40
0.15
100
AcDbArc
 50
180.0
 51
270.0
  0
ARC
  5
6E8
330
1F
100
AcDbEntity
  8
Standard
  6
Continuous
 62
     7
100
AcDbCircle
 10
-3.576
 20
44.122
 30
0.0
 40
0.15
100
AcDbArc
 50
0.0
 51
90.0
  0
ARC
  5
6E9
330
1F
100
AcDbEntity
  8
Standard
  6
Continuous
 62
     7
100
AcDbCircle
 10
-4.776
 20
44.122
 30
0.0
 40
0.15
100
AcDbArc
 50
90.0
 51
180.0
  0
ARC
  5
6EA
330
1F
100
AcDbEntity
  8
Standard
  6
Continuous
 62
     7
100
AcDbCircle
 10
-4.776
 20
43.122
 30
0.0
 40
0.15
100
AcDbArc
 50
180.0
 51
270.0
  0
ARC
  5
6EB
330
1F
100
AcDbEntity
  8
Standard
  6
Continuous
 62
     7
100
AcDbCircle
 10
-3.576
 20
43.122
 30
0.0
 40
0.15
100
AcDbArc
 50
270.0
 51
0.0
  0
ARC
  5
6EC
330
1F
100
AcDbEntity
  8
Standard
  6
Continuous
 62
     7
100
AcDbCircle
 10
-3.576
 20
42.222
 30
0.0
 40
0.15
100
AcDbArc
 50
0.0
 51
90.0
  0
ARC
  5
6ED
330
1F
100
AcDbEntity
  8
Standard
  6
Continuous
 62
     7
100
AcDbCircle
 10
-4.776
 20
42.222
 30
0.0
 40
0.15
100
AcDbArc
 50
90.0
 51
180.0
  0
ARC
  5
6EE
330
1F
100
AcDbEntity
  8
Standard
  6
Continuous
 62
     7
100
AcDbCircle
 10
-4.776
 20
41.222
 30
0.0
 40
0.15
100
AcDbArc
 50
180.0
 51
270.0
  0
ARC
  5
6EF
330
1F
100
AcDbEntity
  8
Standard
  6
Continuous
 62
     7
100
AcDbCircle
 10
-3.576
 20
41.222
 30
0.0
 40
0.15
100
AcDbArc
 50
270.0
 51
0.0
  0
ARC
  5
6F0
330
1F
100
AcDbEntity
  8
Standard
  6
Continuous
 62
     7
100
AcDbCircle
 10
-6.878
 20
39.804
 30
0.0
 40
0.15
100
AcDbArc
 50
0.0
 51
90.0
  0
ARC
  5
6F1
330
1F
100
AcDbEntity
  8
Standard
  6
Continuous
 62
     7
100
AcDbCircle
 10
-8.078
 20
39.804
 30
0.0
 40
0.15
100
AcDbArc
 50
90.0
 51
180.0
  0
ARC
  5
6F2
330
1F
100
AcDbEntity
  8
Standard
  6
Continuous
 62
     7
100
AcDbCircle
 10
-6.878
 20
38.804
 30
0.0
 40
0.15
100
AcDbArc
 50
270.0
 51
0.0
  0
ARC
  5
6F3
330
1F
100
AcDbEntity
  8
Standard
  6
Continuous
 62
     7
100
AcDbCircle
 10
-8.078
 20
38.804
 30
0.0
 40
0.15
100
AcDbArc
 50
180.0
 51
270.0
  0
ARC
  5
6F4
330
1F
100
AcDbEntity
  8
Standard
  6
Continuous
 62
     7
100
AcDbCircle
 10
-10.18
 20
39.804
 30
0.0
 40
0.15
100
AcDbArc
 50
0.0
 51
90.0
  0
ARC
  5
6F5
330
1F
100
AcDbEntity
  8
Standard
  6
Continuous
 62
     7
100
AcDbCircle
 10
-11.38
 20
39.804
 30
0.0
 40
0.15
100
AcDbArc
 50
90.0
 51
180.0
  0
ARC
  5
6F6
330
1F
100
AcDbEntity
  8
Standard
  6
Continuous
 62
     7
100
AcDbCircle
 10
-11.38
 20
38.804
 30
0.0
 40
0.15
100
AcDbArc
 50
180.0
 51
270.0
  0
ARC
  5
6F7
330
1F
100
AcDbEntity
  8
Standard
  6
Continuous
 62
     7
100
AcDbCircle
 10
-10.18
 20
38.804
 30
0.0
 40
0.15
100
AcDbArc
 50
270.0
 51
0.0
  0
ARC
  5
6F8
330
1F
100
AcDbEntity
  8
Standard
  6
Continuous
 62
     7
100
AcDbCircle
 10
-11.38
 20
37.904
 30
0.0
 40
0.15
100
AcDbArc
 50
90.0
 51
180.0
  0
ARC
  5
6F9
330
1F
100
AcDbEntity
  8
Standard
  6
Continuous
 62
     7
100
AcDbCircle
 10
-10.18
 20
37.904
 30
0.0
 40
0.15
100
AcDbArc
 50
0.0
 51
90.0
  0
ARC
  5
6FA
330
1F
100
AcDbEntity
  8
Standard
  6
Continuous
 62
     7
100
AcDbCircle
 10
-11.38
 20
36.904
 30
0.0
 40
0.15
100
AcDbArc
 50
180.0
 51
270.0
  0
ARC
  5
6FB
330
1F
100
AcDbEntity
  8
Standard
  6
Continuous
 62
     7
100
AcDbCircle
 10
-10.18
 20
36.904
 30
0.0
 40
0.15
100
AcDbArc
 50
270.0
 51
0.0
  0
ARC
  5
6FC
330
1F
100
AcDbEntity
  8
Standard
  6
Continuous
 62
     7
100
AcDbCircle
 10
-8.078
 20
36.904
 30
0.0
 40
0.15
100
AcDbArc
 50
180.0
 51
270.0
  0
ARC
  5
6FD
330
1F
100
AcDbEntity
  8
Standard
  6
Continuous
 62
     7
100
AcDbCircle
 10
-6.878
 20
36.904
 30
0.0
 40
0.15
100
AcDbArc
 50
270.0
 51
0.0
  0
ARC
  5
6FE
330
1F
100
AcDbEntity
  8
Standard
  6
Continuous
 62
     7
100
AcDbCircle
 10
-6.878
 20
37.904
 30
0.0
 40
0.15
100
AcDbArc
 50
0.0
 51
90.0
  0
ARC
  5
6FF
330
1F
100
AcDbEntity
  8
Standard
  6
Continuous
 62
     7
100
AcDbCircle
 10
-8.078
 20
37.904
 30
0.0
 40
0.15
100
AcDbArc
 50
90.0
 51
180.0
  0
ARC
  5
700
330
1F
100
AcDbEntity
  8
Standard
  6
Continuous
 62
     7
100
AcDbCircle
 10
-4.776
 20
37.026
 30
0.0
 40
0.15
100
AcDbArc
 50
180.0
 51
270.0
  0
ARC
  5
701
330
1F
100
AcDbEntity
  8
Standard
  6
Continuous
 62
     7
100
AcDbCircle
 10
-4.776
 20
38.026
 30
0.0
 40
0.15
100
AcDbArc
 50
90.0
 51
180.0
  0
ARC
  5
702
330
1F
100
AcDbEntity
  8
Standard
  6
Continuous
 62
     7
100
AcDbCircle
 10
-3.576
 20
38.026
 30
0.0
 40
0.15
100
AcDbArc
 50
0.0
 51
90.0
  0
ARC
  5
703
330
1F
100
AcDbEntity
  8
Standard
  6
Continuous
 62
     7
100
AcDbCircle
 10
-3.576
 20
37.026
 30
0.0
 40
0.15
100
AcDbArc
 50
270.0
 51
0.0
  0
ARC
  5
704
330
1F
100
AcDbEntity
  8
Standard
  6
Continuous
 62
     7
100
AcDbCircle
 10
-3.576
 20
35.126
 30
0.0
 40
0.15
100
AcDbArc
 50
270.0
 51
0.0
  0
ARC
  5
705
330
1F
100
AcDbEntity
  8
Standard
  6
Continuous
 62
     7
100
AcDbCircle
 10
-4.776
 20
35.126
 30
0.0
 40
0.15
100
AcDbArc
 50
180.0
 51
270.0
  0
ARC
  5
706
330
1F
100
AcDbEntity
  8
Standard
  6
Continuous
 62
     7
100
AcDbCircle
 10
-4.776
 20
36.126
 30
0.0
 40
0.15
100
AcDbArc
 50
90.0
 51
180.0
  0
ARC
  5
707
330
1F
100
AcDbEntity
  8
Standard
  6
Continuous
 62
     7
100
AcDbCircle
 10
-3.576
 20
36.126
 30
0.0
 40
0.15
100
AcDbArc
 50
0.0
 51
90.0
  0
ARC
  5
708
330
1F
100
AcDbEntity
  8
Standard
  6
Continuous
 62
     7
100
AcDbCircle
 10
-6.37
 20
34.216
 30
0.0
 40
0.15
100
AcDbArc
 50
0.0
 51
90.0
  0
ARC
  5
709
330
1F
100
AcDbEntity
  8
Standard
  6
Continuous
 62
     7
100
AcDbCircle
 10
-7.57
 20
34.216
 30
0.0
 40
0.15
100
AcDbArc
 50
90.0
 51
180.0
  0
ARC
  5
70A
330
1F
100
AcDbEntity
  8
Standard
  6
Continuous
 62
     7
100
AcDbCircle
 10
-7.57
 20
33.216
 30
0.0
 40
0.15
100
AcDbArc
 50
180.0
 51
270.0
  0
ARC
  5
70B
330
1F
100
AcDbEntity
  8
Standard
  6
Continuous
 62
     7
100
AcDbCircle
 10
-6.37
 20
33.216
 30
0.0
 40
0.15
100
AcDbArc
 50
270.0
 51
0.0
  0
ARC
  5
70C
330
1F
100
AcDbEntity
  8
Standard
  6
Continuous
 62
     7
100
AcDbCircle
 10
-7.57
 20
32.316
 30
0.0
 40
0.15
100
AcDbArc
 50
90.0
 51
180.0
  0
ARC
  5
70D
330
1F
100
AcDbEntity
  8
Standard
  6
Continuous
 62
     7
100
AcDbCircle
 10
-6.37
 20
32.316
 30
0.0
 40
0.15
100
AcDbArc
 50
0.0
 51
90.0
  0
ARC
  5
70E
330
1F
100
AcDbEntity
  8
Standard
  6
Continuous
 62
     7
100
AcDbCircle
 10
-6.37
 20
31.316
 30
0.0
 40
0.15
100
AcDbArc
 50
270.0
 51
0.0
  0
ARC
  5
70F
330
1F
100
AcDbEntity
  8
Standard
  6
Continuous
 62
     7
100
AcDbCircle
 10
-7.57
 20
31.316
 30
0.0
 40
0.15
100
AcDbArc
 50
180.0
 51
270.0
  0
ARC
  5
710
330
1F
100
AcDbEntity
  8
Standard
  6
Continuous
 62
     7
100
AcDbCircle
 10
-10.045
 20
31.772
 30
0.0
 40
0.15
100
AcDbArc
 50
270.0
 51
0.0
  0
ARC
  5
711
330
1F
100
AcDbEntity
  8
Standard
  6
Continuous
 62
     7
100
AcDbCircle
 10
-11.515
 20
31.772
 30
0.0
 40
0.15
100
AcDbArc
 50
180.0
 51
270.0
  0
ARC
  5
712
330
1F
100
AcDbEntity
  8
Standard
  6
Continuous
 62
     7
100
AcDbCircle
 10
-11.515
 20
33.672
 30
0.0
 40
0.15
100
AcDbArc
 50
90.0
 51
180.0
  0
ARC
  5
713
330
1F
100
AcDbEntity
  8
Standard
  6
Continuous
 62
     7
100
AcDbCircle
 10
-10.045
 20
33.672
 30
0.0
 40
0.15
100
AcDbArc
 50
0.0
 51
90.0
  0
ARC
  5
714
330
1F
100
AcDbEntity
  8
Standard
  6
Continuous
 62
     7
100
AcDbCircle
 10
-15.125
 20
33.672
 30
0.0
 40
0.15
100
AcDbArc
 50
0.0
 51
90.0
  0
ARC
  5
715
330
1F
100
AcDbEntity
  8
Standard
  6
Continuous
 62
     7
100
AcDbCircle
 10
-16.595
 20
33.672
 30
0.0
 40
0.15
100
AcDbArc
 50
90.0
 51
180.0
  0
ARC
  5
716
330
1F
100
AcDbEntity
  8
Standard
  6
Continuous
 62
     7
100
AcDbCircle
 10
-16.595
 20
31.772
 30
0.0
 40
0.15
100
AcDbArc
 50
180.0
 51
270.0
  0
ARC
  5
717
330
1F
100
AcDbEntity
  8
Standard
  6
Continuous
 62
     7
100
AcDbCircle
 10
-15.125
 20
31.772
 30
0.0
 40
0.15
100
AcDbArc
 50
270.0
 51
0.0
  0
ARC
  5
718
330
1F
100
AcDbEntity
  8
Standard
  6
Continuous
 62
     7
100
AcDbCircle
 10
-17.8
 20
35.634
 30
0.0
 40
0.15
100
AcDbArc
 50
270.0
 51
0.0
  0
ARC
  5
719
330
1F
100
AcDbEntity
  8
Standard
  6
Continuous
 62
     7
100
AcDbCircle
 10
-19.0
 20
35.634
 30
0.0
 40
0.15
100
AcDbArc
 50
180.0
 51
270.0
  0
ARC
  5
71A
330
1F
100
AcDbEntity
  8
Standard
  6
Continuous
 62
     7
100
AcDbCircle
 10
-17.8
 20
36.634
 30
0.0
 40
0.15
100
AcDbArc
 50
0.0
 51
90.0
  0
ARC
  5
71B
330
1F
100
AcDbEntity
  8
Standard
  6
Continuous
 62
     7
100
AcDbCircle
 10
-19.0
 20
36.634
 30
0.0
 40
0.15
100
AcDbArc
 50
90.0
 51
180.0
  0
ARC
  5
71C
330
1F
100
AcDbEntity
  8
Standard
  6
Continuous
 62
     7
100
AcDbCircle
 10
-19.0
 20
37.534
 30
0.0
 40
0.15
100
AcDbArc
 50
180.0
 51
270.0
  0
ARC
  5
71D
330
1F
100
AcDbEntity
  8
Standard
  6
Continuous
 62
     7
100
AcDbCircle
 10
-17.8
 20
37.534
 30
0.0
 40
0.15
100
AcDbArc
 50
270.0
 51
0.0
  0
ARC
  5
71E
330
1F
100
AcDbEntity
  8
Standard
  6
Continuous
 62
     7
100
AcDbCircle
 10
-17.8
 20
38.534
 30
0.0
 40
0.15
100
AcDbArc
 50
0.0
 51
90.0
  0
ARC
  5
71F
330
1F
100
AcDbEntity
  8
Standard
  6
Continuous
 62
     7
100
AcDbCircle
 10
-19.0
 20
38.534
 30
0.0
 40
0.15
100
AcDbArc
 50
90.0
 51
180.0
  0
ARC
  5
720
330
1F
100
AcDbEntity
  8
Standard
  6
Continuous
 62
     7
100
AcDbCircle
 10
-21.356
 20
38.534
 30
0.0
 40
0.15
100
AcDbArc
 50
0.0
 51
90.0
  0
ARC
  5
721
330
1F
100
AcDbEntity
  8
Standard
  6
Continuous
 62
     7
100
AcDbCircle
 10
-22.556
 20
38.534
 30
0.0
 40
0.15
100
AcDbArc
 50
90.0
 51
180.0
  0
ARC
  5
722
330
1F
100
AcDbEntity
  8
Standard
  6
Continuous
 62
     7
100
AcDbCircle
 10
-22.556
 20
37.534
 30
0.0
 40
0.15
100
AcDbArc
 50
180.0
 51
270.0
  0
ARC
  5
723
330
1F
100
AcDbEntity
  8
Standard
  6
Continuous
 62
     7
100
AcDbCircle
 10
-21.356
 20
37.534
 30
0.0
 40
0.15
100
AcDbArc
 50
270.0
 51
360.0
  0
ARC
  5
724
330
1F
100
AcDbEntity
  8
Standard
  6
Continuous
 62
     7
100
AcDbCircle
 10
-21.356
 20
36.634
 30
0.0
 40
0.15
100
AcDbArc
 50
0.0
 51
90.0
  0
ARC
  5
725
330
1F
100
AcDbEntity
  8
Standard
  6
Continuous
 62
     7
100
AcDbCircle
 10
-22.556
 20
36.634
 30
0.0
 40
0.15
100
AcDbArc
 50
90.0
 51
180.0
  0
ARC
  5
726
330
1F
100
AcDbEntity
  8
Standard
  6
Continuous
 62
     7
100
AcDbCircle
 10
-22.556
 20
35.634
 30
0.0
 40
0.15
100
AcDbArc
 50
180.0
 51
270.0
  0
ARC
  5
727
330
1F
100
AcDbEntity
  8
Standard
  6
Continuous
 62
     7
100
AcDbCircle
 10
-21.356
 20
35.634
 30
0.0
 40
0.15
100
AcDbArc
 50
270.0
 51
360.0
  0
ARC
  5
728
330
1F
100
AcDbEntity
  8
Standard
  6
Continuous
 62
     7
100
AcDbCircle
 10
-21.675
 20
33.672
 30
0.0
 40
0.15
100
AcDbArc
 50
90.0
 51
180.0
  0
ARC
  5
729
330
1F
100
AcDbEntity
  8
Standard
  6
Continuous
 62
     7
100
AcDbCircle
 10
-20.205
 20
33.672
 30
0.0
 40
0.15
100
AcDbArc
 50
0.0
 51
90.0
  0
ARC
  5
72A
330
1F
100
AcDbEntity
  8
Standard
  6
Continuous
 62
     7
100
AcDbCircle
 10
-20.205
 20
31.772
 30
0.0
 40
0.15
100
AcDbArc
 50
270.0
 51
360.0
  0
ARC
  5
72B
330
1F
100
AcDbEntity
  8
Standard
  6
Continuous
 62
     7
100
AcDbCircle
 10
-21.675
 20
31.772
 30
0.0
 40
0.15
100
AcDbArc
 50
180.0
 51
270.0
  0
ARC
  5
72C
330
1F
100
AcDbEntity
  8
Standard
  6
Continuous
 62
     7
100
AcDbCircle
 10
-24.912
 20
32.438
 30
0.0
 40
0.15
100
AcDbArc
 50
0.0
 51
90.0
  0
ARC
  5
72D
330
1F
100
AcDbEntity
  8
Standard
  6
Continuous
 62
     7
100
AcDbCircle
 10
-26.112
 20
32.438
 30
0.0
 40
0.15
100
AcDbArc
 50
90.0
 51
180.0
  0
ARC
  5
72E
330
1F
100
AcDbEntity
  8
Standard
  6
Continuous
 62
     7
100
AcDbCircle
 10
-24.912
 20
31.438
 30
0.0
 40
0.15
100
AcDbArc
 50
270.0
 51
0.0
  0
ARC
  5
72F
330
1F
100
AcDbEntity
  8
Standard
  6
Continuous
 62
     7
100
AcDbCircle
 10
-26.112
 20
31.438
 30
0.0
 40
0.15
100
AcDbArc
 50
180.0
 51
270.0
  0
ARC
  5
730
330
1F
100
AcDbEntity
  8
Standard
  6
Continuous
 62
     7
100
AcDbCircle
 10
-24.912
 20
30.538
 30
0.0
 40
0.15
100
AcDbArc
 50
0.0
 51
90.0
  0
ARC
  5
731
330
1F
100
AcDbEntity
  8
Standard
  6
Continuous
 62
     7
100
AcDbCircle
 10
-26.112
 20
30.538
 30
0.0
 40
0.15
100
AcDbArc
 50
90.0
 51
180.0
  0
ARC
  5
732
330
1F
100
AcDbEntity
  8
Standard
  6
Continuous
 62
     7
100
AcDbCircle
 10
-26.112
 20
29.538
 30
0.0
 40
0.15
100
AcDbArc
 50
180.0
 51
270.0
  0
ARC
  5
733
330
1F
100
AcDbEntity
  8
Standard
  6
Continuous
 62
     7
100
AcDbCircle
 10
-24.912
 20
29.538
 30
0.0
 40
0.15
100
AcDbArc
 50
270.0
 51
0.0
  0
ARC
  5
734
330
1F
100
AcDbEntity
  8
Standard
  6
Continuous
 62
     7
100
AcDbCircle
 10
-21.675
 20
29.188
 30
0.0
 40
0.15
100
AcDbArc
 50
90.0
 51
180.0
  0
ARC
  5
735
330
1F
100
AcDbEntity
  8
Standard
  6
Continuous
 62
     7
100
AcDbCircle
 10
-20.205
 20
29.188
 30
0.0
 40
0.15
100
AcDbArc
 50
0.0
 51
90.0
  0
ARC
  5
736
330
1F
100
AcDbEntity
  8
Standard
  6
Continuous
 62
     7
100
AcDbCircle
 10
-20.205
 20
27.288
 30
0.0
 40
0.15
100
AcDbArc
 50
270.0
 51
0.0
  0
ARC
  5
737
330
1F
100
AcDbEntity
  8
Standard
  6
Continuous
 62
     7
100
AcDbCircle
 10
-21.675
 20
27.288
 30
0.0
 40
0.15
100
AcDbArc
 50
180.0
 51
270.0
  0
ARC
  5
738
330
1F
100
AcDbEntity
  8
Standard
  6
Continuous
 62
     7
100
AcDbCircle
 10
-16.595
 20
27.288
 30
0.0
 40
0.15
100
AcDbArc
 50
180.0
 51
270.0
  0
ARC
  5
739
330
1F
100
AcDbEntity
  8
Standard
  6
Continuous
 62
     7
100
AcDbCircle
 10
-15.125
 20
29.188
 30
0.0
 40
0.15
100
AcDbArc
 50
0.0
 51
90.0
  0
ARC
  5
73A
330
1F
100
AcDbEntity
  8
Standard
  6
Continuous
 62
     7
100
AcDbCircle
 10
-16.595
 20
29.188
 30
0.0
 40
0.15
100
AcDbArc
 50
90.0
 51
180.0
  0
ARC
  5
73B
330
1F
100
AcDbEntity
  8
Standard
  6
Continuous
 62
     7
100
AcDbCircle
 10
-10.045
 20
27.288
 30
0.0
 40
0.15
100
AcDbArc
 50
270.0
 51
0.0
  0
ARC
  5
73C
330
1F
100
AcDbEntity
  8
Standard
  6
Continuous
 62
     7
100
AcDbCircle
 10
-10.045
 20
29.188
 30
0.0
 40
0.15
100
AcDbArc
 50
0.0
 51
90.0
  0
ARC
  5
73D
330
1F
100
AcDbEntity
  8
Standard
  6
Continuous
 62
     7
100
AcDbCircle
 10
-11.515
 20
27.288
 30
0.0
 40
0.15
100
AcDbArc
 50
180.0
 51
270.0
  0
ARC
  5
73E
330
1F
100
AcDbEntity
  8
Standard
  6
Continuous
 62
     7
100
AcDbCircle
 10
-11.515
 20
29.188
 30
0.0
 40
0.15
100
AcDbArc
 50
90.0
 51
180.0
  0
ARC
  5
73F
330
1F
100
AcDbEntity
  8
Standard
  6
Continuous
 62
     7
100
AcDbCircle
 10
-15.125
 20
27.288
 30
0.0
 40
0.15
100
AcDbArc
 50
270.0
 51
0.0
  0
ARC
  5
740
330
1F
100
AcDbEntity
  8
Standard
  6
Continuous
 62
     7
100
AcDbCircle
 10
-10.045
 20
24.528
 30
0.0
 40
0.15
100
AcDbArc
 50
0.0
 51
90.0
  0
ARC
  5
741
330
1F
100
AcDbEntity
  8
Standard
  6
Continuous
 62
     7
100
AcDbCircle
 10
-11.515
 20
24.528
 30
0.0
 40
0.15
100
AcDbArc
 50
90.0
 51
180.0
  0
ARC
  5
742
330
1F
100
AcDbEntity
  8
Standard
  6
Continuous
 62
     7
100
AcDbCircle
 10
-10.045
 20
22.628
 30
0.0
 40
0.15
100
AcDbArc
 50
270.0
 51
0.0
  0
ARC
  5
743
330
1F
100
AcDbEntity
  8
Standard
  6
Continuous
 62
     7
100
AcDbCircle
 10
-11.515
 20
22.628
 30
0.0
 40
0.15
100
AcDbArc
 50
180.0
 51
270.0
  0
ARC
  5
744
330
1F
100
AcDbEntity
  8
Standard
  6
Continuous
 62
     7
100
AcDbCircle
 10
-6.624
 20
24.31
 30
0.0
 40
0.15
100
AcDbArc
 50
0.0
 51
90.0
  0
ARC
  5
745
330
1F
100
AcDbEntity
  8
Standard
  6
Continuous
 62
     7
100
AcDbCircle
 10
-6.624
 20
23.31
 30
0.0
 40
0.15
100
AcDbArc
 50
270.0
 51
0.0
  0
ARC
  5
746
330
1F
100
AcDbEntity
  8
Standard
  6
Continuous
 62
     7
100
AcDbCircle
 10
-7.824
 20
23.31
 30
0.0
 40
0.15
100
AcDbArc
 50
180.0
 51
270.0
  0
ARC
  5
747
330
1F
100
AcDbEntity
  8
Standard
  6
Continuous
 62
     7
100
AcDbCircle
 10
-7.824
 20
22.41
 30
0.0
 40
0.15
100
AcDbArc
 50
90.0
 51
180.0
  0
ARC
  5
748
330
1F
100
AcDbEntity
  8
Standard
  6
Continuous
 62
     7
100
AcDbCircle
 10
-6.624
 20
22.41
 30
0.0
 40
0.15
100
AcDbArc
 50
0.0
 51
90.0
  0
ARC
  5
749
330
1F
100
AcDbEntity
  8
Standard
  6
Continuous
 62
     7
100
AcDbCircle
 10
-6.624
 20
21.41
 30
0.0
 40
0.15
100
AcDbArc
 50
270.0
 51
0.0
  0
ARC
  5
74A
330
1F
100
AcDbEntity
  8
Standard
  6
Continuous
 62
     7
100
AcDbCircle
 10
-7.824
 20
21.41
 30
0.0
 40
0.15
100
AcDbArc
 50
180.0
 51
270.0
  0
ARC
  5
74B
330
1F
100
AcDbEntity
  8
Standard
  6
Continuous
 62
     7
100
AcDbCircle
 10
-7.824
 20
24.31
 30
0.0
 40
0.15
100
AcDbArc
 50
90.0
 51
180.0
  0
ARC
  5
74C
330
1F
100
AcDbEntity
  8
Standard
  6
Continuous
 62
     7
100
AcDbCircle
 10
-10.045
 20
20.044
 30
0.0
 40
0.15
100
AcDbArc
 50
0.0
 51
90.0
  0
ARC
  5
74D
330
1F
100
AcDbEntity
  8
Standard
  6
Continuous
 62
     7
100
AcDbCircle
 10
-11.515
 20
20.044
 30
0.0
 40
0.15
100
AcDbArc
 50
90.0
 51
180.0
  0
ARC
  5
74E
330
1F
100
AcDbEntity
  8
Standard
  6
Continuous
 62
     7
100
AcDbCircle
 10
-10.045
 20
18.144
 30
0.0
 40
0.15
100
AcDbArc
 50
270.0
 51
0.0
  0
ARC
  5
74F
330
1F
100
AcDbEntity
  8
Standard
  6
Continuous
 62
     7
100
AcDbCircle
 10
-11.515
 20
18.144
 30
0.0
 40
0.15
100
AcDbArc
 50
180.0
 51
270.0
  0
ARC
  5
750
330
1F
100
AcDbEntity
  8
Standard
  6
Continuous
 62
     7
100
AcDbCircle
 10
-6.624
 20
17.706
 30
0.0
 40
0.15
100
AcDbArc
 50
0.0
 51
90.0
  0
ARC
  5
751
330
1F
100
AcDbEntity
  8
Standard
  6
Continuous
 62
     7
100
AcDbCircle
 10
-7.824
 20
17.706
 30
0.0
 40
0.15
100
AcDbArc
 50
90.0
 51
180.0
  0
ARC
  5
752
330
1F
100
AcDbEntity
  8
Standard
  6
Continuous
 62
     7
100
AcDbCircle
 10
-6.624
 20
16.706
 30
0.0
 40
0.15
100
AcDbArc
 50
270.0
 51
0.0
  0
ARC
  5
753
330
1F
100
AcDbEntity
  8
Standard
  6
Continuous
 62
     7
100
AcDbCircle
 10
-7.824
 20
16.706
 30
0.0
 40
0.15
100
AcDbArc
 50
180.0
 51
270.0
  0
ARC
  5
754
330
1F
100
AcDbEntity
  8
Standard
  6
Continuous
 62
     7
100
AcDbCircle
 10
-6.624
 20
15.806
 30
0.0
 40
0.15
100
AcDbArc
 50
0.0
 51
90.0
  0
ARC
  5
755
330
1F
100
AcDbEntity
  8
Standard
  6
Continuous
 62
     7
100
AcDbCircle
 10
-6.624
 20
14.806
 30
0.0
 40
0.15
100
AcDbArc
 50
270.0
 51
0.0
  0
ARC
  5
756
330
1F
100
AcDbEntity
  8
Standard
  6
Continuous
 62
     7
100
AcDbCircle
 10
-7.824
 20
14.806
 30
0.0
 40
0.15
100
AcDbArc
 50
180.0
 51
270.0
  0
ARC
  5
757
330
1F
100
AcDbEntity
  8
Standard
  6
Continuous
 62
     7
100
AcDbCircle
 10
-7.824
 20
15.806
 30
0.0
 40
0.15
100
AcDbArc
 50
90.0
 51
180.0
  0
ARC
  5
758
330
1F
100
AcDbEntity
  8
Standard
  6
Continuous
 62
     7
100
AcDbCircle
 10
-10.18
 20
16.182
 30
0.0
 40
0.15
100
AcDbArc
 50
0.0
 51
90.0
  0
ARC
  5
759
330
1F
100
AcDbEntity
  8
Standard
  6
Continuous
 62
     7
100
AcDbCircle
 10
-11.38
 20
16.182
 30
0.0
 40
0.15
100
AcDbArc
 50
90.0
 51
180.0
  0
ARC
  5
75A
330
1F
100
AcDbEntity
  8
Standard
  6
Continuous
 62
     7
100
AcDbCircle
 10
-10.18
 20
15.182
 30
0.0
 40
0.15
100
AcDbArc
 50
270.0
 51
0.0
  0
ARC
  5
75B
330
1F
100
AcDbEntity
  8
Standard
  6
Continuous
 62
     7
100
AcDbCircle
 10
-11.38
 20
15.182
 30
0.0
 40
0.15
100
AcDbArc
 50
180.0
 51
270.0
  0
ARC
  5
75C
330
1F
100
AcDbEntity
  8
Standard
  6
Continuous
 62
     7
100
AcDbCircle
 10
-10.18
 20
14.282
 30
0.0
 40
0.15
100
AcDbArc
 50
0.0
 51
90.0
  0
ARC
  5
75D
330
1F
100
AcDbEntity
  8
Standard
  6
Continuous
 62
     7
100
AcDbCircle
 10
-10.18
 20
13.282
 30
0.0
 40
0.15
100
AcDbArc
 50
270.0
 51
0.0
  0
ARC
  5
75E
330
1F
100
AcDbEntity
  8
Standard
  6
Continuous
 62
     7
100
AcDbCircle
 10
-11.38
 20
13.282
 30
0.0
 40
0.15
100
AcDbArc
 50
180.0
 51
270.0
  0
ARC
  5
75F
330
1F
100
AcDbEntity
  8
Standard
  6
Continuous
 62
     7
100
AcDbCircle
 10
-11.38
 20
14.282
 30
0.0
 40
0.15
100
AcDbArc
 50
90.0
 51
180.0
  0
ARC
  5
760
330
1F
100
AcDbEntity
  8
Standard
  6
Continuous
 62
     7
100
AcDbCircle
 10
-15.26
 20
13.282
 30
0.0
 40
0.15
100
AcDbArc
 50
270.0
 51
0.0
  0
ARC
  5
761
330
1F
100
AcDbEntity
  8
Standard
  6
Continuous
 62
     7
100
AcDbCircle
 10
-15.26
 20
14.282
 30
0.0
 40
0.15
100
AcDbArc
 50
0.0
 51
90.0
  0
ARC
  5
762
330
1F
100
AcDbEntity
  8
Standard
  6
Continuous
 62
     7
100
AcDbCircle
 10
-16.46
 20
14.282
 30
0.0
 40
0.15
100
AcDbArc
 50
90.0
 51
180.0
  0
ARC
  5
763
330
1F
100
AcDbEntity
  8
Standard
  6
Continuous
 62
     7
100
AcDbCircle
 10
-16.46
 20
13.282
 30
0.0
 40
0.15
100
AcDbArc
 50
180.0
 51
270.0
  0
ARC
  5
764
330
1F
100
AcDbEntity
  8
Standard
  6
Continuous
 62
     7
100
AcDbCircle
 10
-15.26
 20
15.182
 30
0.0
 40
0.15
100
AcDbArc
 50
270.0
 51
0.0
  0
ARC
  5
765
330
1F
100
AcDbEntity
  8
Standard
  6
Continuous
 62
     7
100
AcDbCircle
 10
-15.26
 20
16.182
 30
0.0
 40
0.15
100
AcDbArc
 50
0.0
 51
90.0
  0
ARC
  5
766
330
1F
100
AcDbEntity
  8
Standard
  6
Continuous
 62
     7
100
AcDbCircle
 10
-16.46
 20
16.182
 30
0.0
 40
0.15
100
AcDbArc
 50
90.0
 51
180.0
  0
ARC
  5
767
330
1F
100
AcDbEntity
  8
Standard
  6
Continuous
 62
     7
100
AcDbCircle
 10
-16.46
 20
15.182
 30
0.0
 40
0.15
100
AcDbArc
 50
180.0
 51
270.0
  0
ARC
  5
768
330
1F
100
AcDbEntity
  8
Standard
  6
Continuous
 62
     7
100
AcDbCircle
 10
-15.125
 20
18.144
 30
0.0
 40
0.15
100
AcDbArc
 50
270.0
 51
0.0
  0
ARC
  5
769
330
1F
100
AcDbEntity
  8
Standard
  6
Continuous
 62
     7
100
AcDbCircle
 10
-16.595
 20
18.144
 30
0.0
 40
0.15
100
AcDbArc
 50
180.0
 51
270.0
  0
ARC
  5
76A
330
1F
100
AcDbEntity
  8
Standard
  6
Continuous
 62
     7
100
AcDbCircle
 10
-15.125
 20
20.044
 30
0.0
 40
0.15
100
AcDbArc
 50
0.0
 51
90.0
  0
ARC
  5
76B
330
1F
100
AcDbEntity
  8
Standard
  6
Continuous
 62
     7
100
AcDbCircle
 10
-16.595
 20
20.044
 30
0.0
 40
0.15
100
AcDbArc
 50
90.0
 51
180.0
  0
ARC
  5
76C
330
1F
100
AcDbEntity
  8
Standard
  6
Continuous
 62
     7
100
AcDbCircle
 10
-20.205
 20
20.044
 30
0.0
 40
0.15
100
AcDbArc
 50
0.0
 51
90.0
  0
ARC
  5
76D
330
1F
100
AcDbEntity
  8
Standard
  6
Continuous
 62
     7
100
AcDbCircle
 10
-20.205
 20
18.144
 30
0.0
 40
0.15
100
AcDbArc
 50
270.0
 51
0.0
  0
ARC
  5
76E
330
1F
100
AcDbEntity
  8
Standard
  6
Continuous
 62
     7
100
AcDbCircle
 10
-21.675
 20
18.144
 30
0.0
 40
0.15
100
AcDbArc
 50
180.0
 51
270.0
  0
ARC
  5
76F
330
1F
100
AcDbEntity
  8
Standard
  6
Continuous
 62
     7
100
AcDbCircle
 10
-21.675
 20
20.044
 30
0.0
 40
0.15
100
AcDbArc
 50
90.0
 51
180.0
  0
ARC
  5
770
330
1F
100
AcDbEntity
  8
Standard
  6
Continuous
 62
     7
100
AcDbCircle
 10
-20.34
 20
16.182
 30
0.0
 40
0.15
100
AcDbArc
 50
0.0
 51
90.0
  0
ARC
  5
771
330
1F
100
AcDbEntity
  8
Standard
  6
Continuous
 62
     7
100
AcDbCircle
 10
-21.54
 20
16.182
 30
0.0
 40
0.15
100
AcDbArc
 50
90.0
 51
180.0
  0
ARC
  5
772
330
1F
100
AcDbEntity
  8
Standard
  6
Continuous
 62
     7
100
AcDbCircle
 10
-21.54
 20
15.182
 30
0.0
 40
0.15
100
AcDbArc
 50
180.0
 51
270.0
  0
ARC
  5
773
330
1F
100
AcDbEntity
  8
Standard
  6
Continuous
 62
     7
100
AcDbCircle
 10
-20.34
 20
15.182
 30
0.0
 40
0.15
100
AcDbArc
 50
270.0
 51
0.0
  0
ARC
  5
774
330
1F
100
AcDbEntity
  8
Standard
  6
Continuous
 62
     7
100
AcDbCircle
 10
-20.34
 20
14.282
 30
0.0
 40
0.15
100
AcDbArc
 50
0.0
 51
90.0
  0
ARC
  5
775
330
1F
100
AcDbEntity
  8
Standard
  6
Continuous
 62
     7
100
AcDbCircle
 10
-20.34
 20
13.282
 30
0.0
 40
0.15
100
AcDbArc
 50
270.0
 51
0.0
  0
ARC
  5
776
330
1F
100
AcDbEntity
  8
Standard
  6
Continuous
 62
     7
100
AcDbCircle
 10
-21.54
 20
13.282
 30
0.0
 40
0.15
100
AcDbArc
 50
180.0
 51
270.0
  0
ARC
  5
777
330
1F
100
AcDbEntity
  8
Standard
  6
Continuous
 62
     7
100
AcDbCircle
 10
-21.54
 20
14.282
 30
0.0
 40
0.15
100
AcDbArc
 50
90.0
 51
180.0
  0
ARC
  5
778
330
1F
100
AcDbEntity
  8
Standard
  6
Continuous
 62
     7
100
AcDbCircle
 10
-24.2525
 20
14.468
 30
0.0
 40
0.15
100
AcDbArc
 50
0.0
 51
90.0
  0
ARC
  5
779
330
1F
100
AcDbEntity
  8
Standard
  6
Continuous
 62
     7
100
AcDbCircle
 10
-25.7555
 20
14.468
 30
0.0
 40
0.15
100
AcDbArc
 50
90.0
 51
180.0
  0
ARC
  5
77A
330
1F
100
AcDbEntity
  8
Standard
  6
Continuous
 62
     7
100
AcDbCircle
 10
-25.7555
 20
13.168
 30
0.0
 40
0.15
100
AcDbArc
 50
180.0
 51
270.0
  0
ARC
  5
77B
330
1F
100
AcDbEntity
  8
Standard
  6
Continuous
 62
     7
100
AcDbCircle
 10
-24.2525
 20
13.168
 30
0.0
 40
0.15
100
AcDbArc
 50
270.0
 51
0.0
  0
ARC
  5
77C
330
1F
100
AcDbEntity
  8
Standard
  6
Continuous
 62
     7
100
AcDbCircle
 10
-24.2525
 20
16.012
 30
0.0
 40
0.15
100
AcDbArc
 50
270.0
 51
0.0
  0
ARC
  5
77D
330
1F
100
AcDbEntity
  8
Standard
  6
Continuous
 62
     7
100
AcDbCircle
 10
-25.7555
 20
16.012
 30
0.0
 40
0.15
100
AcDbArc
 50
180.0
 51
270.0
  0
ARC
  5
77E
330
1F
100
AcDbEntity
  8
Standard
  6
Continuous
 62
     7
100
AcDbCircle
 10
-25.7555
 20
17.312
 30
0.0
 40
0.15
100
AcDbArc
 50
90.0
 51
180.0
  0
ARC
  5
77F
330
1F
100
AcDbEntity
  8
Standard
  6
Continuous
 62
     7
100
AcDbCircle
 10
-24.2525
 20
17.312
 30
0.0
 40
0.15
100
AcDbArc
 50
0.0
 51
90.0
  0
ARC
  5
780
330
1F
100
AcDbEntity
  8
Standard
  6
Continuous
 62
     7
100
AcDbCircle
 10
-24.154
 20
18.728
 30
0.0
 40
0.15
100
AcDbArc
 50
270.0
 51
0.0
  0
ARC
  5
781
330
1F
100
AcDbEntity
  8
Standard
  6
Continuous
 62
     7
100
AcDbCircle
 10
-24.154
 20
19.928
 30
0.0
 40
0.15
100
AcDbArc
 50
0.0
 51
90.0
  0
ARC
  5
782
330
1F
100
AcDbEntity
  8
Standard
  6
Continuous
 62
     7
100
AcDbCircle
 10
-25.854
 20
19.928
 30
0.0
 40
0.15
100
AcDbArc
 50
90.0
 51
180.0
  0
ARC
  5
783
330
1F
100
AcDbEntity
  8
Standard
  6
Continuous
 62
     7
100
AcDbCircle
 10
-25.854
 20
18.728
 30
0.0
 40
0.15
100
AcDbArc
 50
180.0
 51
270.0
  0
ARC
  5
784
330
1F
100
AcDbEntity
  8
Standard
  6
Continuous
 62
     7
100
AcDbCircle
 10
-24.154
 20
21.728
 30
0.0
 40
0.15
100
AcDbArc
 50
270.0
 51
0.0
  0
ARC
  5
785
330
1F
100
AcDbEntity
  8
Standard
  6
Continuous
 62
     7
100
AcDbCircle
 10
-24.154
 20
22.928
 30
0.0
 40
0.15
100
AcDbArc
 50
0.0
 51
90.0
  0
ARC
  5
786
330
1F
100
AcDbEntity
  8
Standard
  6
Continuous
 62
     7
100
AcDbCircle
 10
-25.854
 20
22.928
 30
0.0
 40
0.15
100
AcDbArc
 50
90.0
 51
180.0
  0
ARC
  5
787
330
1F
100
AcDbEntity
  8
Standard
  6
Continuous
 62
     7
100
AcDbCircle
 10
-25.854
 20
21.728
 30
0.0
 40
0.15
100
AcDbArc
 50
180.0
 51
270.0
  0
ARC
  5
788
330
1F
100
AcDbEntity
  8
Standard
  6
Continuous
 62
     7
100
AcDbCircle
 10
-21.675
 20
22.628
 30
0.0
 40
0.15
100
AcDbArc
 50
180.0
 51
270.0
  0
ARC
  5
789
330
1F
100
AcDbEntity
  8
Standard
  6
Continuous
 62
     7
100
AcDbCircle
 10
-20.205
 20
22.628
 30
0.0
 40
0.15
100
AcDbArc
 50
270.0
 51
0.0
  0
ARC
  5
78A
330
1F
100
AcDbEntity
  8
Standard
  6
Continuous
 62
     7
100
AcDbCircle
 10
-20.205
 20
24.528
 30
0.0
 40
0.15
100
AcDbArc
 50
0.0
 51
90.0
  0
ARC
  5
78B
330
1F
100
AcDbEntity
  8
Standard
  6
Continuous
 62
     7
100
AcDbCircle
 10
-21.675
 20
24.528
 30
0.0
 40
0.15
100
AcDbArc
 50
90.0
 51
180.0
  0
ARC
  5
78C
330
1F
100
AcDbEntity
  8
Standard
  6
Continuous
 62
     7
100
AcDbCircle
 10
-16.595
 20
24.528
 30
0.0
 40
0.15
100
AcDbArc
 50
90.0
 51
180.0
  0
ARC
  5
78D
330
1F
100
AcDbEntity
  8
Standard
  6
Continuous
 62
     7
100
AcDbCircle
 10
-15.125
 20
24.528
 30
0.0
 40
0.15
100
AcDbArc
 50
0.0
 51
90.0
  0
ARC
  5
78E
330
1F
100
AcDbEntity
  8
Standard
  6
Continuous
 62
     7
100
AcDbCircle
 10
-15.125
 20
22.628
 30
0.0
 40
0.15
100
AcDbArc
 50
270.0
 51
0.0
  0
ARC
  5
78F
330
1F
100
AcDbEntity
  8
Standard
  6
Continuous
 62
     7
100
AcDbCircle
 10
-16.595
 20
22.628
 30
0.0
 40
0.15
100
AcDbArc
 50
180.0
 51
270.0
  0
ARC
  5
790
330
1F
100
AcDbEntity
  8
Standard
  6
Continuous
 62
     7
100
AcDbCircle
 10
-30.15
 20
11.94
 30
0.0
 40
0.15
100
AcDbArc
 50
270.0
 51
0.0
  0
ARC
  5
791
330
1F
100
AcDbEntity
  8
Standard
  6
Continuous
 62
     7
100
AcDbCircle
 10
-32.05
 20
11.94
 30
0.0
 40
0.15
100
AcDbArc
 50
180.0
 51
270.0
  0
ARC
  5
792
330
1F
100
AcDbEntity
  8
Standard
  6
Continuous
 62
     7
100
AcDbCircle
 10
-30.15
 20
13.44
 30
0.0
 40
0.15
100
AcDbArc
 50
0.0
 51
90.0
  0
ARC
  5
793
330
1F
100
AcDbEntity
  8
Standard
  6
Continuous
 62
     7
100
AcDbCircle
 10
-32.05
 20
13.44
 30
0.0
 40
0.15
100
AcDbArc
 50
90.0
 51
180.0
  0
ARC
  5
794
330
1F
100
AcDbEntity
  8
Standard
  6
Continuous
 62
     7
100
AcDbCircle
 10
-30.15
 20
17.04
 30
0.0
 40
0.15
100
AcDbArc
 50
270.0
 51
0.0
  0
ARC
  5
795
330
1F
100
AcDbEntity
  8
Standard
  6
Continuous
 62
     7
100
AcDbCircle
 10
-32.05
 20
17.04
 30
0.0
 40
0.15
100
AcDbArc
 50
180.0
 51
270.0
  0
ARC
  5
796
330
1F
100
AcDbEntity
  8
Standard
  6
Continuous
 62
     7
100
AcDbCircle
 10
-30.15
 20
18.54
 30
0.0
 40
0.15
100
AcDbArc
 50
0.0
 51
90.0
  0
ARC
  5
797
330
1F
100
AcDbEntity
  8
Standard
  6
Continuous
 62
     7
100
AcDbCircle
 10
-32.05
 20
18.54
 30
0.0
 40
0.15
100
AcDbArc
 50
90.0
 51
180.0
  0
ARC
  5
798
330
1F
100
AcDbEntity
  8
Standard
  6
Continuous
 62
     7
100
AcDbCircle
 10
-29.45
 20
22.367
 30
0.0
 40
0.15
100
AcDbArc
 50
270.0
 51
0.0
  0
ARC
  5
799
330
1F
100
AcDbEntity
  8
Standard
  6
Continuous
 62
     7
100
AcDbCircle
 10
-32.75
 20
22.367
 30
0.0
 40
0.15
100
AcDbArc
 50
180.0
 51
270.0
  0
ARC
  5
79A
330
1F
100
AcDbEntity
  8
Standard
  6
Continuous
 62
     7
100
AcDbCircle
 10
-29.45
 20
24.267
 30
0.0
 40
0.15
100
AcDbArc
 50
0.0
 51
90.0
  0
ARC
  5
79B
330
1F
100
AcDbEntity
  8
Standard
  6
Continuous
 62
     7
100
AcDbCircle
 10
-32.75
 20
24.267
 30
0.0
 40
0.15
100
AcDbArc
 50
90.0
 51
180.0
  0
ARC
  5
79C
330
1F
100
AcDbEntity
  8
Standard
  6
Continuous
 62
     7
100
AcDbCircle
 10
-29.351
 20
25.815
 30
0.0
 40
0.15
100
AcDbArc
 50
270.0
 51
0.0
  0
ARC
  5
79D
330
1F
100
AcDbEntity
  8
Standard
  6
Continuous
 62
     7
100
AcDbCircle
 10
-32.849
 20
27.315
 30
0.0
 40
0.15
100
AcDbArc
 50
90.0
 51
180.0
  0
ARC
  5
79E
330
1F
100
AcDbEntity
  8
Standard
  6
Continuous
 62
     7
100
AcDbCircle
 10
-32.349
 20
25.815
 30
0.0
 40
0.15
100
AcDbArc
 50
270.0
 51
0.0
  0
ARC
  5
79F
330
1F
100
AcDbEntity
  8
Standard
  6
Continuous
 62
     7
100
AcDbCircle
 10
-32.349
 20
27.315
 30
0.0
 40
0.15
100
AcDbArc
 50
0.0
 51
90.0
  0
ARC
  5
7A0
330
1F
100
AcDbEntity
  8
Standard
  6
Continuous
 62
     7
100
AcDbCircle
 10
-30.85
 20
27.311
 30
0.0
 40
0.15
100
AcDbArc
 50
0.0
 51
90.0
  0
ARC
  5
7A1
330
1F
100
AcDbEntity
  8
Standard
  6
Continuous
 62
     7
100
AcDbCircle
 10
-31.35
 20
27.311
 30
0.0
 40
0.15
100
AcDbArc
 50
90.0
 51
180.0
  0
ARC
  5
7A2
330
1F
100
AcDbEntity
  8
Standard
  6
Continuous
 62
     7
100
AcDbCircle
 10
-29.851
 20
27.315
 30
0.0
 40
0.15
100
AcDbArc
 50
90.0
 51
180.0
  0
ARC
  5
7A3
330
1F
100
AcDbEntity
  8
Standard
  6
Continuous
 62
     7
100
AcDbCircle
 10
-29.351
 20
27.315
 30
0.0
 40
0.15
100
AcDbArc
 50
0.0
 51
90.0
  0
ARC
  5
7A4
330
1F
100
AcDbEntity
  8
Standard
  6
Continuous
 62
     7
100
AcDbCircle
 10
-29.851
 20
25.815
 30
0.0
 40
0.15
100
AcDbArc
 50
180.0
 51
270.0
  0
ARC
  5
7A5
330
1F
100
AcDbEntity
  8
Standard
  6
Continuous
 62
     7
100
AcDbCircle
 10
-32.849
 20
25.815
 30
0.0
 40
0.15
100
AcDbArc
 50
180.0
 51
270.0
  0
ARC
  5
7A6
330
1F
100
AcDbEntity
  8
Standard
  6
Continuous
 62
     7
100
AcDbCircle
 10
-28.329
 20
28.5472
 30
0.0
 40
0.15
100
AcDbArc
 50
270.0
 51
0.0
  0
ARC
  5
7A7
330
1F
100
AcDbEntity
  8
Standard
  6
Continuous
 62
     7
100
AcDbCircle
 10
-28.329
 20
30.4824
 30
0.0
 40
0.15
100
AcDbArc
 50
0.0
 51
90.0
  0
ARC
  5
7A8
330
1F
100
AcDbEntity
  8
Standard
  6
Continuous
 62
     7
100
AcDbCircle
 10
-29.2482
 20
30.4824
 30
0.0
 40
0.15
100
AcDbArc
 50
90.0
 51
180.0
  0
ARC
  5
7A9
330
1F
100
AcDbEntity
  8
Standard
  6
Continuous
 62
     7
100
AcDbCircle
 10
-29.2482
 20
28.5472
 30
0.0
 40
0.15
100
AcDbArc
 50
180.0
 51
270.0
  0
ARC
  5
7AA
330
1F
100
AcDbEntity
  8
Standard
  6
Continuous
 62
     7
100
AcDbCircle
 10
-30.6404
 20
28.5472
 30
0.0
 40
0.15
100
AcDbArc
 50
270.0
 51
0.0
  0
ARC
  5
7AB
330
1F
100
AcDbEntity
  8
Standard
  6
Continuous
 62
     7
100
AcDbCircle
 10
-31.5596
 20
28.5472
 30
0.0
 40
0.15
100
AcDbArc
 50
180.0
 51
270.0
  0
ARC
  5
7AC
330
1F
100
AcDbEntity
  8
Standard
  6
Continuous
 62
     7
100
AcDbCircle
 10
-30.6404
 20
30.4824
 30
0.0
 40
0.15
100
AcDbArc
 50
0.0
 51
90.0
  0
ARC
  5
7AD
330
1F
100
AcDbEntity
  8
Standard
  6
Continuous
 62
     7
100
AcDbCircle
 10
-31.5596
 20
30.4824
 30
0.0
 40
0.15
100
AcDbArc
 50
90.0
 51
180.0
  0
ARC
  5
7AE
330
1F
100
AcDbEntity
  8
Standard
  6
Continuous
 62
     7
100
AcDbCircle
 10
-32.9518
 20
30.4824
 30
0.0
 40
0.15
100
AcDbArc
 50
0.0
 51
90.0
  0
ARC
  5
7AF
330
1F
100
AcDbEntity
  8
Standard
  6
Continuous
 62
     7
100
AcDbCircle
 10
-33.871
 20
30.4824
 30
0.0
 40
0.15
100
AcDbArc
 50
90.0
 51
180.0
  0
ARC
  5
7B0
330
1F
100
AcDbEntity
  8
Standard
  6
Continuous
 62
     7
100
AcDbCircle
 10
-32.9518
 20
28.5472
 30
0.0
 40
0.15
100
AcDbArc
 50
270.0
 51
0.0
  0
ARC
  5
7B1
330
1F
100
AcDbEntity
  8
Standard
  6
Continuous
 62
     7
100
AcDbCircle
 10
-33.871
 20
28.5472
 30
0.0
 40
0.15
100
AcDbArc
 50
180.0
 51
270.0
  0
ARC
  5
7B2
330
1F
100
AcDbEntity
  8
Standard
  6
Continuous
 62
     7
100
AcDbCircle
 10
-29.65
 20
32.928
 30
0.0
 40
0.15
100
AcDbArc
 50
270.0
 51
360.0
  0
ARC
  5
7B3
330
1F
100
AcDbEntity
  8
Standard
  6
Continuous
 62
     7
100
AcDbCircle
 10
-30.65
 20
32.928
 30
0.0
 40
0.15
100
AcDbArc
 50
180.0
 51
270.0
  0
ARC
  5
7B4
330
1F
100
AcDbEntity
  8
Standard
  6
Continuous
 62
     7
100
AcDbCircle
 10
-30.65
 20
34.128
 30
0.0
 40
0.15
100
AcDbArc
 50
90.0
 51
180.0
  0
ARC
  5
7B5
330
1F
100
AcDbEntity
  8
Standard
  6
Continuous
 62
     7
100
AcDbCircle
 10
-29.65
 20
34.128
 30
0.0
 40
0.15
100
AcDbArc
 50
0.0
 51
90.0
  0
ARC
  5
7B6
330
1F
100
AcDbEntity
  8
Standard
  6
Continuous
 62
     7
100
AcDbCircle
 10
-31.55
 20
34.128
 30
0.0
 40
0.15
100
AcDbArc
 50
0.0
 51
90.0
  0
ARC
  5
7B7
330
1F
100
AcDbEntity
  8
Standard
  6
Continuous
 62
     7
100
AcDbCircle
 10
-31.55
 20
32.928
 30
0.0
 40
0.15
100
AcDbArc
 50
270.0
 51
0.0
  0
ARC
  5
7B8
330
1F
100
AcDbEntity
  8
Standard
  6
Continuous
 62
     7
100
AcDbCircle
 10
-32.55
 20
32.928
 30
0.0
 40
0.15
100
AcDbArc
 50
180.0
 51
270.0
  0
ARC
  5
7B9
330
1F
100
AcDbEntity
  8
Standard
  6
Continuous
 62
     7
100
AcDbCircle
 10
-32.55
 20
34.128
 30
0.0
 40
0.15
100
AcDbArc
 50
90.0
 51
180.0
  0
ARC
  5
7BA
330
1F
100
AcDbEntity
  8
Standard
  6
Continuous
 62
     7
100
AcDbCircle
 10
-24.912
 20
35.634
 30
0.0
 40
0.15
100
AcDbArc
 50
270.0
 51
360.0
  0
ARC
  5
7BB
330
1F
100
AcDbEntity
  8
Standard
  6
Continuous
 62
     7
100
AcDbCircle
 10
-26.112
 20
35.634
 30
0.0
 40
0.15
100
AcDbArc
 50
180.0
 51
270.0
  0
ARC
  5
7BC
330
1F
100
AcDbEntity
  8
Standard
  6
Continuous
 62
     7
100
AcDbCircle
 10
-26.112
 20
36.634
 30
0.0
 40
0.15
100
AcDbArc
 50
90.0
 51
180.0
  0
ARC
  5
7BD
330
1F
100
AcDbEntity
  8
Standard
  6
Continuous
 62
     7
100
AcDbCircle
 10
-24.912
 20
36.634
 30
0.0
 40
0.15
100
AcDbArc
 50
0.0
 51
90.0
  0
ARC
  5
7BE
330
1F
100
AcDbEntity
  8
Standard
  6
Continuous
 62
     7
100
AcDbCircle
 10
-24.912
 20
37.534
 30
0.0
 40
0.15
100
AcDbArc
 50
270.0
 51
0.0
  0
ARC
  5
7BF
330
1F
100
AcDbEntity
  8
Standard
  6
Continuous
 62
     7
100
AcDbCircle
 10
-24.912
 20
38.534
 30
0.0
 40
0.15
100
AcDbArc
 50
0.0
 51
90.0
  0
ARC
  5
7C0
330
1F
100
AcDbEntity
  8
Standard
  6
Continuous
 62
     7
100
AcDbCircle
 10
-26.112
 20
38.534
 30
0.0
 40
0.15
100
AcDbArc
 50
90.0
 51
180.0
  0
ARC
  5
7C1
330
1F
100
AcDbEntity
  8
Standard
  6
Continuous
 62
     7
100
AcDbCircle
 10
-26.112
 20
37.534
 30
0.0
 40
0.15
100
AcDbArc
 50
180.0
 51
270.0
  0
ARC
  5
7C2
330
1F
100
AcDbEntity
  8
Standard
  6
Continuous
 62
     7
100
AcDbCircle
 10
-9.36
 20
44.378
 30
0.0
 40
0.15
100
AcDbArc
 50
0.0
 51
90.0
  0
ARC
  5
7C3
330
1F
100
AcDbEntity
  8
Standard
  6
Continuous
 62
     7
100
AcDbCircle
 10
-9.66
 20
44.378
 30
0.0
 40
0.15
100
AcDbArc
 50
90.0
 51
180.0
  0
ARC
  5
7C4
330
1F
100
AcDbEntity
  8
Standard
  6
Continuous
 62
     7
100
AcDbCircle
 10
-4.846
 20
51.89
 30
0.0
 40
0.15
100
AcDbArc
 50
270.0
 51
0.0
  0
ARC
  5
7C5
330
1F
100
AcDbEntity
  8
Standard
  6
Continuous
 62
     7
100
AcDbCircle
 10
-6.046
 20
51.89
 30
0.0
 40
0.15
100
AcDbArc
 50
180.0
 51
270.0
  0
ARC
  5
7C6
330
1F
100
AcDbEntity
  8
Standard
  6
Continuous
 62
     7
100
AcDbCircle
 10
-4.846
 20
52.89
 30
0.0
 40
0.15
100
AcDbArc
 50
0.0
 51
90.0
  0
ARC
  5
7C7
330
1F
100
AcDbEntity
  8
Standard
  6
Continuous
 62
     7
100
AcDbCircle
 10
-6.046
 20
52.89
 30
0.0
 40
0.15
100
AcDbArc
 50
90.0
 51
180.0
  0
ARC
  5
7C8
330
1F
100
AcDbEntity
  8
Standard
  6
Continuous
 62
     7
100
AcDbCircle
 10
-8.402
 20
51.89
 30
0.0
 40
0.15
100
AcDbArc
 50
270.0
 51
0.0
  0
ARC
  5
7C9
330
1F
100
AcDbEntity
  8
Standard
  6
Continuous
 62
     7
100
AcDbCircle
 10
-8.402
 20
52.89
 30
0.0
 40
0.15
100
AcDbArc
 50
0.0
 51
90.0
  0
ARC
  5
7CA
330
1F
100
AcDbEntity
  8
Standard
  6
Continuous
 62
     7
100
AcDbCircle
 10
-9.602
 20
51.89
 30
0.0
 40
0.15
100
AcDbArc
 50
180.0
 51
270.0
  0
ARC
  5
7CB
330
1F
100
AcDbEntity
  8
Standard
  6
Continuous
 62
     7
100
AcDbCircle
 10
-9.602
 20
52.89
 30
0.0
 40
0.15
100
AcDbArc
 50
90.0
 51
180.0
  0
ARC
  5
7CC
330
1F
100
AcDbEntity
  8
Standard
  6
Continuous
 62
     7
100
AcDbCircle
 10
-8.402
 20
53.79
 30
0.0
 40
0.15
100
AcDbArc
 50
270.0
 51
0.0
  0
ARC
  5
7CD
330
1F
100
AcDbEntity
  8
Standard
  6
Continuous
 62
     7
100
AcDbCircle
 10
-9.602
 20
53.79
 30
0.0
 40
0.15
100
AcDbArc
 50
180.0
 51
270.0
  0
ARC
  5
7CE
330
1F
100
AcDbEntity
  8
Standard
  6
Continuous
 62
     7
100
AcDbCircle
 10
-9.602
 20
54.79
 30
0.0
 40
0.15
100
AcDbArc
 50
90.0
 51
180.0
  0
ARC
  5
7CF
330
1F
100
AcDbEntity
  8
Standard
  6
Continuous
 62
     7
100
AcDbCircle
 10
-8.402
 20
54.79
 30
0.0
 40
0.15
100
AcDbArc
 50
0.0
 51
90.0
  0
ARC
  5
7D0
330
1F
100
AcDbEntity
  8
Standard
  6
Continuous
 62
     7
100
AcDbCircle
 10
-6.046
 20
54.79
 30
0.0
 40
0.15
100
AcDbArc
 50
90.0
 51
180.0
  0
ARC
  5
7D1
330
1F
100
AcDbEntity
  8
Standard
  6
Continuous
 62
     7
100
AcDbCircle
 10
-4.846
 20
54.79
 30
0.0
 40
0.15
100
AcDbArc
 50
0.0
 51
90.0
  0
ARC
  5
7D2
330
1F
100
AcDbEntity
  8
Standard
  6
Continuous
 62
     7
100
AcDbCircle
 10
-4.846
 20
53.79
 30
0.0
 40
0.15
100
AcDbArc
 50
270.0
 51
0.0
  0
ARC
  5
7D3
330
1F
100
AcDbEntity
  8
Standard
  6
Continuous
 62
     7
100
AcDbCircle
 10
-6.046
 20
53.79
 30
0.0
 40
0.15
100
AcDbArc
 50
180.0
 51
270.0
  0
ARC
  5
7D4
330
1F
100
AcDbEntity
  8
Standard
  6
Continuous
 62
     7
100
AcDbCircle
 10
-3.506
 20
56.97
 30
0.0
 40
0.15
100
AcDbArc
 50
180.0
 51
270.0
  0
ARC
  5
7D5
330
1F
100
AcDbEntity
  8
Standard
  6
Continuous
 62
     7
100
AcDbCircle
 10
-2.306
 20
56.97
 30
0.0
 40
0.15
100
AcDbArc
 50
270.0
 51
0.0
  0
ARC
  5
7D6
330
1F
100
AcDbEntity
  8
Standard
  6
Continuous
 62
     7
100
AcDbCircle
 10
-2.306
 20
57.97
 30
0.0
 40
0.15
100
AcDbArc
 50
0.0
 51
90.0
  0
ARC
  5
7D7
330
1F
100
AcDbEntity
  8
Standard
  6
Continuous
 62
     7
100
AcDbCircle
 10
-3.506
 20
57.97
 30
0.0
 40
0.15
100
AcDbArc
 50
90.0
 51
180.0
  0
ARC
  5
7D8
330
1F
100
AcDbEntity
  8
Standard
  6
Continuous
 62
     7
100
AcDbCircle
 10
-2.306
 20
58.87
 30
0.0
 40
0.15
100
AcDbArc
 50
270.0
 51
0.0
  0
ARC
  5
7D9
330
1F
100
AcDbEntity
  8
Standard
  6
Continuous
 62
     7
100
AcDbCircle
 10
-3.506
 20
58.87
 30
0.0
 40
0.15
100
AcDbArc
 50
180.0
 51
270.0
  0
ARC
  5
7DA
330
1F
100
AcDbEntity
  8
Standard
  6
Continuous
 62
     7
100
AcDbCircle
 10
-3.506
 20
59.87
 30
0.0
 40
0.15
100
AcDbArc
 50
90.0
 51
180.0
  0
ARC
  5
7DB
330
1F
100
AcDbEntity
  8
Standard
  6
Continuous
 62
     7
100
AcDbCircle
 10
-2.306
 20
59.87
 30
0.0
 40
0.15
100
AcDbArc
 50
0.0
 51
90.0
  0
ARC
  5
7DC
330
1F
100
AcDbEntity
  8
Standard
  6
Continuous
 62
     7
100
AcDbCircle
 10
-65.0886
 20
27.9844
 30
0.0
 40
0.15
100
AcDbArc
 50
270.0
 51
360.0
  0
ARC
  5
7DD
330
1F
100
AcDbEntity
  8
Standard
  6
Continuous
 62
     7
100
AcDbCircle
 10
-66.8206
 20
27.9844
 30
0.0
 40
0.15
100
AcDbArc
 50
180.0
 51
270.0
  0
ARC
  5
7DE
330
1F
100
AcDbEntity
  8
Standard
  6
Continuous
 62
     7
100
AcDbCircle
 10
-65.0886
 20
28.3448
 30
0.0
 40
0.15
100
AcDbArc
 50
0.0
 51
90.0
  0
ARC
  5
7DF
330
1F
100
AcDbEntity
  8
Standard
  6
Continuous
 62
     7
100
AcDbCircle
 10
-66.8206
 20
28.3448
 30
0.0
 40
0.15
100
AcDbArc
 50
90.0
 51
180.0
  0
ARC
  5
7E0
330
1F
100
AcDbEntity
  8
Standard
  6
Continuous
 62
     7
100
AcDbCircle
 10
-65.0886
 20
29.2544
 30
0.0
 40
0.15
100
AcDbArc
 50
270.0
 51
360.0
  0
ARC
  5
7E1
330
1F
100
AcDbEntity
  8
Standard
  6
Continuous
 62
     7
100
AcDbCircle
 10
-66.8206
 20
29.2544
 30
0.0
 40
0.15
100
AcDbArc
 50
180.0
 51
270.0
  0
ARC
  5
7E2
330
1F
100
AcDbEntity
  8
Standard
  6
Continuous
 62
     7
100
AcDbCircle
 10
-65.0886
 20
29.6148
 30
0.0
 40
0.15
100
AcDbArc
 50
0.0
 51
90.0
  0
ARC
  5
7E3
330
1F
100
AcDbEntity
  8
Standard
  6
Continuous
 62
     7
100
AcDbCircle
 10
-66.8206
 20
29.6148
 30
0.0
 40
0.15
100
AcDbArc
 50
90.0
 51
180.0
  0
ARC
  5
7E4
330
1F
100
AcDbEntity
  8
Standard
  6
Continuous
 62
     7
100
AcDbCircle
 10
-65.0886
 20
30.5244
 30
0.0
 40
0.15
100
AcDbArc
 50
270.0
 51
360.0
  0
ARC
  5
7E5
330
1F
100
AcDbEntity
  8
Standard
  6
Continuous
 62
     7
100
AcDbCircle
 10
-66.8206
 20
30.5244
 30
0.0
 40
0.15
100
AcDbArc
 50
180.0
 51
270.0
  0
ARC
  5
7E6
330
1F
100
AcDbEntity
  8
Standard
  6
Continuous
 62
     7
100
AcDbCircle
 10
-65.0886
 20
30.8848
 30
0.0
 40
0.15
100
AcDbArc
 50
0.0
 51
90.0
  0
ARC
  5
7E7
330
1F
100
AcDbEntity
  8
Standard
  6
Continuous
 62
     7
100
AcDbCircle
 10
-66.8206
 20
30.8848
 30
0.0
 40
0.15
100
AcDbArc
 50
90.0
 51
180.0
  0
ARC
  5
7E8
330
1F
100
AcDbEntity
  8
Standard
  6
Continuous
 62
     7
100
AcDbCircle
 10
-65.0886
 20
31.7944
 30
0.0
 40
0.15
100
AcDbArc
 50
270.0
 51
360.0
  0
ARC
  5
7E9
330
1F
100
AcDbEntity
  8
Standard
  6
Continuous
 62
     7
100
AcDbCircle
 10
-66.8206
 20
31.7944
 30
0.0
 40
0.15
100
AcDbArc
 50
180.0
 51
270.0
  0
ARC
  5
7EA
330
1F
100
AcDbEntity
  8
Standard
  6
Continuous
 62
     7
100
AcDbCircle
 10
-65.0886
 20
32.1548
 30
0.0
 40
0.15
100
AcDbArc
 50
0.0
 51
90.0
  0
ARC
  5
7EB
330
1F
100
AcDbEntity
  8
Standard
  6
Continuous
 62
     7
100
AcDbCircle
 10
-66.8206
 20
32.1548
 30
0.0
 40
0.15
100
AcDbArc
 50
90.0
 51
180.0
  0
ARC
  5
7EC
330
1F
100
AcDbEntity
  8
Standard
  6
Continuous
 62
     7
100
AcDbCircle
 10
-65.0886
 20
33.0644
 30
0.0
 40
0.15
100
AcDbArc
 50
270.0
 51
360.0
  0
ARC
  5
7ED
330
1F
100
AcDbEntity
  8
Standard
  6
Continuous
 62
     7
100
AcDbCircle
 10
-66.8206
 20
33.0644
 30
0.0
 40
0.15
100
AcDbArc
 50
180.0
 51
270.0
  0
ARC
  5
7EE
330
1F
100
AcDbEntity
  8
Standard
  6
Continuous
 62
     7
100
AcDbCircle
 10
-65.0886
 20
33.4248
 30
0.0
 40
0.15
100
AcDbArc
 50
0.0
 51
90.0
  0
ARC
  5
7EF
330
1F
100
AcDbEntity
  8
Standard
  6
Continuous
 62
     7
100
AcDbCircle
 10
-66.8206
 20
33.4248
 30
0.0
 40
0.15
100
AcDbArc
 50
90.0
 51
180.0
  0
ARC
  5
7F0
330
1F
100
AcDbEntity
  8
Standard
  6
Continuous
 62
     7
100
AcDbCircle
 10
-65.0886
 20
34.3344
 30
0.0
 40
0.15
100
AcDbArc
 50
270.0
 51
360.0
  0
ARC
  5
7F1
330
1F
100
AcDbEntity
  8
Standard
  6
Continuous
 62
     7
100
AcDbCircle
 10
-66.8206
 20
34.3344
 30
0.0
 40
0.15
100
AcDbArc
 50
180.0
 51
270.0
  0
ARC
  5
7F2
330
1F
100
AcDbEntity
  8
Standard
  6
Continuous
 62
     7
100
AcDbCircle
 10
-65.0886
 20
34.6948
 30
0.0
 40
0.15
100
AcDbArc
 50
0.0
 51
90.0
  0
ARC
  5
7F3
330
1F
100
AcDbEntity
  8
Standard
  6
Continuous
 62
     7
100
AcDbCircle
 10
-66.8206
 20
34.6948
 30
0.0
 40
0.15
100
AcDbArc
 50
90.0
 51
180.0
  0
ARC
  5
7F4
330
1F
100
AcDbEntity
  8
Standard
  6
Continuous
 62
     7
100
AcDbCircle
 10
-65.0886
 20
35.6044
 30
0.0
 40
0.15
100
AcDbArc
 50
270.0
 51
360.0
  0
ARC
  5
7F5
330
1F
100
AcDbEntity
  8
Standard
  6
Continuous
 62
     7
100
AcDbCircle
 10
-66.8206
 20
35.6044
 30
0.0
 40
0.15
100
AcDbArc
 50
180.0
 51
270.0
  0
ARC
  5
7F6
330
1F
100
AcDbEntity
  8
Standard
  6
Continuous
 62
     7
100
AcDbCircle
 10
-65.0886
 20
35.9648
 30
0.0
 40
0.15
100
AcDbArc
 50
0.0
 51
90.0
  0
ARC
  5
7F7
330
1F
100
AcDbEntity
  8
Standard
  6
Continuous
 62
     7
100
AcDbCircle
 10
-66.8206
 20
35.9648
 30
0.0
 40
0.15
100
AcDbArc
 50
90.0
 51
180.0
  0
ARC
  5
7F8
330
1F
100
AcDbEntity
  8
Standard
  6
Continuous
 62
     7
100
AcDbCircle
 10
-65.0886
 20
36.8744
 30
0.0
 40
0.15
100
AcDbArc
 50
270.0
 51
360.0
  0
ARC
  5
7F9
330
1F
100
AcDbEntity
  8
Standard
  6
Continuous
 62
     7
100
AcDbCircle
 10
-66.8206
 20
36.8744
 30
0.0
 40
0.15
100
AcDbArc
 50
180.0
 51
270.0
  0
ARC
  5
7FA
330
1F
100
AcDbEntity
  8
Standard
  6
Continuous
 62
     7
100
AcDbCircle
 10
-65.0886
 20
37.2348
 30
0.0
 40
0.15
100
AcDbArc
 50
0.0
 51
90.0
  0
ARC
  5
7FB
330
1F
100
AcDbEntity
  8
Standard
  6
Continuous
 62
     7
100
AcDbCircle
 10
-66.8206
 20
37.2348
 30
0.0
 40
0.15
100
AcDbArc
 50
90.0
 51
180.0
  0
ARC
  5
7FC
330
1F
100
AcDbEntity
  8
Standard
  6
Continuous
 62
     7
100
AcDbCircle
 10
-71.2354
 20
27.9844
 30
0.0
 40
0.15
100
AcDbArc
 50
270.0
 51
360.0
  0
ARC
  5
7FD
330
1F
100
AcDbEntity
  8
Standard
  6
Continuous
 62
     7
100
AcDbCircle
 10
-72.9674
 20
27.9844
 30
0.0
 40
0.15
100
AcDbArc
 50
180.0
 51
270.0
  0
ARC
  5
7FE
330
1F
100
AcDbEntity
  8
Standard
  6
Continuous
 62
     7
100
AcDbCircle
 10
-71.2354
 20
28.3448
 30
0.0
 40
0.15
100
AcDbArc
 50
0.0
 51
90.0
  0
ARC
  5
7FF
330
1F
100
AcDbEntity
  8
Standard
  6
Continuous
 62
     7
100
AcDbCircle
 10
-72.9674
 20
28.3448
 30
0.0
 40
0.15
100
AcDbArc
 50
90.0
 51
180.0
  0
ARC
  5
800
330
1F
100
AcDbEntity
  8
Standard
  6
Continuous
 62
     7
100
AcDbCircle
 10
-71.2354
 20
29.2544
 30
0.0
 40
0.15
100
AcDbArc
 50
270.0
 51
360.0
  0
ARC
  5
801
330
1F
100
AcDbEntity
  8
Standard
  6
Continuous
 62
     7
100
AcDbCircle
 10
-71.2354
 20
29.6148
 30
0.0
 40
0.15
100
AcDbArc
 50
0.0
 51
90.0
  0
ARC
  5
802
330
1F
100
AcDbEntity
  8
Standard
  6
Continuous
 62
     7
100
AcDbCircle
 10
-72.9674
 20
29.6148
 30
0.0
 40
0.15
100
AcDbArc
 50
90.0
 51
180.0
  0
ARC
  5
803
330
1F
100
AcDbEntity
  8
Standard
  6
Continuous
 62
     7
100
AcDbCircle
 10
-71.2354
 20
30.5244
 30
0.0
 40
0.15
100
AcDbArc
 50
270.0
 51
360.0
  0
ARC
  5
804
330
1F
100
AcDbEntity
  8
Standard
  6
Continuous
 62
     7
100
AcDbCircle
 10
-72.9674
 20
30.5244
 30
0.0
 40
0.15
100
AcDbArc
 50
180.0
 51
270.0
  0
ARC
  5
805
330
1F
100
AcDbEntity
  8
Standard
  6
Continuous
 62
     7
100
AcDbCircle
 10
-71.2354
 20
30.8848
 30
0.0
 40
0.15
100
AcDbArc
 50
0.0
 51
90.0
  0
ARC
  5
806
330
1F
100
AcDbEntity
  8
Standard
  6
Continuous
 62
     7
100
AcDbCircle
 10
-72.9674
 20
30.8848
 30
0.0
 40
0.15
100
AcDbArc
 50
90.0
 51
180.0
  0
ARC
  5
807
330
1F
100
AcDbEntity
  8
Standard
  6
Continuous
 62
     7
100
AcDbCircle
 10
-71.2354
 20
31.7944
 30
0.0
 40
0.15
100
AcDbArc
 50
270.0
 51
360.0
  0
ARC
  5
808
330
1F
100
AcDbEntity
  8
Standard
  6
Continuous
 62
     7
100
AcDbCircle
 10
-72.9674
 20
32.1548
 30
0.0
 40
0.15
100
AcDbArc
 50
90.0
 51
180.0
  0
ARC
  5
809
330
1F
100
AcDbEntity
  8
Standard
  6
Continuous
 62
     7
100
AcDbCircle
 10
-71.2354
 20
33.0644
 30
0.0
 40
0.15
100
AcDbArc
 50
270.0
 51
360.0
  0
ARC
  5
80A
330
1F
100
AcDbEntity
  8
Standard
  6
Continuous
 62
     7
100
AcDbCircle
 10
-72.9674
 20
33.0644
 30
0.0
 40
0.15
100
AcDbArc
 50
180.0
 51
270.0
  0
ARC
  5
80B
330
1F
100
AcDbEntity
  8
Standard
  6
Continuous
 62
     7
100
AcDbCircle
 10
-71.2354
 20
33.4248
 30
0.0
 40
0.15
100
AcDbArc
 50
0.0
 51
90.0
  0
ARC
  5
80C
330
1F
100
AcDbEntity
  8
Standard
  6
Continuous
 62
     7
100
AcDbCircle
 10
-72.9674
 20
29.2544
 30
0.0
 40
0.15
100
AcDbArc
 50
180.0
 51
270.0
  0
ARC
  5
80D
330
1F
100
AcDbEntity
  8
Standard
  6
Continuous
 62
     7
100
AcDbCircle
 10
-72.9674
 20
31.7944
 30
0.0
 40
0.15
100
AcDbArc
 50
180.0
 51
270.0
  0
ARC
  5
80E
330
1F
100
AcDbEntity
  8
Standard
  6
Continuous
 62
     7
100
AcDbCircle
 10
-72.9674
 20
33.4248
 30
0.0
 40
0.15
100
AcDbArc
 50
90.0
 51
180.0
  0
ARC
  5
80F
330
1F
100
AcDbEntity
  8
Standard
  6
Continuous
 62
     7
100
AcDbCircle
 10
-72.9674
 20
34.3344
 30
0.0
 40
0.15
100
AcDbArc
 50
180.0
 51
270.0
  0
ARC
  5
810
330
1F
100
AcDbEntity
  8
Standard
  6
Continuous
 62
     7
100
AcDbCircle
 10
-71.2354
 20
34.3344
 30
0.0
 40
0.15
100
AcDbArc
 50
270.0
 51
360.0
  0
ARC
  5
811
330
1F
100
AcDbEntity
  8
Standard
  6
Continuous
 62
     7
100
AcDbCircle
 10
-71.2354
 20
34.6948
 30
0.0
 40
0.15
100
AcDbArc
 50
0.0
 51
90.0
  0
ARC
  5
812
330
1F
100
AcDbEntity
  8
Standard
  6
Continuous
 62
     7
100
AcDbCircle
 10
-72.9674
 20
34.6948
 30
0.0
 40
0.15
100
AcDbArc
 50
90.0
 51
180.0
  0
ARC
  5
813
330
1F
100
AcDbEntity
  8
Standard
  6
Continuous
 62
     7
100
AcDbCircle
 10
-71.2354
 20
35.6044
 30
0.0
 40
0.15
100
AcDbArc
 50
270.0
 51
360.0
  0
ARC
  5
814
330
1F
100
AcDbEntity
  8
Standard
  6
Continuous
 62
     7
100
AcDbCircle
 10
-71.2354
 20
35.9648
 30
0.0
 40
0.15
100
AcDbArc
 50
0.0
 51
90.0
  0
ARC
  5
815
330
1F
100
AcDbEntity
  8
Standard
  6
Continuous
 62
     7
100
AcDbCircle
 10
-72.9674
 20
35.9648
 30
0.0
 40
0.15
100
AcDbArc
 50
90.0
 51
180.0
  0
ARC
  5
816
330
1F
100
AcDbEntity
  8
Standard
  6
Continuous
 62
     7
100
AcDbCircle
 10
-72.9674
 20
35.6044
 30
0.0
 40
0.15
100
AcDbArc
 50
180.0
 51
270.0
  0
ARC
  5
817
330
1F
100
AcDbEntity
  8
Standard
  6
Continuous
 62
     7
100
AcDbCircle
 10
-71.2354
 20
36.8744
 30
0.0
 40
0.15
100
AcDbArc
 50
270.0
 51
360.0
  0
ARC
  5
818
330
1F
100
AcDbEntity
  8
Standard
  6
Continuous
 62
     7
100
AcDbCircle
 10
-71.2354
 20
32.1548
 30
0.0
 40
0.15
100
AcDbArc
 50
0.0
 51
90.0
  0
ARC
  5
819
330
1F
100
AcDbEntity
  8
Standard
  6
Continuous
 62
     7
100
AcDbCircle
 10
-71.2354
 20
37.2348
 30
0.0
 40
0.15
100
AcDbArc
 50
0.0
 51
90.0
  0
ARC
  5
81A
330
1F
100
AcDbEntity
  8
Standard
  6
Continuous
 62
     7
100
AcDbCircle
 10
-72.9674
 20
37.2348
 30
0.0
 40
0.15
100
AcDbArc
 50
90.0
 51
180.0
  0
ARC
  5
81B
330
1F
100
AcDbEntity
  8
Standard
  6
Continuous
 62
     7
100
AcDbCircle
 10
-56.496
 20
-6.8592
 30
0.0
 40
0.15
100
AcDbArc
 50
180.0
 51
270.0
  0
ARC
  5
81C
330
1F
100
AcDbEntity
  8
Standard
  6
Continuous
 62
     7
100
AcDbCircle
 10
-54.596
 20
-6.8592
 30
0.0
 40
0.15
100
AcDbArc
 50
270.0
 51
360.0
  0
ARC
  5
81D
330
1F
100
AcDbEntity
  8
Standard
  6
Continuous
 62
     7
100
AcDbCircle
 10
-54.596
 20
-5.3892
 30
0.0
 40
0.15
100
AcDbArc
 50
0.0
 51
90.0
  0
ARC
  5
81E
330
1F
100
AcDbEntity
  8
Standard
  6
Continuous
 62
     7
100
AcDbCircle
 10
-56.496
 20
-5.3892
 30
0.0
 40
0.15
100
AcDbArc
 50
90.0
 51
180.0
  0
ARC
  5
81F
330
1F
100
AcDbEntity
  8
Standard
  6
Continuous
 62
     7
100
AcDbCircle
 10
-50.112
 20
-6.8592
 30
0.0
 40
0.15
100
AcDbArc
 50
270.0
 51
360.0
  0
ARC
  5
820
330
1F
100
AcDbEntity
  8
Standard
  6
Continuous
 62
     7
100
AcDbCircle
 10
-52.012
 20
-6.8592
 30
0.0
 40
0.15
100
AcDbArc
 50
180.0
 51
270.0
  0
ARC
  5
821
330
1F
100
AcDbEntity
  8
Standard
  6
Continuous
 62
     7
100
AcDbCircle
 10
-50.112
 20
-5.3892
 30
0.0
 40
0.15
100
AcDbArc
 50
0.0
 51
90.0
  0
ARC
  5
822
330
1F
100
AcDbEntity
  8
Standard
  6
Continuous
 62
     7
100
AcDbCircle
 10
-52.012
 20
-5.3892
 30
0.0
 40
0.15
100
AcDbArc
 50
90.0
 51
180.0
  0
ARC
  5
823
330
1F
100
AcDbEntity
  8
Standard
  6
Continuous
 62
     7
100
AcDbCircle
 10
-50.522
 20
-10.294
 30
0.0
 40
0.15
100
AcDbArc
 50
0.0
 51
90.0
  0
ARC
  5
824
330
1F
100
AcDbEntity
  8
Standard
  6
Continuous
 62
     7
100
AcDbCircle
 10
-53.422
 20
-10.294
 30
0.0
 40
0.15
100
AcDbArc
 50
90.0
 51
180.0
  0
ARC
  5
825
330
1F
100
AcDbEntity
  8
Standard
  6
Continuous
 62
     7
100
AcDbCircle
 10
-50.522
 20
-11.494
 30
0.0
 40
0.15
100
AcDbArc
 50
270.0
 51
0.0
  0
ARC
  5
826
330
1F
100
AcDbEntity
  8
Standard
  6
Continuous
 62
     7
100
AcDbCircle
 10
-53.422
 20
-11.494
 30
0.0
 40
0.15
100
AcDbArc
 50
180.0
 51
270.0
  0
ARC
  5
827
330
1F
100
AcDbEntity
  8
Standard
  6
Continuous
 62
     7
100
AcDbCircle
 10
-51.522
 20
-11.494
 30
0.0
 40
0.15
100
AcDbArc
 50
180.0
 51
270.0
  0
ARC
  5
828
330
1F
100
AcDbEntity
  8
Standard
  6
Continuous
 62
     7
100
AcDbCircle
 10
-52.422
 20
-11.494
 30
0.0
 40
0.15
100
AcDbArc
 50
270.0
 51
0.0
  0
ARC
  5
829
330
1F
100
AcDbEntity
  8
Standard
  6
Continuous
 62
     7
100
AcDbCircle
 10
-52.422
 20
-10.294
 30
0.0
 40
0.15
100
AcDbArc
 50
0.0
 51
90.0
  0
ARC
  5
82A
330
1F
100
AcDbEntity
  8
Standard
  6
Continuous
 62
     7
100
AcDbCircle
 10
-51.522
 20
-10.294
 30
0.0
 40
0.15
100
AcDbArc
 50
90.0
 51
180.0
  0
ARC
  5
82B
330
1F
100
AcDbEntity
  8
Standard
  6
Continuous
 62
     7
100
AcDbCircle
 10
-47.879
 20
-7.685
 30
0.0
 40
0.15
100
AcDbArc
 50
180.0
 51
270.0
  0
ARC
  5
82C
330
1F
100
AcDbEntity
  8
Standard
  6
Continuous
 62
     7
100
AcDbCircle
 10
-39.042
 20
-11.544
 30
0.0
 40
0.15
100
AcDbArc
 50
270.0
 51
0.0
  0
ARC
  5
82D
330
1F
100
AcDbEntity
  8
Standard
  6
Continuous
 62
     7
100
AcDbCircle
 10
-40.042
 20
-11.544
 30
0.0
 40
0.15
100
AcDbArc
 50
180.0
 51
270.0
  0
ARC
  5
82E
330
1F
100
AcDbEntity
  8
Standard
  6
Continuous
 62
     7
100
AcDbCircle
 10
-41.042
 20
-11.544
 30
0.0
 40
0.15
100
AcDbArc
 50
270.0
 51
0.0
  0
ARC
  5
82F
330
1F
100
AcDbEntity
  8
Standard
  6
Continuous
 62
     7
100
AcDbCircle
 10
-42.042
 20
-11.544
 30
0.0
 40
0.15
100
AcDbArc
 50
180.0
 51
270.0
  0
ARC
  5
830
330
1F
100
AcDbEntity
  8
Standard
  6
Continuous
 62
     7
100
AcDbCircle
 10
-42.042
 20
-10.244
 30
0.0
 40
0.15
100
AcDbArc
 50
90.0
 51
180.0
  0
ARC
  5
831
330
1F
100
AcDbEntity
  8
Standard
  6
Continuous
 62
     7
100
AcDbCircle
 10
-41.042
 20
-10.244
 30
0.0
 40
0.15
100
AcDbArc
 50
0.0
 51
90.0
  0
ARC
  5
832
330
1F
100
AcDbEntity
  8
Standard
  6
Continuous
 62
     7
100
AcDbCircle
 10
-39.042
 20
-10.244
 30
0.0
 40
0.15
100
AcDbArc
 50
0.0
 51
90.0
  0
ARC
  5
833
330
1F
100
AcDbEntity
  8
Standard
  6
Continuous
 62
     7
100
AcDbCircle
 10
-40.042
 20
-10.244
 30
0.0
 40
0.15
100
AcDbArc
 50
90.0
 51
180.0
  0
ARC
  5
834
330
1F
100
AcDbEntity
  8
Standard
  6
Continuous
 62
     7
100
AcDbCircle
 10
-38.842
 20
-6.972
 30
0.0
 40
0.15
100
AcDbArc
 50
270.0
 51
0.0
  0
ARC
  5
835
330
1F
100
AcDbEntity
  8
Standard
  6
Continuous
 62
     7
100
AcDbCircle
 10
-39.842
 20
-6.972
 30
0.0
 40
0.15
100
AcDbArc
 50
180.0
 51
270.0
  0
ARC
  5
836
330
1F
100
AcDbEntity
  8
Standard
  6
Continuous
 62
     7
100
AcDbCircle
 10
-39.842
 20
-5.672
 30
0.0
 40
0.15
100
AcDbArc
 50
90.0
 51
180.0
  0
ARC
  5
837
330
1F
100
AcDbEntity
  8
Standard
  6
Continuous
 62
     7
100
AcDbCircle
 10
-38.842
 20
-5.672
 30
0.0
 40
0.15
100
AcDbArc
 50
0.0
 51
90.0
  0
ARC
  5
838
330
1F
100
AcDbEntity
  8
Standard
  6
Continuous
 62
     7
100
AcDbCircle
 10
-40.842
 20
-5.672
 30
0.0
 40
0.15
100
AcDbArc
 50
0.0
 51
90.0
  0
ARC
  5
839
330
1F
100
AcDbEntity
  8
Standard
  6
Continuous
 62
     7
100
AcDbCircle
 10
-41.842
 20
-5.672
 30
0.0
 40
0.15
100
AcDbArc
 50
90.0
 51
180.0
  0
ARC
  5
83A
330
1F
100
AcDbEntity
  8
Standard
  6
Continuous
 62
     7
100
AcDbCircle
 10
-40.842
 20
-6.972
 30
0.0
 40
0.15
100
AcDbArc
 50
270.0
 51
0.0
  0
ARC
  5
83B
330
1F
100
AcDbEntity
  8
Standard
  6
Continuous
 62
     7
100
AcDbCircle
 10
-41.842
 20
-6.972
 30
0.0
 40
0.15
100
AcDbArc
 50
180.0
 51
270.0
  0
ARC
  5
83C
330
1F
100
AcDbEntity
  8
Standard
  6
Continuous
 62
     7
100
AcDbCircle
 10
-44.381
 20
-6.185
 30
0.0
 40
0.15
100
AcDbArc
 50
0.0
 51
90.0
  0
ARC
  5
83D
330
1F
100
AcDbEntity
  8
Standard
  6
Continuous
 62
     7
100
AcDbCircle
 10
-44.881
 20
-6.185
 30
0.0
 40
0.15
100
AcDbArc
 50
90.0
 51
180.0
  0
ARC
  5
83E
330
1F
100
AcDbEntity
  8
Standard
  6
Continuous
 62
     7
100
AcDbCircle
 10
-44.881
 20
-7.685
 30
0.0
 40
0.15
100
AcDbArc
 50
180.0
 51
270.0
  0
ARC
  5
83F
330
1F
100
AcDbEntity
  8
Standard
  6
Continuous
 62
     7
100
AcDbCircle
 10
-45.88
 20
-6.189
 30
0.0
 40
0.15
100
AcDbArc
 50
0.0
 51
90.0
  0
ARC
  5
840
330
1F
100
AcDbEntity
  8
Standard
  6
Continuous
 62
     7
100
AcDbCircle
 10
-46.38
 20
-6.189
 30
0.0
 40
0.15
100
AcDbArc
 50
90.0
 51
180.0
  0
ARC
  5
841
330
1F
100
AcDbEntity
  8
Standard
  6
Continuous
 62
     7
100
AcDbCircle
 10
-47.379
 20
-6.185
 30
0.0
 40
0.15
100
AcDbArc
 50
0.0
 51
90.0
  0
ARC
  5
842
330
1F
100
AcDbEntity
  8
Standard
  6
Continuous
 62
     7
100
AcDbCircle
 10
-47.879
 20
-6.185
 30
0.0
 40
0.15
100
AcDbArc
 50
90.0
 51
180.0
  0
ARC
  5
843
330
1F
100
AcDbEntity
  8
Standard
  6
Continuous
 62
     7
100
AcDbCircle
 10
-47.379
 20
-7.685
 30
0.0
 40
0.15
100
AcDbArc
 50
270.0
 51
0.0
  0
ARC
  5
844
330
1F
100
AcDbEntity
  8
Standard
  6
Continuous
 62
     7
100
AcDbCircle
 10
-36.15
 20
-5.722
 30
0.0
 40
0.15
100
AcDbArc
 50
90.0
 51
180.0
  0
ARC
  5
845
330
1F
100
AcDbEntity
  8
Standard
  6
Continuous
 62
     7
100
AcDbCircle
 10
-35.15
 20
-5.722
 30
0.0
 40
0.15
100
AcDbArc
 50
0.0
 51
90.0
  0
ARC
  5
846
330
1F
100
AcDbEntity
  8
Standard
  6
Continuous
 62
     7
100
AcDbCircle
 10
-33.25
 20
-6.922
 30
0.0
 40
0.15
100
AcDbArc
 50
270.0
 51
0.0
  0
ARC
  5
847
330
1F
100
AcDbEntity
  8
Standard
  6
Continuous
 62
     7
100
AcDbCircle
 10
-33.25
 20
-5.722
 30
0.0
 40
0.15
100
AcDbArc
 50
0.0
 51
90.0
  0
ARC
  5
848
330
1F
100
AcDbEntity
  8
Standard
  6
Continuous
 62
     7
100
AcDbCircle
 10
-34.25
 20
-5.722
 30
0.0
 40
0.15
100
AcDbArc
 50
90.0
 51
180.0
  0
ARC
  5
849
330
1F
100
AcDbEntity
  8
Standard
  6
Continuous
 62
     7
100
AcDbCircle
 10
-34.25
 20
-6.922
 30
0.0
 40
0.15
100
AcDbArc
 50
180.0
 51
270.0
  0
ARC
  5
84A
330
1F
100
AcDbEntity
  8
Standard
  6
Continuous
 62
     7
100
AcDbCircle
 10
-35.15
 20
-6.922
 30
0.0
 40
0.15
100
AcDbArc
 50
270.0
 51
0.0
  0
ARC
  5
84B
330
1F
100
AcDbEntity
  8
Standard
  6
Continuous
 62
     7
100
AcDbCircle
 10
-36.15
 20
-6.922
 30
0.0
 40
0.15
100
AcDbArc
 50
180.0
 51
270.0
  0
ARC
  5
84C
330
1F
100
AcDbEntity
  8
Standard
  6
Continuous
 62
     7
100
AcDbCircle
 10
-35.15
 20
-10.294
 30
0.0
 40
0.15
100
AcDbArc
 50
0.0
 51
90.0
  0
ARC
  5
84D
330
1F
100
AcDbEntity
  8
Standard
  6
Continuous
 62
     7
100
AcDbCircle
 10
-36.15
 20
-10.294
 30
0.0
 40
0.15
100
AcDbArc
 50
90.0
 51
180.0
  0
ARC
  5
84E
330
1F
100
AcDbEntity
  8
Standard
  6
Continuous
 62
     7
100
AcDbCircle
 10
-34.25
 20
-10.294
 30
0.0
 40
0.15
100
AcDbArc
 50
90.0
 51
180.0
  0
ARC
  5
84F
330
1F
100
AcDbEntity
  8
Standard
  6
Continuous
 62
     7
100
AcDbCircle
 10
-33.25
 20
-10.294
 30
0.0
 40
0.15
100
AcDbArc
 50
0.0
 51
90.0
  0
ARC
  5
850
330
1F
100
AcDbEntity
  8
Standard
  6
Continuous
 62
     7
100
AcDbCircle
 10
-33.25
 20
-11.494
 30
0.0
 40
0.15
100
AcDbArc
 50
270.0
 51
0.0
  0
ARC
  5
851
330
1F
100
AcDbEntity
  8
Standard
  6
Continuous
 62
     7
100
AcDbCircle
 10
-34.25
 20
-11.494
 30
0.0
 40
0.15
100
AcDbArc
 50
180.0
 51
270.0
  0
ARC
  5
852
330
1F
100
AcDbEntity
  8
Standard
  6
Continuous
 62
     7
100
AcDbCircle
 10
-35.15
 20
-11.494
 30
0.0
 40
0.15
100
AcDbArc
 50
270.0
 51
0.0
  0
ARC
  5
853
330
1F
100
AcDbEntity
  8
Standard
  6
Continuous
 62
     7
100
AcDbCircle
 10
-36.15
 20
-11.494
 30
0.0
 40
0.15
100
AcDbArc
 50
180.0
 51
270.0
  0
ARC
  5
854
330
1F
100
AcDbEntity
  8
Standard
  6
Continuous
 62
     7
100
AcDbCircle
 10
-30.659
 20
-11.904
 30
0.0
 40
0.15
100
AcDbArc
 50
180.0
 51
270.0
  0
ARC
  5
855
330
1F
100
AcDbEntity
  8
Standard
  6
Continuous
 62
     7
100
AcDbCircle
 10
-30.359
 20
-11.904
 30
0.0
 40
0.15
100
AcDbArc
 50
270.0
 51
0.0
  0
ARC
  5
856
330
1F
100
AcDbEntity
  8
Standard
  6
Continuous
 62
     7
100
AcDbCircle
 10
-29.389
 20
-11.904
 30
0.0
 40
0.15
100
AcDbArc
 50
180.0
 51
270.0
  0
ARC
  5
857
330
1F
100
AcDbEntity
  8
Standard
  6
Continuous
 62
     7
100
AcDbCircle
 10
-29.089
 20
-11.904
 30
0.0
 40
0.15
100
AcDbArc
 50
270.0
 51
0.0
  0
ARC
  5
858
330
1F
100
AcDbEntity
  8
Standard
  6
Continuous
 62
     7
100
AcDbCircle
 10
-28.119
 20
-11.904
 30
0.0
 40
0.15
100
AcDbArc
 50
180.0
 51
270.0
  0
ARC
  5
859
330
1F
100
AcDbEntity
  8
Standard
  6
Continuous
 62
     7
100
AcDbCircle
 10
-27.819
 20
-11.904
 30
0.0
 40
0.15
100
AcDbArc
 50
270.0
 51
0.0
  0
ARC
  5
85A
330
1F
100
AcDbEntity
  8
Standard
  6
Continuous
 62
     7
100
AcDbCircle
 10
-26.849
 20
-11.904
 30
0.0
 40
0.15
100
AcDbArc
 50
180.0
 51
270.0
  0
ARC
  5
85B
330
1F
100
AcDbEntity
  8
Standard
  6
Continuous
 62
     7
100
AcDbCircle
 10
-26.549
 20
-11.904
 30
0.0
 40
0.15
100
AcDbArc
 50
270.0
 51
0.0
  0
ARC
  5
85C
330
1F
100
AcDbEntity
  8
Standard
  6
Continuous
 62
     7
100
AcDbCircle
 10
-26.549
 20
-10.004
 30
0.0
 40
0.15
100
AcDbArc
 50
0.0
 51
90.0
  0
ARC
  5
85D
330
1F
100
AcDbEntity
  8
Standard
  6
Continuous
 62
     7
100
AcDbCircle
 10
-26.849
 20
-10.004
 30
0.0
 40
0.15
100
AcDbArc
 50
90.0
 51
180.0
  0
ARC
  5
85E
330
1F
100
AcDbEntity
  8
Standard
  6
Continuous
 62
     7
100
AcDbCircle
 10
-27.819
 20
-10.004
 30
0.0
 40
0.15
100
AcDbArc
 50
0.0
 51
90.0
  0
ARC
  5
85F
330
1F
100
AcDbEntity
  8
Standard
  6
Continuous
 62
     7
100
AcDbCircle
 10
-28.119
 20
-10.004
 30
0.0
 40
0.15
100
AcDbArc
 50
90.0
 51
180.0
  0
ARC
  5
860
330
1F
100
AcDbEntity
  8
Standard
  6
Continuous
 62
     7
100
AcDbCircle
 10
-29.089
 20
-10.004
 30
0.0
 40
0.15
100
AcDbArc
 50
0.0
 51
90.0
  0
ARC
  5
861
330
1F
100
AcDbEntity
  8
Standard
  6
Continuous
 62
     7
100
AcDbCircle
 10
-29.389
 20
-10.004
 30
0.0
 40
0.15
100
AcDbArc
 50
90.0
 51
180.0
  0
ARC
  5
862
330
1F
100
AcDbEntity
  8
Standard
  6
Continuous
 62
     7
100
AcDbCircle
 10
-30.359
 20
-10.004
 30
0.0
 40
0.15
100
AcDbArc
 50
0.0
 51
90.0
  0
ARC
  5
863
330
1F
100
AcDbEntity
  8
Standard
  6
Continuous
 62
     7
100
AcDbCircle
 10
-30.659
 20
-10.004
 30
0.0
 40
0.15
100
AcDbArc
 50
90.0
 51
180.0
  0
ARC
  5
864
330
1F
100
AcDbEntity
  8
Standard
  6
Continuous
 62
     7
100
AcDbCircle
 10
-30.659
 20
-6.704
 30
0.0
 40
0.15
100
AcDbArc
 50
180.0
 51
270.0
  0
ARC
  5
865
330
1F
100
AcDbEntity
  8
Standard
  6
Continuous
 62
     7
100
AcDbCircle
 10
-30.359
 20
-6.704
 30
0.0
 40
0.15
100
AcDbArc
 50
270.0
 51
0.0
  0
ARC
  5
866
330
1F
100
AcDbEntity
  8
Standard
  6
Continuous
 62
     7
100
AcDbCircle
 10
-29.389
 20
-6.704
 30
0.0
 40
0.15
100
AcDbArc
 50
180.0
 51
270.0
  0
ARC
  5
867
330
1F
100
AcDbEntity
  8
Standard
  6
Continuous
 62
     7
100
AcDbCircle
 10
-29.089
 20
-6.704
 30
0.0
 40
0.15
100
AcDbArc
 50
270.0
 51
0.0
  0
ARC
  5
868
330
1F
100
AcDbEntity
  8
Standard
  6
Continuous
 62
     7
100
AcDbCircle
 10
-27.819
 20
-6.704
 30
0.0
 40
0.15
100
AcDbArc
 50
270.0
 51
360.0
  0
ARC
  5
869
330
1F
100
AcDbEntity
  8
Standard
  6
Continuous
 62
     7
100
AcDbCircle
 10
-28.119
 20
-6.704
 30
0.0
 40
0.15
100
AcDbArc
 50
180.0
 51
270.0
  0
ARC
  5
86A
330
1F
100
AcDbEntity
  8
Standard
  6
Continuous
 62
     7
100
AcDbCircle
 10
-26.849
 20
-6.704
 30
0.0
 40
0.15
100
AcDbArc
 50
180.0
 51
270.0
  0
ARC
  5
86B
330
1F
100
AcDbEntity
  8
Standard
  6
Continuous
 62
     7
100
AcDbCircle
 10
-26.549
 20
-6.704
 30
0.0
 40
0.15
100
AcDbArc
 50
270.0
 51
360.0
  0
ARC
  5
86C
330
1F
100
AcDbEntity
  8
Standard
  6
Continuous
 62
     7
100
AcDbCircle
 10
-26.549
 20
-4.804
 30
0.0
 40
0.15
100
AcDbArc
 50
0.0
 51
90.0
  0
ARC
  5
86D
330
1F
100
AcDbEntity
  8
Standard
  6
Continuous
 62
     7
100
AcDbCircle
 10
-26.849
 20
-4.804
 30
0.0
 40
0.15
100
AcDbArc
 50
90.0
 51
180.0
  0
ARC
  5
86E
330
1F
100
AcDbEntity
  8
Standard
  6
Continuous
 62
     7
100
AcDbCircle
 10
-27.819
 20
-4.804
 30
0.0
 40
0.15
100
AcDbArc
 50
0.0
 51
90.0
  0
ARC
  5
86F
330
1F
100
AcDbEntity
  8
Standard
  6
Continuous
 62
     7
100
AcDbCircle
 10
-28.119
 20
-4.804
 30
0.0
 40
0.15
100
AcDbArc
 50
90.0
 51
180.0
  0
ARC
  5
870
330
1F
100
AcDbEntity
  8
Standard
  6
Continuous
 62
     7
100
AcDbCircle
 10
-29.089
 20
-4.804
 30
0.0
 40
0.15
100
AcDbArc
 50
0.0
 51
90.0
  0
ARC
  5
871
330
1F
100
AcDbEntity
  8
Standard
  6
Continuous
 62
     7
100
AcDbCircle
 10
-29.389
 20
-4.804
 30
0.0
 40
0.15
100
AcDbArc
 50
90.0
 51
180.0
  0
ARC
  5
872
330
1F
100
AcDbEntity
  8
Standard
  6
Continuous
 62
     7
100
AcDbCircle
 10
-30.359
 20
-4.804
 30
0.0
 40
0.15
100
AcDbArc
 50
0.0
 51
90.0
  0
ARC
  5
873
330
1F
100
AcDbEntity
  8
Standard
  6
Continuous
 62
     7
100
AcDbCircle
 10
-30.659
 20
-4.804
 30
0.0
 40
0.15
100
AcDbArc
 50
90.0
 51
180.0
  0
ARC
  5
874
330
1F
100
AcDbEntity
  8
Standard
  6
Continuous
 62
     7
100
AcDbCircle
 10
-22.958
 20
-6.922
 30
0.0
 40
0.15
100
AcDbArc
 50
270.0
 51
0.0
  0
ARC
  5
875
330
1F
100
AcDbEntity
  8
Standard
  6
Continuous
 62
     7
100
AcDbCircle
 10
-23.958
 20
-5.722
 30
0.0
 40
0.15
100
AcDbArc
 50
90.0
 51
180.0
  0
ARC
  5
876
330
1F
100
AcDbEntity
  8
Standard
  6
Continuous
 62
     7
100
AcDbCircle
 10
-23.958
 20
-6.922
 30
0.0
 40
0.15
100
AcDbArc
 50
180.0
 51
270.0
  0
ARC
  5
877
330
1F
100
AcDbEntity
  8
Standard
  6
Continuous
 62
     7
100
AcDbCircle
 10
-22.958
 20
-5.722
 30
0.0
 40
0.15
100
AcDbArc
 50
0.0
 51
90.0
  0
ARC
  5
878
330
1F
100
AcDbEntity
  8
Standard
  6
Continuous
 62
     7
100
AcDbCircle
 10
-22.058
 20
-5.722
 30
0.0
 40
0.15
100
AcDbArc
 50
90.0
 51
180.0
  0
ARC
  5
879
330
1F
100
AcDbEntity
  8
Standard
  6
Continuous
 62
     7
100
AcDbCircle
 10
-21.058
 20
-5.722
 30
0.0
 40
0.15
100
AcDbArc
 50
0.0
 51
90.0
  0
ARC
  5
87A
330
1F
100
AcDbEntity
  8
Standard
  6
Continuous
 62
     7
100
AcDbCircle
 10
-21.058
 20
-6.922
 30
0.0
 40
0.15
100
AcDbArc
 50
270.0
 51
0.0
  0
ARC
  5
87B
330
1F
100
AcDbEntity
  8
Standard
  6
Continuous
 62
     7
100
AcDbCircle
 10
-22.058
 20
-6.922
 30
0.0
 40
0.15
100
AcDbArc
 50
180.0
 51
270.0
  0
ARC
  5
87C
330
1F
100
AcDbEntity
  8
Standard
  6
Continuous
 62
     7
100
AcDbCircle
 10
-21.058
 20
-10.294
 30
0.0
 40
0.15
100
AcDbArc
 50
0.0
 51
90.0
  0
ARC
  5
87D
330
1F
100
AcDbEntity
  8
Standard
  6
Continuous
 62
     7
100
AcDbCircle
 10
-22.058
 20
-10.294
 30
0.0
 40
0.15
100
AcDbArc
 50
90.0
 51
180.0
  0
ARC
  5
87E
330
1F
100
AcDbEntity
  8
Standard
  6
Continuous
 62
     7
100
AcDbCircle
 10
-21.058
 20
-11.494
 30
0.0
 40
0.15
100
AcDbArc
 50
270.0
 51
0.0
  0
ARC
  5
87F
330
1F
100
AcDbEntity
  8
Standard
  6
Continuous
 62
     7
100
AcDbCircle
 10
-22.058
 20
-11.494
 30
0.0
 40
0.15
100
AcDbArc
 50
180.0
 51
270.0
  0
ARC
  5
880
330
1F
100
AcDbEntity
  8
Standard
  6
Continuous
 62
     7
100
AcDbCircle
 10
-22.958
 20
-11.494
 30
0.0
 40
0.15
100
AcDbArc
 50
270.0
 51
0.0
  0
ARC
  5
881
330
1F
100
AcDbEntity
  8
Standard
  6
Continuous
 62
     7
100
AcDbCircle
 10
-23.958
 20
-11.494
 30
0.0
 40
0.15
100
AcDbArc
 50
180.0
 51
270.0
  0
ARC
  5
882
330
1F
100
AcDbEntity
  8
Standard
  6
Continuous
 62
     7
100
AcDbCircle
 10
-23.958
 20
-10.294
 30
0.0
 40
0.15
100
AcDbArc
 50
90.0
 51
180.0
  0
ARC
  5
883
330
1F
100
AcDbEntity
  8
Standard
  6
Continuous
 62
     7
100
AcDbCircle
 10
-22.958
 20
-10.294
 30
0.0
 40
0.15
100
AcDbArc
 50
0.0
 51
90.0
  0
ARC
  5
884
330
1F
100
AcDbEntity
  8
Standard
  6
Continuous
 62
     7
100
AcDbCircle
 10
-18.624
 20
-10.294
 30
0.0
 40
0.15
100
AcDbArc
 50
90.0
 51
180.0
  0
ARC
  5
885
330
1F
100
AcDbEntity
  8
Standard
  6
Continuous
 62
     7
100
AcDbCircle
 10
-17.624
 20
-10.294
 30
0.0
 40
0.15
100
AcDbArc
 50
0.0
 51
90.0
  0
ARC
  5
886
330
1F
100
AcDbEntity
  8
Standard
  6
Continuous
 62
     7
100
AcDbCircle
 10
-17.624
 20
-11.494
 30
0.0
 40
0.15
100
AcDbArc
 50
270.0
 51
0.0
  0
ARC
  5
887
330
1F
100
AcDbEntity
  8
Standard
  6
Continuous
 62
     7
100
AcDbCircle
 10
-18.624
 20
-11.494
 30
0.0
 40
0.15
100
AcDbArc
 50
180.0
 51
270.0
  0
ARC
  5
888
330
1F
100
AcDbEntity
  8
Standard
  6
Continuous
 62
     7
100
AcDbCircle
 10
-16.724
 20
-11.494
 30
0.0
 40
0.15
100
AcDbArc
 50
180.0
 51
270.0
  0
ARC
  5
889
330
1F
100
AcDbEntity
  8
Standard
  6
Continuous
 62
     7
100
AcDbCircle
 10
-15.724
 20
-11.494
 30
0.0
 40
0.15
100
AcDbArc
 50
270.0
 51
0.0
  0
ARC
  5
88A
330
1F
100
AcDbEntity
  8
Standard
  6
Continuous
 62
     7
100
AcDbCircle
 10
-15.724
 20
-10.294
 30
0.0
 40
0.15
100
AcDbArc
 50
0.0
 51
90.0
  0
ARC
  5
88B
330
1F
100
AcDbEntity
  8
Standard
  6
Continuous
 62
     7
100
AcDbCircle
 10
-16.724
 20
-10.294
 30
0.0
 40
0.15
100
AcDbArc
 50
90.0
 51
180.0
  0
ARC
  5
88C
330
1F
100
AcDbEntity
  8
Standard
  6
Continuous
 62
     7
100
AcDbCircle
 10
-15.724
 20
-6.922
 30
0.0
 40
0.15
100
AcDbArc
 50
270.0
 51
0.0
  0
ARC
  5
88D
330
1F
100
AcDbEntity
  8
Standard
  6
Continuous
 62
     7
100
AcDbCircle
 10
-16.724
 20
-6.922
 30
0.0
 40
0.15
100
AcDbArc
 50
180.0
 51
270.0
  0
ARC
  5
88E
330
1F
100
AcDbEntity
  8
Standard
  6
Continuous
 62
     7
100
AcDbCircle
 10
-15.724
 20
-5.722
 30
0.0
 40
0.15
100
AcDbArc
 50
0.0
 51
90.0
  0
ARC
  5
88F
330
1F
100
AcDbEntity
  8
Standard
  6
Continuous
 62
     7
100
AcDbCircle
 10
-16.724
 20
-5.722
 30
0.0
 40
0.15
100
AcDbArc
 50
90.0
 51
180.0
  0
ARC
  5
890
330
1F
100
AcDbEntity
  8
Standard
  6
Continuous
 62
     7
100
AcDbCircle
 10
-17.624
 20
-5.722
 30
0.0
 40
0.15
100
AcDbArc
 50
0.0
 51
90.0
  0
ARC
  5
891
330
1F
100
AcDbEntity
  8
Standard
  6
Continuous
 62
     7
100
AcDbCircle
 10
-18.624
 20
-5.722
 30
0.0
 40
0.15
100
AcDbArc
 50
90.0
 51
180.0
  0
ARC
  5
892
330
1F
100
AcDbEntity
  8
Standard
  6
Continuous
 62
     7
100
AcDbCircle
 10
-17.624
 20
-6.922
 30
0.0
 40
0.15
100
AcDbArc
 50
270.0
 51
0.0
  0
ARC
  5
893
330
1F
100
AcDbEntity
  8
Standard
  6
Continuous
 62
     7
100
AcDbCircle
 10
-18.624
 20
-6.922
 30
0.0
 40
0.15
100
AcDbArc
 50
180.0
 51
270.0
  0
ARC
  5
894
330
1F
100
AcDbEntity
  8
Standard
  6
Continuous
 62
     7
100
AcDbCircle
 10
-44.381
 20
-7.685
 30
0.0
 40
0.15
100
AcDbArc
 50
270.0
 51
0.0
  0
ARC
  5
895
330
1F
100
AcDbEntity
  8
Standard
  6
Continuous
 62
     7
100
AcDbCircle
 10
-10.086
 20
-11.544
 30
0.0
 40
0.15
100
AcDbArc
 50
270.0
 51
0.0
  0
ARC
  5
896
330
1F
100
AcDbEntity
  8
Standard
  6
Continuous
 62
     7
100
AcDbCircle
 10
-10.086
 20
-10.244
 30
0.0
 40
0.15
100
AcDbArc
 50
0.0
 51
90.0
  0
ARC
  5
897
330
1F
100
AcDbEntity
  8
Standard
  6
Continuous
 62
     7
100
AcDbCircle
 10
-11.086
 20
-10.244
 30
0.0
 40
0.15
100
AcDbArc
 50
90.0
 51
180.0
  0
ARC
  5
898
330
1F
100
AcDbEntity
  8
Standard
  6
Continuous
 62
     7
100
AcDbCircle
 10
-11.086
 20
-11.544
 30
0.0
 40
0.15
100
AcDbArc
 50
180.0
 51
270.0
  0
ARC
  5
899
330
1F
100
AcDbEntity
  8
Standard
  6
Continuous
 62
     7
100
AcDbCircle
 10
-12.086
 20
-11.544
 30
0.0
 40
0.15
100
AcDbArc
 50
270.0
 51
0.0
  0
ARC
  5
89A
330
1F
100
AcDbEntity
  8
Standard
  6
Continuous
 62
     7
100
AcDbCircle
 10
-12.086
 20
-10.244
 30
0.0
 40
0.15
100
AcDbArc
 50
0.0
 51
90.0
  0
ARC
  5
89B
330
1F
100
AcDbEntity
  8
Standard
  6
Continuous
 62
     7
100
AcDbCircle
 10
-13.086
 20
-10.244
 30
0.0
 40
0.15
100
AcDbArc
 50
90.0
 51
180.0
  0
ARC
  5
89C
330
1F
100
AcDbEntity
  8
Standard
  6
Continuous
 62
     7
100
AcDbCircle
 10
-13.086
 20
-11.544
 30
0.0
 40
0.15
100
AcDbArc
 50
180.0
 51
270.0
  0
ARC
  5
89D
330
1F
100
AcDbEntity
  8
Standard
  6
Continuous
 62
     7
100
AcDbCircle
 10
-11.1
 20
-7.057
 30
0.0
 40
0.15
100
AcDbArc
 50
270.0
 51
0.0
  0
ARC
  5
89E
330
1F
100
AcDbEntity
  8
Standard
  6
Continuous
 62
     7
100
AcDbCircle
 10
-13.0
 20
-7.057
 30
0.0
 40
0.15
100
AcDbArc
 50
180.0
 51
270.0
  0
ARC
  5
89F
330
1F
100
AcDbEntity
  8
Standard
  6
Continuous
 62
     7
100
AcDbCircle
 10
-13.0
 20
-5.587
 30
0.0
 40
0.15
100
AcDbArc
 50
90.0
 51
180.0
  0
ARC
  5
8A0
330
1F
100
AcDbEntity
  8
Standard
  6
Continuous
 62
     7
100
AcDbCircle
 10
-11.1
 20
-5.587
 30
0.0
 40
0.15
100
AcDbArc
 50
0.0
 51
90.0
  0
ARC
  5
8A1
330
1F
100
AcDbEntity
  8
Standard
  6
Continuous
 62
     7
100
AcDbCircle
 10
-8.516
 20
-5.587
 30
0.0
 40
0.15
100
AcDbArc
 50
90.0
 51
180.0
  0
ARC
  5
8A2
330
1F
100
AcDbEntity
  8
Standard
  6
Continuous
 62
     7
100
AcDbCircle
 10
-6.616
 20
-5.587
 30
0.0
 40
0.15
100
AcDbArc
 50
0.0
 51
90.0
  0
ARC
  5
8A3
330
1F
100
AcDbEntity
  8
Standard
  6
Continuous
 62
     7
100
AcDbCircle
 10
-6.616
 20
-7.057
 30
0.0
 40
0.15
100
AcDbArc
 50
270.0
 51
0.0
  0
ARC
  5
8A4
330
1F
100
AcDbEntity
  8
Standard
  6
Continuous
 62
     7
100
AcDbCircle
 10
-8.516
 20
-7.057
 30
0.0
 40
0.15
100
AcDbArc
 50
180.0
 51
270.0
  0
INSERT
  5
8B1
330
1F
100
AcDbEntity
  8
31
 62
     7
100
AcDbBlockReference
  2
RECT162560X223520R25
 10
-2.8425
 20
54.737
 30
0.0
 50
270.0
  0
INSERT
  5
8B2
330
1F
100
AcDbEntity
  8
31
 62
     7
100
AcDbBlockReference
  2
RECT162560X223520R25
 10
-2.8425
 20
52.959
 30
0.0
 50
270.0
  0
INSERT
  5
8B3
330
1F
100
AcDbEntity
  8
31
 62
     7
100
AcDbBlockReference
  2
RECT162560X223520R25
 10
-93.2215
 20
26.6406
 30
0.0
 50
90.0
  0
INSERT
  5
8B4
330
1F
100
AcDbEntity
  8
31
 62
     7
100
AcDbBlockReference
  2
RECT162560X223520R25
 10
-93.2215
 20
28.4186
 30
0.0
 50
90.0
  0
ENDSEC
  0
SECTION
  2
OBJECTS
  0
DICTIONARY
  5
C
330
0
100
AcDbDictionary
281
     1
  3
ACAD_DETAILVIEWSTYLE
350
8F0
  3
ACAD_GROUP
350
D
  3
ACAD_LAYOUT
350
1A
  3
ACAD_MATERIAL
350
43
  3
ACAD_MLEADERSTYLE
350
6B
  3
ACAD_MLINESTYLE
350
17
  3
ACAD_PLOTSETTINGS
350
19
  3
ACAD_PLOTSTYLENAME
350
E
  3
ACAD_SCALELIST
350
47
  3
ACAD_SECTIONVIEWSTYLE
350
8F1
  3
ACAD_TABLESTYLE
350
69
  3
ACAD_VISUALSTYLE
350
2A
  3
ACDB_RECOMPOSE_DATA
350
8ED
  3
AcDbVariableDictionary
350
8B5
  0
SUN
  5
6D
330
29
100
AcDbSun
 90
        1
290
     0
 63
     7
421
 16777215
 40
1.0
291
     1
 91
  2455826
 92
 54000000
292
     0
 70
     2
 71
   256
280
     1
  0
DICTIONARY
  5
8F0
102
{ACAD_REACTORS
330
C
102
}
330
C
100
AcDbDictionary
281
     1
  0
DICTIONARY
  5
D
102
{ACAD_REACTORS
330
C
102
}
330
C
100
AcDbDictionary
281
     1
  0
DICTIONARY
  5
1A
102
{ACAD_REACTORS
330
C
102
}
330
C
100
AcDbDictionary
281
     1
  3
Layout1
350
1E
  3
Model
350
22
  0
DICTIONARY
  5
43
102
{ACAD_REACTORS
330
C
102
}
330
C
100
AcDbDictionary
281
     1
  3
ByBlock
350
45
  3
ByLayer
350
44
  3
Global
350
46
  0
DICTIONARY
  5
6B
102
{ACAD_REACTORS
330
C
102
}
330
C
100
AcDbDictionary
281
     1
  3
Standard
350
6C
  0
DICTIONARY
  5
17
102
{ACAD_REACTORS
330
C
102
}
330
C
100
AcDbDictionary
281
     1
  3
Standard
350
18
  0
DICTIONARY
  5
19
102
{ACAD_REACTORS
330
C
102
}
330
C
100
AcDbDictionary
281
     1
  0
ACDBDICTIONARYWDFLT
  5
E
102
{ACAD_REACTORS
330
C
102
}
330
C
100
AcDbDictionary
281
     1
  3
Normal
350
F
100
AcDbDictionaryWithDefault
340
F
  0
DICTIONARY
  5
47
102
{ACAD_REACTORS
330
C
102
}
330
C
100
AcDbDictionary
281
     1
  3
A0
350
48
  3
A1
350
49
  3
A2
350
4A
  3
A3
350
4B
  3
A4
350
4C
  3
A5
350
4D
  3
A6
350
4E
  3
A7
350
4F
  3
A8
350
50
  3
A9
350
51
  3
B0
350
52
  3
B1
350
53
  3
B2
350
54
  3
B3
350
55
  3
B4
350
56
  3
B5
350
57
  3
B6
350
58
  3
B7
350
59
  3
B8
350
5A
  3
B9
350
5B
  3
C0
350
5C
  3
C1
350
5D
  3
C2
350
5E
  3
C3
350
5F
  3
C4
350
60
  3
C5
350
61
  3
C6
350
62
  3
C7
350
63
  3
C8
350
64
  3
C9
350
65
  3
D0
350
66
  3
D1
350
67
  3
D2
350
68
  0
DICTIONARY
  5
8F1
102
{ACAD_REACTORS
330
C
102
}
330
C
100
AcDbDictionary
281
     1
  0
DICTIONARY
  5
69
102
{ACAD_REACTORS
330
C
102
}
330
C
100
AcDbDictionary
281
     1
  3
Standard
350
6A
  0
DICTIONARY
  5
2A
102
{ACAD_REACTORS
330
C
102
}
330
C
100
AcDbDictionary
281
     1
  3
2dWireframe
350
2F
  3
Basic
350
32
  3
Brighten
350
36
  3
ColorChange
350
3A
  3
Conceptual
350
34
  3
Dim
350
35
  3
EdgeColorOff
350
3D
  3
Facepattern
350
39
  3
Flat
350
2B
  3
FlatWithEdges
350
2C
  3
Gouraud
350
2D
  3
GouraudWithEdges
350
2E
  3
Hidden
350
31
  3
JitterOff
350
3B
  3
Linepattern
350
38
  3
OverhangOff
350
3C
  3
Realistic
350
33
  3
Shaded
350
42
  3
Shaded with edges
350
41
  3
Shades of Gray
350
3E
  3
Sketchy
350
3F
  3
Thicken
350
37
  3
Wireframe
350
30
  3
X-Ray
350
40
  0
XRECORD
  5
8ED
102
{ACAD_REACTORS
330
C
102
}
330
C
100
AcDbXrecord
280
     1
 90
        1
330
6A
  0
DICTIONARY
  5
8B5
102
{ACAD_REACTORS
330
C
102
}
330
C
100
AcDbDictionary
281
     1
  3
CANNOSCALE
350
8B6
  3
CMLEADERSTYLE
350
8EF
  3
CTABLESTYLE
350
8EE
  3
SECTIONTHICKNESSINC
350
8F2
  3
XCLIPFRAME
350
8B7
  0
LAYOUT
  5
1E
102
{ACAD_REACTORS
330
1A
102
}
330
1A
100
AcDbPlotSettings
  1

  2
none_device
  4

  6

 40
0.0
 41
0.0
 42
0.0
 43
0.0
 44
0.0
 45
0.0
 46
0.0
 47
0.0
 48
0.0
 49
0.0
140
0.0
141
0.0
142
1.0
143
1.0
 70
   688
 72
     1
 73
     0
 74
     5
  7

 75
    16
 76
     0
 77
     2
 78
   300
147
1.0
148
0.0
149
0.0
100
AcDbLayout
  1
Layout1
 70
     1
 71
     1
 10
0.0
 20
0.0
 11
594.0
 21
420.0
 12
0.0
 22
0.0
 32
0.0
 14
0.0
 24
0.0
 34
0.0
 15
594.0
 25
420.0
 35
0.0
146
0.0
 13
0.0
 23
0.0
 33
0.0
 16
1.0
 26
0.0
 36
0.0
 17
0.0
 27
1.0
 37
0.0
 76
     0
330
1B
  0
LAYOUT
  5
22
102
{ACAD_REACTORS
330
1A
102
}
330
1A
100
AcDbPlotSettings
  1

  2
none_device
  4
Letter_(8.50_x_11.00_Inches)
  6

 40
6.35
 41
6.35
 42
6.35000508
 43
6.35000508
 44
215.9
 45
279.4
 46
0.0
 47
0.0
 48
0.0
 49
0.0
140
0.0
141
0.0
142
1.0
143
1.0
 70
  1712
 72
     1
 73
     0
 74
     0
  7

 75
     0
 76
     0
 77
     2
 78
   300
147
1.0
148
0.0
149
0.0
100
AcDbLayout
  1
Model
 70
     1
 71
     0
 10
0.0
 20
0.0
 11
594.0
 21
420.0
 12
0.0
 22
0.0
 32
0.0
 14
0.0
 24
0.0
 34
0.0
 15
594.0
 25
420.0
 35
0.0
146
0.0
 13
0.0
 23
0.0
 33
0.0
 16
1.0
 26
0.0
 36
0.0
 17
0.0
 27
1.0
 37
0.0
 76
     0
330
1F
331
29
  0
MATERIAL
  5
45
102
{ACAD_REACTORS
330
43
102
}
330
43
100
AcDbMaterial
  1
ByBlock
 72
     1
 94
      127
  0
MATERIAL
  5
44
102
{ACAD_REACTORS
330
43
102
}
330
43
100
AcDbMaterial
  1
ByLayer
 72
     1
 94
      127
  0
MATERIAL
  5
46
102
{ACAD_REACTORS
330
43
102
}
330
43
100
AcDbMaterial
  1
Global
 72
     1
 94
      127
  0
MLEADERSTYLE
  5
6C
102
{ACAD_REACTORS
330
6B
102
}
102
{ACAD_XDICTIONARY
360
8EB
102
}
330
6B
100
AcDbMLeaderStyle
170
     2
171
     1
172
     0
 90
        2
 40
0.0
 41
0.0
173
     1
 91
-1056964608
340
14
 92
       -2
290
     1
 42
2.0
291
     1
 43
8.0
  3
Standard
341
0
 44
4.0
300

342
11
174
     1
178
     6
175
     1
176
     0
 93
-1056964608
 45
4.0
292
     0
297
     0
 46
4.0
343
0
 94
-1056964608
 47
1.0
 49
1.0
140
1.0
293
     1
141
0.0
294
     1
177
     0
142
1.0
295
     0
296
     0
143
3.75
1001
ACAD_MLEADERVER
1070
     2
  0
MLINESTYLE
  5
18
102
{ACAD_REACTORS
330
17
102
}
330
17
100
AcDbMlineStyle
  2
Standard
 70
     0
  3

 62
   256
 51
90.0
 52
90.0
 71
     2
 49
0.5
 62
   256
  6
BYLAYER
 49
-0.5
 62
   256
  6
BYLAYER
  0
ACDBPLACEHOLDER
  5
F
102
{ACAD_REACTORS
330
E
102
}
330
E
  0
SCALE
  5
48
102
{ACAD_REACTORS
330
47
102
}
330
47
100
AcDbScale
 70
     0
300
1:1
140
1.0
141
1.0
290
     1
  0
SCALE
  5
49
102
{ACAD_REACTORS
330
47
102
}
330
47
100
AcDbScale
 70
     0
300
1:2
140
1.0
141
2.0
290
     0
  0
SCALE
  5
4A
102
{ACAD_REACTORS
330
47
102
}
330
47
100
AcDbScale
 70
     0
300
1:4
140
1.0
141
4.0
290
     0
  0
SCALE
  5
4B
102
{ACAD_REACTORS
330
47
102
}
330
47
100
AcDbScale
 70
     0
300
1:5
140
1.0
141
5.0
290
     0
  0
SCALE
  5
4C
102
{ACAD_REACTORS
330
47
102
}
330
47
100
AcDbScale
 70
     0
300
1:8
140
1.0
141
8.0
290
     0
  0
SCALE
  5
4D
102
{ACAD_REACTORS
330
47
102
}
330
47
100
AcDbScale
 70
     0
300
1:10
140
1.0
141
10.0
290
     0
  0
SCALE
  5
4E
102
{ACAD_REACTORS
330
47
102
}
330
47
100
AcDbScale
 70
     0
300
1:16
140
1.0
141
16.0
290
     0
  0
SCALE
  5
4F
102
{ACAD_REACTORS
330
47
102
}
330
47
100
AcDbScale
 70
     0
300
1:20
140
1.0
141
20.0
290
     0
  0
SCALE
  5
50
102
{ACAD_REACTORS
330
47
102
}
330
47
100
AcDbScale
 70
     0
300
1:30
140
1.0
141
30.0
290
     0
  0
SCALE
  5
51
102
{ACAD_REACTORS
330
47
102
}
330
47
100
AcDbScale
 70
     0
300
1:40
140
1.0
141
40.0
290
     0
  0
SCALE
  5
52
102
{ACAD_REACTORS
330
47
102
}
330
47
100
AcDbScale
 70
     0
300
1:50
140
1.0
141
50.0
290
     0
  0
SCALE
  5
53
102
{ACAD_REACTORS
330
47
102
}
330
47
100
AcDbScale
 70
     0
300
1:100
140
1.0
141
100.0
290
     0
  0
SCALE
  5
54
102
{ACAD_REACTORS
330
47
102
}
330
47
100
AcDbScale
 70
     0
300
2:1
140
2.0
141
1.0
290
     0
  0
SCALE
  5
55
102
{ACAD_REACTORS
330
47
102
}
330
47
100
AcDbScale
 70
     0
300
4:1
140
4.0
141
1.0
290
     0
  0
SCALE
  5
56
102
{ACAD_REACTORS
330
47
102
}
330
47
100
AcDbScale
 70
     0
300
8:1
140
8.0
141
1.0
290
     0
  0
SCALE
  5
57
102
{ACAD_REACTORS
330
47
102
}
330
47
100
AcDbScale
 70
     0
300
10:1
140
10.0
141
1.0
290
     0
  0
SCALE
  5
58
102
{ACAD_REACTORS
330
47
102
}
330
47
100
AcDbScale
 70
     0
300
100:1
140
100.0
141
1.0
290
     0
  0
SCALE
  5
59
102
{ACAD_REACTORS
330
47
102
}
330
47
100
AcDbScale
 70
     0
300
1/128" = 1'-0"
140
0.0078125
141
12.0
290
     0
  0
SCALE
  5
5A
102
{ACAD_REACTORS
330
47
102
}
330
47
100
AcDbScale
 70
     0
300
1/64" = 1'-0"
140
0.015625
141
12.0
290
     0
  0
SCALE
  5
5B
102
{ACAD_REACTORS
330
47
102
}
330
47
100
AcDbScale
 70
     0
300
1/32" = 1'-0"
140
0.03125
141
12.0
290
     0
  0
SCALE
  5
5C
102
{ACAD_REACTORS
330
47
102
}
330
47
100
AcDbScale
 70
     0
300
1/16" = 1'-0"
140
0.0625
141
12.0
290
     0
  0
SCALE
  5
5D
102
{ACAD_REACTORS
330
47
102
}
330
47
100
AcDbScale
 70
     0
300
3/32" = 1'-0"
140
0.09375
141
12.0
290
     0
  0
SCALE
  5
5E
102
{ACAD_REACTORS
330
47
102
}
330
47
100
AcDbScale
 70
     0
300
1/8" = 1'-0"
140
0.125
141
12.0
290
     0
  0
SCALE
  5
5F
102
{ACAD_REACTORS
330
47
102
}
330
47
100
AcDbScale
 70
     0
300
3/16" = 1'-0"
140
0.1875
141
12.0
290
     0
  0
SCALE
  5
60
102
{ACAD_REACTORS
330
47
102
}
330
47
100
AcDbScale
 70
     0
300
1/4" = 1'-0"
140
0.25
141
12.0
290
     0
  0
SCALE
  5
61
102
{ACAD_REACTORS
330
47
102
}
330
47
100
AcDbScale
 70
     0
300
3/8" = 1'-0"
140
0.375
141
12.0
290
     0
  0
SCALE
  5
62
102
{ACAD_REACTORS
330
47
102
}
330
47
100
AcDbScale
 70
     0
300
1/2" = 1'-0"
140
0.5
141
12.0
290
     0
  0
SCALE
  5
63
102
{ACAD_REACTORS
330
47
102
}
330
47
100
AcDbScale
 70
     0
300
3/4" = 1'-0"
140
0.75
141
12.0
290
     0
  0
SCALE
  5
64
102
{ACAD_REACTORS
330
47
102
}
330
47
100
AcDbScale
 70
     0
300
1" = 1'-0"
140
1.0
141
12.0
290
     0
  0
SCALE
  5
65
102
{ACAD_REACTORS
330
47
102
}
330
47
100
AcDbScale
 70
     0
300
1-1/2" = 1'-0"
140
1.5
141
12.0
290
     0
  0
SCALE
  5
66
102
{ACAD_REACTORS
330
47
102
}
330
47
100
AcDbScale
 70
     0
300
3" = 1'-0"
140
3.0
141
12.0
290
     0
  0
SCALE
  5
67
102
{ACAD_REACTORS
330
47
102
}
330
47
100
AcDbScale
 70
     0
300
6" = 1'-0"
140
6.0
141
12.0
290
     0
  0
SCALE
  5
68
102
{ACAD_REACTORS
330
47
102
}
330
47
100
AcDbScale
 70
     0
300
1'-0" = 1'-0"
140
12.0
141
12.0
290
     0
  0
TABLESTYLE
  5
6A
102
{ACAD_REACTORS
330
69
102
}
102
{ACAD_XDICTIONARY
360
8E8
102
}
330
69
100
AcDbTableStyle
  3
Standard
 70
     0
 71
     0
 40
0.06
 41
0.06
280
     0
281
     0
  7
Standard
140
4.5
170
     2
 62
     0
 63
   257
283
     0
 90
        4
 91
        0
  1

274
    -2
284
     1
 64
     0
275
    -2
285
     1
 65
     0
276
    -2
286
     1
 66
     0
277
    -2
287
     1
 67
     0
278
    -2
288
     1
 68
     0
279
    -2
289
     1
 69
     0
  7
Standard
140
6.0
170
     5
 62
     0
 63
   257
283
     0
 90
        4
 91
        0
  1

274
    -2
284
     1
 64
     0
275
    -2
285
     1
 65
     0
276
    -2
286
     1
 66
     0
277
    -2
287
     1
 67
     0
278
    -2
288
     1
 68
     0
279
    -2
289
     1
 69
     0
  7
Standard
140
4.5
170
     5
 62
     0
 63
   257
283
     0
 90
        4
 91
        0
  1

274
    -2
284
     1
 64
     0
275
    -2
285
     1
 65
     0
276
    -2
286
     1
 66
     0
277
    -2
287
     1
 67
     0
278
    -2
288
     1
 68
     0
279
    -2
289
     1
 69
     0
  0
VISUALSTYLE
  5
2F
102
{ACAD_REACTORS
330
2A
102
}
102
{ACAD_XDICTIONARY
360
8C0
102
}
330
2A
100
AcDbVisualStyle
  2
2dWireframe
 70
     4
 71
     0
 72
     2
 73
     0
 90
        0
 40
0.6
 41
30.0
 62
     5
 63
     7
421
 16777215
 74
     1
 91
        4
 64
     7
 65
   257
 75
     1
175
     1
 42
1.0
 92
        0
 66
   257
 43
1.0
 76
     1
 77
     6
 78
     2
 67
     7
 79
     5
170
     0
171
     0
290
     0
174
     0
 93
        1
 44
0.0
173
     0
291
     0
 45
0.0
  0
VISUALSTYLE
  5
32
102
{ACAD_REACTORS
330
2A
102
}
102
{ACAD_XDICTIONARY
360
8C6
102
}
330
2A
100
AcDbVisualStyle
  2
Basic
 70
     7
 71
     1
 72
     0
 73
     1
 90
        0
 40
0.6
 41
30.0
 62
     5
 63
     7
421
 16777215
 74
     0
 91
        4
 64
     7
 65
   257
 75
     1
175
     1
 42
1.0
 92
        8
 66
     7
 43
1.0
 76
     1
 77
     6
 78
     2
 67
     7
 79
     5
170
     0
171
     0
290
     0
174
     0
 93
        1
 44
0.0
173
     0
291
     1
 45
0.0
  0
VISUALSTYLE
  5
36
102
{ACAD_REACTORS
330
2A
102
}
102
{ACAD_XDICTIONARY
360
8CE
102
}
330
2A
100
AcDbVisualStyle
  2
Brighten
 70
    12
 71
     2
 72
     2
 73
     0
 90
        0
 40
0.6
 41
30.0
 62
     5
 63
     7
421
 16777215
 74
     1
 91
        4
 64
     7
 65
   257
 75
     1
175
     1
 42
1.0
 92
        8
 66
     7
 43
1.0
 76
     1
 77
     6
 78
     2
 67
     7
 79
     5
170
     0
171
     0
290
     0
174
     0
 93
        1
 44
50.0
173
     0
291
     1
 45
0.0
  0
VISUALSTYLE
  5
3A
102
{ACAD_REACTORS
330
2A
102
}
102
{ACAD_XDICTIONARY
360
8D6
102
}
330
2A
100
AcDbVisualStyle
  2
ColorChange
 70
    16
 71
     2
 72
     2
 73
     3
 90
        0
 40
0.6
 41
30.0
 62
     5
 63
     8
421
  8421504
 74
     1
 91
        4
 64
     7
 65
   257
 75
     1
175
     1
 42
1.0
 92
        8
 66
     8
424
  8421504
 43
1.0
 76
     1
 77
     6
 78
     2
 67
     7
 79
     5
170
     0
171
     0
290
     0
174
     0
 93
        1
 44
0.0
173
     0
291
     1
 45
0.0
  0
VISUALSTYLE
  5
34
102
{ACAD_REACTORS
330
2A
102
}
102
{ACAD_XDICTIONARY
360
8CA
102
}
330
2A
100
AcDbVisualStyle
  2
Conceptual
 70
     9
 71
     3
 72
     2
 73
     0
 90
        0
 40
0.6
 41
30.0
 62
     5
 63
     7
421
 16777215
 74
     2
 91
        2
 64
     7
 65
   257
 75
     1
175
     1
 42
179.0
 92
        8
 66
     7
 43
1.0
 76
     1
 77
     6
 78
     2
 67
     7
 79
     3
170
     0
171
     0
290
     0
174
     0
 93
        1
 44
0.0
173
     0
291
     0
 45
0.0
  0
VISUALSTYLE
  5
35
102
{ACAD_REACTORS
330
2A
102
}
102
{ACAD_XDICTIONARY
360
8CC
102
}
330
2A
100
AcDbVisualStyle
  2
Dim
 70
    11
 71
     2
 72
     2
 73
     0
 90
        0
 40
0.6
 41
30.0
 62
     5
 63
     7
421
 16777215
 74
     1
 91
        4
 64
     7
 65
   257
 75
     1
175
     1
 42
1.0
 92
        8
 66
     7
 43
1.0
 76
     1
 77
     6
 78
     2
 67
     7
 79
     5
170
     0
171
     0
290
     0
174
     0
 93
        1
 44
-50.0
173
     0
291
     1
 45
0.0
  0
VISUALSTYLE
  5
3D
102
{ACAD_REACTORS
330
2A
102
}
102
{ACAD_XDICTIONARY
360
8DC
102
}
330
2A
100
AcDbVisualStyle
  2
EdgeColorOff
 70
    22
 71
     2
 72
     2
 73
     0
 90
        0
 40
0.6
 41
30.0
 62
     5
 63
     7
421
 16777215
 74
     1
 91
        4
 64
     7
 65
   257
 75
     1
175
     1
 42
1.0
 92
        8
 66
     7
 43
1.0
 76
     1
 77
     6
 78
     2
 67
     7
 79
     5
170
     0
171
     0
290
     0
174
     0
 93
        1
 44
0.0
173
     0
291
     1
 45
0.0
  0
VISUALSTYLE
  5
39
102
{ACAD_REACTORS
330
2A
102
}
102
{ACAD_XDICTIONARY
360
8D4
102
}
330
2A
100
AcDbVisualStyle
  2
Facepattern
 70
    15
 71
     2
 72
     2
 73
     0
 90
        0
 40
0.6
 41
30.0
 62
     5
 63
     7
421
 16777215
 74
     1
 91
        4
 64
     7
 65
   257
 75
     1
175
     1
 42
1.0
 92
        8
 66
     7
 43
1.0
 76
     1
 77
     6
 78
     2
 67
     7
 79
     5
170
     0
171
     0
290
     0
174
     0
 93
        1
 44
0.0
173
     0
291
     1
 45
0.0
  0
VISUALSTYLE
  5
2B
102
{ACAD_REACTORS
330
2A
102
}
102
{ACAD_XDICTIONARY
360
8B8
102
}
330
2A
100
AcDbVisualStyle
  2
Flat
 70
     0
 71
     2
 72
     1
 73
     1
 90
        2
 40
0.6
 41
30.0
 62
     5
 63
     7
421
 16777215
 74
     0
 91
        0
 64
     7
 65
   257
 75
     1
175
     1
 42
1.0
 92
        8
 66
     7
 43
1.0
 76
     1
 77
     6
 78
     2
 67
     7
 79
     5
170
     0
171
     0
290
     0
174
     0
 93
       13
 44
0.0
173
     0
291
     1
 45
0.0
  0
VISUALSTYLE
  5
2C
102
{ACAD_REACTORS
330
2A
102
}
102
{ACAD_XDICTIONARY
360
8BA
102
}
330
2A
100
AcDbVisualStyle
  2
FlatWithEdges
 70
     1
 71
     2
 72
     1
 73
     1
 90
        2
 40
0.6
 41
30.0
 62
     5
 63
     7
421
 16777215
 74
     1
 91
        0
 64
     7
 65
   257
 75
     1
175
     1
 42
1.0
 92
        0
 66
   257
 43
1.0
 76
     1
 77
     6
 78
     2
 67
     7
 79
     5
170
     0
171
     0
290
     0
174
     0
 93
       13
 44
0.0
173
     0
291
     1
 45
0.0
  0
VISUALSTYLE
  5
2D
102
{ACAD_REACTORS
330
2A
102
}
102
{ACAD_XDICTIONARY
360
8BC
102
}
330
2A
100
AcDbVisualStyle
  2
Gouraud
 70
     2
 71
     2
 72
     2
 73
     1
 90
        2
 40
0.6
 41
30.0
 62
     5
 63
     7
421
 16777215
 74
     0
 91
        0
 64
     7
 65
   257
 75
     1
175
     1
 42
1.0
 92
        0
 66
     7
 43
1.0
 76
     1
 77
     6
 78
     2
 67
     7
 79
     5
170
     0
171
     0
290
     0
174
     0
 93
       13
 44
0.0
173
     0
291
     1
 45
0.0
  0
VISUALSTYLE
  5
2E
102
{ACAD_REACTORS
330
2A
102
}
102
{ACAD_XDICTIONARY
360
8BE
102
}
330
2A
100
AcDbVisualStyle
  2
GouraudWithEdges
 70
     3
 71
     2
 72
     2
 73
     1
 90
        2
 40
0.6
 41
30.0
 62
     5
 63
     7
421
 16777215
 74
     1
 91
        0
 64
     7
 65
   257
 75
     1
175
     1
 42
1.0
 92
        0
 66
   257
 43
1.0
 76
     1
 77
     6
 78
     2
 67
     7
 79
     5
170
     0
171
     0
290
     0
174
     0
 93
       13
 44
0.0
173
     0
291
     1
 45
0.0
  0
VISUALSTYLE
  5
31
102
{ACAD_REACTORS
330
2A
102
}
102
{ACAD_XDICTIONARY
360
8C4
102
}
330
2A
100
AcDbVisualStyle
  2
Hidden
 70
     6
 71
     1
 72
     2
 73
     2
 90
        0
 40
0.6
 41
30.0
 62
     5
 63
     7
421
 16777215
 74
     2
 91
        2
 64
     7
 65
   257
 75
     2
175
     1
 42
40.0
 92
        0
 66
   257
 43
1.0
 76
     1
 77
     6
 78
     2
 67
     7
 79
     3
170
     0
171
     0
290
     0
174
     0
 93
        1
 44
0.0
173
     0
291
     0
 45
0.0
  0
VISUALSTYLE
  5
3B
102
{ACAD_REACTORS
330
2A
102
}
102
{ACAD_XDICTIONARY
360
8D8
102
}
330
2A
100
AcDbVisualStyle
  2
JitterOff
 70
    20
 71
     2
 72
     2
 73
     0
 90
        0
 40
0.6
 41
30.0
 62
     5
 63
     7
421
 16777215
 74
     1
 91
        4
 64
     7
 65
   257
 75
     1
175
     1
 42
1.0
 92
       10
 66
     7
 43
1.0
 76
     1
 77
     6
 78
     2
 67
     7
 79
     5
170
     0
171
     0
290
     0
174
     0
 93
        1
 44
0.0
173
     0
291
     1
 45
0.0
  0
VISUALSTYLE
  5
38
102
{ACAD_REACTORS
330
2A
102
}
102
{ACAD_XDICTIONARY
360
8D2
102
}
330
2A
100
AcDbVisualStyle
  2
Linepattern
 70
    14
 71
     2
 72
     2
 73
     0
 90
        0
 40
0.6
 41
30.0
 62
     5
 63
     7
421
 16777215
 74
     1
 91
        4
 64
     7
 65
   257
 75
     7
175
     7
 42
1.0
 92
        8
 66
     7
 43
1.0
 76
     1
 77
     6
 78
     2
 67
     7
 79
     5
170
     0
171
     0
290
     0
174
     0
 93
        1
 44
0.0
173
     0
291
     1
 45
0.0
  0
VISUALSTYLE
  5
3C
102
{ACAD_REACTORS
330
2A
102
}
102
{ACAD_XDICTIONARY
360
8DA
102
}
330
2A
100
AcDbVisualStyle
  2
OverhangOff
 70
    21
 71
     2
 72
     2
 73
     0
 90
        0
 40
0.6
 41
30.0
 62
     5
 63
     7
421
 16777215
 74
     1
 91
        4
 64
     7
 65
   257
 75
     1
175
     1
 42
1.0
 92
        9
 66
     7
 43
1.0
 76
     1
 77
     6
 78
     2
 67
     7
 79
     5
170
     0
171
     0
290
     0
174
     0
 93
        1
 44
0.0
173
     0
291
     1
 45
0.0
  0
VISUALSTYLE
  5
33
102
{ACAD_REACTORS
330
2A
102
}
102
{ACAD_XDICTIONARY
360
8C8
102
}
330
2A
100
AcDbVisualStyle
  2
Realistic
 70
     8
 71
     2
 72
     3
 73
     0
 90
        2
 40
0.6
 41
30.0
 62
     5
 63
     7
421
 16777215
 74
     0
 91
        0
 64
     7
 65
   257
 75
     1
175
     1
 42
1.0
 92
        8
 66
   257
 43
1.0
 76
     1
 77
     6
 78
     2
 67
     7
 79
     3
170
     0
171
     0
290
     0
174
     0
 93
       13
 44
0.0
173
     0
291
     0
 45
0.0
  0
VISUALSTYLE
  5
42
102
{ACAD_REACTORS
330
2A
102
}
102
{ACAD_XDICTIONARY
360
8E6
102
}
330
2A
100
AcDbVisualStyle
  2
Shaded
 70
    27
 71
     2
 72
     2
 73
     1
 90
        2
 40
0.6
 41
30.0
 62
     5
 63
     7
421
 16777215
 74
     0
 91
        4
 64
     7
 65
   257
 75
     1
175
     1
 42
1.0
 92
        8
 66
   257
 43
1.0
 76
     1
 77
     6
 78
     2
 67
     8
425
  7895160
 79
     3
170
     0
171
     0
290
     0
174
     0
 93
        5
 44
0.0
173
     0
291
     0
 45
0.0
  0
VISUALSTYLE
  5
41
102
{ACAD_REACTORS
330
2A
102
}
102
{ACAD_XDICTIONARY
360
8E4
102
}
330
2A
100
AcDbVisualStyle
  2
Shaded with edges
 70
    26
 71
     2
 72
     2
 73
     1
 90
        2
 40
0.6
 41
30.0
 62
     5
 63
     7
421
 16777215
 74
     1
 91
       10
 64
     7
 65
   257
 75
     2
175
     1
 42
1.0
 92
        8
 66
   257
 43
1.0
 76
     1
 77
     6
 78
     2
 67
     7
 79
     3
170
     0
171
     0
290
     0
174
     0
 93
        5
 44
0.0
173
     0
291
     0
 45
0.0
  0
VISUALSTYLE
  5
3E
102
{ACAD_REACTORS
330
2A
102
}
102
{ACAD_XDICTIONARY
360
8DE
102
}
330
2A
100
AcDbVisualStyle
  2
Shades of Gray
 70
    23
 71
     2
 72
     2
 73
     3
 90
        0
 40
0.6
 41
30.0
 62
     5
 63
     7
421
 16777215
 74
     2
 91
        2
 64
     7
 65
     7
 75
     1
175
     1
 42
40.0
 92
        8
 66
     7
 43
1.0
 76
     1
 77
     6
 78
     2
 67
     7
 79
     3
170
     0
171
     0
290
     0
174
     0
 93
        1
 44
0.0
173
     0
291
     0
 45
0.0
  0
VISUALSTYLE
  5
3F
102
{ACAD_REACTORS
330
2A
102
}
102
{ACAD_XDICTIONARY
360
8E0
102
}
330
2A
100
AcDbVisualStyle
  2
Sketchy
 70
    24
 71
     1
 72
     2
 73
     2
 90
        0
 40
0.6
 41
30.0
 62
     5
 63
     7
421
 16777215
 74
     2
 91
        2
 64
     7
 65
     7
 75
     1
175
     1
 42
40.0
 92
       11
 66
     7
 43
1.0
 76
     1
 77
     6
 78
     2
 67
     7
 79
     6
170
     0
171
     0
290
     0
174
     0
 93
        1
 44
0.0
173
     0
291
     0
 45
0.0
  0
VISUALSTYLE
  5
37
102
{ACAD_REACTORS
330
2A
102
}
102
{ACAD_XDICTIONARY
360
8D0
102
}
330
2A
100
AcDbVisualStyle
  2
Thicken
 70
    13
 71
     2
 72
     2
 73
     0
 90
        0
 40
0.6
 41
30.0
 62
     5
 63
     7
421
 16777215
 74
     1
 91
        4
 64
     7
 65
   257
 75
     1
175
     1
 42
1.0
 92
       12
 66
     7
 43
1.0
 76
     1
 77
     6
 78
     2
 67
     7
 79
     5
170
     0
171
     0
290
     0
174
     0
 93
        1
 44
0.0
173
     0
291
     1
 45
0.0
  0
VISUALSTYLE
  5
30
102
{ACAD_REACTORS
330
2A
102
}
102
{ACAD_XDICTIONARY
360
8C2
102
}
330
2A
100
AcDbVisualStyle
  2
Wireframe
 70
     5
 71
     0
 72
     2
 73
     0
 90
        0
 40
0.6
 41
30.0
 62
     5
 63
     7
421
 16777215
 74
     1
 91
        4
 64
     7
 65
   257
 75
     1
175
     1
 42
1.0
 92
        0
 66
   257
 43
1.0
 76
     1
 77
     6
 78
     2
 67
     7
 79
     3
170
     0
171
     0
290
     0
174
     0
 93
        1
 44
0.0
173
     0
291
     0
 45
0.0
  0
VISUALSTYLE
  5
40
102
{ACAD_REACTORS
330
2A
102
}
102
{ACAD_XDICTIONARY
360
8E2
102
}
330
2A
100
AcDbVisualStyle
  2
X-Ray
 70
    25
 71
     2
 72
     2
 73
     1
 90
        1
 40
0.5
 41
30.0
 62
     5
 63
     7
421
 16777215
 74
     1
 91
        0
 64
     7
 65
   257
 75
     1
175
     1
 42
1.0
 92
        8
 66
     7
 43
1.0
 76
     1
 77
     6
 78
     2
 67
     7
 79
     3
170
     0
171
     0
290
     0
174
     0
 93
       13
 44
0.0
173
     0
291
     0
 45
0.0
  0
DICTIONARYVAR
  5
8B6
102
{ACAD_REACTORS
330
8B5
102
}
330
8B5
100
DictionaryVariables
280
     0
  1
1:1
  0
DICTIONARYVAR
  5
8EF
102
{ACAD_REACTORS
330
8B5
102
}
330
8B5
100
DictionaryVariables
280
     0
  1
Standard
  0
DICTIONARYVAR
  5
8EE
102
{ACAD_REACTORS
330
8B5
102
}
330
8B5
100
DictionaryVariables
280
     0
  1
Standard
  0
DICTIONARYVAR
  5
8F2
102
{ACAD_REACTORS
330
8B5
102
}
330
8B5
100
DictionaryVariables
280
     0
  1
6.000000
  0
DICTIONARYVAR
  5
8B7
102
{ACAD_REACTORS
330
8B5
102
}
330
8B5
100
DictionaryVariables
280
     0
  1
2
  0
DICTIONARY
  5
8EB
330
6C
100
AcDbDictionary
280
     1
281
     1
  3
ACAD_XREC_ROUNDTRIP
360
8EC
  0
DICTIONARY
  5
8E8
330
6A
100
AcDbDictionary
280
     1
281
     1
  3
ACAD_ROUNDTRIP_2008_TABLESTYLE_CELLSTYLEMAP
360
8E9
  0
DICTIONARY
  5
8C0
330
2F
100
AcDbDictionary
280
     1
281
     1
  3
ACAD_XREC_ROUNDTRIP
360
8C1
  0
DICTIONARY
  5
8C6
330
32
100
AcDbDictionary
280
     1
281
     1
  3
ACAD_XREC_ROUNDTRIP
360
8C7
  0
DICTIONARY
  5
8CE
330
36
100
AcDbDictionary
280
     1
281
     1
  3
ACAD_XREC_ROUNDTRIP
360
8CF
  0
DICTIONARY
  5
8D6
330
3A
100
AcDbDictionary
280
     1
281
     1
  3
ACAD_XREC_ROUNDTRIP
360
8D7
  0
DICTIONARY
  5
8CA
330
34
100
AcDbDictionary
280
     1
281
     1
  3
ACAD_XREC_ROUNDTRIP
360
8CB
  0
DICTIONARY
  5
8CC
330
35
100
AcDbDictionary
280
     1
281
     1
  3
ACAD_XREC_ROUNDTRIP
360
8CD
  0
DICTIONARY
  5
8DC
330
3D
100
AcDbDictionary
280
     1
281
     1
  3
ACAD_XREC_ROUNDTRIP
360
8DD
  0
DICTIONARY
  5
8D4
330
39
100
AcDbDictionary
280
     1
281
     1
  3
ACAD_XREC_ROUNDTRIP
360
8D5
  0
DICTIONARY
  5
8B8
330
2B
100
AcDbDictionary
280
     1
281
     1
  3
ACAD_XREC_ROUNDTRIP
360
8B9
  0
DICTIONARY
  5
8BA
330
2C
100
AcDbDictionary
280
     1
281
     1
  3
ACAD_XREC_ROUNDTRIP
360
8BB
  0
DICTIONARY
  5
8BC
330
2D
100
AcDbDictionary
280
     1
281
     1
  3
ACAD_XREC_ROUNDTRIP
360
8BD
  0
DICTIONARY
  5
8BE
330
2E
100
AcDbDictionary
280
     1
281
     1
  3
ACAD_XREC_ROUNDTRIP
360
8BF
  0
DICTIONARY
  5
8C4
330
31
100
AcDbDictionary
280
     1
281
     1
  3
ACAD_XREC_ROUNDTRIP
360
8C5
  0
DICTIONARY
  5
8D8
330
3B
100
AcDbDictionary
280
     1
281
     1
  3
ACAD_XREC_ROUNDTRIP
360
8D9
  0
DICTIONARY
  5
8D2
330
38
100
AcDbDictionary
280
     1
281
     1
  3
ACAD_XREC_ROUNDTRIP
360
8D3
  0
DICTIONARY
  5
8DA
330
3C
100
AcDbDictionary
280
     1
281
     1
  3
ACAD_XREC_ROUNDTRIP
360
8DB
  0
DICTIONARY
  5
8C8
330
33
100
AcDbDictionary
280
     1
281
     1
  3
ACAD_XREC_ROUNDTRIP
360
8C9
  0
DICTIONARY
  5
8E6
330
42
100
AcDbDictionary
280
     1
281
     1
  3
ACAD_XREC_ROUNDTRIP
360
8E7
  0
DICTIONARY
  5
8E4
330
41
100
AcDbDictionary
280
     1
281
     1
  3
ACAD_XREC_ROUNDTRIP
360
8E5
  0
DICTIONARY
  5
8DE
330
3E
100
AcDbDictionary
280
     1
281
     1
  3
ACAD_XREC_ROUNDTRIP
360
8DF
  0
DICTIONARY
  5
8E0
330
3F
100
AcDbDictionary
280
     1
281
     1
  3
ACAD_XREC_ROUNDTRIP
360
8E1
  0
DICTIONARY
  5
8D0
330
37
100
AcDbDictionary
280
     1
281
     1
  3
ACAD_XREC_ROUNDTRIP
360
8D1
  0
DICTIONARY
  5
8C2
330
30
100
AcDbDictionary
280
     1
281
     1
  3
ACAD_XREC_ROUNDTRIP
360
8C3
  0
DICTIONARY
  5
8E2
330
40
100
AcDbDictionary
280
     1
281
     1
  3
ACAD_XREC_ROUNDTRIP
360
8E3
  0
XRECORD
  5
8EC
102
{ACAD_REACTORS
330
8EB
102
}
330
8EB
100
AcDbXrecord
280
     1
102
ACAD_ROUNDTRIP_2010_MLEADER_STYLE
  0
CELLSTYLEMAP
  5
8E9
102
{ACAD_REACTORS
330
8E8
102
}
330
8E8
100
AcDbCellStyleMap
 90
        3
300
CELLSTYLE
  1
TABLEFORMAT_BEGIN
 90
        5
170
     1
 91
        0
 92
    32768
 62
   257
 93
        1
300
CONTENTFORMAT
  1
CONTENTFORMAT_BEGIN
 90
        0
 91
        0
 92
        4
 93
        0
300

 40
0.0
140
1.0
 94
        5
 62
     0
340
11
144
6.0
309
CONTENTFORMAT_END
171
     1
301
MARGIN
  1
CELLMARGIN_BEGIN
 40
1.5
 40
1.5
 40
1.5
 40
1.5
 40
1.5
 40
1.5
309
CELLMARGIN_END
 94
        6
 95
        1
302
GRIDFORMAT
  1
GRIDFORMAT_BEGIN
 90
        0
 91
        1
 62
     0
 92
       -2
340
14
 93
        0
 40
0.045
309
GRIDFORMAT_END
 95
        2
302
GRIDFORMAT
  1
GRIDFORMAT_BEGIN
 90
        0
 91
        1
 62
     0
 92
       -2
340
14
 93
        0
 40
0.045
309
GRIDFORMAT_END
 95
        4
302
GRIDFORMAT
  1
GRIDFORMAT_BEGIN
 90
        0
 91
        1
 62
     0
 92
       -2
340
14
 93
        0
 40
0.045
309
GRIDFORMAT_END
 95
        8
302
GRIDFORMAT
  1
GRIDFORMAT_BEGIN
 90
        0
 91
        1
 62
     0
 92
       -2
340
14
 93
        0
 40
0.045
309
GRIDFORMAT_END
 95
       16
302
GRIDFORMAT
  1
GRIDFORMAT_BEGIN
 90
        0
 91
        1
 62
     0
 92
       -2
340
14
 93
        0
 40
0.045
309
GRIDFORMAT_END
 95
       32
302
GRIDFORMAT
  1
GRIDFORMAT_BEGIN
 90
        0
 91
        1
 62
     0
 92
       -2
340
14
 93
        0
 40
0.045
309
GRIDFORMAT_END
309
TABLEFORMAT_END
  1
CELLSTYLE_BEGIN
 90
        1
 91
        1
300
_TITLE
309
CELLSTYLE_END
300
CELLSTYLE
  1
TABLEFORMAT_BEGIN
 90
        5
170
     1
 91
        0
 92
        0
 62
   257
 93
        1
300
CONTENTFORMAT
  1
CONTENTFORMAT_BEGIN
 90
        0
 91
        0
 92
        4
 93
        0
300

 40
0.0
140
1.0
 94
        5
 62
     0
340
11
144
4.5
309
CONTENTFORMAT_END
171
     1
301
MARGIN
  1
CELLMARGIN_BEGIN
 40
1.5
 40
1.5
 40
1.5
 40
1.5
 40
1.5
 40
1.5
309
CELLMARGIN_END
 94
        6
 95
        1
302
GRIDFORMAT
  1
GRIDFORMAT_BEGIN
 90
        0
 91
        1
 62
     0
 92
       -2
340
14
 93
        0
 40
0.045
309
GRIDFORMAT_END
 95
        2
302
GRIDFORMAT
  1
GRIDFORMAT_BEGIN
 90
        0
 91
        1
 62
     0
 92
       -2
340
14
 93
        0
 40
0.045
309
GRIDFORMAT_END
 95
        4
302
GRIDFORMAT
  1
GRIDFORMAT_BEGIN
 90
        0
 91
        1
 62
     0
 92
       -2
340
14
 93
        0
 40
0.045
309
GRIDFORMAT_END
 95
        8
302
GRIDFORMAT
  1
GRIDFORMAT_BEGIN
 90
        0
 91
        1
 62
     0
 92
       -2
340
14
 93
        0
 40
0.045
309
GRIDFORMAT_END
 95
       16
302
GRIDFORMAT
  1
GRIDFORMAT_BEGIN
 90
        0
 91
        1
 62
     0
 92
       -2
340
14
 93
        0
 40
0.045
309
GRIDFORMAT_END
 95
       32
302
GRIDFORMAT
  1
GRIDFORMAT_BEGIN
 90
        0
 91
        1
 62
     0
 92
       -2
340
14
 93
        0
 40
0.045
309
GRIDFORMAT_END
309
TABLEFORMAT_END
  1
CELLSTYLE_BEGIN
 90
        2
 91
        1
300
_HEADER
309
CELLSTYLE_END
300
CELLSTYLE
  1
TABLEFORMAT_BEGIN
 90
        5
170
     1
 91
        0
 92
        0
 62
   257
 93
        1
300
CONTENTFORMAT
  1
CONTENTFORMAT_BEGIN
 90
        0
 91
        0
 92
        4
 93
        0
300

 40
0.0
140
1.0
 94
        2
 62
     0
340
11
144
4.5
309
CONTENTFORMAT_END
171
     1
301
MARGIN
  1
CELLMARGIN_BEGIN
 40
1.5
 40
1.5
 40
1.5
 40
1.5
 40
1.5
 40
1.5
309
CELLMARGIN_END
 94
        6
 95
        1
302
GRIDFORMAT
  1
GRIDFORMAT_BEGIN
 90
        0
 91
        1
 62
     0
 92
       -2
340
14
 93
        0
 40
0.045
309
GRIDFORMAT_END
 95
        2
302
GRIDFORMAT
  1
GRIDFORMAT_BEGIN
 90
        0
 91
        1
 62
     0
 92
       -2
340
14
 93
        0
 40
0.045
309
GRIDFORMAT_END
 95
        4
302
GRIDFORMAT
  1
GRIDFORMAT_BEGIN
 90
        0
 91
        1
 62
     0
 92
       -2
340
14
 93
        0
 40
0.045
309
GRIDFORMAT_END
 95
        8
302
GRIDFORMAT
  1
GRIDFORMAT_BEGIN
 90
        0
 91
        1
 62
     0
 92
       -2
340
14
 93
        0
 40
0.045
309
GRIDFORMAT_END
 95
       16
302
GRIDFORMAT
  1
GRIDFORMAT_BEGIN
 90
        0
 91
        1
 62
     0
 92
       -2
340
14
 93
        0
 40
0.045
309
GRIDFORMAT_END
 95
       32
302
GRIDFORMAT
  1
GRIDFORMAT_BEGIN
 90
        0
 91
        1
 62
     0
 92
       -2
340
14
 93
        0
 40
0.045
309
GRIDFORMAT_END
309
TABLEFORMAT_END
  1
CELLSTYLE_BEGIN
 90
        3
 91
        2
300
_DATA
309
CELLSTYLE_END
  0
XRECORD
  5
8C1
102
{ACAD_REACTORS
330
8C0
102
}
330
8C0
100
AcDbXrecord
280
     1
102
RTVSPropertyOp0
 70
     1
102
RTVSPropertyOp1
 70
     1
102
RTVSPropertyOp2
 70
     1
102
RTVSPropertyOp3
 70
     1
102
RTVSPropertyOp4
 70
     1
102
RTVSPropertyOp5
 70
     1
102
RTVSPropertyOp6
 70
     1
102
RTVSPropertyOp7
 70
     1
102
RTVSPropertyOp8
 70
     1
102
RTVSPropertyOp9
 70
     1
102
RTVSPropertyOp10
 70
     1
102
RTVSPropertyOp11
 70
     1
102
RTVSPropertyOp12
 70
     1
102
RTVSPropertyOp13
 70
     1
102
RTVSPropertyOp14
 70
     1
102
RTVSPropertyOp15
 70
     1
102
RTVSPropertyOp16
 70
     1
102
RTVSPropertyOp17
 70
     1
102
RTVSPropertyOp18
 70
     1
102
RTVSPropertyOp19
 70
     1
102
RTVSPropertyOp20
 70
     1
102
RTVSPropertyOp21
 70
     1
102
RTVSPropertyOp22
 70
     1
102
RTVSPropertyOp23
 70
     1
102
RTVSPropertyOp24
 70
     1
102
RTVSPropertyOp25
 70
     1
102
RTVSPropertyOp26
 70
     1
102
RTVSPropertyOp27
 70
     1
102
RTVSPropertyOp28
 70
     1
102
RTVSPropertyOp29
 70
     1
102
RTVSPropertyOp30
 70
     1
102
RTVSPropertyOp31
 70
     1
102
RTVSPropertyOp32
 70
     1
102
RTVSPropertyOp33
 70
     1
102
RTVSPropertyOp34
 70
     1
102
RTVSPropertyOp35
 70
     1
102
RTVSPropertyOp36
 70
     1
102
RTVSPropertyOp37
 70
     1
102
RTVSPropertyOp38
 70
     1
102
RTVSPropertyOp39
 70
     1
102
RTVSPropertyOp40
 70
     1
102
RTVSPropertyOp41
 70
     1
102
RTVSPropertyOp42
 70
     1
102
RTVSPropertyOp43
 70
     1
102
RTVSPropertyOp44
 70
     1
102
RTVSPropertyOp45
 70
     1
102
RTVSPropertyOp46
 70
     1
102
RTVSPropertyOp47
 70
     1
102
RTVSPropertyOp48
 70
     1
102
RTVSPropertyOp49
 70
     1
102
RTVSPropertyOp50
 70
     1
102
RTVSPropertyOp51
 70
     0
102
RTVSPropertyOp52
 70
     0
102
RTVSPropertyOp53
 70
     1
102
RTVSPropertyOp54
 70
     1
102
RTVSPropertyOp55
 70
     1
102
RTVSPropertyOp56
 70
     1
102
RTVSPropertyOp57
 70
     1
102
RTVSPost2010Prop28
280
     1
102
RTVSPost2010PropOp28
 70
     1
102
RTVSPost2010Prop29
280
     1
102
RTVSPost2010PropOp29
 70
     1
102
RTVSPost2010Prop30
280
     0
102
RTVSPost2010PropOp30
 70
     1
102
RTVSPost2010Prop31
280
     0
102
RTVSPost2010PropOp31
 70
     1
102
RTVSPost2010Prop32
280
     0
102
RTVSPost2010PropOp32
 70
     1
102
RTVSPost2010Prop33
280
     0
102
RTVSPost2010PropOp33
 70
     1
102
RTVSPost2010Prop34
280
     0
102
RTVSPost2010PropOp34
 70
     1
102
RTVSPost2010Prop35
280
     0
102
RTVSPost2010PropOp35
 70
     1
102
RTVSPost2010Prop36
280
     0
102
RTVSPost2010PropOp36
 70
     1
102
RTVSPost2010Prop37
 90
       50
102
RTVSPost2010PropOp37
 70
     1
102
RTVSPost2010Prop38
140
0.0
102
RTVSPost2010PropOp38
 70
     1
102
RTVSPost2010Prop39
140
1.0
102
RTVSPost2010PropOp39
 70
     1
102
RTVSPost2010Prop40
 90
        0
102
RTVSPost2010PropOp40
 70
     1
102
RTVSPost2010Prop41ColorIndex
 90
       18
102
RTVSPost2010Prop41ColorRGB
 90
        0
102
RTVSPost2010PropOp41
 70
     1
102
RTVSPost2010Prop42
 90
       50
102
RTVSPost2010PropOp42
 70
     1
102
RTVSPost2010Prop43
 90
        3
102
RTVSPost2010PropOp43
 70
     1
102
RTVSPost2010Prop44ColorIndex
 90
        5
102
RTVSPost2010Prop44ColorRGB
 90
      255
102
RTVSPost2010PropOp44
 70
     1
102
RTVSPost2010Prop45
280
     0
102
RTVSPost2010PropOp45
 70
     1
102
RTVSPost2010Prop46
 90
       50
102
RTVSPost2010PropOp46
 70
     1
102
RTVSPost2010Prop47
 90
       50
102
RTVSPost2010PropOp47
 70
     1
102
RTVSPost2010Prop48
 90
       50
102
RTVSPost2010PropOp48
 70
     1
102
RTVSPost2010Prop49
280
     0
102
RTVSPost2010PropOp49
 70
     1
102
RTVSPost2010Prop50
 90
       50
102
RTVSPost2010PropOp50
 70
     1
102
RTVSPost2010Prop51ColorIndex
 90
      256
102
RTVSPost2010Prop51ColorRGB
 90
-16777216
102
RTVSPost2010PropOp51
 70
     0
102
RTVSPost2010Prop52
140
1.0
102
RTVSPost2010PropOp52
 70
     0
102
RTVSPost2010Prop53
 90
        2
102
RTVSPost2010PropOp53
 70
     1
102
RTVSPost2010Prop54
  1
strokes_ogs.tif
102
RTVSPost2010PropOp54
 70
     1
102
RTVSPost2010Prop55
280
     0
102
RTVSPost2010PropOp55
 70
     1
102
RTVSPost2010Prop56
140
1.0
102
RTVSPost2010PropOp56
 70
     1
102
RTVSPost2010Prop57
140
1.0
102
RTVSPost2010PropOp57
 70
     1
  0
XRECORD
  5
8C7
102
{ACAD_REACTORS
330
8C6
102
}
330
8C6
100
AcDbXrecord
280
     1
102
RTVSPropertyOp0
 70
     1
102
RTVSPropertyOp1
 70
     1
102
RTVSPropertyOp2
 70
     1
102
RTVSPropertyOp3
 70
     1
102
RTVSPropertyOp4
 70
     1
102
RTVSPropertyOp5
 70
     1
102
RTVSPropertyOp6
 70
     1
102
RTVSPropertyOp7
 70
     1
102
RTVSPropertyOp8
 70
     1
102
RTVSPropertyOp9
 70
     1
102
RTVSPropertyOp10
 70
     1
102
RTVSPropertyOp11
 70
     1
102
RTVSPropertyOp12
 70
     1
102
RTVSPropertyOp13
 70
     1
102
RTVSPropertyOp14
 70
     1
102
RTVSPropertyOp15
 70
     1
102
RTVSPropertyOp16
 70
     1
102
RTVSPropertyOp17
 70
     1
102
RTVSPropertyOp18
 70
     1
102
RTVSPropertyOp19
 70
     1
102
RTVSPropertyOp20
 70
     1
102
RTVSPropertyOp21
 70
     1
102
RTVSPropertyOp22
 70
     1
102
RTVSPropertyOp23
 70
     1
102
RTVSPropertyOp24
 70
     1
102
RTVSPropertyOp25
 70
     1
102
RTVSPropertyOp26
 70
     1
102
RTVSPropertyOp27
 70
     1
102
RTVSPropertyOp28
 70
     1
102
RTVSPropertyOp29
 70
     1
102
RTVSPropertyOp30
 70
     1
102
RTVSPropertyOp31
 70
     1
102
RTVSPropertyOp32
 70
     1
102
RTVSPropertyOp33
 70
     1
102
RTVSPropertyOp34
 70
     1
102
RTVSPropertyOp35
 70
     1
102
RTVSPropertyOp36
 70
     1
102
RTVSPropertyOp37
 70
     1
102
RTVSPropertyOp38
 70
     1
102
RTVSPropertyOp39
 70
     1
102
RTVSPropertyOp40
 70
     1
102
RTVSPropertyOp41
 70
     1
102
RTVSPropertyOp42
 70
     1
102
RTVSPropertyOp43
 70
     1
102
RTVSPropertyOp44
 70
     1
102
RTVSPropertyOp45
 70
     1
102
RTVSPropertyOp46
 70
     1
102
RTVSPropertyOp47
 70
     1
102
RTVSPropertyOp48
 70
     1
102
RTVSPropertyOp49
 70
     1
102
RTVSPropertyOp50
 70
     1
102
RTVSPropertyOp51
 70
     0
102
RTVSPropertyOp52
 70
     0
102
RTVSPropertyOp53
 70
     1
102
RTVSPropertyOp54
 70
     1
102
RTVSPropertyOp55
 70
     1
102
RTVSPropertyOp56
 70
     1
102
RTVSPropertyOp57
 70
     1
102
RTVSPost2010Prop28
280
     0
102
RTVSPost2010PropOp28
 70
     1
102
RTVSPost2010Prop29
280
     1
102
RTVSPost2010PropOp29
 70
     1
102
RTVSPost2010Prop30
280
     1
102
RTVSPost2010PropOp30
 70
     1
102
RTVSPost2010Prop31
280
     0
102
RTVSPost2010PropOp31
 70
     1
102
RTVSPost2010Prop32
280
     0
102
RTVSPost2010PropOp32
 70
     1
102
RTVSPost2010Prop33
280
     0
102
RTVSPost2010PropOp33
 70
     1
102
RTVSPost2010Prop34
280
     0
102
RTVSPost2010PropOp34
 70
     1
102
RTVSPost2010Prop35
280
     0
102
RTVSPost2010PropOp35
 70
     1
102
RTVSPost2010Prop36
280
     0
102
RTVSPost2010PropOp36
 70
     1
102
RTVSPost2010Prop37
 90
       50
102
RTVSPost2010PropOp37
 70
     1
102
RTVSPost2010Prop38
140
0.0
102
RTVSPost2010PropOp38
 70
     1
102
RTVSPost2010Prop39
140
1.0
102
RTVSPost2010PropOp39
 70
     1
102
RTVSPost2010Prop40
 90
        0
102
RTVSPost2010PropOp40
 70
     1
102
RTVSPost2010Prop41ColorIndex
 90
       18
102
RTVSPost2010Prop41ColorRGB
 90
        0
102
RTVSPost2010PropOp41
 70
     1
102
RTVSPost2010Prop42
 90
       50
102
RTVSPost2010PropOp42
 70
     1
102
RTVSPost2010Prop43
 90
        3
102
RTVSPost2010PropOp43
 70
     1
102
RTVSPost2010Prop44ColorIndex
 90
        5
102
RTVSPost2010Prop44ColorRGB
 90
      255
102
RTVSPost2010PropOp44
 70
     1
102
RTVSPost2010Prop45
280
     0
102
RTVSPost2010PropOp45
 70
     1
102
RTVSPost2010Prop46
 90
       50
102
RTVSPost2010PropOp46
 70
     1
102
RTVSPost2010Prop47
 90
       50
102
RTVSPost2010PropOp47
 70
     1
102
RTVSPost2010Prop48
 90
       50
102
RTVSPost2010PropOp48
 70
     1
102
RTVSPost2010Prop49
280
     0
102
RTVSPost2010PropOp49
 70
     1
102
RTVSPost2010Prop50
 90
       50
102
RTVSPost2010PropOp50
 70
     1
102
RTVSPost2010Prop51ColorIndex
 90
      256
102
RTVSPost2010Prop51ColorRGB
 90
-16777216
102
RTVSPost2010PropOp51
 70
     0
102
RTVSPost2010Prop52
140
1.0
102
RTVSPost2010PropOp52
 70
     0
102
RTVSPost2010Prop53
 90
        2
102
RTVSPost2010PropOp53
 70
     1
102
RTVSPost2010Prop54
  1
strokes_ogs.tif
102
RTVSPost2010PropOp54
 70
     1
102
RTVSPost2010Prop55
280
     0
102
RTVSPost2010PropOp55
 70
     1
102
RTVSPost2010Prop56
140
1.0
102
RTVSPost2010PropOp56
 70
     1
102
RTVSPost2010Prop57
140
1.0
102
RTVSPost2010PropOp57
 70
     1
  0
XRECORD
  5
8CF
102
{ACAD_REACTORS
330
8CE
102
}
330
8CE
100
AcDbXrecord
280
     1
102
RTVSPropertyOp0
 70
     1
102
RTVSPropertyOp1
 70
     1
102
RTVSPropertyOp2
 70
     1
102
RTVSPropertyOp3
 70
     1
102
RTVSPropertyOp4
 70
     1
102
RTVSPropertyOp5
 70
     1
102
RTVSPropertyOp6
 70
     1
102
RTVSPropertyOp7
 70
     1
102
RTVSPropertyOp8
 70
     1
102
RTVSPropertyOp9
 70
     1
102
RTVSPropertyOp10
 70
     1
102
RTVSPropertyOp11
 70
     1
102
RTVSPropertyOp12
 70
     1
102
RTVSPropertyOp13
 70
     1
102
RTVSPropertyOp14
 70
     1
102
RTVSPropertyOp15
 70
     1
102
RTVSPropertyOp16
 70
     1
102
RTVSPropertyOp17
 70
     1
102
RTVSPropertyOp18
 70
     1
102
RTVSPropertyOp19
 70
     1
102
RTVSPropertyOp20
 70
     1
102
RTVSPropertyOp21
 70
     1
102
RTVSPropertyOp22
 70
     1
102
RTVSPropertyOp23
 70
     1
102
RTVSPropertyOp24
 70
     1
102
RTVSPropertyOp25
 70
     1
102
RTVSPropertyOp26
 70
     1
102
RTVSPropertyOp27
 70
     1
102
RTVSPropertyOp28
 70
     1
102
RTVSPropertyOp29
 70
     1
102
RTVSPropertyOp30
 70
     1
102
RTVSPropertyOp31
 70
     1
102
RTVSPropertyOp32
 70
     1
102
RTVSPropertyOp33
 70
     1
102
RTVSPropertyOp34
 70
     1
102
RTVSPropertyOp35
 70
     1
102
RTVSPropertyOp36
 70
     1
102
RTVSPropertyOp37
 70
     1
102
RTVSPropertyOp38
 70
     1
102
RTVSPropertyOp39
 70
     1
102
RTVSPropertyOp40
 70
     1
102
RTVSPropertyOp41
 70
     1
102
RTVSPropertyOp42
 70
     1
102
RTVSPropertyOp43
 70
     1
102
RTVSPropertyOp44
 70
     1
102
RTVSPropertyOp45
 70
     1
102
RTVSPropertyOp46
 70
     1
102
RTVSPropertyOp47
 70
     1
102
RTVSPropertyOp48
 70
     1
102
RTVSPropertyOp49
 70
     1
102
RTVSPropertyOp50
 70
     1
102
RTVSPropertyOp51
 70
     0
102
RTVSPropertyOp52
 70
     0
102
RTVSPropertyOp53
 70
     1
102
RTVSPropertyOp54
 70
     1
102
RTVSPropertyOp55
 70
     1
102
RTVSPropertyOp56
 70
     1
102
RTVSPropertyOp57
 70
     1
102
RTVSPost2010Prop28
280
     0
102
RTVSPost2010PropOp28
 70
     1
102
RTVSPost2010Prop29
280
     1
102
RTVSPost2010PropOp29
 70
     1
102
RTVSPost2010Prop30
280
     1
102
RTVSPost2010PropOp30
 70
     1
102
RTVSPost2010Prop31
280
     0
102
RTVSPost2010PropOp31
 70
     1
102
RTVSPost2010Prop32
280
     0
102
RTVSPost2010PropOp32
 70
     1
102
RTVSPost2010Prop33
280
     0
102
RTVSPost2010PropOp33
 70
     1
102
RTVSPost2010Prop34
280
     0
102
RTVSPost2010PropOp34
 70
     1
102
RTVSPost2010Prop35
280
     0
102
RTVSPost2010PropOp35
 70
     1
102
RTVSPost2010Prop36
280
     0
102
RTVSPost2010PropOp36
 70
     1
102
RTVSPost2010Prop37
 90
       50
102
RTVSPost2010PropOp37
 70
     1
102
RTVSPost2010Prop38
140
0.0
102
RTVSPost2010PropOp38
 70
     1
102
RTVSPost2010Prop39
140
1.0
102
RTVSPost2010PropOp39
 70
     1
102
RTVSPost2010Prop40
 90
        0
102
RTVSPost2010PropOp40
 70
     1
102
RTVSPost2010Prop41ColorIndex
 90
       18
102
RTVSPost2010Prop41ColorRGB
 90
        0
102
RTVSPost2010PropOp41
 70
     1
102
RTVSPost2010Prop42
 90
       50
102
RTVSPost2010PropOp42
 70
     1
102
RTVSPost2010Prop43
 90
        3
102
RTVSPost2010PropOp43
 70
     1
102
RTVSPost2010Prop44ColorIndex
 90
        5
102
RTVSPost2010Prop44ColorRGB
 90
      255
102
RTVSPost2010PropOp44
 70
     1
102
RTVSPost2010Prop45
280
     0
102
RTVSPost2010PropOp45
 70
     1
102
RTVSPost2010Prop46
 90
       50
102
RTVSPost2010PropOp46
 70
     1
102
RTVSPost2010Prop47
 90
       50
102
RTVSPost2010PropOp47
 70
     1
102
RTVSPost2010Prop48
 90
       50
102
RTVSPost2010PropOp48
 70
     1
102
RTVSPost2010Prop49
280
     0
102
RTVSPost2010PropOp49
 70
     1
102
RTVSPost2010Prop50
 90
       50
102
RTVSPost2010PropOp50
 70
     1
102
RTVSPost2010Prop51ColorIndex
 90
      256
102
RTVSPost2010Prop51ColorRGB
 90
-16777216
102
RTVSPost2010PropOp51
 70
     0
102
RTVSPost2010Prop52
140
1.0
102
RTVSPost2010PropOp52
 70
     0
102
RTVSPost2010Prop53
 90
        2
102
RTVSPost2010PropOp53
 70
     1
102
RTVSPost2010Prop54
  1
strokes_ogs.tif
102
RTVSPost2010PropOp54
 70
     1
102
RTVSPost2010Prop55
280
     0
102
RTVSPost2010PropOp55
 70
     1
102
RTVSPost2010Prop56
140
1.0
102
RTVSPost2010PropOp56
 70
     1
102
RTVSPost2010Prop57
140
1.0
102
RTVSPost2010PropOp57
 70
     1
  0
XRECORD
  5
8D7
102
{ACAD_REACTORS
330
8D6
102
}
330
8D6
100
AcDbXrecord
280
     1
102
RTVSPropertyOp0
 70
     1
102
RTVSPropertyOp1
 70
     1
102
RTVSPropertyOp2
 70
     1
102
RTVSPropertyOp3
 70
     1
102
RTVSPropertyOp4
 70
     1
102
RTVSPropertyOp5
 70
     1
102
RTVSPropertyOp6
 70
     1
102
RTVSPropertyOp7
 70
     1
102
RTVSPropertyOp8
 70
     1
102
RTVSPropertyOp9
 70
     1
102
RTVSPropertyOp10
 70
     1
102
RTVSPropertyOp11
 70
     1
102
RTVSPropertyOp12
 70
     1
102
RTVSPropertyOp13
 70
     1
102
RTVSPropertyOp14
 70
     1
102
RTVSPropertyOp15
 70
     1
102
RTVSPropertyOp16
 70
     1
102
RTVSPropertyOp17
 70
     1
102
RTVSPropertyOp18
 70
     1
102
RTVSPropertyOp19
 70
     1
102
RTVSPropertyOp20
 70
     1
102
RTVSPropertyOp21
 70
     1
102
RTVSPropertyOp22
 70
     1
102
RTVSPropertyOp23
 70
     1
102
RTVSPropertyOp24
 70
     1
102
RTVSPropertyOp25
 70
     1
102
RTVSPropertyOp26
 70
     1
102
RTVSPropertyOp27
 70
     1
102
RTVSPropertyOp28
 70
     1
102
RTVSPropertyOp29
 70
     1
102
RTVSPropertyOp30
 70
     1
102
RTVSPropertyOp31
 70
     1
102
RTVSPropertyOp32
 70
     1
102
RTVSPropertyOp33
 70
     1
102
RTVSPropertyOp34
 70
     1
102
RTVSPropertyOp35
 70
     1
102
RTVSPropertyOp36
 70
     1
102
RTVSPropertyOp37
 70
     1
102
RTVSPropertyOp38
 70
     1
102
RTVSPropertyOp39
 70
     1
102
RTVSPropertyOp40
 70
     1
102
RTVSPropertyOp41
 70
     1
102
RTVSPropertyOp42
 70
     1
102
RTVSPropertyOp43
 70
     1
102
RTVSPropertyOp44
 70
     1
102
RTVSPropertyOp45
 70
     1
102
RTVSPropertyOp46
 70
     1
102
RTVSPropertyOp47
 70
     1
102
RTVSPropertyOp48
 70
     1
102
RTVSPropertyOp49
 70
     1
102
RTVSPropertyOp50
 70
     1
102
RTVSPropertyOp51
 70
     0
102
RTVSPropertyOp52
 70
     0
102
RTVSPropertyOp53
 70
     1
102
RTVSPropertyOp54
 70
     1
102
RTVSPropertyOp55
 70
     1
102
RTVSPropertyOp56
 70
     1
102
RTVSPropertyOp57
 70
     1
102
RTVSPost2010Prop28
280
     0
102
RTVSPost2010PropOp28
 70
     1
102
RTVSPost2010Prop29
280
     1
102
RTVSPost2010PropOp29
 70
     1
102
RTVSPost2010Prop30
280
     1
102
RTVSPost2010PropOp30
 70
     1
102
RTVSPost2010Prop31
280
     0
102
RTVSPost2010PropOp31
 70
     1
102
RTVSPost2010Prop32
280
     0
102
RTVSPost2010PropOp32
 70
     1
102
RTVSPost2010Prop33
280
     0
102
RTVSPost2010PropOp33
 70
     1
102
RTVSPost2010Prop34
280
     0
102
RTVSPost2010PropOp34
 70
     1
102
RTVSPost2010Prop35
280
     0
102
RTVSPost2010PropOp35
 70
     1
102
RTVSPost2010Prop36
280
     0
102
RTVSPost2010PropOp36
 70
     1
102
RTVSPost2010Prop37
 90
       50
102
RTVSPost2010PropOp37
 70
     1
102
RTVSPost2010Prop38
140
0.0
102
RTVSPost2010PropOp38
 70
     1
102
RTVSPost2010Prop39
140
1.0
102
RTVSPost2010PropOp39
 70
     1
102
RTVSPost2010Prop40
 90
        0
102
RTVSPost2010PropOp40
 70
     1
102
RTVSPost2010Prop41ColorIndex
 90
       18
102
RTVSPost2010Prop41ColorRGB
 90
        0
102
RTVSPost2010PropOp41
 70
     1
102
RTVSPost2010Prop42
 90
       50
102
RTVSPost2010PropOp42
 70
     1
102
RTVSPost2010Prop43
 90
        3
102
RTVSPost2010PropOp43
 70
     1
102
RTVSPost2010Prop44ColorIndex
 90
        5
102
RTVSPost2010Prop44ColorRGB
 90
      255
102
RTVSPost2010PropOp44
 70
     1
102
RTVSPost2010Prop45
280
     0
102
RTVSPost2010PropOp45
 70
     1
102
RTVSPost2010Prop46
 90
       50
102
RTVSPost2010PropOp46
 70
     1
102
RTVSPost2010Prop47
 90
       50
102
RTVSPost2010PropOp47
 70
     1
102
RTVSPost2010Prop48
 90
       50
102
RTVSPost2010PropOp48
 70
     1
102
RTVSPost2010Prop49
280
     0
102
RTVSPost2010PropOp49
 70
     1
102
RTVSPost2010Prop50
 90
       50
102
RTVSPost2010PropOp50
 70
     1
102
RTVSPost2010Prop51ColorIndex
 90
      256
102
RTVSPost2010Prop51ColorRGB
 90
-16777216
102
RTVSPost2010PropOp51
 70
     0
102
RTVSPost2010Prop52
140
1.0
102
RTVSPost2010PropOp52
 70
     0
102
RTVSPost2010Prop53
 90
        2
102
RTVSPost2010PropOp53
 70
     1
102
RTVSPost2010Prop54
  1
strokes_ogs.tif
102
RTVSPost2010PropOp54
 70
     1
102
RTVSPost2010Prop55
280
     0
102
RTVSPost2010PropOp55
 70
     1
102
RTVSPost2010Prop56
140
1.0
102
RTVSPost2010PropOp56
 70
     1
102
RTVSPost2010Prop57
140
1.0
102
RTVSPost2010PropOp57
 70
     1
  0
XRECORD
  5
8CB
102
{ACAD_REACTORS
330
8CA
102
}
330
8CA
100
AcDbXrecord
280
     1
102
RTVSPropertyOp0
 70
     1
102
RTVSPropertyOp1
 70
     1
102
RTVSPropertyOp2
 70
     1
102
RTVSPropertyOp3
 70
     1
102
RTVSPropertyOp4
 70
     1
102
RTVSPropertyOp5
 70
     1
102
RTVSPropertyOp6
 70
     1
102
RTVSPropertyOp7
 70
     1
102
RTVSPropertyOp8
 70
     1
102
RTVSPropertyOp9
 70
     1
102
RTVSPropertyOp10
 70
     1
102
RTVSPropertyOp11
 70
     1
102
RTVSPropertyOp12
 70
     1
102
RTVSPropertyOp13
 70
     1
102
RTVSPropertyOp14
 70
     1
102
RTVSPropertyOp15
 70
     1
102
RTVSPropertyOp16
 70
     1
102
RTVSPropertyOp17
 70
     1
102
RTVSPropertyOp18
 70
     1
102
RTVSPropertyOp19
 70
     1
102
RTVSPropertyOp20
 70
     1
102
RTVSPropertyOp21
 70
     1
102
RTVSPropertyOp22
 70
     1
102
RTVSPropertyOp23
 70
     1
102
RTVSPropertyOp24
 70
     1
102
RTVSPropertyOp25
 70
     1
102
RTVSPropertyOp26
 70
     1
102
RTVSPropertyOp27
 70
     1
102
RTVSPropertyOp28
 70
     1
102
RTVSPropertyOp29
 70
     1
102
RTVSPropertyOp30
 70
     1
102
RTVSPropertyOp31
 70
     1
102
RTVSPropertyOp32
 70
     1
102
RTVSPropertyOp33
 70
     1
102
RTVSPropertyOp34
 70
     1
102
RTVSPropertyOp35
 70
     1
102
RTVSPropertyOp36
 70
     1
102
RTVSPropertyOp37
 70
     1
102
RTVSPropertyOp38
 70
     1
102
RTVSPropertyOp39
 70
     1
102
RTVSPropertyOp40
 70
     1
102
RTVSPropertyOp41
 70
     1
102
RTVSPropertyOp42
 70
     1
102
RTVSPropertyOp43
 70
     1
102
RTVSPropertyOp44
 70
     1
102
RTVSPropertyOp45
 70
     1
102
RTVSPropertyOp46
 70
     1
102
RTVSPropertyOp47
 70
     1
102
RTVSPropertyOp48
 70
     1
102
RTVSPropertyOp49
 70
     1
102
RTVSPropertyOp50
 70
     1
102
RTVSPropertyOp51
 70
     0
102
RTVSPropertyOp52
 70
     0
102
RTVSPropertyOp53
 70
     1
102
RTVSPropertyOp54
 70
     1
102
RTVSPropertyOp55
 70
     1
102
RTVSPropertyOp56
 70
     1
102
RTVSPropertyOp57
 70
     1
102
RTVSPost2010Prop28
280
     0
102
RTVSPost2010PropOp28
 70
     1
102
RTVSPost2010Prop29
280
     1
102
RTVSPost2010PropOp29
 70
     1
102
RTVSPost2010Prop30
280
     1
102
RTVSPost2010PropOp30
 70
     1
102
RTVSPost2010Prop31
280
     0
102
RTVSPost2010PropOp31
 70
     1
102
RTVSPost2010Prop32
280
     0
102
RTVSPost2010PropOp32
 70
     1
102
RTVSPost2010Prop33
280
     0
102
RTVSPost2010PropOp33
 70
     1
102
RTVSPost2010Prop34
280
     0
102
RTVSPost2010PropOp34
 70
     1
102
RTVSPost2010Prop35
280
     0
102
RTVSPost2010PropOp35
 70
     1
102
RTVSPost2010Prop36
280
     0
102
RTVSPost2010PropOp36
 70
     1
102
RTVSPost2010Prop37
 90
       50
102
RTVSPost2010PropOp37
 70
     1
102
RTVSPost2010Prop38
140
0.0
102
RTVSPost2010PropOp38
 70
     1
102
RTVSPost2010Prop39
140
1.0
102
RTVSPost2010PropOp39
 70
     1
102
RTVSPost2010Prop40
 90
        0
102
RTVSPost2010PropOp40
 70
     1
102
RTVSPost2010Prop41ColorIndex
 90
       18
102
RTVSPost2010Prop41ColorRGB
 90
        0
102
RTVSPost2010PropOp41
 70
     1
102
RTVSPost2010Prop42
 90
       50
102
RTVSPost2010PropOp42
 70
     1
102
RTVSPost2010Prop43
 90
        3
102
RTVSPost2010PropOp43
 70
     1
102
RTVSPost2010Prop44ColorIndex
 90
        5
102
RTVSPost2010Prop44ColorRGB
 90
      255
102
RTVSPost2010PropOp44
 70
     1
102
RTVSPost2010Prop45
280
     0
102
RTVSPost2010PropOp45
 70
     1
102
RTVSPost2010Prop46
 90
       50
102
RTVSPost2010PropOp46
 70
     1
102
RTVSPost2010Prop47
 90
       50
102
RTVSPost2010PropOp47
 70
     1
102
RTVSPost2010Prop48
 90
       50
102
RTVSPost2010PropOp48
 70
     1
102
RTVSPost2010Prop49
280
     0
102
RTVSPost2010PropOp49
 70
     1
102
RTVSPost2010Prop50
 90
       50
102
RTVSPost2010PropOp50
 70
     1
102
RTVSPost2010Prop51ColorIndex
 90
      256
102
RTVSPost2010Prop51ColorRGB
 90
-16777216
102
RTVSPost2010PropOp51
 70
     0
102
RTVSPost2010Prop52
140
1.0
102
RTVSPost2010PropOp52
 70
     0
102
RTVSPost2010Prop53
 90
        2
102
RTVSPost2010PropOp53
 70
     1
102
RTVSPost2010Prop54
  1
strokes_ogs.tif
102
RTVSPost2010PropOp54
 70
     1
102
RTVSPost2010Prop55
280
     0
102
RTVSPost2010PropOp55
 70
     1
102
RTVSPost2010Prop56
140
1.0
102
RTVSPost2010PropOp56
 70
     1
102
RTVSPost2010Prop57
140
1.0
102
RTVSPost2010PropOp57
 70
     1
  0
XRECORD
  5
8CD
102
{ACAD_REACTORS
330
8CC
102
}
330
8CC
100
AcDbXrecord
280
     1
102
RTVSPropertyOp0
 70
     1
102
RTVSPropertyOp1
 70
     1
102
RTVSPropertyOp2
 70
     1
102
RTVSPropertyOp3
 70
     1
102
RTVSPropertyOp4
 70
     1
102
RTVSPropertyOp5
 70
     1
102
RTVSPropertyOp6
 70
     1
102
RTVSPropertyOp7
 70
     1
102
RTVSPropertyOp8
 70
     1
102
RTVSPropertyOp9
 70
     1
102
RTVSPropertyOp10
 70
     1
102
RTVSPropertyOp11
 70
     1
102
RTVSPropertyOp12
 70
     1
102
RTVSPropertyOp13
 70
     1
102
RTVSPropertyOp14
 70
     1
102
RTVSPropertyOp15
 70
     1
102
RTVSPropertyOp16
 70
     1
102
RTVSPropertyOp17
 70
     1
102
RTVSPropertyOp18
 70
     1
102
RTVSPropertyOp19
 70
     1
102
RTVSPropertyOp20
 70
     1
102
RTVSPropertyOp21
 70
     1
102
RTVSPropertyOp22
 70
     1
102
RTVSPropertyOp23
 70
     1
102
RTVSPropertyOp24
 70
     1
102
RTVSPropertyOp25
 70
     1
102
RTVSPropertyOp26
 70
     1
102
RTVSPropertyOp27
 70
     1
102
RTVSPropertyOp28
 70
     1
102
RTVSPropertyOp29
 70
     1
102
RTVSPropertyOp30
 70
     1
102
RTVSPropertyOp31
 70
     1
102
RTVSPropertyOp32
 70
     1
102
RTVSPropertyOp33
 70
     1
102
RTVSPropertyOp34
 70
     1
102
RTVSPropertyOp35
 70
     1
102
RTVSPropertyOp36
 70
     1
102
RTVSPropertyOp37
 70
     1
102
RTVSPropertyOp38
 70
     1
102
RTVSPropertyOp39
 70
     1
102
RTVSPropertyOp40
 70
     1
102
RTVSPropertyOp41
 70
     1
102
RTVSPropertyOp42
 70
     1
102
RTVSPropertyOp43
 70
     1
102
RTVSPropertyOp44
 70
     1
102
RTVSPropertyOp45
 70
     1
102
RTVSPropertyOp46
 70
     1
102
RTVSPropertyOp47
 70
     1
102
RTVSPropertyOp48
 70
     1
102
RTVSPropertyOp49
 70
     1
102
RTVSPropertyOp50
 70
     1
102
RTVSPropertyOp51
 70
     0
102
RTVSPropertyOp52
 70
     0
102
RTVSPropertyOp53
 70
     1
102
RTVSPropertyOp54
 70
     1
102
RTVSPropertyOp55
 70
     1
102
RTVSPropertyOp56
 70
     1
102
RTVSPropertyOp57
 70
     1
102
RTVSPost2010Prop28
280
     0
102
RTVSPost2010PropOp28
 70
     1
102
RTVSPost2010Prop29
280
     1
102
RTVSPost2010PropOp29
 70
     1
102
RTVSPost2010Prop30
280
     1
102
RTVSPost2010PropOp30
 70
     1
102
RTVSPost2010Prop31
280
     0
102
RTVSPost2010PropOp31
 70
     1
102
RTVSPost2010Prop32
280
     0
102
RTVSPost2010PropOp32
 70
     1
102
RTVSPost2010Prop33
280
     0
102
RTVSPost2010PropOp33
 70
     1
102
RTVSPost2010Prop34
280
     0
102
RTVSPost2010PropOp34
 70
     1
102
RTVSPost2010Prop35
280
     0
102
RTVSPost2010PropOp35
 70
     1
102
RTVSPost2010Prop36
280
     0
102
RTVSPost2010PropOp36
 70
     1
102
RTVSPost2010Prop37
 90
       50
102
RTVSPost2010PropOp37
 70
     1
102
RTVSPost2010Prop38
140
0.0
102
RTVSPost2010PropOp38
 70
     1
102
RTVSPost2010Prop39
140
1.0
102
RTVSPost2010PropOp39
 70
     1
102
RTVSPost2010Prop40
 90
        0
102
RTVSPost2010PropOp40
 70
     1
102
RTVSPost2010Prop41ColorIndex
 90
       18
102
RTVSPost2010Prop41ColorRGB
 90
        0
102
RTVSPost2010PropOp41
 70
     1
102
RTVSPost2010Prop42
 90
       50
102
RTVSPost2010PropOp42
 70
     1
102
RTVSPost2010Prop43
 90
        3
102
RTVSPost2010PropOp43
 70
     1
102
RTVSPost2010Prop44ColorIndex
 90
        5
102
RTVSPost2010Prop44ColorRGB
 90
      255
102
RTVSPost2010PropOp44
 70
     1
102
RTVSPost2010Prop45
280
     0
102
RTVSPost2010PropOp45
 70
     1
102
RTVSPost2010Prop46
 90
       50
102
RTVSPost2010PropOp46
 70
     1
102
RTVSPost2010Prop47
 90
       50
102
RTVSPost2010PropOp47
 70
     1
102
RTVSPost2010Prop48
 90
       50
102
RTVSPost2010PropOp48
 70
     1
102
RTVSPost2010Prop49
280
     0
102
RTVSPost2010PropOp49
 70
     1
102
RTVSPost2010Prop50
 90
       50
102
RTVSPost2010PropOp50
 70
     1
102
RTVSPost2010Prop51ColorIndex
 90
      256
102
RTVSPost2010Prop51ColorRGB
 90
-16777216
102
RTVSPost2010PropOp51
 70
     0
102
RTVSPost2010Prop52
140
1.0
102
RTVSPost2010PropOp52
 70
     0
102
RTVSPost2010Prop53
 90
        2
102
RTVSPost2010PropOp53
 70
     1
102
RTVSPost2010Prop54
  1
strokes_ogs.tif
102
RTVSPost2010PropOp54
 70
     1
102
RTVSPost2010Prop55
280
     0
102
RTVSPost2010PropOp55
 70
     1
102
RTVSPost2010Prop56
140
1.0
102
RTVSPost2010PropOp56
 70
     1
102
RTVSPost2010Prop57
140
1.0
102
RTVSPost2010PropOp57
 70
     1
  0
XRECORD
  5
8DD
102
{ACAD_REACTORS
330
8DC
102
}
330
8DC
100
AcDbXrecord
280
     1
102
RTVSPropertyOp0
 70
     0
102
RTVSPropertyOp1
 70
     0
102
RTVSPropertyOp2
 70
     0
102
RTVSPropertyOp3
 70
     0
102
RTVSPropertyOp4
 70
     0
102
RTVSPropertyOp5
 70
     0
102
RTVSPropertyOp6
 70
     0
102
RTVSPropertyOp7
 70
     0
102
RTVSPropertyOp8
 70
     0
102
RTVSPropertyOp9
 70
     0
102
RTVSPropertyOp10
 70
     0
102
RTVSPropertyOp11
 70
     0
102
RTVSPropertyOp12
 70
     0
102
RTVSPropertyOp13
 70
     0
102
RTVSPropertyOp14
 70
     2
102
RTVSPropertyOp15
 70
     0
102
RTVSPropertyOp16
 70
     0
102
RTVSPropertyOp17
 70
     0
102
RTVSPropertyOp18
 70
     0
102
RTVSPropertyOp19
 70
     0
102
RTVSPropertyOp20
 70
     0
102
RTVSPropertyOp21
 70
     0
102
RTVSPropertyOp22
 70
     0
102
RTVSPropertyOp23
 70
     0
102
RTVSPropertyOp24
 70
     0
102
RTVSPropertyOp25
 70
     0
102
RTVSPropertyOp26
 70
     0
102
RTVSPropertyOp27
 70
     0
102
RTVSPropertyOp28
 70
     0
102
RTVSPropertyOp29
 70
     0
102
RTVSPropertyOp30
 70
     0
102
RTVSPropertyOp31
 70
     0
102
RTVSPropertyOp32
 70
     0
102
RTVSPropertyOp33
 70
     0
102
RTVSPropertyOp34
 70
     0
102
RTVSPropertyOp35
 70
     0
102
RTVSPropertyOp36
 70
     0
102
RTVSPropertyOp37
 70
     0
102
RTVSPropertyOp38
 70
     0
102
RTVSPropertyOp39
 70
     0
102
RTVSPropertyOp40
 70
     0
102
RTVSPropertyOp41
 70
     0
102
RTVSPropertyOp42
 70
     0
102
RTVSPropertyOp43
 70
     0
102
RTVSPropertyOp44
 70
     0
102
RTVSPropertyOp45
 70
     0
102
RTVSPropertyOp46
 70
     0
102
RTVSPropertyOp47
 70
     0
102
RTVSPropertyOp48
 70
     0
102
RTVSPropertyOp49
 70
     0
102
RTVSPropertyOp50
 70
     0
102
RTVSPropertyOp51
 70
     0
102
RTVSPropertyOp52
 70
     0
102
RTVSPropertyOp53
 70
     0
102
RTVSPropertyOp54
 70
     0
102
RTVSPropertyOp55
 70
     0
102
RTVSPropertyOp56
 70
     0
102
RTVSPropertyOp57
 70
     0
102
RTVSPost2010Prop28
280
     0
102
RTVSPost2010PropOp28
 70
     0
102
RTVSPost2010Prop29
280
     1
102
RTVSPost2010PropOp29
 70
     0
102
RTVSPost2010Prop30
280
     1
102
RTVSPost2010PropOp30
 70
     0
102
RTVSPost2010Prop31
280
     0
102
RTVSPost2010PropOp31
 70
     0
102
RTVSPost2010Prop32
280
     0
102
RTVSPost2010PropOp32
 70
     0
102
RTVSPost2010Prop33
280
     0
102
RTVSPost2010PropOp33
 70
     0
102
RTVSPost2010Prop34
280
     0
102
RTVSPost2010PropOp34
 70
     0
102
RTVSPost2010Prop35
280
     0
102
RTVSPost2010PropOp35
 70
     0
102
RTVSPost2010Prop36
280
     0
102
RTVSPost2010PropOp36
 70
     0
102
RTVSPost2010Prop37
 90
       50
102
RTVSPost2010PropOp37
 70
     0
102
RTVSPost2010Prop38
140
0.0
102
RTVSPost2010PropOp38
 70
     0
102
RTVSPost2010Prop39
140
1.0
102
RTVSPost2010PropOp39
 70
     0
102
RTVSPost2010Prop40
 90
        0
102
RTVSPost2010PropOp40
 70
     0
102
RTVSPost2010Prop41ColorIndex
 90
       18
102
RTVSPost2010Prop41ColorRGB
 90
        0
102
RTVSPost2010PropOp41
 70
     0
102
RTVSPost2010Prop42
 90
       50
102
RTVSPost2010PropOp42
 70
     0
102
RTVSPost2010Prop43
 90
        3
102
RTVSPost2010PropOp43
 70
     0
102
RTVSPost2010Prop44ColorIndex
 90
        5
102
RTVSPost2010Prop44ColorRGB
 90
      255
102
RTVSPost2010PropOp44
 70
     0
102
RTVSPost2010Prop45
280
     0
102
RTVSPost2010PropOp45
 70
     0
102
RTVSPost2010Prop46
 90
       50
102
RTVSPost2010PropOp46
 70
     0
102
RTVSPost2010Prop47
 90
       50
102
RTVSPost2010PropOp47
 70
     0
102
RTVSPost2010Prop48
 90
       50
102
RTVSPost2010PropOp48
 70
     0
102
RTVSPost2010Prop49
280
     0
102
RTVSPost2010PropOp49
 70
     0
102
RTVSPost2010Prop50
 90
       50
102
RTVSPost2010PropOp50
 70
     0
102
RTVSPost2010Prop51ColorIndex
 90
      256
102
RTVSPost2010Prop51ColorRGB
 90
-16777216
102
RTVSPost2010PropOp51
 70
     0
102
RTVSPost2010Prop52
140
1.0
102
RTVSPost2010PropOp52
 70
     0
102
RTVSPost2010Prop53
 90
        2
102
RTVSPost2010PropOp53
 70
     0
102
RTVSPost2010Prop54
  1
strokes_ogs.tif
102
RTVSPost2010PropOp54
 70
     0
102
RTVSPost2010Prop55
280
     0
102
RTVSPost2010PropOp55
 70
     0
102
RTVSPost2010Prop56
140
1.0
102
RTVSPost2010PropOp56
 70
     0
102
RTVSPost2010Prop57
140
1.0
102
RTVSPost2010PropOp57
 70
     0
  0
XRECORD
  5
8D5
102
{ACAD_REACTORS
330
8D4
102
}
330
8D4
100
AcDbXrecord
280
     1
102
RTVSPropertyOp0
 70
     1
102
RTVSPropertyOp1
 70
     1
102
RTVSPropertyOp2
 70
     1
102
RTVSPropertyOp3
 70
     1
102
RTVSPropertyOp4
 70
     1
102
RTVSPropertyOp5
 70
     1
102
RTVSPropertyOp6
 70
     1
102
RTVSPropertyOp7
 70
     1
102
RTVSPropertyOp8
 70
     1
102
RTVSPropertyOp9
 70
     1
102
RTVSPropertyOp10
 70
     1
102
RTVSPropertyOp11
 70
     1
102
RTVSPropertyOp12
 70
     1
102
RTVSPropertyOp13
 70
     1
102
RTVSPropertyOp14
 70
     1
102
RTVSPropertyOp15
 70
     1
102
RTVSPropertyOp16
 70
     1
102
RTVSPropertyOp17
 70
     1
102
RTVSPropertyOp18
 70
     1
102
RTVSPropertyOp19
 70
     1
102
RTVSPropertyOp20
 70
     1
102
RTVSPropertyOp21
 70
     1
102
RTVSPropertyOp22
 70
     1
102
RTVSPropertyOp23
 70
     1
102
RTVSPropertyOp24
 70
     1
102
RTVSPropertyOp25
 70
     1
102
RTVSPropertyOp26
 70
     1
102
RTVSPropertyOp27
 70
     1
102
RTVSPropertyOp28
 70
     1
102
RTVSPropertyOp29
 70
     1
102
RTVSPropertyOp30
 70
     1
102
RTVSPropertyOp31
 70
     1
102
RTVSPropertyOp32
 70
     1
102
RTVSPropertyOp33
 70
     1
102
RTVSPropertyOp34
 70
     1
102
RTVSPropertyOp35
 70
     1
102
RTVSPropertyOp36
 70
     1
102
RTVSPropertyOp37
 70
     1
102
RTVSPropertyOp38
 70
     1
102
RTVSPropertyOp39
 70
     1
102
RTVSPropertyOp40
 70
     1
102
RTVSPropertyOp41
 70
     1
102
RTVSPropertyOp42
 70
     1
102
RTVSPropertyOp43
 70
     1
102
RTVSPropertyOp44
 70
     1
102
RTVSPropertyOp45
 70
     1
102
RTVSPropertyOp46
 70
     1
102
RTVSPropertyOp47
 70
     1
102
RTVSPropertyOp48
 70
     1
102
RTVSPropertyOp49
 70
     1
102
RTVSPropertyOp50
 70
     1
102
RTVSPropertyOp51
 70
     0
102
RTVSPropertyOp52
 70
     0
102
RTVSPropertyOp53
 70
     1
102
RTVSPropertyOp54
 70
     1
102
RTVSPropertyOp55
 70
     1
102
RTVSPropertyOp56
 70
     1
102
RTVSPropertyOp57
 70
     1
102
RTVSPost2010Prop28
280
     0
102
RTVSPost2010PropOp28
 70
     1
102
RTVSPost2010Prop29
280
     1
102
RTVSPost2010PropOp29
 70
     1
102
RTVSPost2010Prop30
280
     1
102
RTVSPost2010PropOp30
 70
     1
102
RTVSPost2010Prop31
280
     0
102
RTVSPost2010PropOp31
 70
     1
102
RTVSPost2010Prop32
280
     0
102
RTVSPost2010PropOp32
 70
     1
102
RTVSPost2010Prop33
280
     0
102
RTVSPost2010PropOp33
 70
     1
102
RTVSPost2010Prop34
280
     0
102
RTVSPost2010PropOp34
 70
     1
102
RTVSPost2010Prop35
280
     0
102
RTVSPost2010PropOp35
 70
     1
102
RTVSPost2010Prop36
280
     0
102
RTVSPost2010PropOp36
 70
     1
102
RTVSPost2010Prop37
 90
       50
102
RTVSPost2010PropOp37
 70
     1
102
RTVSPost2010Prop38
140
0.0
102
RTVSPost2010PropOp38
 70
     1
102
RTVSPost2010Prop39
140
1.0
102
RTVSPost2010PropOp39
 70
     1
102
RTVSPost2010Prop40
 90
        0
102
RTVSPost2010PropOp40
 70
     1
102
RTVSPost2010Prop41ColorIndex
 90
       18
102
RTVSPost2010Prop41ColorRGB
 90
        0
102
RTVSPost2010PropOp41
 70
     1
102
RTVSPost2010Prop42
 90
       50
102
RTVSPost2010PropOp42
 70
     1
102
RTVSPost2010Prop43
 90
        3
102
RTVSPost2010PropOp43
 70
     1
102
RTVSPost2010Prop44ColorIndex
 90
        5
102
RTVSPost2010Prop44ColorRGB
 90
      255
102
RTVSPost2010PropOp44
 70
     1
102
RTVSPost2010Prop45
280
     0
102
RTVSPost2010PropOp45
 70
     1
102
RTVSPost2010Prop46
 90
       50
102
RTVSPost2010PropOp46
 70
     1
102
RTVSPost2010Prop47
 90
       50
102
RTVSPost2010PropOp47
 70
     1
102
RTVSPost2010Prop48
 90
       50
102
RTVSPost2010PropOp48
 70
     1
102
RTVSPost2010Prop49
280
     0
102
RTVSPost2010PropOp49
 70
     1
102
RTVSPost2010Prop50
 90
       50
102
RTVSPost2010PropOp50
 70
     1
102
RTVSPost2010Prop51ColorIndex
 90
      256
102
RTVSPost2010Prop51ColorRGB
 90
-16777216
102
RTVSPost2010PropOp51
 70
     0
102
RTVSPost2010Prop52
140
1.0
102
RTVSPost2010PropOp52
 70
     0
102
RTVSPost2010Prop53
 90
        2
102
RTVSPost2010PropOp53
 70
     1
102
RTVSPost2010Prop54
  1
strokes_ogs.tif
102
RTVSPost2010PropOp54
 70
     1
102
RTVSPost2010Prop55
280
     0
102
RTVSPost2010PropOp55
 70
     1
102
RTVSPost2010Prop56
140
1.0
102
RTVSPost2010PropOp56
 70
     1
102
RTVSPost2010Prop57
140
1.0
102
RTVSPost2010PropOp57
 70
     1
  0
XRECORD
  5
8B9
102
{ACAD_REACTORS
330
8B8
102
}
330
8B8
100
AcDbXrecord
280
     1
102
RTVSPropertyOp0
 70
     1
102
RTVSPropertyOp1
 70
     1
102
RTVSPropertyOp2
 70
     1
102
RTVSPropertyOp3
 70
     1
102
RTVSPropertyOp4
 70
     1
102
RTVSPropertyOp5
 70
     1
102
RTVSPropertyOp6
 70
     1
102
RTVSPropertyOp7
 70
     1
102
RTVSPropertyOp8
 70
     1
102
RTVSPropertyOp9
 70
     1
102
RTVSPropertyOp10
 70
     1
102
RTVSPropertyOp11
 70
     1
102
RTVSPropertyOp12
 70
     1
102
RTVSPropertyOp13
 70
     1
102
RTVSPropertyOp14
 70
     1
102
RTVSPropertyOp15
 70
     1
102
RTVSPropertyOp16
 70
     1
102
RTVSPropertyOp17
 70
     1
102
RTVSPropertyOp18
 70
     1
102
RTVSPropertyOp19
 70
     1
102
RTVSPropertyOp20
 70
     1
102
RTVSPropertyOp21
 70
     1
102
RTVSPropertyOp22
 70
     1
102
RTVSPropertyOp23
 70
     1
102
RTVSPropertyOp24
 70
     1
102
RTVSPropertyOp25
 70
     1
102
RTVSPropertyOp26
 70
     1
102
RTVSPropertyOp27
 70
     1
102
RTVSPropertyOp28
 70
     1
102
RTVSPropertyOp29
 70
     1
102
RTVSPropertyOp30
 70
     1
102
RTVSPropertyOp31
 70
     1
102
RTVSPropertyOp32
 70
     1
102
RTVSPropertyOp33
 70
     1
102
RTVSPropertyOp34
 70
     1
102
RTVSPropertyOp35
 70
     1
102
RTVSPropertyOp36
 70
     1
102
RTVSPropertyOp37
 70
     1
102
RTVSPropertyOp38
 70
     1
102
RTVSPropertyOp39
 70
     1
102
RTVSPropertyOp40
 70
     1
102
RTVSPropertyOp41
 70
     1
102
RTVSPropertyOp42
 70
     1
102
RTVSPropertyOp43
 70
     1
102
RTVSPropertyOp44
 70
     1
102
RTVSPropertyOp45
 70
     1
102
RTVSPropertyOp46
 70
     1
102
RTVSPropertyOp47
 70
     1
102
RTVSPropertyOp48
 70
     1
102
RTVSPropertyOp49
 70
     1
102
RTVSPropertyOp50
 70
     1
102
RTVSPropertyOp51
 70
     0
102
RTVSPropertyOp52
 70
     0
102
RTVSPropertyOp53
 70
     1
102
RTVSPropertyOp54
 70
     1
102
RTVSPropertyOp55
 70
     1
102
RTVSPropertyOp56
 70
     1
102
RTVSPropertyOp57
 70
     1
102
RTVSPost2010Prop28
280
     0
102
RTVSPost2010PropOp28
 70
     1
102
RTVSPost2010Prop29
280
     1
102
RTVSPost2010PropOp29
 70
     1
102
RTVSPost2010Prop30
280
     1
102
RTVSPost2010PropOp30
 70
     1
102
RTVSPost2010Prop31
280
     0
102
RTVSPost2010PropOp31
 70
     1
102
RTVSPost2010Prop32
280
     0
102
RTVSPost2010PropOp32
 70
     1
102
RTVSPost2010Prop33
280
     0
102
RTVSPost2010PropOp33
 70
     1
102
RTVSPost2010Prop34
280
     0
102
RTVSPost2010PropOp34
 70
     1
102
RTVSPost2010Prop35
280
     0
102
RTVSPost2010PropOp35
 70
     1
102
RTVSPost2010Prop36
280
     0
102
RTVSPost2010PropOp36
 70
     1
102
RTVSPost2010Prop37
 90
       50
102
RTVSPost2010PropOp37
 70
     1
102
RTVSPost2010Prop38
140
0.0
102
RTVSPost2010PropOp38
 70
     1
102
RTVSPost2010Prop39
140
1.0
102
RTVSPost2010PropOp39
 70
     1
102
RTVSPost2010Prop40
 90
        0
102
RTVSPost2010PropOp40
 70
     1
102
RTVSPost2010Prop41ColorIndex
 90
       18
102
RTVSPost2010Prop41ColorRGB
 90
        0
102
RTVSPost2010PropOp41
 70
     1
102
RTVSPost2010Prop42
 90
       50
102
RTVSPost2010PropOp42
 70
     1
102
RTVSPost2010Prop43
 90
        3
102
RTVSPost2010PropOp43
 70
     1
102
RTVSPost2010Prop44ColorIndex
 90
        5
102
RTVSPost2010Prop44ColorRGB
 90
      255
102
RTVSPost2010PropOp44
 70
     1
102
RTVSPost2010Prop45
280
     0
102
RTVSPost2010PropOp45
 70
     1
102
RTVSPost2010Prop46
 90
       50
102
RTVSPost2010PropOp46
 70
     1
102
RTVSPost2010Prop47
 90
       50
102
RTVSPost2010PropOp47
 70
     1
102
RTVSPost2010Prop48
 90
       50
102
RTVSPost2010PropOp48
 70
     1
102
RTVSPost2010Prop49
280
     0
102
RTVSPost2010PropOp49
 70
     1
102
RTVSPost2010Prop50
 90
       50
102
RTVSPost2010PropOp50
 70
     1
102
RTVSPost2010Prop51ColorIndex
 90
      256
102
RTVSPost2010Prop51ColorRGB
 90
-16777216
102
RTVSPost2010PropOp51
 70
     0
102
RTVSPost2010Prop52
140
1.0
102
RTVSPost2010PropOp52
 70
     0
102
RTVSPost2010Prop53
 90
        2
102
RTVSPost2010PropOp53
 70
     1
102
RTVSPost2010Prop54
  1
strokes_ogs.tif
102
RTVSPost2010PropOp54
 70
     1
102
RTVSPost2010Prop55
280
     0
102
RTVSPost2010PropOp55
 70
     1
102
RTVSPost2010Prop56
140
1.0
102
RTVSPost2010PropOp56
 70
     1
102
RTVSPost2010Prop57
140
1.0
102
RTVSPost2010PropOp57
 70
     1
  0
XRECORD
  5
8BB
102
{ACAD_REACTORS
330
8BA
102
}
330
8BA
100
AcDbXrecord
280
     1
102
RTVSPropertyOp0
 70
     1
102
RTVSPropertyOp1
 70
     1
102
RTVSPropertyOp2
 70
     1
102
RTVSPropertyOp3
 70
     1
102
RTVSPropertyOp4
 70
     1
102
RTVSPropertyOp5
 70
     1
102
RTVSPropertyOp6
 70
     1
102
RTVSPropertyOp7
 70
     1
102
RTVSPropertyOp8
 70
     1
102
RTVSPropertyOp9
 70
     1
102
RTVSPropertyOp10
 70
     1
102
RTVSPropertyOp11
 70
     1
102
RTVSPropertyOp12
 70
     1
102
RTVSPropertyOp13
 70
     1
102
RTVSPropertyOp14
 70
     1
102
RTVSPropertyOp15
 70
     1
102
RTVSPropertyOp16
 70
     1
102
RTVSPropertyOp17
 70
     1
102
RTVSPropertyOp18
 70
     1
102
RTVSPropertyOp19
 70
     1
102
RTVSPropertyOp20
 70
     1
102
RTVSPropertyOp21
 70
     1
102
RTVSPropertyOp22
 70
     1
102
RTVSPropertyOp23
 70
     1
102
RTVSPropertyOp24
 70
     1
102
RTVSPropertyOp25
 70
     1
102
RTVSPropertyOp26
 70
     1
102
RTVSPropertyOp27
 70
     1
102
RTVSPropertyOp28
 70
     1
102
RTVSPropertyOp29
 70
     1
102
RTVSPropertyOp30
 70
     1
102
RTVSPropertyOp31
 70
     1
102
RTVSPropertyOp32
 70
     1
102
RTVSPropertyOp33
 70
     1
102
RTVSPropertyOp34
 70
     1
102
RTVSPropertyOp35
 70
     1
102
RTVSPropertyOp36
 70
     1
102
RTVSPropertyOp37
 70
     1
102
RTVSPropertyOp38
 70
     1
102
RTVSPropertyOp39
 70
     1
102
RTVSPropertyOp40
 70
     1
102
RTVSPropertyOp41
 70
     1
102
RTVSPropertyOp42
 70
     1
102
RTVSPropertyOp43
 70
     1
102
RTVSPropertyOp44
 70
     1
102
RTVSPropertyOp45
 70
     1
102
RTVSPropertyOp46
 70
     1
102
RTVSPropertyOp47
 70
     1
102
RTVSPropertyOp48
 70
     1
102
RTVSPropertyOp49
 70
     1
102
RTVSPropertyOp50
 70
     1
102
RTVSPropertyOp51
 70
     0
102
RTVSPropertyOp52
 70
     0
102
RTVSPropertyOp53
 70
     1
102
RTVSPropertyOp54
 70
     1
102
RTVSPropertyOp55
 70
     1
102
RTVSPropertyOp56
 70
     1
102
RTVSPropertyOp57
 70
     1
102
RTVSPost2010Prop28
280
     0
102
RTVSPost2010PropOp28
 70
     1
102
RTVSPost2010Prop29
280
     1
102
RTVSPost2010PropOp29
 70
     1
102
RTVSPost2010Prop30
280
     1
102
RTVSPost2010PropOp30
 70
     1
102
RTVSPost2010Prop31
280
     0
102
RTVSPost2010PropOp31
 70
     1
102
RTVSPost2010Prop32
280
     0
102
RTVSPost2010PropOp32
 70
     1
102
RTVSPost2010Prop33
280
     0
102
RTVSPost2010PropOp33
 70
     1
102
RTVSPost2010Prop34
280
     0
102
RTVSPost2010PropOp34
 70
     1
102
RTVSPost2010Prop35
280
     0
102
RTVSPost2010PropOp35
 70
     1
102
RTVSPost2010Prop36
280
     0
102
RTVSPost2010PropOp36
 70
     1
102
RTVSPost2010Prop37
 90
       50
102
RTVSPost2010PropOp37
 70
     1
102
RTVSPost2010Prop38
140
0.0
102
RTVSPost2010PropOp38
 70
     1
102
RTVSPost2010Prop39
140
1.0
102
RTVSPost2010PropOp39
 70
     1
102
RTVSPost2010Prop40
 90
        0
102
RTVSPost2010PropOp40
 70
     1
102
RTVSPost2010Prop41ColorIndex
 90
       18
102
RTVSPost2010Prop41ColorRGB
 90
        0
102
RTVSPost2010PropOp41
 70
     1
102
RTVSPost2010Prop42
 90
       50
102
RTVSPost2010PropOp42
 70
     1
102
RTVSPost2010Prop43
 90
        3
102
RTVSPost2010PropOp43
 70
     1
102
RTVSPost2010Prop44ColorIndex
 90
        5
102
RTVSPost2010Prop44ColorRGB
 90
      255
102
RTVSPost2010PropOp44
 70
     1
102
RTVSPost2010Prop45
280
     0
102
RTVSPost2010PropOp45
 70
     1
102
RTVSPost2010Prop46
 90
       50
102
RTVSPost2010PropOp46
 70
     1
102
RTVSPost2010Prop47
 90
       50
102
RTVSPost2010PropOp47
 70
     1
102
RTVSPost2010Prop48
 90
       50
102
RTVSPost2010PropOp48
 70
     1
102
RTVSPost2010Prop49
280
     0
102
RTVSPost2010PropOp49
 70
     1
102
RTVSPost2010Prop50
 90
       50
102
RTVSPost2010PropOp50
 70
     1
102
RTVSPost2010Prop51ColorIndex
 90
      256
102
RTVSPost2010Prop51ColorRGB
 90
-16777216
102
RTVSPost2010PropOp51
 70
     0
102
RTVSPost2010Prop52
140
1.0
102
RTVSPost2010PropOp52
 70
     0
102
RTVSPost2010Prop53
 90
        2
102
RTVSPost2010PropOp53
 70
     1
102
RTVSPost2010Prop54
  1
strokes_ogs.tif
102
RTVSPost2010PropOp54
 70
     1
102
RTVSPost2010Prop55
280
     0
102
RTVSPost2010PropOp55
 70
     1
102
RTVSPost2010Prop56
140
1.0
102
RTVSPost2010PropOp56
 70
     1
102
RTVSPost2010Prop57
140
1.0
102
RTVSPost2010PropOp57
 70
     1
  0
XRECORD
  5
8BD
102
{ACAD_REACTORS
330
8BC
102
}
330
8BC
100
AcDbXrecord
280
     1
102
RTVSPropertyOp0
 70
     1
102
RTVSPropertyOp1
 70
     1
102
RTVSPropertyOp2
 70
     1
102
RTVSPropertyOp3
 70
     1
102
RTVSPropertyOp4
 70
     1
102
RTVSPropertyOp5
 70
     1
102
RTVSPropertyOp6
 70
     1
102
RTVSPropertyOp7
 70
     1
102
RTVSPropertyOp8
 70
     1
102
RTVSPropertyOp9
 70
     1
102
RTVSPropertyOp10
 70
     1
102
RTVSPropertyOp11
 70
     1
102
RTVSPropertyOp12
 70
     1
102
RTVSPropertyOp13
 70
     1
102
RTVSPropertyOp14
 70
     1
102
RTVSPropertyOp15
 70
     1
102
RTVSPropertyOp16
 70
     1
102
RTVSPropertyOp17
 70
     1
102
RTVSPropertyOp18
 70
     1
102
RTVSPropertyOp19
 70
     1
102
RTVSPropertyOp20
 70
     1
102
RTVSPropertyOp21
 70
     1
102
RTVSPropertyOp22
 70
     1
102
RTVSPropertyOp23
 70
     1
102
RTVSPropertyOp24
 70
     1
102
RTVSPropertyOp25
 70
     1
102
RTVSPropertyOp26
 70
     1
102
RTVSPropertyOp27
 70
     1
102
RTVSPropertyOp28
 70
     1
102
RTVSPropertyOp29
 70
     1
102
RTVSPropertyOp30
 70
     1
102
RTVSPropertyOp31
 70
     1
102
RTVSPropertyOp32
 70
     1
102
RTVSPropertyOp33
 70
     1
102
RTVSPropertyOp34
 70
     1
102
RTVSPropertyOp35
 70
     1
102
RTVSPropertyOp36
 70
     1
102
RTVSPropertyOp37
 70
     1
102
RTVSPropertyOp38
 70
     1
102
RTVSPropertyOp39
 70
     1
102
RTVSPropertyOp40
 70
     1
102
RTVSPropertyOp41
 70
     1
102
RTVSPropertyOp42
 70
     1
102
RTVSPropertyOp43
 70
     1
102
RTVSPropertyOp44
 70
     1
102
RTVSPropertyOp45
 70
     1
102
RTVSPropertyOp46
 70
     1
102
RTVSPropertyOp47
 70
     1
102
RTVSPropertyOp48
 70
     1
102
RTVSPropertyOp49
 70
     1
102
RTVSPropertyOp50
 70
     1
102
RTVSPropertyOp51
 70
     0
102
RTVSPropertyOp52
 70
     0
102
RTVSPropertyOp53
 70
     1
102
RTVSPropertyOp54
 70
     1
102
RTVSPropertyOp55
 70
     1
102
RTVSPropertyOp56
 70
     1
102
RTVSPropertyOp57
 70
     1
102
RTVSPost2010Prop28
280
     0
102
RTVSPost2010PropOp28
 70
     1
102
RTVSPost2010Prop29
280
     1
102
RTVSPost2010PropOp29
 70
     1
102
RTVSPost2010Prop30
280
     1
102
RTVSPost2010PropOp30
 70
     1
102
RTVSPost2010Prop31
280
     0
102
RTVSPost2010PropOp31
 70
     1
102
RTVSPost2010Prop32
280
     0
102
RTVSPost2010PropOp32
 70
     1
102
RTVSPost2010Prop33
280
     0
102
RTVSPost2010PropOp33
 70
     1
102
RTVSPost2010Prop34
280
     0
102
RTVSPost2010PropOp34
 70
     1
102
RTVSPost2010Prop35
280
     0
102
RTVSPost2010PropOp35
 70
     1
102
RTVSPost2010Prop36
280
     0
102
RTVSPost2010PropOp36
 70
     1
102
RTVSPost2010Prop37
 90
       50
102
RTVSPost2010PropOp37
 70
     1
102
RTVSPost2010Prop38
140
0.0
102
RTVSPost2010PropOp38
 70
     1
102
RTVSPost2010Prop39
140
1.0
102
RTVSPost2010PropOp39
 70
     1
102
RTVSPost2010Prop40
 90
        0
102
RTVSPost2010PropOp40
 70
     1
102
RTVSPost2010Prop41ColorIndex
 90
       18
102
RTVSPost2010Prop41ColorRGB
 90
        0
102
RTVSPost2010PropOp41
 70
     1
102
RTVSPost2010Prop42
 90
       50
102
RTVSPost2010PropOp42
 70
     1
102
RTVSPost2010Prop43
 90
        3
102
RTVSPost2010PropOp43
 70
     1
102
RTVSPost2010Prop44ColorIndex
 90
        5
102
RTVSPost2010Prop44ColorRGB
 90
      255
102
RTVSPost2010PropOp44
 70
     1
102
RTVSPost2010Prop45
280
     0
102
RTVSPost2010PropOp45
 70
     1
102
RTVSPost2010Prop46
 90
       50
102
RTVSPost2010PropOp46
 70
     1
102
RTVSPost2010Prop47
 90
       50
102
RTVSPost2010PropOp47
 70
     1
102
RTVSPost2010Prop48
 90
       50
102
RTVSPost2010PropOp48
 70
     1
102
RTVSPost2010Prop49
280
     0
102
RTVSPost2010PropOp49
 70
     1
102
RTVSPost2010Prop50
 90
       50
102
RTVSPost2010PropOp50
 70
     1
102
RTVSPost2010Prop51ColorIndex
 90
      256
102
RTVSPost2010Prop51ColorRGB
 90
-16777216
102
RTVSPost2010PropOp51
 70
     0
102
RTVSPost2010Prop52
140
1.0
102
RTVSPost2010PropOp52
 70
     0
102
RTVSPost2010Prop53
 90
        2
102
RTVSPost2010PropOp53
 70
     1
102
RTVSPost2010Prop54
  1
strokes_ogs.tif
102
RTVSPost2010PropOp54
 70
     1
102
RTVSPost2010Prop55
280
     0
102
RTVSPost2010PropOp55
 70
     1
102
RTVSPost2010Prop56
140
1.0
102
RTVSPost2010PropOp56
 70
     1
102
RTVSPost2010Prop57
140
1.0
102
RTVSPost2010PropOp57
 70
     1
  0
XRECORD
  5
8BF
102
{ACAD_REACTORS
330
8BE
102
}
330
8BE
100
AcDbXrecord
280
     1
102
RTVSPropertyOp0
 70
     1
102
RTVSPropertyOp1
 70
     1
102
RTVSPropertyOp2
 70
     1
102
RTVSPropertyOp3
 70
     1
102
RTVSPropertyOp4
 70
     1
102
RTVSPropertyOp5
 70
     1
102
RTVSPropertyOp6
 70
     1
102
RTVSPropertyOp7
 70
     1
102
RTVSPropertyOp8
 70
     1
102
RTVSPropertyOp9
 70
     1
102
RTVSPropertyOp10
 70
     1
102
RTVSPropertyOp11
 70
     1
102
RTVSPropertyOp12
 70
     1
102
RTVSPropertyOp13
 70
     1
102
RTVSPropertyOp14
 70
     1
102
RTVSPropertyOp15
 70
     1
102
RTVSPropertyOp16
 70
     1
102
RTVSPropertyOp17
 70
     1
102
RTVSPropertyOp18
 70
     1
102
RTVSPropertyOp19
 70
     1
102
RTVSPropertyOp20
 70
     1
102
RTVSPropertyOp21
 70
     1
102
RTVSPropertyOp22
 70
     1
102
RTVSPropertyOp23
 70
     1
102
RTVSPropertyOp24
 70
     1
102
RTVSPropertyOp25
 70
     1
102
RTVSPropertyOp26
 70
     1
102
RTVSPropertyOp27
 70
     1
102
RTVSPropertyOp28
 70
     1
102
RTVSPropertyOp29
 70
     1
102
RTVSPropertyOp30
 70
     1
102
RTVSPropertyOp31
 70
     1
102
RTVSPropertyOp32
 70
     1
102
RTVSPropertyOp33
 70
     1
102
RTVSPropertyOp34
 70
     1
102
RTVSPropertyOp35
 70
     1
102
RTVSPropertyOp36
 70
     1
102
RTVSPropertyOp37
 70
     1
102
RTVSPropertyOp38
 70
     1
102
RTVSPropertyOp39
 70
     1
102
RTVSPropertyOp40
 70
     1
102
RTVSPropertyOp41
 70
     1
102
RTVSPropertyOp42
 70
     1
102
RTVSPropertyOp43
 70
     1
102
RTVSPropertyOp44
 70
     1
102
RTVSPropertyOp45
 70
     1
102
RTVSPropertyOp46
 70
     1
102
RTVSPropertyOp47
 70
     1
102
RTVSPropertyOp48
 70
     1
102
RTVSPropertyOp49
 70
     1
102
RTVSPropertyOp50
 70
     1
102
RTVSPropertyOp51
 70
     0
102
RTVSPropertyOp52
 70
     0
102
RTVSPropertyOp53
 70
     1
102
RTVSPropertyOp54
 70
     1
102
RTVSPropertyOp55
 70
     1
102
RTVSPropertyOp56
 70
     1
102
RTVSPropertyOp57
 70
     1
102
RTVSPost2010Prop28
280
     0
102
RTVSPost2010PropOp28
 70
     1
102
RTVSPost2010Prop29
280
     1
102
RTVSPost2010PropOp29
 70
     1
102
RTVSPost2010Prop30
280
     1
102
RTVSPost2010PropOp30
 70
     1
102
RTVSPost2010Prop31
280
     0
102
RTVSPost2010PropOp31
 70
     1
102
RTVSPost2010Prop32
280
     0
102
RTVSPost2010PropOp32
 70
     1
102
RTVSPost2010Prop33
280
     0
102
RTVSPost2010PropOp33
 70
     1
102
RTVSPost2010Prop34
280
     0
102
RTVSPost2010PropOp34
 70
     1
102
RTVSPost2010Prop35
280
     0
102
RTVSPost2010PropOp35
 70
     1
102
RTVSPost2010Prop36
280
     0
102
RTVSPost2010PropOp36
 70
     1
102
RTVSPost2010Prop37
 90
       50
102
RTVSPost2010PropOp37
 70
     1
102
RTVSPost2010Prop38
140
0.0
102
RTVSPost2010PropOp38
 70
     1
102
RTVSPost2010Prop39
140
1.0
102
RTVSPost2010PropOp39
 70
     1
102
RTVSPost2010Prop40
 90
        0
102
RTVSPost2010PropOp40
 70
     1
102
RTVSPost2010Prop41ColorIndex
 90
       18
102
RTVSPost2010Prop41ColorRGB
 90
        0
102
RTVSPost2010PropOp41
 70
     1
102
RTVSPost2010Prop42
 90
       50
102
RTVSPost2010PropOp42
 70
     1
102
RTVSPost2010Prop43
 90
        3
102
RTVSPost2010PropOp43
 70
     1
102
RTVSPost2010Prop44ColorIndex
 90
        5
102
RTVSPost2010Prop44ColorRGB
 90
      255
102
RTVSPost2010PropOp44
 70
     1
102
RTVSPost2010Prop45
280
     0
102
RTVSPost2010PropOp45
 70
     1
102
RTVSPost2010Prop46
 90
       50
102
RTVSPost2010PropOp46
 70
     1
102
RTVSPost2010Prop47
 90
       50
102
RTVSPost2010PropOp47
 70
     1
102
RTVSPost2010Prop48
 90
       50
102
RTVSPost2010PropOp48
 70
     1
102
RTVSPost2010Prop49
280
     0
102
RTVSPost2010PropOp49
 70
     1
102
RTVSPost2010Prop50
 90
       50
102
RTVSPost2010PropOp50
 70
     1
102
RTVSPost2010Prop51ColorIndex
 90
      256
102
RTVSPost2010Prop51ColorRGB
 90
-16777216
102
RTVSPost2010PropOp51
 70
     0
102
RTVSPost2010Prop52
140
1.0
102
RTVSPost2010PropOp52
 70
     0
102
RTVSPost2010Prop53
 90
        2
102
RTVSPost2010PropOp53
 70
     1
102
RTVSPost2010Prop54
  1
strokes_ogs.tif
102
RTVSPost2010PropOp54
 70
     1
102
RTVSPost2010Prop55
280
     0
102
RTVSPost2010PropOp55
 70
     1
102
RTVSPost2010Prop56
140
1.0
102
RTVSPost2010PropOp56
 70
     1
102
RTVSPost2010Prop57
140
1.0
102
RTVSPost2010PropOp57
 70
     1
  0
XRECORD
  5
8C5
102
{ACAD_REACTORS
330
8C4
102
}
330
8C4
100
AcDbXrecord
280
     1
102
RTVSPropertyOp0
 70
     1
102
RTVSPropertyOp1
 70
     1
102
RTVSPropertyOp2
 70
     1
102
RTVSPropertyOp3
 70
     1
102
RTVSPropertyOp4
 70
     1
102
RTVSPropertyOp5
 70
     1
102
RTVSPropertyOp6
 70
     1
102
RTVSPropertyOp7
 70
     1
102
RTVSPropertyOp8
 70
     1
102
RTVSPropertyOp9
 70
     1
102
RTVSPropertyOp10
 70
     1
102
RTVSPropertyOp11
 70
     1
102
RTVSPropertyOp12
 70
     1
102
RTVSPropertyOp13
 70
     1
102
RTVSPropertyOp14
 70
     1
102
RTVSPropertyOp15
 70
     1
102
RTVSPropertyOp16
 70
     1
102
RTVSPropertyOp17
 70
     1
102
RTVSPropertyOp18
 70
     1
102
RTVSPropertyOp19
 70
     1
102
RTVSPropertyOp20
 70
     1
102
RTVSPropertyOp21
 70
     1
102
RTVSPropertyOp22
 70
     1
102
RTVSPropertyOp23
 70
     1
102
RTVSPropertyOp24
 70
     1
102
RTVSPropertyOp25
 70
     1
102
RTVSPropertyOp26
 70
     1
102
RTVSPropertyOp27
 70
     1
102
RTVSPropertyOp28
 70
     1
102
RTVSPropertyOp29
 70
     1
102
RTVSPropertyOp30
 70
     1
102
RTVSPropertyOp31
 70
     1
102
RTVSPropertyOp32
 70
     1
102
RTVSPropertyOp33
 70
     1
102
RTVSPropertyOp34
 70
     1
102
RTVSPropertyOp35
 70
     1
102
RTVSPropertyOp36
 70
     1
102
RTVSPropertyOp37
 70
     1
102
RTVSPropertyOp38
 70
     1
102
RTVSPropertyOp39
 70
     1
102
RTVSPropertyOp40
 70
     1
102
RTVSPropertyOp41
 70
     1
102
RTVSPropertyOp42
 70
     1
102
RTVSPropertyOp43
 70
     1
102
RTVSPropertyOp44
 70
     1
102
RTVSPropertyOp45
 70
     1
102
RTVSPropertyOp46
 70
     1
102
RTVSPropertyOp47
 70
     1
102
RTVSPropertyOp48
 70
     1
102
RTVSPropertyOp49
 70
     1
102
RTVSPropertyOp50
 70
     1
102
RTVSPropertyOp51
 70
     0
102
RTVSPropertyOp52
 70
     0
102
RTVSPropertyOp53
 70
     1
102
RTVSPropertyOp54
 70
     1
102
RTVSPropertyOp55
 70
     1
102
RTVSPropertyOp56
 70
     1
102
RTVSPropertyOp57
 70
     1
102
RTVSPost2010Prop28
280
     0
102
RTVSPost2010PropOp28
 70
     1
102
RTVSPost2010Prop29
280
     1
102
RTVSPost2010PropOp29
 70
     1
102
RTVSPost2010Prop30
280
     1
102
RTVSPost2010PropOp30
 70
     1
102
RTVSPost2010Prop31
280
     0
102
RTVSPost2010PropOp31
 70
     1
102
RTVSPost2010Prop32
280
     0
102
RTVSPost2010PropOp32
 70
     1
102
RTVSPost2010Prop33
280
     0
102
RTVSPost2010PropOp33
 70
     1
102
RTVSPost2010Prop34
280
     0
102
RTVSPost2010PropOp34
 70
     1
102
RTVSPost2010Prop35
280
     0
102
RTVSPost2010PropOp35
 70
     1
102
RTVSPost2010Prop36
280
     0
102
RTVSPost2010PropOp36
 70
     1
102
RTVSPost2010Prop37
 90
       50
102
RTVSPost2010PropOp37
 70
     1
102
RTVSPost2010Prop38
140
0.0
102
RTVSPost2010PropOp38
 70
     1
102
RTVSPost2010Prop39
140
1.0
102
RTVSPost2010PropOp39
 70
     1
102
RTVSPost2010Prop40
 90
        0
102
RTVSPost2010PropOp40
 70
     1
102
RTVSPost2010Prop41ColorIndex
 90
       18
102
RTVSPost2010Prop41ColorRGB
 90
        0
102
RTVSPost2010PropOp41
 70
     1
102
RTVSPost2010Prop42
 90
       50
102
RTVSPost2010PropOp42
 70
     1
102
RTVSPost2010Prop43
 90
        3
102
RTVSPost2010PropOp43
 70
     1
102
RTVSPost2010Prop44ColorIndex
 90
        5
102
RTVSPost2010Prop44ColorRGB
 90
      255
102
RTVSPost2010PropOp44
 70
     1
102
RTVSPost2010Prop45
280
     0
102
RTVSPost2010PropOp45
 70
     1
102
RTVSPost2010Prop46
 90
       50
102
RTVSPost2010PropOp46
 70
     1
102
RTVSPost2010Prop47
 90
       50
102
RTVSPost2010PropOp47
 70
     1
102
RTVSPost2010Prop48
 90
       50
102
RTVSPost2010PropOp48
 70
     1
102
RTVSPost2010Prop49
280
     0
102
RTVSPost2010PropOp49
 70
     1
102
RTVSPost2010Prop50
 90
       50
102
RTVSPost2010PropOp50
 70
     1
102
RTVSPost2010Prop51ColorIndex
 90
      256
102
RTVSPost2010Prop51ColorRGB
 90
-16777216
102
RTVSPost2010PropOp51
 70
     0
102
RTVSPost2010Prop52
140
1.0
102
RTVSPost2010PropOp52
 70
     0
102
RTVSPost2010Prop53
 90
        2
102
RTVSPost2010PropOp53
 70
     1
102
RTVSPost2010Prop54
  1
strokes_ogs.tif
102
RTVSPost2010PropOp54
 70
     1
102
RTVSPost2010Prop55
280
     0
102
RTVSPost2010PropOp55
 70
     1
102
RTVSPost2010Prop56
140
1.0
102
RTVSPost2010PropOp56
 70
     1
102
RTVSPost2010Prop57
140
1.0
102
RTVSPost2010PropOp57
 70
     1
  0
XRECORD
  5
8D9
102
{ACAD_REACTORS
330
8D8
102
}
330
8D8
100
AcDbXrecord
280
     1
102
RTVSPropertyOp0
 70
     0
102
RTVSPropertyOp1
 70
     0
102
RTVSPropertyOp2
 70
     0
102
RTVSPropertyOp3
 70
     0
102
RTVSPropertyOp4
 70
     0
102
RTVSPropertyOp5
 70
     0
102
RTVSPropertyOp6
 70
     0
102
RTVSPropertyOp7
 70
     0
102
RTVSPropertyOp8
 70
     0
102
RTVSPropertyOp9
 70
     0
102
RTVSPropertyOp10
 70
     0
102
RTVSPropertyOp11
 70
     0
102
RTVSPropertyOp12
 70
     0
102
RTVSPropertyOp13
 70
     0
102
RTVSPropertyOp14
 70
     2
102
RTVSPropertyOp15
 70
     0
102
RTVSPropertyOp16
 70
     0
102
RTVSPropertyOp17
 70
     0
102
RTVSPropertyOp18
 70
     0
102
RTVSPropertyOp19
 70
     0
102
RTVSPropertyOp20
 70
     0
102
RTVSPropertyOp21
 70
     0
102
RTVSPropertyOp22
 70
     0
102
RTVSPropertyOp23
 70
     0
102
RTVSPropertyOp24
 70
     0
102
RTVSPropertyOp25
 70
     0
102
RTVSPropertyOp26
 70
     0
102
RTVSPropertyOp27
 70
     0
102
RTVSPropertyOp28
 70
     0
102
RTVSPropertyOp29
 70
     0
102
RTVSPropertyOp30
 70
     0
102
RTVSPropertyOp31
 70
     0
102
RTVSPropertyOp32
 70
     0
102
RTVSPropertyOp33
 70
     0
102
RTVSPropertyOp34
 70
     0
102
RTVSPropertyOp35
 70
     0
102
RTVSPropertyOp36
 70
     0
102
RTVSPropertyOp37
 70
     0
102
RTVSPropertyOp38
 70
     0
102
RTVSPropertyOp39
 70
     0
102
RTVSPropertyOp40
 70
     0
102
RTVSPropertyOp41
 70
     0
102
RTVSPropertyOp42
 70
     0
102
RTVSPropertyOp43
 70
     0
102
RTVSPropertyOp44
 70
     0
102
RTVSPropertyOp45
 70
     0
102
RTVSPropertyOp46
 70
     0
102
RTVSPropertyOp47
 70
     0
102
RTVSPropertyOp48
 70
     0
102
RTVSPropertyOp49
 70
     0
102
RTVSPropertyOp50
 70
     0
102
RTVSPropertyOp51
 70
     0
102
RTVSPropertyOp52
 70
     0
102
RTVSPropertyOp53
 70
     0
102
RTVSPropertyOp54
 70
     0
102
RTVSPropertyOp55
 70
     0
102
RTVSPropertyOp56
 70
     0
102
RTVSPropertyOp57
 70
     0
102
RTVSPost2010Prop28
280
     0
102
RTVSPost2010PropOp28
 70
     0
102
RTVSPost2010Prop29
280
     1
102
RTVSPost2010PropOp29
 70
     0
102
RTVSPost2010Prop30
280
     1
102
RTVSPost2010PropOp30
 70
     0
102
RTVSPost2010Prop31
280
     0
102
RTVSPost2010PropOp31
 70
     0
102
RTVSPost2010Prop32
280
     0
102
RTVSPost2010PropOp32
 70
     0
102
RTVSPost2010Prop33
280
     0
102
RTVSPost2010PropOp33
 70
     0
102
RTVSPost2010Prop34
280
     0
102
RTVSPost2010PropOp34
 70
     0
102
RTVSPost2010Prop35
280
     0
102
RTVSPost2010PropOp35
 70
     0
102
RTVSPost2010Prop36
280
     0
102
RTVSPost2010PropOp36
 70
     0
102
RTVSPost2010Prop37
 90
       50
102
RTVSPost2010PropOp37
 70
     0
102
RTVSPost2010Prop38
140
0.0
102
RTVSPost2010PropOp38
 70
     0
102
RTVSPost2010Prop39
140
1.0
102
RTVSPost2010PropOp39
 70
     0
102
RTVSPost2010Prop40
 90
        0
102
RTVSPost2010PropOp40
 70
     0
102
RTVSPost2010Prop41ColorIndex
 90
       18
102
RTVSPost2010Prop41ColorRGB
 90
        0
102
RTVSPost2010PropOp41
 70
     0
102
RTVSPost2010Prop42
 90
       50
102
RTVSPost2010PropOp42
 70
     0
102
RTVSPost2010Prop43
 90
        3
102
RTVSPost2010PropOp43
 70
     0
102
RTVSPost2010Prop44ColorIndex
 90
        5
102
RTVSPost2010Prop44ColorRGB
 90
      255
102
RTVSPost2010PropOp44
 70
     0
102
RTVSPost2010Prop45
280
     0
102
RTVSPost2010PropOp45
 70
     0
102
RTVSPost2010Prop46
 90
       50
102
RTVSPost2010PropOp46
 70
     0
102
RTVSPost2010Prop47
 90
       50
102
RTVSPost2010PropOp47
 70
     0
102
RTVSPost2010Prop48
 90
       50
102
RTVSPost2010PropOp48
 70
     0
102
RTVSPost2010Prop49
280
     0
102
RTVSPost2010PropOp49
 70
     0
102
RTVSPost2010Prop50
 90
       50
102
RTVSPost2010PropOp50
 70
     0
102
RTVSPost2010Prop51ColorIndex
 90
      256
102
RTVSPost2010Prop51ColorRGB
 90
-16777216
102
RTVSPost2010PropOp51
 70
     0
102
RTVSPost2010Prop52
140
1.0
102
RTVSPost2010PropOp52
 70
     0
102
RTVSPost2010Prop53
 90
        2
102
RTVSPost2010PropOp53
 70
     0
102
RTVSPost2010Prop54
  1
strokes_ogs.tif
102
RTVSPost2010PropOp54
 70
     0
102
RTVSPost2010Prop55
280
     0
102
RTVSPost2010PropOp55
 70
     0
102
RTVSPost2010Prop56
140
1.0
102
RTVSPost2010PropOp56
 70
     0
102
RTVSPost2010Prop57
140
1.0
102
RTVSPost2010PropOp57
 70
     0
  0
XRECORD
  5
8D3
102
{ACAD_REACTORS
330
8D2
102
}
330
8D2
100
AcDbXrecord
280
     1
102
RTVSPropertyOp0
 70
     1
102
RTVSPropertyOp1
 70
     1
102
RTVSPropertyOp2
 70
     1
102
RTVSPropertyOp3
 70
     1
102
RTVSPropertyOp4
 70
     1
102
RTVSPropertyOp5
 70
     1
102
RTVSPropertyOp6
 70
     1
102
RTVSPropertyOp7
 70
     1
102
RTVSPropertyOp8
 70
     1
102
RTVSPropertyOp9
 70
     1
102
RTVSPropertyOp10
 70
     1
102
RTVSPropertyOp11
 70
     1
102
RTVSPropertyOp12
 70
     1
102
RTVSPropertyOp13
 70
     1
102
RTVSPropertyOp14
 70
     1
102
RTVSPropertyOp15
 70
     1
102
RTVSPropertyOp16
 70
     1
102
RTVSPropertyOp17
 70
     1
102
RTVSPropertyOp18
 70
     1
102
RTVSPropertyOp19
 70
     1
102
RTVSPropertyOp20
 70
     1
102
RTVSPropertyOp21
 70
     1
102
RTVSPropertyOp22
 70
     1
102
RTVSPropertyOp23
 70
     1
102
RTVSPropertyOp24
 70
     1
102
RTVSPropertyOp25
 70
     1
102
RTVSPropertyOp26
 70
     1
102
RTVSPropertyOp27
 70
     1
102
RTVSPropertyOp28
 70
     1
102
RTVSPropertyOp29
 70
     1
102
RTVSPropertyOp30
 70
     1
102
RTVSPropertyOp31
 70
     1
102
RTVSPropertyOp32
 70
     1
102
RTVSPropertyOp33
 70
     1
102
RTVSPropertyOp34
 70
     1
102
RTVSPropertyOp35
 70
     1
102
RTVSPropertyOp36
 70
     1
102
RTVSPropertyOp37
 70
     1
102
RTVSPropertyOp38
 70
     1
102
RTVSPropertyOp39
 70
     1
102
RTVSPropertyOp40
 70
     1
102
RTVSPropertyOp41
 70
     1
102
RTVSPropertyOp42
 70
     1
102
RTVSPropertyOp43
 70
     1
102
RTVSPropertyOp44
 70
     1
102
RTVSPropertyOp45
 70
     1
102
RTVSPropertyOp46
 70
     1
102
RTVSPropertyOp47
 70
     1
102
RTVSPropertyOp48
 70
     1
102
RTVSPropertyOp49
 70
     1
102
RTVSPropertyOp50
 70
     1
102
RTVSPropertyOp51
 70
     0
102
RTVSPropertyOp52
 70
     0
102
RTVSPropertyOp53
 70
     1
102
RTVSPropertyOp54
 70
     1
102
RTVSPropertyOp55
 70
     1
102
RTVSPropertyOp56
 70
     1
102
RTVSPropertyOp57
 70
     1
102
RTVSPost2010Prop28
280
     0
102
RTVSPost2010PropOp28
 70
     1
102
RTVSPost2010Prop29
280
     1
102
RTVSPost2010PropOp29
 70
     1
102
RTVSPost2010Prop30
280
     1
102
RTVSPost2010PropOp30
 70
     1
102
RTVSPost2010Prop31
280
     0
102
RTVSPost2010PropOp31
 70
     1
102
RTVSPost2010Prop32
280
     0
102
RTVSPost2010PropOp32
 70
     1
102
RTVSPost2010Prop33
280
     0
102
RTVSPost2010PropOp33
 70
     1
102
RTVSPost2010Prop34
280
     0
102
RTVSPost2010PropOp34
 70
     1
102
RTVSPost2010Prop35
280
     0
102
RTVSPost2010PropOp35
 70
     1
102
RTVSPost2010Prop36
280
     0
102
RTVSPost2010PropOp36
 70
     1
102
RTVSPost2010Prop37
 90
       50
102
RTVSPost2010PropOp37
 70
     1
102
RTVSPost2010Prop38
140
0.0
102
RTVSPost2010PropOp38
 70
     1
102
RTVSPost2010Prop39
140
1.0
102
RTVSPost2010PropOp39
 70
     1
102
RTVSPost2010Prop40
 90
        0
102
RTVSPost2010PropOp40
 70
     1
102
RTVSPost2010Prop41ColorIndex
 90
       18
102
RTVSPost2010Prop41ColorRGB
 90
        0
102
RTVSPost2010PropOp41
 70
     1
102
RTVSPost2010Prop42
 90
       50
102
RTVSPost2010PropOp42
 70
     1
102
RTVSPost2010Prop43
 90
        3
102
RTVSPost2010PropOp43
 70
     1
102
RTVSPost2010Prop44ColorIndex
 90
        5
102
RTVSPost2010Prop44ColorRGB
 90
      255
102
RTVSPost2010PropOp44
 70
     1
102
RTVSPost2010Prop45
280
     0
102
RTVSPost2010PropOp45
 70
     1
102
RTVSPost2010Prop46
 90
       50
102
RTVSPost2010PropOp46
 70
     1
102
RTVSPost2010Prop47
 90
       50
102
RTVSPost2010PropOp47
 70
     1
102
RTVSPost2010Prop48
 90
       50
102
RTVSPost2010PropOp48
 70
     1
102
RTVSPost2010Prop49
280
     0
102
RTVSPost2010PropOp49
 70
     1
102
RTVSPost2010Prop50
 90
       50
102
RTVSPost2010PropOp50
 70
     1
102
RTVSPost2010Prop51ColorIndex
 90
      256
102
RTVSPost2010Prop51ColorRGB
 90
-16777216
102
RTVSPost2010PropOp51
 70
     0
102
RTVSPost2010Prop52
140
1.0
102
RTVSPost2010PropOp52
 70
     0
102
RTVSPost2010Prop53
 90
        2
102
RTVSPost2010PropOp53
 70
     1
102
RTVSPost2010Prop54
  1
strokes_ogs.tif
102
RTVSPost2010PropOp54
 70
     1
102
RTVSPost2010Prop55
280
     0
102
RTVSPost2010PropOp55
 70
     1
102
RTVSPost2010Prop56
140
1.0
102
RTVSPost2010PropOp56
 70
     1
102
RTVSPost2010Prop57
140
1.0
102
RTVSPost2010PropOp57
 70
     1
  0
XRECORD
  5
8DB
102
{ACAD_REACTORS
330
8DA
102
}
330
8DA
100
AcDbXrecord
280
     1
102
RTVSPropertyOp0
 70
     0
102
RTVSPropertyOp1
 70
     0
102
RTVSPropertyOp2
 70
     0
102
RTVSPropertyOp3
 70
     0
102
RTVSPropertyOp4
 70
     0
102
RTVSPropertyOp5
 70
     0
102
RTVSPropertyOp6
 70
     0
102
RTVSPropertyOp7
 70
     0
102
RTVSPropertyOp8
 70
     0
102
RTVSPropertyOp9
 70
     0
102
RTVSPropertyOp10
 70
     0
102
RTVSPropertyOp11
 70
     0
102
RTVSPropertyOp12
 70
     0
102
RTVSPropertyOp13
 70
     0
102
RTVSPropertyOp14
 70
     2
102
RTVSPropertyOp15
 70
     0
102
RTVSPropertyOp16
 70
     0
102
RTVSPropertyOp17
 70
     0
102
RTVSPropertyOp18
 70
     0
102
RTVSPropertyOp19
 70
     0
102
RTVSPropertyOp20
 70
     0
102
RTVSPropertyOp21
 70
     0
102
RTVSPropertyOp22
 70
     0
102
RTVSPropertyOp23
 70
     0
102
RTVSPropertyOp24
 70
     0
102
RTVSPropertyOp25
 70
     0
102
RTVSPropertyOp26
 70
     0
102
RTVSPropertyOp27
 70
     0
102
RTVSPropertyOp28
 70
     0
102
RTVSPropertyOp29
 70
     0
102
RTVSPropertyOp30
 70
     0
102
RTVSPropertyOp31
 70
     0
102
RTVSPropertyOp32
 70
     0
102
RTVSPropertyOp33
 70
     0
102
RTVSPropertyOp34
 70
     0
102
RTVSPropertyOp35
 70
     0
102
RTVSPropertyOp36
 70
     0
102
RTVSPropertyOp37
 70
     0
102
RTVSPropertyOp38
 70
     0
102
RTVSPropertyOp39
 70
     0
102
RTVSPropertyOp40
 70
     0
102
RTVSPropertyOp41
 70
     0
102
RTVSPropertyOp42
 70
     0
102
RTVSPropertyOp43
 70
     0
102
RTVSPropertyOp44
 70
     0
102
RTVSPropertyOp45
 70
     0
102
RTVSPropertyOp46
 70
     0
102
RTVSPropertyOp47
 70
     0
102
RTVSPropertyOp48
 70
     0
102
RTVSPropertyOp49
 70
     0
102
RTVSPropertyOp50
 70
     0
102
RTVSPropertyOp51
 70
     0
102
RTVSPropertyOp52
 70
     0
102
RTVSPropertyOp53
 70
     0
102
RTVSPropertyOp54
 70
     0
102
RTVSPropertyOp55
 70
     0
102
RTVSPropertyOp56
 70
     0
102
RTVSPropertyOp57
 70
     0
102
RTVSPost2010Prop28
280
     0
102
RTVSPost2010PropOp28
 70
     0
102
RTVSPost2010Prop29
280
     1
102
RTVSPost2010PropOp29
 70
     0
102
RTVSPost2010Prop30
280
     1
102
RTVSPost2010PropOp30
 70
     0
102
RTVSPost2010Prop31
280
     0
102
RTVSPost2010PropOp31
 70
     0
102
RTVSPost2010Prop32
280
     0
102
RTVSPost2010PropOp32
 70
     0
102
RTVSPost2010Prop33
280
     0
102
RTVSPost2010PropOp33
 70
     0
102
RTVSPost2010Prop34
280
     0
102
RTVSPost2010PropOp34
 70
     0
102
RTVSPost2010Prop35
280
     0
102
RTVSPost2010PropOp35
 70
     0
102
RTVSPost2010Prop36
280
     0
102
RTVSPost2010PropOp36
 70
     0
102
RTVSPost2010Prop37
 90
       50
102
RTVSPost2010PropOp37
 70
     0
102
RTVSPost2010Prop38
140
0.0
102
RTVSPost2010PropOp38
 70
     0
102
RTVSPost2010Prop39
140
1.0
102
RTVSPost2010PropOp39
 70
     0
102
RTVSPost2010Prop40
 90
        0
102
RTVSPost2010PropOp40
 70
     0
102
RTVSPost2010Prop41ColorIndex
 90
       18
102
RTVSPost2010Prop41ColorRGB
 90
        0
102
RTVSPost2010PropOp41
 70
     0
102
RTVSPost2010Prop42
 90
       50
102
RTVSPost2010PropOp42
 70
     0
102
RTVSPost2010Prop43
 90
        3
102
RTVSPost2010PropOp43
 70
     0
102
RTVSPost2010Prop44ColorIndex
 90
        5
102
RTVSPost2010Prop44ColorRGB
 90
      255
102
RTVSPost2010PropOp44
 70
     0
102
RTVSPost2010Prop45
280
     0
102
RTVSPost2010PropOp45
 70
     0
102
RTVSPost2010Prop46
 90
       50
102
RTVSPost2010PropOp46
 70
     0
102
RTVSPost2010Prop47
 90
       50
102
RTVSPost2010PropOp47
 70
     0
102
RTVSPost2010Prop48
 90
       50
102
RTVSPost2010PropOp48
 70
     0
102
RTVSPost2010Prop49
280
     0
102
RTVSPost2010PropOp49
 70
     0
102
RTVSPost2010Prop50
 90
       50
102
RTVSPost2010PropOp50
 70
     0
102
RTVSPost2010Prop51ColorIndex
 90
      256
102
RTVSPost2010Prop51ColorRGB
 90
-16777216
102
RTVSPost2010PropOp51
 70
     0
102
RTVSPost2010Prop52
140
1.0
102
RTVSPost2010PropOp52
 70
     0
102
RTVSPost2010Prop53
 90
        2
102
RTVSPost2010PropOp53
 70
     0
102
RTVSPost2010Prop54
  1
strokes_ogs.tif
102
RTVSPost2010PropOp54
 70
     0
102
RTVSPost2010Prop55
280
     0
102
RTVSPost2010PropOp55
 70
     0
102
RTVSPost2010Prop56
140
1.0
102
RTVSPost2010PropOp56
 70
     0
102
RTVSPost2010Prop57
140
1.0
102
RTVSPost2010PropOp57
 70
     0
  0
XRECORD
  5
8C9
102
{ACAD_REACTORS
330
8C8
102
}
330
8C8
100
AcDbXrecord
280
     1
102
RTVSPropertyOp0
 70
     1
102
RTVSPropertyOp1
 70
     1
102
RTVSPropertyOp2
 70
     1
102
RTVSPropertyOp3
 70
     1
102
RTVSPropertyOp4
 70
     1
102
RTVSPropertyOp5
 70
     1
102
RTVSPropertyOp6
 70
     1
102
RTVSPropertyOp7
 70
     1
102
RTVSPropertyOp8
 70
     1
102
RTVSPropertyOp9
 70
     1
102
RTVSPropertyOp10
 70
     1
102
RTVSPropertyOp11
 70
     1
102
RTVSPropertyOp12
 70
     1
102
RTVSPropertyOp13
 70
     1
102
RTVSPropertyOp14
 70
     1
102
RTVSPropertyOp15
 70
     1
102
RTVSPropertyOp16
 70
     1
102
RTVSPropertyOp17
 70
     1
102
RTVSPropertyOp18
 70
     1
102
RTVSPropertyOp19
 70
     1
102
RTVSPropertyOp20
 70
     1
102
RTVSPropertyOp21
 70
     1
102
RTVSPropertyOp22
 70
     1
102
RTVSPropertyOp23
 70
     1
102
RTVSPropertyOp24
 70
     1
102
RTVSPropertyOp25
 70
     1
102
RTVSPropertyOp26
 70
     1
102
RTVSPropertyOp27
 70
     1
102
RTVSPropertyOp28
 70
     1
102
RTVSPropertyOp29
 70
     1
102
RTVSPropertyOp30
 70
     1
102
RTVSPropertyOp31
 70
     1
102
RTVSPropertyOp32
 70
     1
102
RTVSPropertyOp33
 70
     1
102
RTVSPropertyOp34
 70
     1
102
RTVSPropertyOp35
 70
     1
102
RTVSPropertyOp36
 70
     1
102
RTVSPropertyOp37
 70
     1
102
RTVSPropertyOp38
 70
     1
102
RTVSPropertyOp39
 70
     1
102
RTVSPropertyOp40
 70
     1
102
RTVSPropertyOp41
 70
     1
102
RTVSPropertyOp42
 70
     1
102
RTVSPropertyOp43
 70
     1
102
RTVSPropertyOp44
 70
     1
102
RTVSPropertyOp45
 70
     1
102
RTVSPropertyOp46
 70
     1
102
RTVSPropertyOp47
 70
     1
102
RTVSPropertyOp48
 70
     1
102
RTVSPropertyOp49
 70
     1
102
RTVSPropertyOp50
 70
     1
102
RTVSPropertyOp51
 70
     0
102
RTVSPropertyOp52
 70
     0
102
RTVSPropertyOp53
 70
     1
102
RTVSPropertyOp54
 70
     1
102
RTVSPropertyOp55
 70
     1
102
RTVSPropertyOp56
 70
     1
102
RTVSPropertyOp57
 70
     1
102
RTVSPost2010Prop28
280
     0
102
RTVSPost2010PropOp28
 70
     1
102
RTVSPost2010Prop29
280
     1
102
RTVSPost2010PropOp29
 70
     1
102
RTVSPost2010Prop30
280
     1
102
RTVSPost2010PropOp30
 70
     1
102
RTVSPost2010Prop31
280
     0
102
RTVSPost2010PropOp31
 70
     1
102
RTVSPost2010Prop32
280
     0
102
RTVSPost2010PropOp32
 70
     1
102
RTVSPost2010Prop33
280
     0
102
RTVSPost2010PropOp33
 70
     1
102
RTVSPost2010Prop34
280
     0
102
RTVSPost2010PropOp34
 70
     1
102
RTVSPost2010Prop35
280
     0
102
RTVSPost2010PropOp35
 70
     1
102
RTVSPost2010Prop36
280
     0
102
RTVSPost2010PropOp36
 70
     1
102
RTVSPost2010Prop37
 90
       50
102
RTVSPost2010PropOp37
 70
     1
102
RTVSPost2010Prop38
140
0.0
102
RTVSPost2010PropOp38
 70
     1
102
RTVSPost2010Prop39
140
1.0
102
RTVSPost2010PropOp39
 70
     1
102
RTVSPost2010Prop40
 90
        0
102
RTVSPost2010PropOp40
 70
     1
102
RTVSPost2010Prop41ColorIndex
 90
       18
102
RTVSPost2010Prop41ColorRGB
 90
        0
102
RTVSPost2010PropOp41
 70
     1
102
RTVSPost2010Prop42
 90
       50
102
RTVSPost2010PropOp42
 70
     1
102
RTVSPost2010Prop43
 90
        3
102
RTVSPost2010PropOp43
 70
     1
102
RTVSPost2010Prop44ColorIndex
 90
        5
102
RTVSPost2010Prop44ColorRGB
 90
      255
102
RTVSPost2010PropOp44
 70
     1
102
RTVSPost2010Prop45
280
     0
102
RTVSPost2010PropOp45
 70
     1
102
RTVSPost2010Prop46
 90
       50
102
RTVSPost2010PropOp46
 70
     1
102
RTVSPost2010Prop47
 90
       50
102
RTVSPost2010PropOp47
 70
     1
102
RTVSPost2010Prop48
 90
       50
102
RTVSPost2010PropOp48
 70
     1
102
RTVSPost2010Prop49
280
     0
102
RTVSPost2010PropOp49
 70
     1
102
RTVSPost2010Prop50
 90
       50
102
RTVSPost2010PropOp50
 70
     1
102
RTVSPost2010Prop51ColorIndex
 90
      256
102
RTVSPost2010Prop51ColorRGB
 90
-16777216
102
RTVSPost2010PropOp51
 70
     0
102
RTVSPost2010Prop52
140
1.0
102
RTVSPost2010PropOp52
 70
     0
102
RTVSPost2010Prop53
 90
        2
102
RTVSPost2010PropOp53
 70
     1
102
RTVSPost2010Prop54
  1
strokes_ogs.tif
102
RTVSPost2010PropOp54
 70
     1
102
RTVSPost2010Prop55
280
     0
102
RTVSPost2010PropOp55
 70
     1
102
RTVSPost2010Prop56
140
1.0
102
RTVSPost2010PropOp56
 70
     1
102
RTVSPost2010Prop57
140
1.0
102
RTVSPost2010PropOp57
 70
     1
  0
XRECORD
  5
8E7
102
{ACAD_REACTORS
330
8E6
102
}
330
8E6
100
AcDbXrecord
280
     1
102
RTVSPropertyOp0
 70
     1
102
RTVSPropertyOp1
 70
     1
102
RTVSPropertyOp2
 70
     1
102
RTVSPropertyOp3
 70
     1
102
RTVSPropertyOp4
 70
     1
102
RTVSPropertyOp5
 70
     1
102
RTVSPropertyOp6
 70
     1
102
RTVSPropertyOp7
 70
     1
102
RTVSPropertyOp8
 70
     1
102
RTVSPropertyOp9
 70
     1
102
RTVSPropertyOp10
 70
     1
102
RTVSPropertyOp11
 70
     1
102
RTVSPropertyOp12
 70
     1
102
RTVSPropertyOp13
 70
     1
102
RTVSPropertyOp14
 70
     1
102
RTVSPropertyOp15
 70
     1
102
RTVSPropertyOp16
 70
     1
102
RTVSPropertyOp17
 70
     1
102
RTVSPropertyOp18
 70
     1
102
RTVSPropertyOp19
 70
     1
102
RTVSPropertyOp20
 70
     1
102
RTVSPropertyOp21
 70
     1
102
RTVSPropertyOp22
 70
     1
102
RTVSPropertyOp23
 70
     1
102
RTVSPropertyOp24
 70
     1
102
RTVSPropertyOp25
 70
     1
102
RTVSPropertyOp26
 70
     1
102
RTVSPropertyOp27
 70
     1
102
RTVSPropertyOp28
 70
     1
102
RTVSPropertyOp29
 70
     1
102
RTVSPropertyOp30
 70
     1
102
RTVSPropertyOp31
 70
     1
102
RTVSPropertyOp32
 70
     1
102
RTVSPropertyOp33
 70
     1
102
RTVSPropertyOp34
 70
     1
102
RTVSPropertyOp35
 70
     1
102
RTVSPropertyOp36
 70
     1
102
RTVSPropertyOp37
 70
     1
102
RTVSPropertyOp38
 70
     1
102
RTVSPropertyOp39
 70
     1
102
RTVSPropertyOp40
 70
     1
102
RTVSPropertyOp41
 70
     1
102
RTVSPropertyOp42
 70
     1
102
RTVSPropertyOp43
 70
     1
102
RTVSPropertyOp44
 70
     1
102
RTVSPropertyOp45
 70
     1
102
RTVSPropertyOp46
 70
     1
102
RTVSPropertyOp47
 70
     1
102
RTVSPropertyOp48
 70
     1
102
RTVSPropertyOp49
 70
     1
102
RTVSPropertyOp50
 70
     1
102
RTVSPropertyOp51
 70
     0
102
RTVSPropertyOp52
 70
     0
102
RTVSPropertyOp53
 70
     1
102
RTVSPropertyOp54
 70
     1
102
RTVSPropertyOp55
 70
     1
102
RTVSPropertyOp56
 70
     1
102
RTVSPropertyOp57
 70
     1
102
RTVSPost2010Prop28
280
     0
102
RTVSPost2010PropOp28
 70
     1
102
RTVSPost2010Prop29
280
     1
102
RTVSPost2010PropOp29
 70
     1
102
RTVSPost2010Prop30
280
     1
102
RTVSPost2010PropOp30
 70
     1
102
RTVSPost2010Prop31
280
     0
102
RTVSPost2010PropOp31
 70
     1
102
RTVSPost2010Prop32
280
     0
102
RTVSPost2010PropOp32
 70
     1
102
RTVSPost2010Prop33
280
     0
102
RTVSPost2010PropOp33
 70
     1
102
RTVSPost2010Prop34
280
     0
102
RTVSPost2010PropOp34
 70
     1
102
RTVSPost2010Prop35
280
     0
102
RTVSPost2010PropOp35
 70
     1
102
RTVSPost2010Prop36
280
     0
102
RTVSPost2010PropOp36
 70
     1
102
RTVSPost2010Prop37
 90
       50
102
RTVSPost2010PropOp37
 70
     1
102
RTVSPost2010Prop38
140
0.0
102
RTVSPost2010PropOp38
 70
     1
102
RTVSPost2010Prop39
140
1.0
102
RTVSPost2010PropOp39
 70
     1
102
RTVSPost2010Prop40
 90
        0
102
RTVSPost2010PropOp40
 70
     1
102
RTVSPost2010Prop41ColorIndex
 90
       18
102
RTVSPost2010Prop41ColorRGB
 90
        0
102
RTVSPost2010PropOp41
 70
     1
102
RTVSPost2010Prop42
 90
       50
102
RTVSPost2010PropOp42
 70
     1
102
RTVSPost2010Prop43
 90
        3
102
RTVSPost2010PropOp43
 70
     1
102
RTVSPost2010Prop44ColorIndex
 90
        5
102
RTVSPost2010Prop44ColorRGB
 90
      255
102
RTVSPost2010PropOp44
 70
     1
102
RTVSPost2010Prop45
280
     0
102
RTVSPost2010PropOp45
 70
     1
102
RTVSPost2010Prop46
 90
       50
102
RTVSPost2010PropOp46
 70
     1
102
RTVSPost2010Prop47
 90
       50
102
RTVSPost2010PropOp47
 70
     1
102
RTVSPost2010Prop48
 90
       50
102
RTVSPost2010PropOp48
 70
     1
102
RTVSPost2010Prop49
280
     0
102
RTVSPost2010PropOp49
 70
     1
102
RTVSPost2010Prop50
 90
       50
102
RTVSPost2010PropOp50
 70
     1
102
RTVSPost2010Prop51ColorIndex
 90
      256
102
RTVSPost2010Prop51ColorRGB
 90
-16777216
102
RTVSPost2010PropOp51
 70
     0
102
RTVSPost2010Prop52
140
1.0
102
RTVSPost2010PropOp52
 70
     0
102
RTVSPost2010Prop53
 90
        2
102
RTVSPost2010PropOp53
 70
     1
102
RTVSPost2010Prop54
  1
strokes_ogs.tif
102
RTVSPost2010PropOp54
 70
     1
102
RTVSPost2010Prop55
280
     0
102
RTVSPost2010PropOp55
 70
     1
102
RTVSPost2010Prop56
140
1.0
102
RTVSPost2010PropOp56
 70
     1
102
RTVSPost2010Prop57
140
1.0
102
RTVSPost2010PropOp57
 70
     1
  0
XRECORD
  5
8E5
102
{ACAD_REACTORS
330
8E4
102
}
330
8E4
100
AcDbXrecord
280
     1
102
RTVSPropertyOp0
 70
     1
102
RTVSPropertyOp1
 70
     1
102
RTVSPropertyOp2
 70
     1
102
RTVSPropertyOp3
 70
     1
102
RTVSPropertyOp4
 70
     1
102
RTVSPropertyOp5
 70
     1
102
RTVSPropertyOp6
 70
     1
102
RTVSPropertyOp7
 70
     1
102
RTVSPropertyOp8
 70
     1
102
RTVSPropertyOp9
 70
     1
102
RTVSPropertyOp10
 70
     1
102
RTVSPropertyOp11
 70
     1
102
RTVSPropertyOp12
 70
     1
102
RTVSPropertyOp13
 70
     1
102
RTVSPropertyOp14
 70
     1
102
RTVSPropertyOp15
 70
     1
102
RTVSPropertyOp16
 70
     1
102
RTVSPropertyOp17
 70
     1
102
RTVSPropertyOp18
 70
     1
102
RTVSPropertyOp19
 70
     1
102
RTVSPropertyOp20
 70
     1
102
RTVSPropertyOp21
 70
     1
102
RTVSPropertyOp22
 70
     1
102
RTVSPropertyOp23
 70
     1
102
RTVSPropertyOp24
 70
     1
102
RTVSPropertyOp25
 70
     1
102
RTVSPropertyOp26
 70
     1
102
RTVSPropertyOp27
 70
     1
102
RTVSPropertyOp28
 70
     1
102
RTVSPropertyOp29
 70
     1
102
RTVSPropertyOp30
 70
     1
102
RTVSPropertyOp31
 70
     1
102
RTVSPropertyOp32
 70
     1
102
RTVSPropertyOp33
 70
     1
102
RTVSPropertyOp34
 70
     1
102
RTVSPropertyOp35
 70
     1
102
RTVSPropertyOp36
 70
     1
102
RTVSPropertyOp37
 70
     1
102
RTVSPropertyOp38
 70
     1
102
RTVSPropertyOp39
 70
     1
102
RTVSPropertyOp40
 70
     1
102
RTVSPropertyOp41
 70
     1
102
RTVSPropertyOp42
 70
     1
102
RTVSPropertyOp43
 70
     1
102
RTVSPropertyOp44
 70
     1
102
RTVSPropertyOp45
 70
     1
102
RTVSPropertyOp46
 70
     1
102
RTVSPropertyOp47
 70
     1
102
RTVSPropertyOp48
 70
     1
102
RTVSPropertyOp49
 70
     1
102
RTVSPropertyOp50
 70
     1
102
RTVSPropertyOp51
 70
     0
102
RTVSPropertyOp52
 70
     0
102
RTVSPropertyOp53
 70
     1
102
RTVSPropertyOp54
 70
     1
102
RTVSPropertyOp55
 70
     1
102
RTVSPropertyOp56
 70
     1
102
RTVSPropertyOp57
 70
     1
102
RTVSPost2010Prop28
280
     0
102
RTVSPost2010PropOp28
 70
     1
102
RTVSPost2010Prop29
280
     1
102
RTVSPost2010PropOp29
 70
     1
102
RTVSPost2010Prop30
280
     1
102
RTVSPost2010PropOp30
 70
     1
102
RTVSPost2010Prop31
280
     0
102
RTVSPost2010PropOp31
 70
     1
102
RTVSPost2010Prop32
280
     0
102
RTVSPost2010PropOp32
 70
     1
102
RTVSPost2010Prop33
280
     0
102
RTVSPost2010PropOp33
 70
     1
102
RTVSPost2010Prop34
280
     0
102
RTVSPost2010PropOp34
 70
     1
102
RTVSPost2010Prop35
280
     0
102
RTVSPost2010PropOp35
 70
     1
102
RTVSPost2010Prop36
280
     0
102
RTVSPost2010PropOp36
 70
     1
102
RTVSPost2010Prop37
 90
       50
102
RTVSPost2010PropOp37
 70
     1
102
RTVSPost2010Prop38
140
0.0
102
RTVSPost2010PropOp38
 70
     1
102
RTVSPost2010Prop39
140
1.0
102
RTVSPost2010PropOp39
 70
     1
102
RTVSPost2010Prop40
 90
        0
102
RTVSPost2010PropOp40
 70
     1
102
RTVSPost2010Prop41ColorIndex
 90
       18
102
RTVSPost2010Prop41ColorRGB
 90
        0
102
RTVSPost2010PropOp41
 70
     1
102
RTVSPost2010Prop42
 90
       50
102
RTVSPost2010PropOp42
 70
     1
102
RTVSPost2010Prop43
 90
        3
102
RTVSPost2010PropOp43
 70
     1
102
RTVSPost2010Prop44ColorIndex
 90
        5
102
RTVSPost2010Prop44ColorRGB
 90
      255
102
RTVSPost2010PropOp44
 70
     1
102
RTVSPost2010Prop45
280
     0
102
RTVSPost2010PropOp45
 70
     1
102
RTVSPost2010Prop46
 90
       50
102
RTVSPost2010PropOp46
 70
     1
102
RTVSPost2010Prop47
 90
       50
102
RTVSPost2010PropOp47
 70
     1
102
RTVSPost2010Prop48
 90
       50
102
RTVSPost2010PropOp48
 70
     1
102
RTVSPost2010Prop49
280
     0
102
RTVSPost2010PropOp49
 70
     1
102
RTVSPost2010Prop50
 90
       50
102
RTVSPost2010PropOp50
 70
     1
102
RTVSPost2010Prop51ColorIndex
 90
      256
102
RTVSPost2010Prop51ColorRGB
 90
-16777216
102
RTVSPost2010PropOp51
 70
     0
102
RTVSPost2010Prop52
140
1.0
102
RTVSPost2010PropOp52
 70
     0
102
RTVSPost2010Prop53
 90
        2
102
RTVSPost2010PropOp53
 70
     1
102
RTVSPost2010Prop54
  1
strokes_ogs.tif
102
RTVSPost2010PropOp54
 70
     1
102
RTVSPost2010Prop55
280
     0
102
RTVSPost2010PropOp55
 70
     1
102
RTVSPost2010Prop56
140
1.0
102
RTVSPost2010PropOp56
 70
     1
102
RTVSPost2010Prop57
140
1.0
102
RTVSPost2010PropOp57
 70
     1
  0
XRECORD
  5
8DF
102
{ACAD_REACTORS
330
8DE
102
}
330
8DE
100
AcDbXrecord
280
     1
102
RTVSPropertyOp0
 70
     1
102
RTVSPropertyOp1
 70
     1
102
RTVSPropertyOp2
 70
     1
102
RTVSPropertyOp3
 70
     1
102
RTVSPropertyOp4
 70
     1
102
RTVSPropertyOp5
 70
     1
102
RTVSPropertyOp6
 70
     1
102
RTVSPropertyOp7
 70
     1
102
RTVSPropertyOp8
 70
     1
102
RTVSPropertyOp9
 70
     1
102
RTVSPropertyOp10
 70
     1
102
RTVSPropertyOp11
 70
     1
102
RTVSPropertyOp12
 70
     1
102
RTVSPropertyOp13
 70
     1
102
RTVSPropertyOp14
 70
     1
102
RTVSPropertyOp15
 70
     1
102
RTVSPropertyOp16
 70
     1
102
RTVSPropertyOp17
 70
     1
102
RTVSPropertyOp18
 70
     1
102
RTVSPropertyOp19
 70
     1
102
RTVSPropertyOp20
 70
     1
102
RTVSPropertyOp21
 70
     1
102
RTVSPropertyOp22
 70
     1
102
RTVSPropertyOp23
 70
     1
102
RTVSPropertyOp24
 70
     1
102
RTVSPropertyOp25
 70
     1
102
RTVSPropertyOp26
 70
     1
102
RTVSPropertyOp27
 70
     1
102
RTVSPropertyOp28
 70
     1
102
RTVSPropertyOp29
 70
     1
102
RTVSPropertyOp30
 70
     1
102
RTVSPropertyOp31
 70
     1
102
RTVSPropertyOp32
 70
     1
102
RTVSPropertyOp33
 70
     1
102
RTVSPropertyOp34
 70
     1
102
RTVSPropertyOp35
 70
     1
102
RTVSPropertyOp36
 70
     1
102
RTVSPropertyOp37
 70
     1
102
RTVSPropertyOp38
 70
     1
102
RTVSPropertyOp39
 70
     1
102
RTVSPropertyOp40
 70
     1
102
RTVSPropertyOp41
 70
     1
102
RTVSPropertyOp42
 70
     1
102
RTVSPropertyOp43
 70
     1
102
RTVSPropertyOp44
 70
     1
102
RTVSPropertyOp45
 70
     1
102
RTVSPropertyOp46
 70
     1
102
RTVSPropertyOp47
 70
     1
102
RTVSPropertyOp48
 70
     1
102
RTVSPropertyOp49
 70
     1
102
RTVSPropertyOp50
 70
     1
102
RTVSPropertyOp51
 70
     0
102
RTVSPropertyOp52
 70
     0
102
RTVSPropertyOp53
 70
     1
102
RTVSPropertyOp54
 70
     1
102
RTVSPropertyOp55
 70
     1
102
RTVSPropertyOp56
 70
     1
102
RTVSPropertyOp57
 70
     1
102
RTVSPost2010Prop28
280
     0
102
RTVSPost2010PropOp28
 70
     1
102
RTVSPost2010Prop29
280
     1
102
RTVSPost2010PropOp29
 70
     1
102
RTVSPost2010Prop30
280
     1
102
RTVSPost2010PropOp30
 70
     1
102
RTVSPost2010Prop31
280
     0
102
RTVSPost2010PropOp31
 70
     1
102
RTVSPost2010Prop32
280
     0
102
RTVSPost2010PropOp32
 70
     1
102
RTVSPost2010Prop33
280
     0
102
RTVSPost2010PropOp33
 70
     1
102
RTVSPost2010Prop34
280
     0
102
RTVSPost2010PropOp34
 70
     1
102
RTVSPost2010Prop35
280
     0
102
RTVSPost2010PropOp35
 70
     1
102
RTVSPost2010Prop36
280
     0
102
RTVSPost2010PropOp36
 70
     1
102
RTVSPost2010Prop37
 90
       50
102
RTVSPost2010PropOp37
 70
     1
102
RTVSPost2010Prop38
140
0.0
102
RTVSPost2010PropOp38
 70
     1
102
RTVSPost2010Prop39
140
1.0
102
RTVSPost2010PropOp39
 70
     1
102
RTVSPost2010Prop40
 90
        0
102
RTVSPost2010PropOp40
 70
     1
102
RTVSPost2010Prop41ColorIndex
 90
       18
102
RTVSPost2010Prop41ColorRGB
 90
        0
102
RTVSPost2010PropOp41
 70
     1
102
RTVSPost2010Prop42
 90
       50
102
RTVSPost2010PropOp42
 70
     1
102
RTVSPost2010Prop43
 90
        3
102
RTVSPost2010PropOp43
 70
     1
102
RTVSPost2010Prop44ColorIndex
 90
        5
102
RTVSPost2010Prop44ColorRGB
 90
      255
102
RTVSPost2010PropOp44
 70
     1
102
RTVSPost2010Prop45
280
     0
102
RTVSPost2010PropOp45
 70
     1
102
RTVSPost2010Prop46
 90
       50
102
RTVSPost2010PropOp46
 70
     1
102
RTVSPost2010Prop47
 90
       50
102
RTVSPost2010PropOp47
 70
     1
102
RTVSPost2010Prop48
 90
       50
102
RTVSPost2010PropOp48
 70
     1
102
RTVSPost2010Prop49
280
     0
102
RTVSPost2010PropOp49
 70
     1
102
RTVSPost2010Prop50
 90
       50
102
RTVSPost2010PropOp50
 70
     1
102
RTVSPost2010Prop51ColorIndex
 90
      256
102
RTVSPost2010Prop51ColorRGB
 90
-16777216
102
RTVSPost2010PropOp51
 70
     0
102
RTVSPost2010Prop52
140
1.0
102
RTVSPost2010PropOp52
 70
     0
102
RTVSPost2010Prop53
 90
        2
102
RTVSPost2010PropOp53
 70
     1
102
RTVSPost2010Prop54
  1
strokes_ogs.tif
102
RTVSPost2010PropOp54
 70
     1
102
RTVSPost2010Prop55
280
     0
102
RTVSPost2010PropOp55
 70
     1
102
RTVSPost2010Prop56
140
1.0
102
RTVSPost2010PropOp56
 70
     1
102
RTVSPost2010Prop57
140
1.0
102
RTVSPost2010PropOp57
 70
     1
  0
XRECORD
  5
8E1
102
{ACAD_REACTORS
330
8E0
102
}
330
8E0
100
AcDbXrecord
280
     1
102
RTVSPropertyOp0
 70
     1
102
RTVSPropertyOp1
 70
     1
102
RTVSPropertyOp2
 70
     1
102
RTVSPropertyOp3
 70
     1
102
RTVSPropertyOp4
 70
     1
102
RTVSPropertyOp5
 70
     1
102
RTVSPropertyOp6
 70
     1
102
RTVSPropertyOp7
 70
     1
102
RTVSPropertyOp8
 70
     1
102
RTVSPropertyOp9
 70
     1
102
RTVSPropertyOp10
 70
     1
102
RTVSPropertyOp11
 70
     1
102
RTVSPropertyOp12
 70
     1
102
RTVSPropertyOp13
 70
     1
102
RTVSPropertyOp14
 70
     1
102
RTVSPropertyOp15
 70
     1
102
RTVSPropertyOp16
 70
     1
102
RTVSPropertyOp17
 70
     1
102
RTVSPropertyOp18
 70
     1
102
RTVSPropertyOp19
 70
     1
102
RTVSPropertyOp20
 70
     1
102
RTVSPropertyOp21
 70
     1
102
RTVSPropertyOp22
 70
     1
102
RTVSPropertyOp23
 70
     1
102
RTVSPropertyOp24
 70
     1
102
RTVSPropertyOp25
 70
     1
102
RTVSPropertyOp26
 70
     1
102
RTVSPropertyOp27
 70
     1
102
RTVSPropertyOp28
 70
     1
102
RTVSPropertyOp29
 70
     1
102
RTVSPropertyOp30
 70
     1
102
RTVSPropertyOp31
 70
     1
102
RTVSPropertyOp32
 70
     1
102
RTVSPropertyOp33
 70
     1
102
RTVSPropertyOp34
 70
     1
102
RTVSPropertyOp35
 70
     1
102
RTVSPropertyOp36
 70
     1
102
RTVSPropertyOp37
 70
     1
102
RTVSPropertyOp38
 70
     1
102
RTVSPropertyOp39
 70
     1
102
RTVSPropertyOp40
 70
     1
102
RTVSPropertyOp41
 70
     1
102
RTVSPropertyOp42
 70
     1
102
RTVSPropertyOp43
 70
     1
102
RTVSPropertyOp44
 70
     1
102
RTVSPropertyOp45
 70
     1
102
RTVSPropertyOp46
 70
     1
102
RTVSPropertyOp47
 70
     1
102
RTVSPropertyOp48
 70
     1
102
RTVSPropertyOp49
 70
     1
102
RTVSPropertyOp50
 70
     1
102
RTVSPropertyOp51
 70
     0
102
RTVSPropertyOp52
 70
     0
102
RTVSPropertyOp53
 70
     1
102
RTVSPropertyOp54
 70
     1
102
RTVSPropertyOp55
 70
     1
102
RTVSPropertyOp56
 70
     1
102
RTVSPropertyOp57
 70
     1
102
RTVSPost2010Prop28
280
     0
102
RTVSPost2010PropOp28
 70
     1
102
RTVSPost2010Prop29
280
     1
102
RTVSPost2010PropOp29
 70
     1
102
RTVSPost2010Prop30
280
     1
102
RTVSPost2010PropOp30
 70
     1
102
RTVSPost2010Prop31
280
     0
102
RTVSPost2010PropOp31
 70
     1
102
RTVSPost2010Prop32
280
     0
102
RTVSPost2010PropOp32
 70
     1
102
RTVSPost2010Prop33
280
     0
102
RTVSPost2010PropOp33
 70
     1
102
RTVSPost2010Prop34
280
     0
102
RTVSPost2010PropOp34
 70
     1
102
RTVSPost2010Prop35
280
     0
102
RTVSPost2010PropOp35
 70
     1
102
RTVSPost2010Prop36
280
     0
102
RTVSPost2010PropOp36
 70
     1
102
RTVSPost2010Prop37
 90
       50
102
RTVSPost2010PropOp37
 70
     1
102
RTVSPost2010Prop38
140
0.0
102
RTVSPost2010PropOp38
 70
     1
102
RTVSPost2010Prop39
140
1.0
102
RTVSPost2010PropOp39
 70
     1
102
RTVSPost2010Prop40
 90
        0
102
RTVSPost2010PropOp40
 70
     1
102
RTVSPost2010Prop41ColorIndex
 90
       18
102
RTVSPost2010Prop41ColorRGB
 90
        0
102
RTVSPost2010PropOp41
 70
     1
102
RTVSPost2010Prop42
 90
       50
102
RTVSPost2010PropOp42
 70
     1
102
RTVSPost2010Prop43
 90
        3
102
RTVSPost2010PropOp43
 70
     1
102
RTVSPost2010Prop44ColorIndex
 90
        5
102
RTVSPost2010Prop44ColorRGB
 90
      255
102
RTVSPost2010PropOp44
 70
     1
102
RTVSPost2010Prop45
280
     0
102
RTVSPost2010PropOp45
 70
     1
102
RTVSPost2010Prop46
 90
       50
102
RTVSPost2010PropOp46
 70
     1
102
RTVSPost2010Prop47
 90
       50
102
RTVSPost2010PropOp47
 70
     1
102
RTVSPost2010Prop48
 90
       50
102
RTVSPost2010PropOp48
 70
     1
102
RTVSPost2010Prop49
280
     0
102
RTVSPost2010PropOp49
 70
     1
102
RTVSPost2010Prop50
 90
       50
102
RTVSPost2010PropOp50
 70
     1
102
RTVSPost2010Prop51ColorIndex
 90
      256
102
RTVSPost2010Prop51ColorRGB
 90
-16777216
102
RTVSPost2010PropOp51
 70
     0
102
RTVSPost2010Prop52
140
1.0
102
RTVSPost2010PropOp52
 70
     0
102
RTVSPost2010Prop53
 90
        2
102
RTVSPost2010PropOp53
 70
     1
102
RTVSPost2010Prop54
  1
strokes_ogs.tif
102
RTVSPost2010PropOp54
 70
     1
102
RTVSPost2010Prop55
280
     0
102
RTVSPost2010PropOp55
 70
     1
102
RTVSPost2010Prop56
140
1.0
102
RTVSPost2010PropOp56
 70
     1
102
RTVSPost2010Prop57
140
1.0
102
RTVSPost2010PropOp57
 70
     1
  0
XRECORD
  5
8D1
102
{ACAD_REACTORS
330
8D0
102
}
330
8D0
100
AcDbXrecord
280
     1
102
RTVSPropertyOp0
 70
     1
102
RTVSPropertyOp1
 70
     1
102
RTVSPropertyOp2
 70
     1
102
RTVSPropertyOp3
 70
     1
102
RTVSPropertyOp4
 70
     1
102
RTVSPropertyOp5
 70
     1
102
RTVSPropertyOp6
 70
     1
102
RTVSPropertyOp7
 70
     1
102
RTVSPropertyOp8
 70
     1
102
RTVSPropertyOp9
 70
     1
102
RTVSPropertyOp10
 70
     1
102
RTVSPropertyOp11
 70
     1
102
RTVSPropertyOp12
 70
     1
102
RTVSPropertyOp13
 70
     1
102
RTVSPropertyOp14
 70
     1
102
RTVSPropertyOp15
 70
     1
102
RTVSPropertyOp16
 70
     1
102
RTVSPropertyOp17
 70
     1
102
RTVSPropertyOp18
 70
     1
102
RTVSPropertyOp19
 70
     1
102
RTVSPropertyOp20
 70
     1
102
RTVSPropertyOp21
 70
     1
102
RTVSPropertyOp22
 70
     1
102
RTVSPropertyOp23
 70
     1
102
RTVSPropertyOp24
 70
     1
102
RTVSPropertyOp25
 70
     1
102
RTVSPropertyOp26
 70
     1
102
RTVSPropertyOp27
 70
     1
102
RTVSPropertyOp28
 70
     1
102
RTVSPropertyOp29
 70
     1
102
RTVSPropertyOp30
 70
     1
102
RTVSPropertyOp31
 70
     1
102
RTVSPropertyOp32
 70
     1
102
RTVSPropertyOp33
 70
     1
102
RTVSPropertyOp34
 70
     1
102
RTVSPropertyOp35
 70
     1
102
RTVSPropertyOp36
 70
     1
102
RTVSPropertyOp37
 70
     1
102
RTVSPropertyOp38
 70
     1
102
RTVSPropertyOp39
 70
     1
102
RTVSPropertyOp40
 70
     1
102
RTVSPropertyOp41
 70
     1
102
RTVSPropertyOp42
 70
     1
102
RTVSPropertyOp43
 70
     1
102
RTVSPropertyOp44
 70
     1
102
RTVSPropertyOp45
 70
     1
102
RTVSPropertyOp46
 70
     1
102
RTVSPropertyOp47
 70
     1
102
RTVSPropertyOp48
 70
     1
102
RTVSPropertyOp49
 70
     1
102
RTVSPropertyOp50
 70
     1
102
RTVSPropertyOp51
 70
     0
102
RTVSPropertyOp52
 70
     0
102
RTVSPropertyOp53
 70
     1
102
RTVSPropertyOp54
 70
     1
102
RTVSPropertyOp55
 70
     1
102
RTVSPropertyOp56
 70
     1
102
RTVSPropertyOp57
 70
     1
102
RTVSPost2010Prop28
280
     0
102
RTVSPost2010PropOp28
 70
     1
102
RTVSPost2010Prop29
280
     1
102
RTVSPost2010PropOp29
 70
     1
102
RTVSPost2010Prop30
280
     1
102
RTVSPost2010PropOp30
 70
     1
102
RTVSPost2010Prop31
280
     0
102
RTVSPost2010PropOp31
 70
     1
102
RTVSPost2010Prop32
280
     0
102
RTVSPost2010PropOp32
 70
     1
102
RTVSPost2010Prop33
280
     0
102
RTVSPost2010PropOp33
 70
     1
102
RTVSPost2010Prop34
280
     0
102
RTVSPost2010PropOp34
 70
     1
102
RTVSPost2010Prop35
280
     0
102
RTVSPost2010PropOp35
 70
     1
102
RTVSPost2010Prop36
280
     0
102
RTVSPost2010PropOp36
 70
     1
102
RTVSPost2010Prop37
 90
       50
102
RTVSPost2010PropOp37
 70
     1
102
RTVSPost2010Prop38
140
0.0
102
RTVSPost2010PropOp38
 70
     1
102
RTVSPost2010Prop39
140
1.0
102
RTVSPost2010PropOp39
 70
     1
102
RTVSPost2010Prop40
 90
        0
102
RTVSPost2010PropOp40
 70
     1
102
RTVSPost2010Prop41ColorIndex
 90
       18
102
RTVSPost2010Prop41ColorRGB
 90
        0
102
RTVSPost2010PropOp41
 70
     1
102
RTVSPost2010Prop42
 90
       50
102
RTVSPost2010PropOp42
 70
     1
102
RTVSPost2010Prop43
 90
        3
102
RTVSPost2010PropOp43
 70
     1
102
RTVSPost2010Prop44ColorIndex
 90
        5
102
RTVSPost2010Prop44ColorRGB
 90
      255
102
RTVSPost2010PropOp44
 70
     1
102
RTVSPost2010Prop45
280
     0
102
RTVSPost2010PropOp45
 70
     1
102
RTVSPost2010Prop46
 90
       50
102
RTVSPost2010PropOp46
 70
     1
102
RTVSPost2010Prop47
 90
       50
102
RTVSPost2010PropOp47
 70
     1
102
RTVSPost2010Prop48
 90
       50
102
RTVSPost2010PropOp48
 70
     1
102
RTVSPost2010Prop49
280
     0
102
RTVSPost2010PropOp49
 70
     1
102
RTVSPost2010Prop50
 90
       50
102
RTVSPost2010PropOp50
 70
     1
102
RTVSPost2010Prop51ColorIndex
 90
      256
102
RTVSPost2010Prop51ColorRGB
 90
-16777216
102
RTVSPost2010PropOp51
 70
     0
102
RTVSPost2010Prop52
140
1.0
102
RTVSPost2010PropOp52
 70
     0
102
RTVSPost2010Prop53
 90
        2
102
RTVSPost2010PropOp53
 70
     1
102
RTVSPost2010Prop54
  1
strokes_ogs.tif
102
RTVSPost2010PropOp54
 70
     1
102
RTVSPost2010Prop55
280
     0
102
RTVSPost2010PropOp55
 70
     1
102
RTVSPost2010Prop56
140
1.0
102
RTVSPost2010PropOp56
 70
     1
102
RTVSPost2010Prop57
140
1.0
102
RTVSPost2010PropOp57
 70
     1
  0
XRECORD
  5
8C3
102
{ACAD_REACTORS
330
8C2
102
}
330
8C2
100
AcDbXrecord
280
     1
102
RTVSPropertyOp0
 70
     1
102
RTVSPropertyOp1
 70
     1
102
RTVSPropertyOp2
 70
     1
102
RTVSPropertyOp3
 70
     1
102
RTVSPropertyOp4
 70
     1
102
RTVSPropertyOp5
 70
     1
102
RTVSPropertyOp6
 70
     1
102
RTVSPropertyOp7
 70
     1
102
RTVSPropertyOp8
 70
     1
102
RTVSPropertyOp9
 70
     1
102
RTVSPropertyOp10
 70
     1
102
RTVSPropertyOp11
 70
     1
102
RTVSPropertyOp12
 70
     1
102
RTVSPropertyOp13
 70
     1
102
RTVSPropertyOp14
 70
     1
102
RTVSPropertyOp15
 70
     1
102
RTVSPropertyOp16
 70
     1
102
RTVSPropertyOp17
 70
     1
102
RTVSPropertyOp18
 70
     1
102
RTVSPropertyOp19
 70
     1
102
RTVSPropertyOp20
 70
     1
102
RTVSPropertyOp21
 70
     1
102
RTVSPropertyOp22
 70
     1
102
RTVSPropertyOp23
 70
     1
102
RTVSPropertyOp24
 70
     1
102
RTVSPropertyOp25
 70
     1
102
RTVSPropertyOp26
 70
     1
102
RTVSPropertyOp27
 70
     1
102
RTVSPropertyOp28
 70
     1
102
RTVSPropertyOp29
 70
     1
102
RTVSPropertyOp30
 70
     1
102
RTVSPropertyOp31
 70
     1
102
RTVSPropertyOp32
 70
     1
102
RTVSPropertyOp33
 70
     1
102
RTVSPropertyOp34
 70
     1
102
RTVSPropertyOp35
 70
     1
102
RTVSPropertyOp36
 70
     1
102
RTVSPropertyOp37
 70
     1
102
RTVSPropertyOp38
 70
     1
102
RTVSPropertyOp39
 70
     1
102
RTVSPropertyOp40
 70
     1
102
RTVSPropertyOp41
 70
     1
102
RTVSPropertyOp42
 70
     1
102
RTVSPropertyOp43
 70
     1
102
RTVSPropertyOp44
 70
     1
102
RTVSPropertyOp45
 70
     1
102
RTVSPropertyOp46
 70
     1
102
RTVSPropertyOp47
 70
     1
102
RTVSPropertyOp48
 70
     1
102
RTVSPropertyOp49
 70
     1
102
RTVSPropertyOp50
 70
     1
102
RTVSPropertyOp51
 70
     0
102
RTVSPropertyOp52
 70
     0
102
RTVSPropertyOp53
 70
     1
102
RTVSPropertyOp54
 70
     1
102
RTVSPropertyOp55
 70
     1
102
RTVSPropertyOp56
 70
     1
102
RTVSPropertyOp57
 70
     1
102
RTVSPost2010Prop28
280
     0
102
RTVSPost2010PropOp28
 70
     1
102
RTVSPost2010Prop29
280
     1
102
RTVSPost2010PropOp29
 70
     1
102
RTVSPost2010Prop30
280
     1
102
RTVSPost2010PropOp30
 70
     1
102
RTVSPost2010Prop31
280
     0
102
RTVSPost2010PropOp31
 70
     1
102
RTVSPost2010Prop32
280
     0
102
RTVSPost2010PropOp32
 70
     1
102
RTVSPost2010Prop33
280
     0
102
RTVSPost2010PropOp33
 70
     1
102
RTVSPost2010Prop34
280
     0
102
RTVSPost2010PropOp34
 70
     1
102
RTVSPost2010Prop35
280
     0
102
RTVSPost2010PropOp35
 70
     1
102
RTVSPost2010Prop36
280
     0
102
RTVSPost2010PropOp36
 70
     1
102
RTVSPost2010Prop37
 90
       50
102
RTVSPost2010PropOp37
 70
     1
102
RTVSPost2010Prop38
140
0.0
102
RTVSPost2010PropOp38
 70
     1
102
RTVSPost2010Prop39
140
1.0
102
RTVSPost2010PropOp39
 70
     1
102
RTVSPost2010Prop40
 90
        0
102
RTVSPost2010PropOp40
 70
     1
102
RTVSPost2010Prop41ColorIndex
 90
       18
102
RTVSPost2010Prop41ColorRGB
 90
        0
102
RTVSPost2010PropOp41
 70
     1
102
RTVSPost2010Prop42
 90
       50
102
RTVSPost2010PropOp42
 70
     1
102
RTVSPost2010Prop43
 90
        3
102
RTVSPost2010PropOp43
 70
     1
102
RTVSPost2010Prop44ColorIndex
 90
        5
102
RTVSPost2010Prop44ColorRGB
 90
      255
102
RTVSPost2010PropOp44
 70
     1
102
RTVSPost2010Prop45
280
     0
102
RTVSPost2010PropOp45
 70
     1
102
RTVSPost2010Prop46
 90
       50
102
RTVSPost2010PropOp46
 70
     1
102
RTVSPost2010Prop47
 90
       50
102
RTVSPost2010PropOp47
 70
     1
102
RTVSPost2010Prop48
 90
       50
102
RTVSPost2010PropOp48
 70
     1
102
RTVSPost2010Prop49
280
     0
102
RTVSPost2010PropOp49
 70
     1
102
RTVSPost2010Prop50
 90
       50
102
RTVSPost2010PropOp50
 70
     1
102
RTVSPost2010Prop51ColorIndex
 90
      256
102
RTVSPost2010Prop51ColorRGB
 90
-16777216
102
RTVSPost2010PropOp51
 70
     0
102
RTVSPost2010Prop52
140
1.0
102
RTVSPost2010PropOp52
 70
     0
102
RTVSPost2010Prop53
 90
        2
102
RTVSPost2010PropOp53
 70
     1
102
RTVSPost2010Prop54
  1
strokes_ogs.tif
102
RTVSPost2010PropOp54
 70
     1
102
RTVSPost2010Prop55
280
     0
102
RTVSPost2010PropOp55
 70
     1
102
RTVSPost2010Prop56
140
1.0
102
RTVSPost2010PropOp56
 70
     1
102
RTVSPost2010Prop57
140
1.0
102
RTVSPost2010PropOp57
 70
     1
  0
XRECORD
  5
8E3
102
{ACAD_REACTORS
330
8E2
102
}
330
8E2
100
AcDbXrecord
280
     1
102
RTVSPropertyOp0
 70
     1
102
RTVSPropertyOp1
 70
     1
102
RTVSPropertyOp2
 70
     1
102
RTVSPropertyOp3
 70
     1
102
RTVSPropertyOp4
 70
     1
102
RTVSPropertyOp5
 70
     1
102
RTVSPropertyOp6
 70
     1
102
RTVSPropertyOp7
 70
     1
102
RTVSPropertyOp8
 70
     1
102
RTVSPropertyOp9
 70
     1
102
RTVSPropertyOp10
 70
     1
102
RTVSPropertyOp11
 70
     1
102
RTVSPropertyOp12
 70
     1
102
RTVSPropertyOp13
 70
     1
102
RTVSPropertyOp14
 70
     1
102
RTVSPropertyOp15
 70
     1
102
RTVSPropertyOp16
 70
     1
102
RTVSPropertyOp17
 70
     1
102
RTVSPropertyOp18
 70
     1
102
RTVSPropertyOp19
 70
     1
102
RTVSPropertyOp20
 70
     1
102
RTVSPropertyOp21
 70
     1
102
RTVSPropertyOp22
 70
     1
102
RTVSPropertyOp23
 70
     1
102
RTVSPropertyOp24
 70
     1
102
RTVSPropertyOp25
 70
     1
102
RTVSPropertyOp26
 70
     1
102
RTVSPropertyOp27
 70
     1
102
RTVSPropertyOp28
 70
     1
102
RTVSPropertyOp29
 70
     1
102
RTVSPropertyOp30
 70
     1
102
RTVSPropertyOp31
 70
     1
102
RTVSPropertyOp32
 70
     1
102
RTVSPropertyOp33
 70
     1
102
RTVSPropertyOp34
 70
     1
102
RTVSPropertyOp35
 70
     1
102
RTVSPropertyOp36
 70
     1
102
RTVSPropertyOp37
 70
     1
102
RTVSPropertyOp38
 70
     1
102
RTVSPropertyOp39
 70
     1
102
RTVSPropertyOp40
 70
     1
102
RTVSPropertyOp41
 70
     1
102
RTVSPropertyOp42
 70
     1
102
RTVSPropertyOp43
 70
     1
102
RTVSPropertyOp44
 70
     1
102
RTVSPropertyOp45
 70
     1
102
RTVSPropertyOp46
 70
     1
102
RTVSPropertyOp47
 70
     1
102
RTVSPropertyOp48
 70
     1
102
RTVSPropertyOp49
 70
     1
102
RTVSPropertyOp50
 70
     1
102
RTVSPropertyOp51
 70
     0
102
RTVSPropertyOp52
 70
     0
102
RTVSPropertyOp53
 70
     1
102
RTVSPropertyOp54
 70
     1
102
RTVSPropertyOp55
 70
     1
102
RTVSPropertyOp56
 70
     1
102
RTVSPropertyOp57
 70
     1
102
RTVSPost2010Prop28
280
     0
102
RTVSPost2010PropOp28
 70
     1
102
RTVSPost2010Prop29
280
     1
102
RTVSPost2010PropOp29
 70
     1
102
RTVSPost2010Prop30
280
     1
102
RTVSPost2010PropOp30
 70
     1
102
RTVSPost2010Prop31
280
     0
102
RTVSPost2010PropOp31
 70
     1
102
RTVSPost2010Prop32
280
     0
102
RTVSPost2010PropOp32
 70
     1
102
RTVSPost2010Prop33
280
     0
102
RTVSPost2010PropOp33
 70
     1
102
RTVSPost2010Prop34
280
     0
102
RTVSPost2010PropOp34
 70
     1
102
RTVSPost2010Prop35
280
     0
102
RTVSPost2010PropOp35
 70
     1
102
RTVSPost2010Prop36
280
     0
102
RTVSPost2010PropOp36
 70
     1
102
RTVSPost2010Prop37
 90
       50
102
RTVSPost2010PropOp37
 70
     1
102
RTVSPost2010Prop38
140
0.0
102
RTVSPost2010PropOp38
 70
     1
102
RTVSPost2010Prop39
140
1.0
102
RTVSPost2010PropOp39
 70
     1
102
RTVSPost2010Prop40
 90
        0
102
RTVSPost2010PropOp40
 70
     1
102
RTVSPost2010Prop41ColorIndex
 90
       18
102
RTVSPost2010Prop41ColorRGB
 90
        0
102
RTVSPost2010PropOp41
 70
     1
102
RTVSPost2010Prop42
 90
       50
102
RTVSPost2010PropOp42
 70
     1
102
RTVSPost2010Prop43
 90
        3
102
RTVSPost2010PropOp43
 70
     1
102
RTVSPost2010Prop44ColorIndex
 90
        5
102
RTVSPost2010Prop44ColorRGB
 90
      255
102
RTVSPost2010PropOp44
 70
     1
102
RTVSPost2010Prop45
280
     0
102
RTVSPost2010PropOp45
 70
     1
102
RTVSPost2010Prop46
 90
       50
102
RTVSPost2010PropOp46
 70
     1
102
RTVSPost2010Prop47
 90
       50
102
RTVSPost2010PropOp47
 70
     1
102
RTVSPost2010Prop48
 90
       50
102
RTVSPost2010PropOp48
 70
     1
102
RTVSPost2010Prop49
280
     0
102
RTVSPost2010PropOp49
 70
     1
102
RTVSPost2010Prop50
 90
       50
102
RTVSPost2010PropOp50
 70
     1
102
RTVSPost2010Prop51ColorIndex
 90
      256
102
RTVSPost2010Prop51ColorRGB
 90
-16777216
102
RTVSPost2010PropOp51
 70
     0
102
RTVSPost2010Prop52
140
1.0
102
RTVSPost2010PropOp52
 70
     0
102
RTVSPost2010Prop53
 90
        2
102
RTVSPost2010PropOp53
 70
     1
102
RTVSPost2010Prop54
  1
strokes_ogs.tif
102
RTVSPost2010PropOp54
 70
     1
102
RTVSPost2010Prop55
280
     0
102
RTVSPost2010PropOp55
 70
     1
102
RTVSPost2010Prop56
140
1.0
102
RTVSPost2010PropOp56
 70
     1
102
RTVSPost2010Prop57
140
1.0
102
RTVSPost2010PropOp57
 70
     1
  0
ENDSEC
  0
EOF
