  0
SECTION
  2
HEADER
  9
$ACADVER
  1
AC1009
  9
$FILLMODE
 70
0
  9
$EXTMIN
 10
-0.4572
 20
-0.3302
 30
0.0000
  9
$EXTMAX
 10
129.8450
 20
55.3720
 30
0.0000
  0
ENDSEC
  0
SECTION
  2
TABLES
  0
TABLE
  2
LTYPE
 70
1
  0
LTYPE
  2
CONTINUOUS
 70
64
  3
Solid line
 72
65
 73
0
 40
0
  0
ENDTAB
  0
TABLE
  2
LAYER
 70
255
  0
LAYER
  2
16
 70
64
 62
174
  6
CONTINUOUS
  0
LAYER
  2
17
 70
64
 62
94
  6
CONTINUOUS
  0
LAYER
  2
18
 70
64
 62
94
  6
CONTINUOUS
  0
LAYER
  2
20
 70
64
 62
178
  6
CONTINUOUS
  0
ENDTAB
  0
ENDSEC
  0
SECTION
  2
BLOCKS
  0
BLOCK
  8
0
  2
RECT
 70
64
 10
0.0000
 20
0.0000
 30
0.0000
  3
RECT
  0
SOLID
  8
0
 10
-0.5000
 20
-0.5000
 30
0.0000
 11
0.5000
 21
-0.5000
 31
0.0000
 12
-0.5000
 22
0.5000
 32
0.0000
 13
0.5000
 23
0.5000
 33
0.0000
  0
ENDBLK
  8
0
  0
BLOCK
  8
0
  2
PIE
 70
64
 10
0.0000
 20
0.0000
 30
0.0000
  3
PIE
  0
CIRCLE
  8
0
 10
0.0000
 20
0.0000
 30
0.0000
 40
0.5000
  0
ENDBLK
  8
0
  0
BLOCK
  8
0
  2
OCTAGONP
 70
64
 10
0.0000
 20
0.0000
 30
0.0000
  3
OCTAGONP
  0
POLYLINE
  8
0
 66
1
 10
0.0000
 20
0.0000
 30
0.0000
 40
0.0000
 41
0.0000
 70
1
  0
VERTEX
  8
0
 10
-0.5000
 20
-0.2071
 30
0.0000
  0
VERTEX
  8
0
 10
-0.5000
 20
0.2071
 30
0.0000
  0
VERTEX
  8
0
 10
-0.2071
 20
0.5000
 30
0.0000
  0
VERTEX
  8
0
 10
0.2071
 20
0.5000
 30
0.0000
  0
VERTEX
  8
0
 10
0.5000
 20
0.2071
 30
0.0000
  0
VERTEX
  8
0
 10
0.5000
 20
-0.2071
 30
0.0000
  0
VERTEX
  8
0
 10
0.2071
 20
-0.5000
 30
0.0000
  0
VERTEX
  8
0
 10
-0.2071
 20
-0.5000
 30
0.0000
  0
SEQEND
  8
0
  0
ENDBLK
  8
0
  0
BLOCK
  8
0
  2
SQUAREP
 70
64
 10
0.0000
 20
0.0000
 30
0.0000
  3
SQUAREP
  0
SOLID
  8
0
 10
-0.5000
 20
-0.5000
 30
0.0000
 11
0.5000
 21
-0.5000
 31
0.0000
 12
-0.5000
 22
0.5000
 32
0.0000
 13
0.5000
 23
0.5000
 33
0.0000
  0
ENDBLK
  8
0
  0
BLOCK
  8
0
  2
ROUNDP
 70
64
 10
0.0000
 20
0.0000
 30
0.0000
  3
ROUNDP
  0
CIRCLE
  8
0
 10
0.0000
 20
0.0000
 30
0.0000
 40
0.5000
  0
ENDBLK
  8
0
  0
BLOCK
  8
0
  2
ANNULUSP
 70
64
 10
0.0000
 20
0.0000
 30
0.0000
  3
ANNULUSP
  0
CIRCLE
  8
0
 10
0.0000
 20
0.0000
 30
0.0000
 40
0.5000
  0
ENDBLK
  8
0
  0
BLOCK
  8
0
  2
THERMALP
 70
64
 10
0.0000
 20
0.0000
 30
0.0000
  3
THERMALP
  0
POLYLINE
  8
0
 66
1
 10
0.0000
 20
0.0000
 30
0.0000
 40
0.0000
 41
0.0000
 70
1
  0
VERTEX
  8
0
 10
-0.2379
 20
0.4000
 30
0.0000
  0
VERTEX
  8
0
 10
0.2379
 20
0.4000
 30
0.0000
 42
1.0000
  0
VERTEX
  8
0
 10
0.2379
 20
0.5000
 30
0.0000
  0
VERTEX
  8
0
 10
-0.2379
 20
0.5000
 30
0.0000
 42
1.0000
  0
SEQEND
  8
0
  0
POLYLINE
  8
0
 66
1
 10
0.0000
 20
0.0000
 30
0.0000
 40
0.0000
 41
0.0000
 70
1
  0
VERTEX
  8
0
 10
0.4000
 20
0.2379
 30
0.0000
  0
VERTEX
  8
0
 10
0.4000
 20
-0.2379
 30
0.0000
 42
1.0000
  0
VERTEX
  8
0
 10
0.5000
 20
-0.2379
 30
0.0000
  0
VERTEX
  8
0
 10
0.5000
 20
0.2379
 30
0.0000
 42
1.0000
  0
SEQEND
  8
0
  0
POLYLINE
  8
0
 66
1
 10
0.0000
 20
0.0000
 30
0.0000
 40
0.0000
 41
0.0000
 70
1
  0
VERTEX
  8
0
 10
0.2379
 20
-0.4000
 30
0.0000
  0
VERTEX
  8
0
 10
-0.2379
 20
-0.4000
 30
0.0000
 42
1.0000
  0
VERTEX
  8
0
 10
-0.2379
 20
-0.5000
 30
0.0000
  0
VERTEX
  8
0
 10
0.2379
 20
-0.5000
 30
0.0000
 42
1.0000
  0
SEQEND
  8
0
  0
POLYLINE
  8
0
 66
1
 10
0.0000
 20
0.0000
 30
0.0000
 40
0.0000
 41
0.0000
 70
1
  0
VERTEX
  8
0
 10
-0.4000
 20
-0.2379
 30
0.0000
  0
VERTEX
  8
0
 10
-0.4000
 20
0.2379
 30
0.0000
 42
1.0000
  0
VERTEX
  8
0
 10
-0.5000
 20
0.2379
 30
0.0000
  0
VERTEX
  8
0
 10
-0.5000
 20
-0.2379
 30
0.0000
 42
1.0000
  0
SEQEND
  8
0
  0
ENDBLK
  8
0
  0
BLOCK
  8
0
  2
OCTAGONV
 70
64
 10
0.0000
 20
0.0000
 30
0.0000
  3
OCTAGONV
  0
POLYLINE
  8
0
 66
1
 10
0.0000
 20
0.0000
 30
0.0000
 40
0.0000
 41
0.0000
 70
1
  0
VERTEX
  8
0
 10
-0.5000
 20
-0.2071
 30
0.0000
  0
VERTEX
  8
0
 10
-0.5000
 20
0.2071
 30
0.0000
  0
VERTEX
  8
0
 10
-0.2071
 20
0.5000
 30
0.0000
  0
VERTEX
  8
0
 10
0.2071
 20
0.5000
 30
0.0000
  0
VERTEX
  8
0
 10
0.5000
 20
0.2071
 30
0.0000
  0
VERTEX
  8
0
 10
0.5000
 20
-0.2071
 30
0.0000
  0
VERTEX
  8
0
 10
0.2071
 20
-0.5000
 30
0.0000
  0
VERTEX
  8
0
 10
-0.2071
 20
-0.5000
 30
0.0000
  0
SEQEND
  8
0
  0
ENDBLK
  8
0
  0
BLOCK
  8
0
  2
SQUAREV
 70
64
 10
0.0000
 20
0.0000
 30
0.0000
  3
SQUAREV
  0
SOLID
  8
0
 10
-0.5000
 20
-0.5000
 30
0.0000
 11
0.5000
 21
-0.5000
 31
0.0000
 12
-0.5000
 22
0.5000
 32
0.0000
 13
0.5000
 23
0.5000
 33
0.0000
  0
ENDBLK
  8
0
  0
BLOCK
  8
0
  2
ROUNDV
 70
64
 10
0.0000
 20
0.0000
 30
0.0000
  3
ROUNDV
  0
CIRCLE
  8
0
 10
0.0000
 20
0.0000
 30
0.0000
 40
0.5000
  0
ENDBLK
  8
0
  0
BLOCK
  8
0
  2
ANNULUSV
 70
64
 10
0.0000
 20
0.0000
 30
0.0000
  3
ANNULUSV
  0
CIRCLE
  8
0
 10
0.0000
 20
0.0000
 30
0.0000
 40
0.5000
  0
ENDBLK
  8
0
  0
BLOCK
  8
0
  2
THERMALV
 70
64
 10
0.0000
 20
0.0000
 30
0.0000
  3
THERMALV
  0
POLYLINE
  8
0
 66
1
 10
0.0000
 20
0.0000
 30
0.0000
 40
0.0000
 41
0.0000
 70
1
  0
VERTEX
  8
0
 10
-0.2379
 20
0.4000
 30
0.0000
  0
VERTEX
  8
0
 10
0.2379
 20
0.4000
 30
0.0000
 42
1.0000
  0
VERTEX
  8
0
 10
0.2379
 20
0.5000
 30
0.0000
  0
VERTEX
  8
0
 10
-0.2379
 20
0.5000
 30
0.0000
 42
1.0000
  0
SEQEND
  8
0
  0
POLYLINE
  8
0
 66
1
 10
0.0000
 20
0.0000
 30
0.0000
 40
0.0000
 41
0.0000
 70
1
  0
VERTEX
  8
0
 10
0.4000
 20
0.2379
 30
0.0000
  0
VERTEX
  8
0
 10
0.4000
 20
-0.2379
 30
0.0000
 42
1.0000
  0
VERTEX
  8
0
 10
0.5000
 20
-0.2379
 30
0.0000
  0
VERTEX
  8
0
 10
0.5000
 20
0.2379
 30
0.0000
 42
1.0000
  0
SEQEND
  8
0
  0
POLYLINE
  8
0
 66
1
 10
0.0000
 20
0.0000
 30
0.0000
 40
0.0000
 41
0.0000
 70
1
  0
VERTEX
  8
0
 10
0.2379
 20
-0.4000
 30
0.0000
  0
VERTEX
  8
0
 10
-0.2379
 20
-0.4000
 30
0.0000
 42
1.0000
  0
VERTEX
  8
0
 10
-0.2379
 20
-0.5000
 30
0.0000
  0
VERTEX
  8
0
 10
0.2379
 20
-0.5000
 30
0.0000
 42
1.0000
  0
SEQEND
  8
0
  0
POLYLINE
  8
0
 66
1
 10
0.0000
 20
0.0000
 30
0.0000
 40
0.0000
 41
0.0000
 70
1
  0
VERTEX
  8
0
 10
-0.4000
 20
-0.2379
 30
0.0000
  0
VERTEX
  8
0
 10
-0.4000
 20
0.2379
 30
0.0000
 42
1.0000
  0
VERTEX
  8
0
 10
-0.5000
 20
0.2379
 30
0.0000
  0
VERTEX
  8
0
 10
-0.5000
 20
-0.2379
 30
0.0000
 42
1.0000
  0
SEQEND
  8
0
  0
ENDBLK
  8
0
  0
BLOCK
  8
0
  2
LONGP100
 70
64
 10
0.0000
 20
0.0000
 30
0.0000
  3
LONGP100
  0
POLYLINE
  8
0
 66
1
 10
0.0000
 20
0.0000
 30
0.0000
 40
0.0000
 41
0.0000
 70
1
  0
VERTEX
  8
0
 10
-0.5000
 20
-0.5000
 30
0.0000
  0
VERTEX
  8
0
 10
0.5000
 20
-0.5000
 30
0.0000
 42
1.0000
  0
VERTEX
  8
0
 10
0.5000
 20
0.5000
 30
0.0000
  0
VERTEX
  8
0
 10
-0.5000
 20
0.5000
 30
0.0000
 42
1.0000
  0
SEQEND
  8
0
  0
ENDBLK
  8
0
  0
BLOCK
  8
0
  2
RECT240000X240000R100
 70
64
 10
0.0000
 20
0.0000
 30
0.0000
  3
RECT240000X240000R100
  0
POLYLINE
  8
0
 66
1
 10
0.0000
 20
0.0000
 30
0.0000
 40
0.0000
 41
0.0000
 70
1
  0
VERTEX
  8
0
 10
0.7500
 20
0.0000
 30
0.0000
  0
VERTEX
  8
0
 10
0.7500
 20
0.0000
 30
0.0000
 42
0.4142
  0
VERTEX
  8
0
 10
0.0000
 20
0.7500
 30
0.0000
  0
VERTEX
  8
0
 10
0.0000
 20
0.7500
 30
0.0000
 42
0.4142
  0
VERTEX
  8
0
 10
-0.7500
 20
0.0000
 30
0.0000
  0
VERTEX
  8
0
 10
-0.7500
 20
0.0000
 30
0.0000
 42
0.4142
  0
VERTEX
  8
0
 10
0.0000
 20
-0.7500
 30
0.0000
  0
VERTEX
  8
0
 10
0.0000
 20
-0.7500
 30
0.0000
 42
0.4142
  0
SEQEND
  8
0
  0
ENDBLK
  8
0
  0
ENDSEC
  0
SECTION
  2
ENTITIES
  0
LINE
  8
20
 10
0.0000
 20
0.0000
 30
0.0000
 11
96.0000
 21
0.0000
 31
0.0000
  0
LINE
  8
20
 10
96.0000
 20
55.0000
 30
0.0000
 11
0.0000
 21
55.0000
 31
0.0000
  0
LINE
  8
20
 10
0.0000
 20
55.0000
 30
0.0000
 11
0.0000
 21
0.0000
 31
0.0000
  0
LINE
  8
20
 10
96.0000
 20
0.0000
 30
0.0000
 11
96.0000
 21
55.0000
 31
0.0000
  0
CIRCLE
  8
20
 10
28.6350
 20
27.5000
 30
0.0000
 40
2.9000
  0
CIRCLE
  8
20
 10
11.5000
 20
52.5000
 30
0.0000
 40
1.0922
  0
CIRCLE
  8
20
 10
62.5000
 20
52.5000
 30
0.0000
 40
1.0922
  0
CIRCLE
  8
20
 10
11.5000
 20
2.5000
 30
0.0000
 40
1.0922
  0
CIRCLE
  8
20
 10
62.5000
 20
2.5000
 30
0.0000
 40
1.0922
  0
CIRCLE
  8
20
 10
0.9525
 20
50.3555
 30
0.0000
 40
0.5080
  0
CIRCLE
  8
20
 10
2.2860
 20
50.6730
 30
0.0000
 40
0.5080
  0
CIRCLE
  8
20
 10
3.5560
 20
50.9270
 30
0.0000
 40
0.5080
  0
CIRCLE
  8
20
 10
4.5720
 20
51.6890
 30
0.0000
 40
0.5080
  0
CIRCLE
  8
20
 10
5.2070
 20
54.1020
 30
0.0000
 40
0.5080
  0
CIRCLE
  8
20
 10
95.1865
 20
5.2070
 30
0.0000
 40
0.5080
  0
CIRCLE
  8
20
 10
93.9165
 20
5.1435
 30
0.0000
 40
0.5080
  0
CIRCLE
  8
20
 10
92.7735
 20
4.8260
 30
0.0000
 40
0.5080
  0
CIRCLE
  8
20
 10
91.0590
 20
3.1115
 30
0.0000
 40
0.5080
  0
CIRCLE
  8
20
 10
90.7415
 20
1.9685
 30
0.0000
 40
0.5080
  0
CIRCLE
  8
20
 10
90.8685
 20
0.6985
 30
0.0000
 40
0.5080
  0
CIRCLE
  8
20
 10
90.3000
 20
52.5000
 30
0.0000
 40
1.0922
  0
CIRCLE
  8
20
 10
94.5000
 20
7.1000
 30
0.0000
 40
1.0922
  0
CIRCLE
  8
20
 10
91.5670
 20
4.2545
 30
0.0000
 40
0.5080
  0
CIRCLE
  8
20
 10
5.0800
 20
52.8320
 30
0.0000
 40
0.5080
  0
INSERT
  8
17
  2
LONGP100
 10
77.5600
 20
8.2500
 30
0.0000
 41
1.5240
 42
1.5240
 43
1.0000
 50
180.0000
  0
INSERT
  8
17
  2
LONGP100
 10
83.0600
 20
11.7500
 30
0.0000
 41
1.5240
 42
1.5240
 43
1.0000
 50
180.0000
  0
INSERT
  8
17
  2
LONGP100
 10
77.5600
 20
15.2500
 30
0.0000
 41
1.5240
 42
1.5240
 43
1.0000
 50
180.0000
  0
INSERT
  8
17
  2
LONGP100
 10
83.0600
 20
18.7500
 30
0.0000
 41
1.5240
 42
1.5240
 43
1.0000
 50
180.0000
  0
INSERT
  8
17
  2
LONGP100
 10
77.5600
 20
22.2500
 30
0.0000
 41
1.5240
 42
1.5240
 43
1.0000
 50
180.0000
  0
INSERT
  8
17
  2
LONGP100
 10
83.0600
 20
25.7500
 30
0.0000
 41
1.5240
 42
1.5240
 43
1.0000
 50
180.0000
  0
INSERT
  8
17
  2
LONGP100
 10
77.5600
 20
29.2500
 30
0.0000
 41
1.5240
 42
1.5240
 43
1.0000
 50
180.0000
  0
INSERT
  8
17
  2
LONGP100
 10
83.0600
 20
32.7500
 30
0.0000
 41
1.5240
 42
1.5240
 43
1.0000
 50
180.0000
  0
INSERT
  8
17
  2
LONGP100
 10
77.5600
 20
36.2500
 30
0.0000
 41
1.5240
 42
1.5240
 43
1.0000
 50
180.0000
  0
INSERT
  8
17
  2
LONGP100
 10
83.0600
 20
39.7500
 30
0.0000
 41
1.5240
 42
1.5240
 43
1.0000
 50
180.0000
  0
INSERT
  8
17
  2
LONGP100
 10
77.5600
 20
43.2500
 30
0.0000
 41
1.5240
 42
1.5240
 43
1.0000
 50
180.0000
  0
INSERT
  8
17
  2
LONGP100
 10
83.0600
 20
46.7500
 30
0.0000
 41
1.5240
 42
1.5240
 43
1.0000
 50
180.0000
  0
INSERT
  8
17
  2
LONGP100
 10
66.7650
 20
8.2500
 30
0.0000
 41
1.5240
 42
1.5240
 43
1.0000
 50
180.0000
  0
INSERT
  8
17
  2
LONGP100
 10
72.2650
 20
11.7500
 30
0.0000
 41
1.5240
 42
1.5240
 43
1.0000
 50
180.0000
  0
INSERT
  8
17
  2
LONGP100
 10
66.7650
 20
15.2500
 30
0.0000
 41
1.5240
 42
1.5240
 43
1.0000
 50
180.0000
  0
INSERT
  8
17
  2
LONGP100
 10
72.2650
 20
18.7500
 30
0.0000
 41
1.5240
 42
1.5240
 43
1.0000
 50
180.0000
  0
INSERT
  8
17
  2
LONGP100
 10
66.7650
 20
22.2500
 30
0.0000
 41
1.5240
 42
1.5240
 43
1.0000
 50
180.0000
  0
INSERT
  8
17
  2
LONGP100
 10
72.2650
 20
25.7500
 30
0.0000
 41
1.5240
 42
1.5240
 43
1.0000
 50
180.0000
  0
INSERT
  8
17
  2
LONGP100
 10
66.7650
 20
29.2500
 30
0.0000
 41
1.5240
 42
1.5240
 43
1.0000
 50
180.0000
  0
INSERT
  8
17
  2
LONGP100
 10
72.2650
 20
32.7500
 30
0.0000
 41
1.5240
 42
1.5240
 43
1.0000
 50
180.0000
  0
INSERT
  8
17
  2
LONGP100
 10
66.7650
 20
36.2500
 30
0.0000
 41
1.5240
 42
1.5240
 43
1.0000
 50
180.0000
  0
INSERT
  8
17
  2
LONGP100
 10
72.2650
 20
39.7500
 30
0.0000
 41
1.5240
 42
1.5240
 43
1.0000
 50
180.0000
  0
INSERT
  8
17
  2
LONGP100
 10
66.7650
 20
43.2500
 30
0.0000
 41
1.5240
 42
1.5240
 43
1.0000
 50
180.0000
  0
INSERT
  8
17
  2
LONGP100
 10
72.2650
 20
46.7500
 30
0.0000
 41
1.5240
 42
1.5240
 43
1.0000
 50
180.0000
  0
INSERT
  8
16
  2
RECT
 10
26.1650
 20
5.7150
 30
0.0000
 41
1.6000
 42
1.8000
 43
1.0000
 50
180.0000
  0
INSERT
  8
16
  2
RECT
 10
23.3650
 20
5.7150
 30
0.0000
 41
1.6000
 42
1.8000
 43
1.0000
 50
180.0000
  0
INSERT
  8
16
  2
RECT
 10
28.3845
 20
5.4450
 30
0.0000
 41
1.3000
 42
1.6000
 43
1.0000
 50
270.0000
  0
INSERT
  8
16
  2
RECT
 10
28.3845
 20
3.4450
 30
0.0000
 41
1.3000
 42
1.6000
 43
1.0000
 50
270.0000
  0
INSERT
  8
16
  2
RECT
 10
44.7675
 20
11.9775
 30
0.0000
 41
1.5000
 42
2.0000
 43
1.0000
 50
270.0000
  0
INSERT
  8
16
  2
RECT
 10
44.7675
 20
8.9775
 30
0.0000
 41
1.5000
 42
2.0000
 43
1.0000
 50
270.0000
  0
INSERT
  8
16
  2
RECT
 10
48.5775
 20
11.9775
 30
0.0000
 41
1.5000
 42
2.0000
 43
1.0000
 50
270.0000
  0
INSERT
  8
16
  2
RECT
 10
48.5775
 20
8.9775
 30
0.0000
 41
1.5000
 42
2.0000
 43
1.0000
 50
270.0000
  0
INSERT
  8
16
  2
RECT
 10
57.7850
 20
26.4400
 30
0.0000
 41
1.5000
 42
2.0000
 43
1.0000
 50
90.0000
  0
INSERT
  8
16
  2
RECT
 10
57.7850
 20
29.4400
 30
0.0000
 41
1.5000
 42
2.0000
 43
1.0000
 50
90.0000
  0
INSERT
  8
16
  2
RECT
 10
48.2600
 20
22.1220
 30
0.0000
 41
1.5000
 42
2.0000
 43
1.0000
 50
90.0000
  0
INSERT
  8
16
  2
RECT
 10
48.2600
 20
25.1220
 30
0.0000
 41
1.5000
 42
2.0000
 43
1.0000
 50
90.0000
  0
INSERT
  8
16
  2
RECT
 10
58.2750
 20
39.3700
 30
0.0000
 41
1.8000
 42
1.7000
 43
1.0000
 50
0.0000
  0
INSERT
  8
16
  2
RECT
 10
62.3750
 20
39.3700
 30
0.0000
 41
1.8000
 42
1.7000
 43
1.0000
 50
0.0000
  0
INSERT
  8
16
  2
RECT
 10
58.2750
 20
42.5450
 30
0.0000
 41
1.8000
 42
1.7000
 43
1.0000
 50
0.0000
  0
INSERT
  8
16
  2
RECT
 10
62.3750
 20
42.5450
 30
0.0000
 41
1.8000
 42
1.7000
 43
1.0000
 50
0.0000
  0
INSERT
  8
16
  2
RECT
 10
6.2050
 20
17.1450
 30
0.0000
 41
1.8000
 42
1.7000
 43
1.0000
 50
0.0000
  0
INSERT
  8
16
  2
RECT
 10
10.3050
 20
17.1450
 30
0.0000
 41
1.8000
 42
1.7000
 43
1.0000
 50
0.0000
  0
INSERT
  8
16
  2
RECT
 10
6.2050
 20
13.9700
 30
0.0000
 41
1.8000
 42
1.7000
 43
1.0000
 50
0.0000
  0
INSERT
  8
16
  2
RECT
 10
10.3050
 20
13.9700
 30
0.0000
 41
1.8000
 42
1.7000
 43
1.0000
 50
0.0000
  0
INSERT
  8
16
  2
RECT
 10
6.2050
 20
10.7950
 30
0.0000
 41
1.8000
 42
1.7000
 43
1.0000
 50
0.0000
  0
INSERT
  8
16
  2
RECT
 10
10.3050
 20
10.7950
 30
0.0000
 41
1.8000
 42
1.7000
 43
1.0000
 50
0.0000
  0
INSERT
  8
16
  2
RECT
 10
6.2050
 20
7.6200
 30
0.0000
 41
1.8000
 42
1.7000
 43
1.0000
 50
0.0000
  0
INSERT
  8
16
  2
RECT
 10
10.3050
 20
7.6200
 30
0.0000
 41
1.8000
 42
1.7000
 43
1.0000
 50
0.0000
  0
INSERT
  8
16
  2
RECT
 10
58.2750
 20
33.0200
 30
0.0000
 41
1.8000
 42
1.7000
 43
1.0000
 50
0.0000
  0
INSERT
  8
16
  2
RECT
 10
62.3750
 20
33.0200
 30
0.0000
 41
1.8000
 42
1.7000
 43
1.0000
 50
0.0000
  0
INSERT
  8
16
  2
RECT
 10
6.2050
 20
20.3200
 30
0.0000
 41
1.8000
 42
1.7000
 43
1.0000
 50
0.0000
  0
INSERT
  8
16
  2
RECT
 10
10.3050
 20
20.3200
 30
0.0000
 41
1.8000
 42
1.7000
 43
1.0000
 50
0.0000
  0
INSERT
  8
17
  2
OCTAGONP
 10
60.3250
 20
27.9400
 30
0.0000
 41
1.2192
 42
1.2192
 43
1.0000
 50
90.0000
  0
INSERT
  8
17
  2
OCTAGONP
 10
62.2300
 20
29.2100
 30
0.0000
 41
1.2192
 42
1.2192
 43
1.0000
 50
90.0000
  0
INSERT
  8
17
  2
OCTAGONP
 10
62.2300
 20
26.6700
 30
0.0000
 41
1.2192
 42
1.2192
 43
1.0000
 50
90.0000
  0
INSERT
  8
16
  2
RECT
 10
29.2100
 20
10.1000
 30
0.0000
 41
0.6000
 42
2.2000
 43
1.0000
 50
180.0000
  0
INSERT
  8
16
  2
RECT
 10
27.9400
 20
10.1000
 30
0.0000
 41
0.6000
 42
2.2000
 43
1.0000
 50
180.0000
  0
INSERT
  8
16
  2
RECT
 10
26.6700
 20
10.1000
 30
0.0000
 41
0.6000
 42
2.2000
 43
1.0000
 50
180.0000
  0
INSERT
  8
16
  2
RECT
 10
25.4000
 20
10.1000
 30
0.0000
 41
0.6000
 42
2.2000
 43
1.0000
 50
180.0000
  0
INSERT
  8
16
  2
RECT
 10
25.4000
 20
15.3000
 30
0.0000
 41
0.6000
 42
2.2000
 43
1.0000
 50
180.0000
  0
INSERT
  8
16
  2
RECT
 10
26.6700
 20
15.3000
 30
0.0000
 41
0.6000
 42
2.2000
 43
1.0000
 50
180.0000
  0
INSERT
  8
16
  2
RECT
 10
27.9400
 20
15.3000
 30
0.0000
 41
0.6000
 42
2.2000
 43
1.0000
 50
180.0000
  0
INSERT
  8
16
  2
RECT
 10
29.2100
 20
15.3000
 30
0.0000
 41
0.6000
 42
2.2000
 43
1.0000
 50
180.0000
  0
INSERT
  8
16
  2
RECT
 10
93.2434
 20
48.8950
 30
0.0000
 41
0.6604
 42
2.0320
 43
1.0000
 50
270.0000
  0
INSERT
  8
16
  2
RECT
 10
93.2434
 20
47.6250
 30
0.0000
 41
0.6604
 42
2.0320
 43
1.0000
 50
270.0000
  0
INSERT
  8
16
  2
RECT
 10
93.2434
 20
46.3550
 30
0.0000
 41
0.6604
 42
2.0320
 43
1.0000
 50
270.0000
  0
INSERT
  8
16
  2
RECT
 10
93.2434
 20
45.0850
 30
0.0000
 41
0.6604
 42
2.0320
 43
1.0000
 50
270.0000
  0
INSERT
  8
16
  2
RECT
 10
93.2434
 20
43.8150
 30
0.0000
 41
0.6604
 42
2.0320
 43
1.0000
 50
270.0000
  0
INSERT
  8
16
  2
RECT
 10
93.2434
 20
42.5450
 30
0.0000
 41
0.6604
 42
2.0320
 43
1.0000
 50
270.0000
  0
INSERT
  8
16
  2
RECT
 10
93.2434
 20
41.2750
 30
0.0000
 41
0.6604
 42
2.0320
 43
1.0000
 50
270.0000
  0
INSERT
  8
16
  2
RECT
 10
93.2434
 20
40.0050
 30
0.0000
 41
0.6604
 42
2.0320
 43
1.0000
 50
270.0000
  0
INSERT
  8
16
  2
RECT
 10
87.0966
 20
40.0050
 30
0.0000
 41
0.6604
 42
2.0320
 43
1.0000
 50
270.0000
  0
INSERT
  8
16
  2
RECT
 10
87.0966
 20
41.2750
 30
0.0000
 41
0.6604
 42
2.0320
 43
1.0000
 50
270.0000
  0
INSERT
  8
16
  2
RECT
 10
87.0966
 20
42.5450
 30
0.0000
 41
0.6604
 42
2.0320
 43
1.0000
 50
270.0000
  0
INSERT
  8
16
  2
RECT
 10
87.0966
 20
43.8150
 30
0.0000
 41
0.6604
 42
2.0320
 43
1.0000
 50
270.0000
  0
INSERT
  8
16
  2
RECT
 10
87.0966
 20
45.0850
 30
0.0000
 41
0.6604
 42
2.0320
 43
1.0000
 50
270.0000
  0
INSERT
  8
16
  2
RECT
 10
87.0966
 20
46.3550
 30
0.0000
 41
0.6604
 42
2.0320
 43
1.0000
 50
270.0000
  0
INSERT
  8
16
  2
RECT
 10
87.0966
 20
47.6250
 30
0.0000
 41
0.6604
 42
2.0320
 43
1.0000
 50
270.0000
  0
INSERT
  8
16
  2
RECT
 10
87.0966
 20
48.8950
 30
0.0000
 41
0.6604
 42
2.0320
 43
1.0000
 50
270.0000
  0
CIRCLE
  8
20
 10
50.1650
 20
48.2360
 30
0.0000
 40
1.6510
  0
INSERT
  8
17
  2
LONGP100
 10
47.6250
 20
31.7500
 30
0.0000
 41
1.5240
 42
1.5240
 43
1.0000
 50
90.0000
  0
INSERT
  8
17
  2
LONGP100
 10
50.1650
 20
31.7500
 30
0.0000
 41
1.5240
 42
1.5240
 43
1.0000
 50
90.0000
  0
INSERT
  8
17
  2
LONGP100
 10
52.7050
 20
31.7500
 30
0.0000
 41
1.5240
 42
1.5240
 43
1.0000
 50
90.0000
  0
INSERT
  8
16
  2
RECT
 10
55.8800
 20
13.2750
 30
0.0000
 41
0.6000
 42
2.2000
 43
1.0000
 50
180.0000
  0
INSERT
  8
16
  2
RECT
 10
54.6100
 20
13.2750
 30
0.0000
 41
0.6000
 42
2.2000
 43
1.0000
 50
180.0000
  0
INSERT
  8
16
  2
RECT
 10
53.3400
 20
13.2750
 30
0.0000
 41
0.6000
 42
2.2000
 43
1.0000
 50
180.0000
  0
INSERT
  8
16
  2
RECT
 10
52.0700
 20
13.2750
 30
0.0000
 41
0.6000
 42
2.2000
 43
1.0000
 50
180.0000
  0
INSERT
  8
16
  2
RECT
 10
52.0700
 20
18.4750
 30
0.0000
 41
0.6000
 42
2.2000
 43
1.0000
 50
180.0000
  0
INSERT
  8
16
  2
RECT
 10
53.3400
 20
18.4750
 30
0.0000
 41
0.6000
 42
2.2000
 43
1.0000
 50
180.0000
  0
INSERT
  8
16
  2
RECT
 10
54.6100
 20
18.4750
 30
0.0000
 41
0.6000
 42
2.2000
 43
1.0000
 50
180.0000
  0
INSERT
  8
16
  2
RECT
 10
55.8800
 20
18.4750
 30
0.0000
 41
0.6000
 42
2.2000
 43
1.0000
 50
180.0000
  0
INSERT
  8
16
  2
RECT
 10
31.3080
 20
5.7150
 30
0.0000
 41
1.3000
 42
1.5000
 43
1.0000
 50
0.0000
  0
INSERT
  8
16
  2
RECT
 10
33.2080
 20
5.7150
 30
0.0000
 41
1.3000
 42
1.5000
 43
1.0000
 50
0.0000
  0
INSERT
  8
16
  2
RECT
 10
22.8600
 20
10.1625
 30
0.0000
 41
1.3000
 42
1.5000
 43
1.0000
 50
90.0000
  0
INSERT
  8
16
  2
RECT
 10
22.8600
 20
12.0625
 30
0.0000
 41
1.3000
 42
1.5000
 43
1.0000
 50
90.0000
  0
INSERT
  8
16
  2
RECT
 10
33.9700
 20
9.2075
 30
0.0000
 41
1.3000
 42
1.5000
 43
1.0000
 50
180.0000
  0
INSERT
  8
16
  2
RECT
 10
32.0700
 20
9.2075
 30
0.0000
 41
1.3000
 42
1.5000
 43
1.0000
 50
180.0000
  0
INSERT
  8
16
  2
RECT
 10
33.9700
 20
13.0175
 30
0.0000
 41
1.3000
 42
1.5000
 43
1.0000
 50
180.0000
  0
INSERT
  8
16
  2
RECT
 10
32.0700
 20
13.0175
 30
0.0000
 41
1.3000
 42
1.5000
 43
1.0000
 50
180.0000
  0
INSERT
  8
16
  2
RECT
 10
45.6565
 20
22.5450
 30
0.0000
 41
1.3000
 42
1.5000
 43
1.0000
 50
90.0000
  0
INSERT
  8
16
  2
RECT
 10
45.6565
 20
24.4450
 30
0.0000
 41
1.3000
 42
1.5000
 43
1.0000
 50
90.0000
  0
INSERT
  8
16
  2
RECT
 10
58.4200
 20
23.4925
 30
0.0000
 41
1.3000
 42
1.5000
 43
1.0000
 50
270.0000
  0
INSERT
  8
16
  2
RECT
 10
58.4200
 20
21.5925
 30
0.0000
 41
1.3000
 42
1.5000
 43
1.0000
 50
270.0000
  0
INSERT
  8
16
  2
RECT
 10
54.6100
 20
22.5450
 30
0.0000
 41
1.3000
 42
1.5000
 43
1.0000
 50
90.0000
  0
INSERT
  8
16
  2
RECT
 10
54.6100
 20
24.4450
 30
0.0000
 41
1.3000
 42
1.5000
 43
1.0000
 50
90.0000
  0
INSERT
  8
16
  2
RECT
 10
50.8000
 20
24.4450
 30
0.0000
 41
1.3000
 42
1.5000
 43
1.0000
 50
270.0000
  0
INSERT
  8
16
  2
RECT
 10
50.8000
 20
22.5450
 30
0.0000
 41
1.3000
 42
1.5000
 43
1.0000
 50
270.0000
  0
INSERT
  8
16
  2
RECT
 10
23.4950
 20
37.7800
 30
0.0000
 41
1.3000
 42
1.5000
 43
1.0000
 50
270.0000
  0
INSERT
  8
16
  2
RECT
 10
23.4950
 20
35.8800
 30
0.0000
 41
1.3000
 42
1.5000
 43
1.0000
 50
270.0000
  0
INSERT
  8
16
  2
RECT
 10
45.7175
 20
15.8750
 30
0.0000
 41
1.3000
 42
1.5000
 43
1.0000
 50
180.0000
  0
INSERT
  8
16
  2
RECT
 10
43.8175
 20
15.8750
 30
0.0000
 41
1.3000
 42
1.5000
 43
1.0000
 50
180.0000
  0
INSERT
  8
16
  2
RECT
 10
23.4950
 20
40.9600
 30
0.0000
 41
1.3000
 42
1.5000
 43
1.0000
 50
90.0000
  0
INSERT
  8
16
  2
RECT
 10
23.4950
 20
42.8600
 30
0.0000
 41
1.3000
 42
1.5000
 43
1.0000
 50
90.0000
  0
INSERT
  8
16
  2
RECT
 10
48.8950
 20
15.2425
 30
0.0000
 41
1.3000
 42
1.5000
 43
1.0000
 50
90.0000
  0
INSERT
  8
16
  2
RECT
 10
48.8950
 20
17.1425
 30
0.0000
 41
1.3000
 42
1.5000
 43
1.0000
 50
90.0000
  0
INSERT
  8
16
  2
RECT
 10
26.6700
 20
40.9600
 30
0.0000
 41
1.3000
 42
1.5000
 43
1.0000
 50
90.0000
  0
INSERT
  8
16
  2
RECT
 10
26.6700
 20
42.8600
 30
0.0000
 41
1.3000
 42
1.5000
 43
1.0000
 50
90.0000
  0
INSERT
  8
16
  2
RECT
 10
26.6700
 20
37.7800
 30
0.0000
 41
1.3000
 42
1.5000
 43
1.0000
 50
270.0000
  0
INSERT
  8
16
  2
RECT
 10
26.6700
 20
35.8800
 30
0.0000
 41
1.3000
 42
1.5000
 43
1.0000
 50
270.0000
  0
INSERT
  8
16
  2
RECT
 10
58.4200
 20
16.1950
 30
0.0000
 41
1.3000
 42
1.5000
 43
1.0000
 50
90.0000
  0
INSERT
  8
16
  2
RECT
 10
58.4200
 20
18.0950
 30
0.0000
 41
1.3000
 42
1.5000
 43
1.0000
 50
90.0000
  0
INSERT
  8
16
  2
RECT
 10
52.0725
 20
10.1600
 30
0.0000
 41
1.3000
 42
1.5000
 43
1.0000
 50
0.0000
  0
INSERT
  8
16
  2
RECT
 10
53.9725
 20
10.1600
 30
0.0000
 41
1.3000
 42
1.5000
 43
1.0000
 50
0.0000
  0
INSERT
  8
16
  2
RECT
 10
52.0725
 20
6.9850
 30
0.0000
 41
1.3000
 42
1.5000
 43
1.0000
 50
0.0000
  0
INSERT
  8
16
  2
RECT
 10
53.9725
 20
6.9850
 30
0.0000
 41
1.3000
 42
1.5000
 43
1.0000
 50
0.0000
  0
INSERT
  8
17
  2
OCTAGONP
 10
44.4500
 20
28.5750
 30
0.0000
 41
1.2192
 42
1.2192
 43
1.0000
 50
0.0000
  0
INSERT
  8
17
  2
OCTAGONP
 10
54.6100
 20
28.5750
 30
0.0000
 41
1.2192
 42
1.2192
 43
1.0000
 50
0.0000
  0
INSERT
  8
16
  2
RECT
 10
52.0725
 20
4.1275
 30
0.0000
 41
1.3000
 42
1.5000
 43
1.0000
 50
0.0000
  0
INSERT
  8
16
  2
RECT
 10
53.9725
 20
4.1275
 30
0.0000
 41
1.3000
 42
1.5000
 43
1.0000
 50
0.0000
  0
INSERT
  8
16
  2
RECT
 10
48.5775
 20
5.0775
 30
0.0000
 41
1.3000
 42
1.5000
 43
1.0000
 50
270.0000
  0
INSERT
  8
16
  2
RECT
 10
48.5775
 20
3.1775
 30
0.0000
 41
1.3000
 42
1.5000
 43
1.0000
 50
270.0000
  0
INSERT
  8
16
  2
RECT
 10
57.7850
 20
8.5750
 30
0.0000
 41
1.3000
 42
1.5000
 43
1.0000
 50
90.0000
  0
INSERT
  8
16
  2
RECT
 10
57.7850
 20
10.4750
 30
0.0000
 41
1.3000
 42
1.5000
 43
1.0000
 50
90.0000
  0
INSERT
  8
16
  2
RECT
 10
57.7850
 20
5.3950
 30
0.0000
 41
1.3000
 42
1.5000
 43
1.0000
 50
270.0000
  0
INSERT
  8
16
  2
RECT
 10
57.7850
 20
3.4950
 30
0.0000
 41
1.3000
 42
1.5000
 43
1.0000
 50
270.0000
  0
INSERT
  8
16
  2
RECT
 10
6.6650
 20
35.5600
 30
0.0000
 41
1.3000
 42
1.5000
 43
1.0000
 50
180.0000
  0
INSERT
  8
16
  2
RECT
 10
4.7650
 20
35.5600
 30
0.0000
 41
1.3000
 42
1.5000
 43
1.0000
 50
180.0000
  0
INSERT
  8
16
  2
RECT
 10
10.1600
 20
32.7050
 30
0.0000
 41
1.3000
 42
1.5000
 43
1.0000
 50
90.0000
  0
INSERT
  8
16
  2
RECT
 10
10.1600
 20
34.6050
 30
0.0000
 41
1.3000
 42
1.5000
 43
1.0000
 50
90.0000
  0
INSERT
  8
16
  2
RECT
 10
84.7750
 20
36.1950
 30
0.0000
 41
1.3000
 42
1.5000
 43
1.0000
 50
0.0000
  0
INSERT
  8
16
  2
RECT
 10
86.6750
 20
36.1950
 30
0.0000
 41
1.3000
 42
1.5000
 43
1.0000
 50
0.0000
  0
INSERT
  8
16
  2
RECT
 10
91.7550
 20
34.9250
 30
0.0000
 41
1.3000
 42
1.5000
 43
1.0000
 50
180.0000
  0
INSERT
  8
16
  2
RECT
 10
89.8550
 20
34.9250
 30
0.0000
 41
1.3000
 42
1.5000
 43
1.0000
 50
180.0000
  0
INSERT
  8
17
  2
OCTAGONP
 10
2.5400
 20
1.5875
 30
0.0000
 41
1.6002
 42
1.6002
 43
1.0000
 50
90.0000
  0
INSERT
  8
17
  2
OCTAGONP
 10
2.5400
 20
19.3675
 30
0.0000
 41
1.6002
 42
1.6002
 43
1.0000
 50
90.0000
  0
INSERT
  8
17
  2
OCTAGONP
 10
2.5400
 20
21.9075
 30
0.0000
 41
1.6002
 42
1.6002
 43
1.0000
 50
90.0000
  0
INSERT
  8
17
  2
OCTAGONP
 10
2.5400
 20
39.6875
 30
0.0000
 41
1.6002
 42
1.6002
 43
1.0000
 50
90.0000
  0
INSERT
  8
16
  2
RECT
 10
4.7600
 20
47.9425
 30
0.0000
 41
1.3000
 42
1.5000
 43
1.0000
 50
180.0000
  0
INSERT
  8
16
  2
RECT
 10
2.8600
 20
47.9425
 30
0.0000
 41
1.3000
 42
1.5000
 43
1.0000
 50
180.0000
  0
INSERT
  8
16
  2
RECT
 10
4.7600
 20
45.0850
 30
0.0000
 41
1.3000
 42
1.5000
 43
1.0000
 50
180.0000
  0
INSERT
  8
16
  2
RECT
 10
2.8600
 20
45.0850
 30
0.0000
 41
1.3000
 42
1.5000
 43
1.0000
 50
180.0000
  0
INSERT
  8
16
  2
RECT
 10
4.7600
 20
42.2275
 30
0.0000
 41
1.3000
 42
1.5000
 43
1.0000
 50
180.0000
  0
INSERT
  8
16
  2
RECT
 10
2.8600
 20
42.2275
 30
0.0000
 41
1.3000
 42
1.5000
 43
1.0000
 50
180.0000
  0
INSERT
  8
16
  2
RECT
 10
86.6800
 20
28.5750
 30
0.0000
 41
1.3000
 42
1.5000
 43
1.0000
 50
0.0000
  0
INSERT
  8
16
  2
RECT
 10
88.5800
 20
28.5750
 30
0.0000
 41
1.3000
 42
1.5000
 43
1.0000
 50
0.0000
  0
INSERT
  8
16
  2
RECT
 10
92.3925
 20
24.1325
 30
0.0000
 41
1.3000
 42
1.5000
 43
1.0000
 50
90.0000
  0
INSERT
  8
16
  2
RECT
 10
92.3925
 20
26.0325
 30
0.0000
 41
1.3000
 42
1.5000
 43
1.0000
 50
90.0000
  0
INSERT
  8
16
  2
RECT
 10
86.6800
 20
21.5900
 30
0.0000
 41
1.3000
 42
1.5000
 43
1.0000
 50
0.0000
  0
INSERT
  8
16
  2
RECT
 10
88.5800
 20
21.5900
 30
0.0000
 41
1.3000
 42
1.5000
 43
1.0000
 50
0.0000
  0
INSERT
  8
16
  2
RECT
 10
92.3925
 20
16.8300
 30
0.0000
 41
1.3000
 42
1.5000
 43
1.0000
 50
90.0000
  0
INSERT
  8
16
  2
RECT
 10
92.3925
 20
18.7300
 30
0.0000
 41
1.3000
 42
1.5000
 43
1.0000
 50
90.0000
  0
INSERT
  8
16
  2
RECT
 10
86.6800
 20
14.2875
 30
0.0000
 41
1.3000
 42
1.5000
 43
1.0000
 50
0.0000
  0
INSERT
  8
16
  2
RECT
 10
88.5800
 20
14.2875
 30
0.0000
 41
1.3000
 42
1.5000
 43
1.0000
 50
0.0000
  0
INSERT
  8
16
  2
RECT
 10
31.7525
 20
47.3075
 30
0.0000
 41
1.3000
 42
1.5000
 43
1.0000
 50
0.0000
  0
INSERT
  8
16
  2
RECT
 10
33.6525
 20
47.3075
 30
0.0000
 41
1.3000
 42
1.5000
 43
1.0000
 50
0.0000
  0
INSERT
  8
16
  2
RECT
 10
92.3290
 20
11.7450
 30
0.0000
 41
1.3000
 42
1.5000
 43
1.0000
 50
270.0000
  0
INSERT
  8
16
  2
RECT
 10
92.3290
 20
9.8450
 30
0.0000
 41
1.3000
 42
1.5000
 43
1.0000
 50
270.0000
  0
INSERT
  8
16
  2
RECT
 10
67.2440
 20
5.5880
 30
0.0000
 41
1.3000
 42
1.5000
 43
1.0000
 50
180.0000
  0
INSERT
  8
16
  2
RECT
 10
65.3440
 20
5.5880
 30
0.0000
 41
1.3000
 42
1.5000
 43
1.0000
 50
180.0000
  0
INSERT
  8
16
  2
RECT
 10
79.4360
 20
10.9220
 30
0.0000
 41
1.3000
 42
1.5000
 43
1.0000
 50
180.0000
  0
INSERT
  8
16
  2
RECT
 10
77.5360
 20
10.9220
 30
0.0000
 41
1.3000
 42
1.5000
 43
1.0000
 50
180.0000
  0
INSERT
  8
16
  2
RECT
 10
8.0264
 20
26.1112
 30
0.0000
 41
1.2192
 42
2.2352
 43
1.0000
 50
180.0000
  0
INSERT
  8
16
  2
RECT
 10
5.7150
 20
26.1112
 30
0.0000
 41
1.2192
 42
2.2352
 43
1.0000
 50
180.0000
  0
INSERT
  8
16
  2
RECT
 10
3.4036
 20
26.1112
 30
0.0000
 41
1.2192
 42
2.2352
 43
1.0000
 50
180.0000
  0
INSERT
  8
16
  2
RECT
 10
5.7150
 20
32.3090
 30
0.0000
 41
3.6000
 42
2.2000
 43
1.0000
 50
180.0000
  0
INSERT
  8
16
  2
RECT
 10
32.5550
 20
16.8300
 30
0.0000
 41
1.0000
 42
1.4000
 43
1.0000
 50
90.0000
  0
INSERT
  8
16
  2
RECT
 10
34.7550
 20
17.7800
 30
0.0000
 41
1.0000
 42
1.4000
 43
1.0000
 50
90.0000
  0
INSERT
  8
16
  2
RECT
 10
32.5550
 20
18.7300
 30
0.0000
 41
1.0000
 42
1.4000
 43
1.0000
 50
90.0000
  0
INSERT
  8
16
  2
RECT
 10
24.9350
 20
46.6750
 30
0.0000
 41
1.0000
 42
1.4000
 43
1.0000
 50
90.0000
  0
INSERT
  8
16
  2
RECT
 10
27.1350
 20
47.6250
 30
0.0000
 41
1.0000
 42
1.4000
 43
1.0000
 50
90.0000
  0
INSERT
  8
16
  2
RECT
 10
24.9350
 20
48.5750
 30
0.0000
 41
1.0000
 42
1.4000
 43
1.0000
 50
90.0000
  0
INSERT
  8
16
  2
RECT
 10
29.7561
 20
43.1038
 30
0.0000
 41
1.2192
 42
2.2352
 43
1.0000
 50
0.0000
  0
INSERT
  8
16
  2
RECT
 10
32.0675
 20
43.1038
 30
0.0000
 41
1.2192
 42
2.2352
 43
1.0000
 50
0.0000
  0
INSERT
  8
16
  2
RECT
 10
34.3789
 20
43.1038
 30
0.0000
 41
1.2192
 42
2.2352
 43
1.0000
 50
0.0000
  0
INSERT
  8
16
  2
RECT
 10
32.0675
 20
36.9060
 30
0.0000
 41
3.6000
 42
2.2000
 43
1.0000
 50
0.0000
  0
INSERT
  8
16
  2
RECT
 10
46.0350
 20
3.6625
 30
0.0000
 41
1.0000
 42
1.4000
 43
1.0000
 50
180.0000
  0
INSERT
  8
16
  2
RECT
 10
45.0850
 20
5.8625
 30
0.0000
 41
1.0000
 42
1.4000
 43
1.0000
 50
180.0000
  0
INSERT
  8
16
  2
RECT
 10
44.1350
 20
3.6625
 30
0.0000
 41
1.0000
 42
1.4000
 43
1.0000
 50
180.0000
  0
INSERT
  8
16
  2
RECT
 10
65.8925
 20
24.7675
 30
0.0000
 41
1.0000
 42
1.4000
 43
1.0000
 50
90.0000
  0
INSERT
  8
16
  2
RECT
 10
68.0925
 20
25.7175
 30
0.0000
 41
1.0000
 42
1.4000
 43
1.0000
 50
90.0000
  0
INSERT
  8
16
  2
RECT
 10
65.8925
 20
26.6675
 30
0.0000
 41
1.0000
 42
1.4000
 43
1.0000
 50
90.0000
  0
INSERT
  8
16
  2
RECT
 10
12.3800
 20
27.4750
 30
0.0000
 41
1.0000
 42
1.4000
 43
1.0000
 50
180.0000
  0
INSERT
  8
16
  2
RECT
 10
11.4300
 20
29.6750
 30
0.0000
 41
1.0000
 42
1.4000
 43
1.0000
 50
180.0000
  0
INSERT
  8
16
  2
RECT
 10
10.4800
 20
27.4750
 30
0.0000
 41
1.0000
 42
1.4000
 43
1.0000
 50
180.0000
  0
INSERT
  8
16
  2
RECT
 10
89.0475
 20
32.7000
 30
0.0000
 41
1.0000
 42
1.4000
 43
1.0000
 50
270.0000
  0
INSERT
  8
16
  2
RECT
 10
86.8475
 20
31.7500
 30
0.0000
 41
1.0000
 42
1.4000
 43
1.0000
 50
270.0000
  0
INSERT
  8
16
  2
RECT
 10
89.0475
 20
30.8000
 30
0.0000
 41
1.0000
 42
1.4000
 43
1.0000
 50
270.0000
  0
INSERT
  8
16
  2
RECT
 10
83.6500
 20
30.1600
 30
0.0000
 41
1.0000
 42
1.4000
 43
1.0000
 50
270.0000
  0
INSERT
  8
16
  2
RECT
 10
81.4500
 20
29.2100
 30
0.0000
 41
1.0000
 42
1.4000
 43
1.0000
 50
270.0000
  0
INSERT
  8
16
  2
RECT
 10
83.6500
 20
28.2600
 30
0.0000
 41
1.0000
 42
1.4000
 43
1.0000
 50
270.0000
  0
INSERT
  8
16
  2
RECT
 10
89.0475
 20
25.7150
 30
0.0000
 41
1.0000
 42
1.4000
 43
1.0000
 50
270.0000
  0
INSERT
  8
16
  2
RECT
 10
86.8475
 20
24.7650
 30
0.0000
 41
1.0000
 42
1.4000
 43
1.0000
 50
270.0000
  0
INSERT
  8
16
  2
RECT
 10
89.0475
 20
23.8150
 30
0.0000
 41
1.0000
 42
1.4000
 43
1.0000
 50
270.0000
  0
INSERT
  8
16
  2
RECT
 10
83.3325
 20
23.1750
 30
0.0000
 41
1.0000
 42
1.4000
 43
1.0000
 50
270.0000
  0
INSERT
  8
16
  2
RECT
 10
81.1325
 20
22.2250
 30
0.0000
 41
1.0000
 42
1.4000
 43
1.0000
 50
270.0000
  0
INSERT
  8
16
  2
RECT
 10
83.3325
 20
21.2750
 30
0.0000
 41
1.0000
 42
1.4000
 43
1.0000
 50
270.0000
  0
INSERT
  8
16
  2
RECT
 10
89.0475
 20
19.0475
 30
0.0000
 41
1.0000
 42
1.4000
 43
1.0000
 50
270.0000
  0
INSERT
  8
16
  2
RECT
 10
86.8475
 20
18.0975
 30
0.0000
 41
1.0000
 42
1.4000
 43
1.0000
 50
270.0000
  0
INSERT
  8
16
  2
RECT
 10
89.0475
 20
17.1475
 30
0.0000
 41
1.0000
 42
1.4000
 43
1.0000
 50
270.0000
  0
INSERT
  8
16
  2
RECT
 10
83.6500
 20
16.1900
 30
0.0000
 41
1.0000
 42
1.4000
 43
1.0000
 50
270.0000
  0
INSERT
  8
16
  2
RECT
 10
81.4500
 20
15.2400
 30
0.0000
 41
1.0000
 42
1.4000
 43
1.0000
 50
270.0000
  0
INSERT
  8
16
  2
RECT
 10
83.6500
 20
14.2900
 30
0.0000
 41
1.0000
 42
1.4000
 43
1.0000
 50
270.0000
  0
INSERT
  8
16
  2
RECT
 10
69.9262
 20
1.8161
 30
0.0000
 41
1.2192
 42
2.2352
 43
1.0000
 50
90.0000
  0
INSERT
  8
16
  2
RECT
 10
69.9262
 20
4.1275
 30
0.0000
 41
1.2192
 42
2.2352
 43
1.0000
 50
90.0000
  0
INSERT
  8
16
  2
RECT
 10
69.9262
 20
6.4389
 30
0.0000
 41
1.2192
 42
2.2352
 43
1.0000
 50
90.0000
  0
INSERT
  8
16
  2
RECT
 10
76.1240
 20
4.1275
 30
0.0000
 41
3.6000
 42
2.2000
 43
1.0000
 50
90.0000
  0
INSERT
  8
16
  2
RECT
 10
81.0387
 20
1.8161
 30
0.0000
 41
1.2192
 42
2.2352
 43
1.0000
 50
90.0000
  0
INSERT
  8
16
  2
RECT
 10
81.0387
 20
4.1275
 30
0.0000
 41
1.2192
 42
2.2352
 43
1.0000
 50
90.0000
  0
INSERT
  8
16
  2
RECT
 10
81.0387
 20
6.4389
 30
0.0000
 41
1.2192
 42
2.2352
 43
1.0000
 50
90.0000
  0
INSERT
  8
16
  2
RECT
 10
87.2365
 20
4.1275
 30
0.0000
 41
3.6000
 42
2.2000
 43
1.0000
 50
90.0000
  0
INSERT
  8
17
  2
ROUNDP
 10
36.0680
 20
5.8420
 30
0.0000
 41
1.4224
 42
1.4224
 43
1.0000
 50
180.0000
  0
INSERT
  8
16
  2
PIE
 10
74.9300
 20
8.2550
 30
0.0000
 41
1.5000
 42
1.5000
 43
1.0000
 50
0.0000
  0
INSERT
  8
16
  2
PIE
 10
83.8200
 20
8.8900
 30
0.0000
 41
1.5000
 42
1.5000
 43
1.0000
 50
0.0000
  0
INSERT
  8
16
  2
PIE
 10
77.7875
 20
13.3350
 30
0.0000
 41
1.5000
 42
1.5000
 43
1.0000
 50
0.0000
  0
INSERT
  8
16
  2
PIE
 10
80.3275
 20
18.7325
 30
0.0000
 41
1.5000
 42
1.5000
 43
1.0000
 50
0.0000
  0
INSERT
  8
16
  2
PIE
 10
77.7875
 20
24.1300
 30
0.0000
 41
1.5000
 42
1.5000
 43
1.0000
 50
0.0000
  0
INSERT
  8
16
  2
PIE
 10
80.3275
 20
25.7175
 30
0.0000
 41
1.5000
 42
1.5000
 43
1.0000
 50
0.0000
  0
INSERT
  8
16
  2
PIE
 10
77.4700
 20
31.4325
 30
0.0000
 41
1.5000
 42
1.5000
 43
1.0000
 50
0.0000
  0
INSERT
  8
16
  2
PIE
 10
80.3275
 20
32.7025
 30
0.0000
 41
1.5000
 42
1.5000
 43
1.0000
 50
0.0000
  0
INSERT
  8
16
  2
PIE
 10
74.9300
 20
36.5125
 30
0.0000
 41
1.5000
 42
1.5000
 43
1.0000
 50
0.0000
  0
INSERT
  8
16
  2
PIE
 10
80.3275
 20
39.0525
 30
0.0000
 41
1.5000
 42
1.5000
 43
1.0000
 50
0.0000
  0
INSERT
  8
16
  2
PIE
 10
74.6125
 20
43.4975
 30
0.0000
 41
1.5000
 42
1.5000
 43
1.0000
 50
0.0000
  0
INSERT
  8
16
  2
PIE
 10
69.5325
 20
8.2550
 30
0.0000
 41
1.5000
 42
1.5000
 43
1.0000
 50
0.0000
  0
INSERT
  8
16
  2
PIE
 10
69.5325
 20
11.7475
 30
0.0000
 41
1.5000
 42
1.5000
 43
1.0000
 50
0.0000
  0
INSERT
  8
16
  2
PIE
 10
69.5325
 20
15.2400
 30
0.0000
 41
1.5000
 42
1.5000
 43
1.0000
 50
0.0000
  0
INSERT
  8
16
  2
PIE
 10
75.2475
 20
18.7325
 30
0.0000
 41
1.5000
 42
1.5000
 43
1.0000
 50
0.0000
  0
INSERT
  8
16
  2
PIE
 10
64.1350
 20
21.2725
 30
0.0000
 41
1.5000
 42
1.5000
 43
1.0000
 50
0.0000
  0
INSERT
  8
16
  2
PIE
 10
74.9300
 20
25.7175
 30
0.0000
 41
1.5000
 42
1.5000
 43
1.0000
 50
0.0000
  0
INSERT
  8
16
  2
PIE
 10
69.5325
 20
29.2100
 30
0.0000
 41
1.5000
 42
1.5000
 43
1.0000
 50
0.0000
  0
INSERT
  8
16
  2
PIE
 10
69.5325
 20
33.3375
 30
0.0000
 41
1.5000
 42
1.5000
 43
1.0000
 50
0.0000
  0
INSERT
  8
16
  2
PIE
 10
64.4525
 20
35.2425
 30
0.0000
 41
1.5000
 42
1.5000
 43
1.0000
 50
0.0000
  0
INSERT
  8
16
  2
PIE
 10
74.8665
 20
39.1795
 30
0.0000
 41
1.5000
 42
1.5000
 43
1.0000
 50
0.0000
  0
INSERT
  8
16
  2
PIE
 10
75.1840
 20
33.7820
 30
0.0000
 41
1.5000
 42
1.5000
 43
1.0000
 50
0.0000
  0
INSERT
  8
17
  2
LONGP100
 10
17.7850
 20
49.2800
 30
0.0000
 41
2.1844
 42
2.1844
 43
1.0000
 50
0.0000
  0
INSERT
  8
17
  2
LONGP100
 10
17.7850
 20
45.3200
 30
0.0000
 41
2.1844
 42
2.1844
 43
1.0000
 50
0.0000
  0
INSERT
  8
17
  2
LONGP100
 10
17.7850
 20
41.3600
 30
0.0000
 41
2.1844
 42
2.1844
 43
1.0000
 50
0.0000
  0
INSERT
  8
17
  2
LONGP100
 10
17.7850
 20
37.4000
 30
0.0000
 41
2.1844
 42
2.1844
 43
1.0000
 50
0.0000
  0
INSERT
  8
17
  2
LONGP100
 10
17.7850
 20
33.4400
 30
0.0000
 41
2.1844
 42
2.1844
 43
1.0000
 50
0.0000
  0
INSERT
  8
17
  2
LONGP100
 10
17.7850
 20
29.4800
 30
0.0000
 41
2.1844
 42
2.1844
 43
1.0000
 50
0.0000
  0
INSERT
  8
17
  2
LONGP100
 10
17.7850
 20
25.5200
 30
0.0000
 41
2.1844
 42
2.1844
 43
1.0000
 50
0.0000
  0
INSERT
  8
17
  2
LONGP100
 10
17.7850
 20
21.5600
 30
0.0000
 41
2.1844
 42
2.1844
 43
1.0000
 50
0.0000
  0
INSERT
  8
17
  2
LONGP100
 10
17.7850
 20
17.6000
 30
0.0000
 41
2.1844
 42
2.1844
 43
1.0000
 50
0.0000
  0
INSERT
  8
17
  2
LONGP100
 10
17.7850
 20
13.6400
 30
0.0000
 41
2.1844
 42
2.1844
 43
1.0000
 50
0.0000
  0
INSERT
  8
17
  2
LONGP100
 10
17.7850
 20
9.6800
 30
0.0000
 41
2.1844
 42
2.1844
 43
1.0000
 50
0.0000
  0
INSERT
  8
17
  2
LONGP100
 10
17.7850
 20
5.7200
 30
0.0000
 41
2.1844
 42
2.1844
 43
1.0000
 50
0.0000
  0
INSERT
  8
17
  2
LONGP100
 10
39.4850
 20
49.2800
 30
0.0000
 41
2.1844
 42
2.1844
 43
1.0000
 50
0.0000
  0
INSERT
  8
17
  2
LONGP100
 10
39.4850
 20
45.3200
 30
0.0000
 41
2.1844
 42
2.1844
 43
1.0000
 50
0.0000
  0
INSERT
  8
17
  2
LONGP100
 10
39.4850
 20
41.3600
 30
0.0000
 41
2.1844
 42
2.1844
 43
1.0000
 50
0.0000
  0
INSERT
  8
17
  2
LONGP100
 10
39.4850
 20
37.4000
 30
0.0000
 41
2.1844
 42
2.1844
 43
1.0000
 50
0.0000
  0
INSERT
  8
17
  2
LONGP100
 10
39.4850
 20
33.4400
 30
0.0000
 41
2.1844
 42
2.1844
 43
1.0000
 50
0.0000
  0
INSERT
  8
17
  2
LONGP100
 10
39.4850
 20
29.4800
 30
0.0000
 41
2.1844
 42
2.1844
 43
1.0000
 50
0.0000
  0
INSERT
  8
17
  2
LONGP100
 10
39.4850
 20
25.5200
 30
0.0000
 41
2.1844
 42
2.1844
 43
1.0000
 50
0.0000
  0
INSERT
  8
17
  2
LONGP100
 10
39.4850
 20
21.5600
 30
0.0000
 41
2.1844
 42
2.1844
 43
1.0000
 50
0.0000
  0
INSERT
  8
17
  2
LONGP100
 10
39.4850
 20
17.6000
 30
0.0000
 41
2.1844
 42
2.1844
 43
1.0000
 50
0.0000
  0
INSERT
  8
17
  2
LONGP100
 10
39.4850
 20
13.6400
 30
0.0000
 41
2.1844
 42
2.1844
 43
1.0000
 50
0.0000
  0
INSERT
  8
17
  2
LONGP100
 10
39.4850
 20
9.6800
 30
0.0000
 41
2.1844
 42
2.1844
 43
1.0000
 50
0.0000
  0
INSERT
  8
17
  2
LONGP100
 10
39.4850
 20
5.7200
 30
0.0000
 41
2.1844
 42
2.1844
 43
1.0000
 50
0.0000
  0
INSERT
  8
17
  2
LONGP100
 10
88.2650
 20
8.8900
 30
0.0000
 41
1.4064
 42
1.4064
 43
1.0000
 50
180.0000
  0
INSERT
  8
17
  2
LONGP100
 10
88.2650
 20
11.4300
 30
0.0000
 41
1.4064
 42
1.4064
 43
1.0000
 50
180.0000
  0
INSERT
  8
17
  2
LONGP100
 10
83.5025
 20
51.4350
 30
0.0000
 41
1.4064
 42
1.4064
 43
1.0000
 50
270.0000
  0
INSERT
  8
17
  2
LONGP100
 10
80.9625
 20
51.4350
 30
0.0000
 41
1.4064
 42
1.4064
 43
1.0000
 50
270.0000
  0
INSERT
  8
17
  2
LONGP100
 10
78.4225
 20
51.4350
 30
0.0000
 41
1.4064
 42
1.4064
 43
1.0000
 50
270.0000
  0
INSERT
  8
17
  2
LONGP100
 10
75.8825
 20
51.4350
 30
0.0000
 41
1.4064
 42
1.4064
 43
1.0000
 50
270.0000
  0
INSERT
  8
17
  2
LONGP100
 10
73.3425
 20
51.4350
 30
0.0000
 41
1.4064
 42
1.4064
 43
1.0000
 50
270.0000
  0
INSERT
  8
17
  2
LONGP100
 10
7.9375
 20
38.7350
 30
0.0000
 41
1.4064
 42
1.4064
 43
1.0000
 50
180.0000
  0
INSERT
  8
17
  2
LONGP100
 10
7.9375
 20
41.2750
 30
0.0000
 41
1.4064
 42
1.4064
 43
1.0000
 50
180.0000
  0
INSERT
  8
17
  2
LONGP100
 10
7.9375
 20
43.8150
 30
0.0000
 41
1.4064
 42
1.4064
 43
1.0000
 50
180.0000
  0
INSERT
  8
17
  2
LONGP100
 10
7.9375
 20
46.3550
 30
0.0000
 41
1.4064
 42
1.4064
 43
1.0000
 50
180.0000
  0
INSERT
  8
17
  2
LONGP100
 10
7.9375
 20
48.8950
 30
0.0000
 41
1.4064
 42
1.4064
 43
1.0000
 50
180.0000
  0
INSERT
  8
17
  2
ROUNDP
 10
43.1800
 20
37.8460
 30
0.0000
 41
1.4224
 42
1.4224
 43
1.0000
 50
180.0000
  0
POLYLINE
  8
16
 66
1
 10
0.0000
 20
0.0000
 30
0.0000
 40
0.0000
 41
0.0000
 70
1
  0
VERTEX
  8
16
 10
2.4296
 20
39.0622
 30
0.0000
  0
VERTEX
  8
16
 10
7.8271
 20
38.1097
 30
0.0000
 42
1.0000
  0
VERTEX
  8
16
 10
8.0479
 20
39.3603
 30
0.0000
  0
VERTEX
  8
16
 10
2.6504
 20
40.3128
 30
0.0000
 42
1.0000
  0
SEQEND
  8
0
  0
POLYLINE
  8
16
 66
1
 10
0.0000
 20
0.0000
 30
0.0000
 40
0.0000
 41
0.0000
 70
1
  0
VERTEX
  8
16
 10
7.9375
 20
38.1000
 30
0.0000
  0
VERTEX
  8
16
 10
9.5250
 20
38.1000
 30
0.0000
 42
1.0000
  0
VERTEX
  8
16
 10
9.5250
 20
39.3700
 30
0.0000
  0
VERTEX
  8
16
 10
7.9375
 20
39.3700
 30
0.0000
 42
1.0000
  0
SEQEND
  8
0
  0
POLYLINE
  8
16
 66
1
 10
0.0000
 20
0.0000
 30
0.0000
 40
0.0000
 41
0.0000
 70
1
  0
VERTEX
  8
16
 10
9.1283
 20
38.2391
 30
0.0000
  0
VERTEX
  8
16
 10
12.3033
 20
35.6991
 30
0.0000
 42
1.0000
  0
VERTEX
  8
16
 10
13.0967
 20
36.6909
 30
0.0000
  0
VERTEX
  8
16
 10
9.9217
 20
39.2309
 30
0.0000
 42
1.0000
  0
SEQEND
  8
0
  0
POLYLINE
  8
16
 66
1
 10
0.0000
 20
0.0000
 30
0.0000
 40
0.0000
 41
0.0000
 70
1
  0
VERTEX
  8
16
 10
12.0650
 20
36.1950
 30
0.0000
  0
VERTEX
  8
16
 10
12.0650
 20
32.3850
 30
0.0000
 42
1.0000
  0
VERTEX
  8
16
 10
13.3350
 20
32.3850
 30
0.0000
  0
VERTEX
  8
16
 10
13.3350
 20
36.1950
 30
0.0000
 42
1.0000
  0
SEQEND
  8
0
  0
POLYLINE
  8
16
 66
1
 10
0.0000
 20
0.0000
 30
0.0000
 40
0.0000
 41
0.0000
 70
1
  0
VERTEX
  8
16
 10
12.1920
 20
32.0040
 30
0.0000
  0
VERTEX
  8
16
 10
13.1445
 20
30.7340
 30
0.0000
 42
1.0000
  0
VERTEX
  8
16
 10
14.1605
 20
31.4960
 30
0.0000
  0
VERTEX
  8
16
 10
13.2080
 20
32.7660
 30
0.0000
 42
1.0000
  0
SEQEND
  8
0
  0
POLYLINE
  8
16
 66
1
 10
0.0000
 20
0.0000
 30
0.0000
 40
0.0000
 41
0.0000
 70
1
  0
VERTEX
  8
16
 10
13.3396
 20
30.5625
 30
0.0000
  0
VERTEX
  8
16
 10
15.5821
 20
29.2925
 30
0.0000
 42
1.0000
  0
VERTEX
  8
16
 10
16.2079
 20
30.3975
 30
0.0000
  0
VERTEX
  8
16
 10
13.9654
 20
31.6675
 30
0.0000
 42
1.0000
  0
SEQEND
  8
0
  0
POLYLINE
  8
16
 66
1
 10
0.0000
 20
0.0000
 30
0.0000
 40
0.0000
 41
0.0000
 70
1
  0
VERTEX
  8
16
 10
15.7746
 20
29.2215
 30
0.0000
  0
VERTEX
  8
16
 10
17.6646
 20
28.8565
 30
0.0000
 42
1.0000
  0
VERTEX
  8
16
 10
17.9054
 20
30.1035
 30
0.0000
  0
VERTEX
  8
16
 10
16.0154
 20
30.4685
 30
0.0000
 42
1.0000
  0
SEQEND
  8
0
  0
POLYLINE
  8
16
 66
1
 10
0.0000
 20
0.0000
 30
0.0000
 40
0.0000
 41
0.0000
 70
1
  0
VERTEX
  8
16
 10
2.0320
 20
39.6875
 30
0.0000
  0
VERTEX
  8
16
 10
2.0320
 20
35.5600
 30
0.0000
 42
1.0000
  0
VERTEX
  8
16
 10
3.0480
 20
35.5600
 30
0.0000
  0
VERTEX
  8
16
 10
3.0480
 20
39.6875
 30
0.0000
 42
1.0000
  0
SEQEND
  8
0
  0
POLYLINE
  8
16
 66
1
 10
0.0000
 20
0.0000
 30
0.0000
 40
0.0000
 41
0.0000
 70
1
  0
VERTEX
  8
16
 10
2.0320
 20
35.5600
 30
0.0000
  0
VERTEX
  8
16
 10
2.0320
 20
28.8798
 30
0.0000
 42
1.0000
  0
VERTEX
  8
16
 10
3.0480
 20
28.8798
 30
0.0000
  0
VERTEX
  8
16
 10
3.0480
 20
35.5600
 30
0.0000
 42
1.0000
  0
SEQEND
  8
0
  0
POLYLINE
  8
16
 66
1
 10
0.0000
 20
0.0000
 30
0.0000
 40
0.0000
 41
0.0000
 70
1
  0
VERTEX
  8
16
 10
2.1808
 20
28.5206
 30
0.0000
  0
VERTEX
  8
16
 10
2.8158
 20
27.8856
 30
0.0000
 42
1.0000
  0
VERTEX
  8
16
 10
3.5342
 20
28.6040
 30
0.0000
  0
VERTEX
  8
16
 10
2.8992
 20
29.2390
 30
0.0000
 42
1.0000
  0
SEQEND
  8
0
  0
POLYLINE
  8
16
 66
1
 10
0.0000
 20
0.0000
 30
0.0000
 40
0.0000
 41
0.0000
 70
1
  0
VERTEX
  8
16
 10
2.6699
 20
28.1907
 30
0.0000
  0
VERTEX
  8
16
 10
2.8985
 20
26.0571
 30
0.0000
 42
1.0000
  0
VERTEX
  8
16
 10
3.9087
 20
26.1653
 30
0.0000
  0
VERTEX
  8
16
 10
3.6801
 20
28.2989
 30
0.0000
 42
1.0000
  0
SEQEND
  8
0
  0
POLYLINE
  8
16
 66
1
 10
0.0000
 20
0.0000
 30
0.0000
 40
0.0000
 41
0.0000
 70
1
  0
VERTEX
  8
16
 10
4.7650
 20
35.7632
 30
0.0000
  0
VERTEX
  8
16
 10
2.5400
 20
35.7632
 30
0.0000
 42
1.0000
  0
VERTEX
  8
16
 10
2.5400
 20
35.3568
 30
0.0000
  0
VERTEX
  8
16
 10
4.7650
 20
35.3568
 30
0.0000
 42
1.0000
  0
SEQEND
  8
0
  0
POLYLINE
  8
16
 66
1
 10
0.0000
 20
0.0000
 30
0.0000
 40
0.0000
 41
0.0000
 70
1
  0
VERTEX
  8
16
 10
34.6837
 20
43.1038
 30
0.0000
  0
VERTEX
  8
16
 10
34.6837
 20
45.3111
 30
0.0000
 42
1.0000
  0
VERTEX
  8
16
 10
34.0741
 20
45.3111
 30
0.0000
  0
VERTEX
  8
16
 10
34.0741
 20
43.1038
 30
0.0000
 42
1.0000
  0
SEQEND
  8
0
  0
POLYLINE
  8
16
 66
1
 10
0.0000
 20
0.0000
 30
0.0000
 40
0.0000
 41
0.0000
 70
1
  0
VERTEX
  8
16
 10
34.5699
 20
45.3806
 30
0.0000
  0
VERTEX
  8
16
 10
33.8435
 20
47.3770
 30
0.0000
 42
1.0000
  0
VERTEX
  8
16
 10
33.4615
 20
47.2380
 30
0.0000
  0
VERTEX
  8
16
 10
34.1879
 20
45.2416
 30
0.0000
 42
1.0000
  0
SEQEND
  8
0
  0
POLYLINE
  8
16
 66
1
 10
0.0000
 20
0.0000
 30
0.0000
 40
0.0000
 41
0.0000
 70
1
  0
VERTEX
  8
16
 10
33.9725
 20
43.1038
 30
0.0000
  0
VERTEX
  8
16
 10
33.9725
 20
40.8686
 30
0.0000
 42
1.0000
  0
VERTEX
  8
16
 10
34.7853
 20
40.8686
 30
0.0000
  0
VERTEX
  8
16
 10
34.7853
 20
43.1038
 30
0.0000
 42
1.0000
  0
SEQEND
  8
0
  0
POLYLINE
  8
16
 66
1
 10
0.0000
 20
0.0000
 30
0.0000
 40
0.0000
 41
0.0000
 70
1
  0
VERTEX
  8
16
 10
34.0268
 20
40.6657
 30
0.0000
  0
VERTEX
  8
16
 10
34.8904
 20
39.1671
 30
0.0000
 42
1.0000
  0
VERTEX
  8
16
 10
35.5946
 20
39.5729
 30
0.0000
  0
VERTEX
  8
16
 10
34.7310
 20
41.0715
 30
0.0000
 42
1.0000
  0
SEQEND
  8
0
  0
POLYLINE
  8
16
 66
1
 10
0.0000
 20
0.0000
 30
0.0000
 40
0.0000
 41
0.0000
 70
1
  0
VERTEX
  8
16
 10
34.8361
 20
39.3700
 30
0.0000
  0
VERTEX
  8
16
 10
34.8361
 20
33.6550
 30
0.0000
 42
1.0000
  0
VERTEX
  8
16
 10
35.6489
 20
33.6550
 30
0.0000
  0
VERTEX
  8
16
 10
35.6489
 20
39.3700
 30
0.0000
 42
1.0000
  0
SEQEND
  8
0
  0
POLYLINE
  8
16
 66
1
 10
0.0000
 20
0.0000
 30
0.0000
 40
0.0000
 41
0.0000
 70
1
  0
VERTEX
  8
16
 10
35.2425
 20
34.0614
 30
0.0000
  0
VERTEX
  8
16
 10
32.7025
 20
34.0614
 30
0.0000
 42
1.0000
  0
VERTEX
  8
16
 10
32.7025
 20
33.2486
 30
0.0000
  0
VERTEX
  8
16
 10
35.2425
 20
33.2486
 30
0.0000
 42
1.0000
  0
SEQEND
  8
0
  0
POLYLINE
  8
16
 66
1
 10
0.0000
 20
0.0000
 30
0.0000
 40
0.0000
 41
0.0000
 70
1
  0
VERTEX
  8
16
 10
32.9463
 20
33.9801
 30
0.0000
  0
VERTEX
  8
16
 10
31.6763
 20
34.9326
 30
0.0000
 42
1.0000
  0
VERTEX
  8
16
 10
31.1887
 20
34.2824
 30
0.0000
  0
VERTEX
  8
16
 10
32.4587
 20
33.3299
 30
0.0000
 42
1.0000
  0
SEQEND
  8
0
  0
POLYLINE
  8
16
 66
1
 10
0.0000
 20
0.0000
 30
0.0000
 40
0.0000
 41
0.0000
 70
1
  0
VERTEX
  8
16
 10
31.4325
 20
35.0139
 30
0.0000
  0
VERTEX
  8
16
 10
26.6700
 20
35.0139
 30
0.0000
 42
1.0000
  0
VERTEX
  8
16
 10
26.6700
 20
34.2011
 30
0.0000
  0
VERTEX
  8
16
 10
31.4325
 20
34.2011
 30
0.0000
 42
1.0000
  0
SEQEND
  8
0
  0
POLYLINE
  8
16
 66
1
 10
0.0000
 20
0.0000
 30
0.0000
 40
0.0000
 41
0.0000
 70
1
  0
VERTEX
  8
16
 10
26.3826
 20
34.8949
 30
0.0000
  0
VERTEX
  8
16
 10
25.4301
 20
33.9424
 30
0.0000
 42
1.0000
  0
VERTEX
  8
16
 10
26.0049
 20
33.3676
 30
0.0000
  0
VERTEX
  8
16
 10
26.9574
 20
34.3201
 30
0.0000
 42
1.0000
  0
SEQEND
  8
0
  0
POLYLINE
  8
16
 66
1
 10
0.0000
 20
0.0000
 30
0.0000
 40
0.0000
 41
0.0000
 70
1
  0
VERTEX
  8
16
 10
25.4410
 20
33.9528
 30
0.0000
  0
VERTEX
  8
16
 10
20.9960
 20
29.8253
 30
0.0000
 42
1.0000
  0
VERTEX
  8
16
 10
21.5490
 20
29.2297
 30
0.0000
  0
VERTEX
  8
16
 10
25.9940
 20
33.3572
 30
0.0000
 42
1.0000
  0
SEQEND
  8
0
  0
POLYLINE
  8
16
 66
1
 10
0.0000
 20
0.0000
 30
0.0000
 40
0.0000
 41
0.0000
 70
1
  0
VERTEX
  8
16
 10
21.2725
 20
29.9339
 30
0.0000
  0
VERTEX
  8
16
 10
18.7850
 20
29.9339
 30
0.0000
 42
1.0000
  0
VERTEX
  8
16
 10
18.7850
 20
29.1211
 30
0.0000
  0
VERTEX
  8
16
 10
21.2725
 20
29.1211
 30
0.0000
 42
1.0000
  0
SEQEND
  8
0
  0
POLYLINE
  8
16
 66
1
 10
0.0000
 20
0.0000
 30
0.0000
 40
0.0000
 41
0.0000
 70
1
  0
VERTEX
  8
16
 10
18.7657
 20
29.9334
 30
0.0000
  0
VERTEX
  8
16
 10
17.7657
 20
29.8859
 30
0.0000
 42
1.0000
  0
VERTEX
  8
16
 10
17.8043
 20
29.0741
 30
0.0000
  0
VERTEX
  8
16
 10
18.8043
 20
29.1216
 30
0.0000
 42
1.0000
  0
SEQEND
  8
0
  0
POLYLINE
  8
16
 66
1
 10
0.0000
 20
0.0000
 30
0.0000
 40
0.0000
 41
0.0000
 70
1
  0
VERTEX
  8
16
 10
26.3652
 20
35.8800
 30
0.0000
  0
VERTEX
  8
16
 10
26.3652
 20
34.6075
 30
0.0000
 42
1.0000
  0
VERTEX
  8
16
 10
26.9748
 20
34.6075
 30
0.0000
  0
VERTEX
  8
16
 10
26.9748
 20
35.8800
 30
0.0000
 42
1.0000
  0
SEQEND
  8
0
  0
POLYLINE
  8
16
 66
1
 10
0.0000
 20
0.0000
 30
0.0000
 40
0.0000
 41
0.0000
 70
1
  0
VERTEX
  8
16
 10
60.3123
 20
10.1600
 30
0.0000
  0
VERTEX
  8
16
 10
60.3123
 20
20.0025
 30
0.0000
 42
1.0000
  0
VERTEX
  8
16
 10
59.7027
 20
20.0025
 30
0.0000
  0
VERTEX
  8
16
 10
59.7027
 20
10.1600
 30
0.0000
 42
1.0000
  0
SEQEND
  8
0
  0
POLYLINE
  8
16
 66
1
 10
0.0000
 20
0.0000
 30
0.0000
 40
0.0000
 41
0.0000
 70
1
  0
VERTEX
  8
16
 10
60.2513
 20
19.8196
 30
0.0000
  0
VERTEX
  8
16
 10
62.1563
 20
22.3596
 30
0.0000
 42
1.0000
  0
VERTEX
  8
16
 10
61.6687
 20
22.7254
 30
0.0000
  0
VERTEX
  8
16
 10
59.7637
 20
20.1854
 30
0.0000
 42
1.0000
  0
SEQEND
  8
0
  0
POLYLINE
  8
16
 66
1
 10
0.0000
 20
0.0000
 30
0.0000
 40
0.0000
 41
0.0000
 70
1
  0
VERTEX
  8
16
 10
62.2173
 20
22.5425
 30
0.0000
  0
VERTEX
  8
16
 10
62.2173
 20
24.4475
 30
0.0000
 42
1.0000
  0
VERTEX
  8
16
 10
61.6077
 20
24.4475
 30
0.0000
  0
VERTEX
  8
16
 10
61.6077
 20
22.5425
 30
0.0000
 42
1.0000
  0
SEQEND
  8
0
  0
POLYLINE
  8
16
 66
1
 10
0.0000
 20
0.0000
 30
0.0000
 40
0.0000
 41
0.0000
 70
1
  0
VERTEX
  8
16
 10
62.0488
 20
24.1749
 30
0.0000
  0
VERTEX
  8
16
 10
63.9538
 20
25.1274
 30
0.0000
 42
1.0000
  0
VERTEX
  8
16
 10
63.6812
 20
25.6726
 30
0.0000
  0
VERTEX
  8
16
 10
61.7762
 20
24.7201
 30
0.0000
 42
1.0000
  0
SEQEND
  8
0
  0
POLYLINE
  8
16
 66
1
 10
0.0000
 20
0.0000
 30
0.0000
 40
0.0000
 41
0.0000
 70
1
  0
VERTEX
  8
16
 10
64.1223
 20
25.4000
 30
0.0000
  0
VERTEX
  8
16
 10
64.1223
 20
27.6225
 30
0.0000
 42
1.0000
  0
VERTEX
  8
16
 10
63.5127
 20
27.6225
 30
0.0000
  0
VERTEX
  8
16
 10
63.5127
 20
25.4000
 30
0.0000
 42
1.0000
  0
SEQEND
  8
0
  0
POLYLINE
  8
16
 66
1
 10
0.0000
 20
0.0000
 30
0.0000
 40
0.0000
 41
0.0000
 70
1
  0
VERTEX
  8
16
 10
64.0330
 20
27.8380
 30
0.0000
  0
VERTEX
  8
16
 10
62.4455
 20
29.4255
 30
0.0000
 42
1.0000
  0
VERTEX
  8
16
 10
62.0145
 20
28.9945
 30
0.0000
  0
VERTEX
  8
16
 10
63.6020
 20
27.4070
 30
0.0000
 42
1.0000
  0
SEQEND
  8
0
  0
POLYLINE
  8
16
 66
1
 10
0.0000
 20
0.0000
 30
0.0000
 40
0.0000
 41
0.0000
 70
1
  0
VERTEX
  8
16
 10
2.6568
 20
47.9430
 30
0.0000
  0
VERTEX
  8
16
 10
2.6543
 20
46.9880
 30
0.0000
 42
1.0000
  0
VERTEX
  8
16
 10
3.0607
 20
46.9870
 30
0.0000
  0
VERTEX
  8
16
 10
3.0632
 20
47.9420
 30
0.0000
 42
1.0000
  0
SEQEND
  8
0
  0
POLYLINE
  8
16
 66
1
 10
0.0000
 20
0.0000
 30
0.0000
 40
0.0000
 41
0.0000
 70
1
  0
VERTEX
  8
16
 10
2.6543
 20
46.9875
 30
0.0000
  0
VERTEX
  8
16
 10
2.6543
 20
40.9575
 30
0.0000
 42
1.0000
  0
VERTEX
  8
16
 10
3.0607
 20
40.9575
 30
0.0000
  0
VERTEX
  8
16
 10
3.0607
 20
46.9875
 30
0.0000
 42
1.0000
  0
SEQEND
  8
0
  0
POLYLINE
  8
16
 66
1
 10
0.0000
 20
0.0000
 30
0.0000
 40
0.0000
 41
0.0000
 70
1
  0
VERTEX
  8
16
 10
2.5586
 20
41.0173
 30
0.0000
  0
VERTEX
  8
16
 10
2.2411
 20
39.4298
 30
0.0000
 42
1.0000
  0
VERTEX
  8
16
 10
2.8389
 20
39.3102
 30
0.0000
  0
VERTEX
  8
16
 10
3.1564
 20
40.8977
 30
0.0000
 42
1.0000
  0
SEQEND
  8
0
  0
POLYLINE
  8
16
 66
1
 10
0.0000
 20
0.0000
 30
0.0000
 40
0.0000
 41
0.0000
 70
1
  0
VERTEX
  8
16
 10
2.7432
 20
39.3700
 30
0.0000
  0
VERTEX
  8
16
 10
2.7432
 20
39.6875
 30
0.0000
 42
1.0000
  0
VERTEX
  8
16
 10
2.3368
 20
39.6875
 30
0.0000
  0
VERTEX
  8
16
 10
2.3368
 20
39.3700
 30
0.0000
 42
1.0000
  0
SEQEND
  8
0
  0
POLYLINE
  8
16
 66
1
 10
0.0000
 20
0.0000
 30
0.0000
 40
0.0000
 41
0.0000
 70
1
  0
VERTEX
  8
16
 10
83.5025
 20
49.1998
 30
0.0000
  0
VERTEX
  8
16
 10
65.4050
 20
49.1998
 30
0.0000
 42
1.0000
  0
VERTEX
  8
16
 10
65.4050
 20
48.5902
 30
0.0000
  0
VERTEX
  8
16
 10
83.5025
 20
48.5902
 30
0.0000
 42
1.0000
  0
SEQEND
  8
0
  0
POLYLINE
  8
16
 66
1
 10
0.0000
 20
0.0000
 30
0.0000
 40
0.0000
 41
0.0000
 70
1
  0
VERTEX
  8
16
 10
65.1895
 20
49.1105
 30
0.0000
  0
VERTEX
  8
16
 10
63.6020
 20
47.5230
 30
0.0000
 42
1.0000
  0
VERTEX
  8
16
 10
64.0330
 20
47.0920
 30
0.0000
  0
VERTEX
  8
16
 10
65.6205
 20
48.6795
 30
0.0000
 42
1.0000
  0
SEQEND
  8
0
  0
POLYLINE
  8
16
 66
1
 10
0.0000
 20
0.0000
 30
0.0000
 40
0.0000
 41
0.0000
 70
1
  0
VERTEX
  8
16
 10
63.8175
 20
47.6123
 30
0.0000
  0
VERTEX
  8
16
 10
58.4200
 20
47.6123
 30
0.0000
 42
1.0000
  0
VERTEX
  8
16
 10
58.4200
 20
47.0027
 30
0.0000
  0
VERTEX
  8
16
 10
63.8175
 20
47.0027
 30
0.0000
 42
1.0000
  0
SEQEND
  8
0
  0
POLYLINE
  8
16
 66
1
 10
0.0000
 20
0.0000
 30
0.0000
 40
0.0000
 41
0.0000
 70
1
  0
VERTEX
  8
16
 10
58.2673
 20
47.5713
 30
0.0000
  0
VERTEX
  8
16
 10
52.2348
 20
44.0788
 30
0.0000
 42
1.0000
  0
VERTEX
  8
16
 10
52.5402
 20
43.5512
 30
0.0000
  0
VERTEX
  8
16
 10
58.5727
 20
47.0437
 30
0.0000
 42
1.0000
  0
SEQEND
  8
0
  0
POLYLINE
  8
16
 66
1
 10
0.0000
 20
0.0000
 30
0.0000
 40
0.0000
 41
0.0000
 70
1
  0
VERTEX
  8
16
 10
52.3875
 20
44.1198
 30
0.0000
  0
VERTEX
  8
16
 10
47.9425
 20
44.1198
 30
0.0000
 42
1.0000
  0
VERTEX
  8
16
 10
47.9425
 20
43.5102
 30
0.0000
  0
VERTEX
  8
16
 10
52.3875
 20
43.5102
 30
0.0000
 42
1.0000
  0
SEQEND
  8
0
  0
POLYLINE
  8
16
 66
1
 10
0.0000
 20
0.0000
 30
0.0000
 40
0.0000
 41
0.0000
 70
1
  0
VERTEX
  8
16
 10
48.1580
 20
44.0305
 30
0.0000
  0
VERTEX
  8
16
 10
44.6655
 20
47.5230
 30
0.0000
 42
1.0000
  0
VERTEX
  8
16
 10
44.2345
 20
47.0920
 30
0.0000
  0
VERTEX
  8
16
 10
47.7270
 20
43.5995
 30
0.0000
 42
1.0000
  0
SEQEND
  8
0
  0
POLYLINE
  8
16
 66
1
 10
0.0000
 20
0.0000
 30
0.0000
 40
0.0000
 41
0.0000
 70
1
  0
VERTEX
  8
16
 10
44.4500
 20
47.6123
 30
0.0000
  0
VERTEX
  8
16
 10
33.6525
 20
47.6123
 30
0.0000
 42
1.0000
  0
VERTEX
  8
16
 10
33.6525
 20
47.0027
 30
0.0000
  0
VERTEX
  8
16
 10
44.4500
 20
47.0027
 30
0.0000
 42
1.0000
  0
SEQEND
  8
0
  0
POLYLINE
  8
16
 66
1
 10
0.0000
 20
0.0000
 30
0.0000
 40
0.0000
 41
0.0000
 70
1
  0
VERTEX
  8
16
 10
35.8775
 20
39.6748
 30
0.0000
  0
VERTEX
  8
16
 10
35.2425
 20
39.6748
 30
0.0000
 42
1.0000
  0
VERTEX
  8
16
 10
35.2425
 20
39.0652
 30
0.0000
  0
VERTEX
  8
16
 10
35.8775
 20
39.0652
 30
0.0000
 42
1.0000
  0
SEQEND
  8
0
  0
POLYLINE
  8
16
 66
1
 10
0.0000
 20
0.0000
 30
0.0000
 40
0.0000
 41
0.0000
 70
1
  0
VERTEX
  8
16
 10
83.1977
 20
51.4350
 30
0.0000
  0
VERTEX
  8
16
 10
83.1977
 20
48.8950
 30
0.0000
 42
1.0000
  0
VERTEX
  8
16
 10
83.8073
 20
48.8950
 30
0.0000
  0
VERTEX
  8
16
 10
83.8073
 20
51.4350
 30
0.0000
 42
1.0000
  0
SEQEND
  8
0
  0
POLYLINE
  8
16
 66
1
 10
0.0000
 20
0.0000
 30
0.0000
 40
0.0000
 41
0.0000
 70
1
  0
VERTEX
  8
16
 10
87.0966
 20
49.0982
 30
0.0000
  0
VERTEX
  8
16
 10
86.9950
 20
49.0982
 30
0.0000
 42
1.0000
  0
VERTEX
  8
16
 10
86.9950
 20
48.6918
 30
0.0000
  0
VERTEX
  8
16
 10
87.0966
 20
48.6918
 30
0.0000
 42
1.0000
  0
SEQEND
  8
0
  0
POLYLINE
  8
16
 66
1
 10
0.0000
 20
0.0000
 30
0.0000
 40
0.0000
 41
0.0000
 70
1
  0
VERTEX
  8
16
 10
87.1982
 20
48.8950
 30
0.0000
  0
VERTEX
  8
16
 10
87.1982
 20
51.4350
 30
0.0000
 42
1.0000
  0
VERTEX
  8
16
 10
86.7918
 20
51.4350
 30
0.0000
  0
VERTEX
  8
16
 10
86.7918
 20
48.8950
 30
0.0000
 42
1.0000
  0
SEQEND
  8
0
  0
POLYLINE
  8
16
 66
1
 10
0.0000
 20
0.0000
 30
0.0000
 40
0.0000
 41
0.0000
 70
1
  0
VERTEX
  8
16
 10
69.5325
 20
8.5598
 30
0.0000
  0
VERTEX
  8
16
 10
66.7650
 20
8.5598
 30
0.0000
 42
1.0000
  0
VERTEX
  8
16
 10
66.7650
 20
7.9502
 30
0.0000
  0
VERTEX
  8
16
 10
69.5325
 20
7.9502
 30
0.0000
 42
1.0000
  0
SEQEND
  8
0
  0
POLYLINE
  8
16
 66
1
 10
0.0000
 20
0.0000
 30
0.0000
 40
0.0000
 41
0.0000
 70
1
  0
VERTEX
  8
16
 10
66.4602
 20
8.2550
 30
0.0000
  0
VERTEX
  8
16
 10
66.4602
 20
8.2500
 30
0.0000
 42
1.0000
  0
VERTEX
  8
16
 10
67.0698
 20
8.2500
 30
0.0000
  0
VERTEX
  8
16
 10
67.0698
 20
8.2550
 30
0.0000
 42
1.0000
  0
SEQEND
  8
0
  0
POLYLINE
  8
16
 66
1
 10
0.0000
 20
0.0000
 30
0.0000
 40
0.0000
 41
0.0000
 70
1
  0
VERTEX
  8
16
 10
65.6488
 20
5.5880
 30
0.0000
  0
VERTEX
  8
16
 10
65.6488
 20
6.8290
 30
0.0000
 42
1.0000
  0
VERTEX
  8
16
 10
65.0392
 20
6.8290
 30
0.0000
  0
VERTEX
  8
16
 10
65.0392
 20
5.5880
 30
0.0000
 42
1.0000
  0
SEQEND
  8
0
  0
POLYLINE
  8
16
 66
1
 10
0.0000
 20
0.0000
 30
0.0000
 40
0.0000
 41
0.0000
 70
1
  0
VERTEX
  8
16
 10
65.5595
 20
6.6135
 30
0.0000
  0
VERTEX
  8
16
 10
66.9805
 20
8.0345
 30
0.0000
 42
1.0000
  0
VERTEX
  8
16
 10
66.5495
 20
8.4655
 30
0.0000
  0
VERTEX
  8
16
 10
65.1285
 20
7.0445
 30
0.0000
 42
1.0000
  0
SEQEND
  8
0
  0
POLYLINE
  8
16
 66
1
 10
0.0000
 20
0.0000
 30
0.0000
 40
0.0000
 41
0.0000
 70
1
  0
VERTEX
  8
16
 10
77.5360
 20
11.2268
 30
0.0000
  0
VERTEX
  8
16
 10
74.9300
 20
11.2268
 30
0.0000
 42
1.0000
  0
VERTEX
  8
16
 10
74.9300
 20
10.6172
 30
0.0000
  0
VERTEX
  8
16
 10
77.5360
 20
10.6172
 30
0.0000
 42
1.0000
  0
SEQEND
  8
0
  0
POLYLINE
  8
16
 66
1
 10
0.0000
 20
0.0000
 30
0.0000
 40
0.0000
 41
0.0000
 70
1
  0
VERTEX
  8
16
 10
74.7145
 20
11.1375
 30
0.0000
  0
VERTEX
  8
16
 10
72.4285
 20
8.8515
 30
0.0000
 42
1.0000
  0
VERTEX
  8
16
 10
72.8595
 20
8.4205
 30
0.0000
  0
VERTEX
  8
16
 10
75.1455
 20
10.7065
 30
0.0000
 42
1.0000
  0
SEQEND
  8
0
  0
POLYLINE
  8
16
 66
1
 10
0.0000
 20
0.0000
 30
0.0000
 40
0.0000
 41
0.0000
 70
1
  0
VERTEX
  8
16
 10
72.6440
 20
8.9408
 30
0.0000
  0
VERTEX
  8
16
 10
69.9135
 20
8.9408
 30
0.0000
 42
1.0000
  0
VERTEX
  8
16
 10
69.9135
 20
8.3312
 30
0.0000
  0
VERTEX
  8
16
 10
72.6440
 20
8.3312
 30
0.0000
 42
1.0000
  0
SEQEND
  8
0
  0
POLYLINE
  8
16
 66
1
 10
0.0000
 20
0.0000
 30
0.0000
 40
0.0000
 41
0.0000
 70
1
  0
VERTEX
  8
16
 10
69.6980
 20
8.8515
 30
0.0000
  0
VERTEX
  8
16
 10
69.3170
 20
8.4705
 30
0.0000
 42
1.0000
  0
VERTEX
  8
16
 10
69.7480
 20
8.0395
 30
0.0000
  0
VERTEX
  8
16
 10
70.1290
 20
8.4205
 30
0.0000
 42
1.0000
  0
SEQEND
  8
0
  0
INSERT
  8
18
  2
ROUNDV
 10
60.0075
 20
10.1600
 30
0.0000
 41
0.9048
 42
0.9048
 43
1.0000
 50
0.0000
  0
INSERT
  8
18
  2
ROUNDV
 10
35.8775
 20
39.3700
 30
0.0000
 41
0.9048
 42
0.9048
 43
1.0000
 50
0.0000
  0
INSERT
  8
18
  2
ROUNDV
 10
86.9950
 20
51.4350
 30
0.0000
 41
0.9048
 42
0.9048
 43
1.0000
 50
0.0000
  0
POLYLINE
  8
16
 66
1
 10
0.0000
 20
0.0000
 30
0.0000
 40
0.0000
 41
0.0000
 70
1
  0
VERTEX
  8
16
 10
0.0000
 20
55.1180
 30
0.0000
  0
VERTEX
  8
16
 10
95.8850
 20
55.1180
 30
0.0000
 42
1.0000
  0
VERTEX
  8
16
 10
95.8850
 20
55.3720
 30
0.0000
  0
VERTEX
  8
16
 10
0.0000
 20
55.3720
 30
0.0000
 42
1.0000
  0
SEQEND
  8
0
  0
POLYLINE
  8
16
 66
1
 10
0.0000
 20
0.0000
 30
0.0000
 40
0.0000
 41
0.0000
 70
1
  0
VERTEX
  8
16
 10
95.7580
 20
55.2450
 30
0.0000
  0
VERTEX
  8
16
 10
95.7580
 20
0.0000
 30
0.0000
 42
1.0000
  0
VERTEX
  8
16
 10
96.0120
 20
0.0000
 30
0.0000
  0
VERTEX
  8
16
 10
96.0120
 20
55.2450
 30
0.0000
 42
1.0000
  0
SEQEND
  8
0
  0
POLYLINE
  8
16
 66
1
 10
0.0000
 20
0.0000
 30
0.0000
 40
0.0000
 41
0.0000
 70
1
  0
VERTEX
  8
16
 10
95.8850
 20
0.1270
 30
0.0000
  0
VERTEX
  8
16
 10
0.0000
 20
0.1270
 30
0.0000
 42
1.0000
  0
VERTEX
  8
16
 10
0.0000
 20
-0.1270
 30
0.0000
  0
VERTEX
  8
16
 10
95.8850
 20
-0.1270
 30
0.0000
 42
1.0000
  0
SEQEND
  8
0
  0
POLYLINE
  8
16
 66
1
 10
0.0000
 20
0.0000
 30
0.0000
 40
0.0000
 41
0.0000
 70
1
  0
VERTEX
  8
16
 10
0.1270
 20
0.0000
 30
0.0000
  0
VERTEX
  8
16
 10
0.1270
 20
55.2450
 30
0.0000
 42
1.0000
  0
VERTEX
  8
16
 10
-0.1270
 20
55.2450
 30
0.0000
  0
VERTEX
  8
16
 10
-0.1270
 20
0.0000
 30
0.0000
 42
1.0000
  0
SEQEND
  8
0
  0
POLYLINE
  8
16
 66
1
 10
0.0000
 20
0.0000
 30
0.0000
 40
0.0000
 41
0.0000
 70
1
  0
VERTEX
  8
16
 10
33.2355
 20
27.4070
 30
0.0000
  0
VERTEX
  8
16
 10
35.1405
 20
29.3120
 30
0.0000
 42
1.0000
  0
VERTEX
  8
16
 10
34.7095
 20
29.7430
 30
0.0000
  0
VERTEX
  8
16
 10
32.8045
 20
27.8380
 30
0.0000
 42
1.0000
  0
SEQEND
  8
0
  0
POLYLINE
  8
16
 66
1
 10
0.0000
 20
0.0000
 30
0.0000
 40
0.0000
 41
0.0000
 70
1
  0
VERTEX
  8
16
 10
34.9250
 20
28.8925
 30
0.0000
  0
VERTEX
  8
16
 10
42.8625
 20
28.8925
 30
0.0000
 42
1.0000
  0
VERTEX
  8
16
 10
42.8625
 20
30.1625
 30
0.0000
  0
VERTEX
  8
16
 10
34.9250
 20
30.1625
 30
0.0000
 42
1.0000
  0
SEQEND
  8
0
  0
INSERT
  8
18
  2
ROUNDV
 10
22.5425
 20
32.7025
 30
0.0000
 41
0.9048
 42
0.9048
 43
1.0000
 50
0.0000
  0
INSERT
  8
18
  2
ROUNDV
 10
21.2725
 20
27.6225
 30
0.0000
 41
0.9048
 42
0.9048
 43
1.0000
 50
0.0000
  0
INSERT
  8
18
  2
ROUNDV
 10
58.1025
 20
45.4025
 30
0.0000
 41
0.9048
 42
0.9048
 43
1.0000
 50
0.0000
  0
INSERT
  8
18
  2
ROUNDV
 10
57.5945
 20
48.3235
 30
0.0000
 41
0.9048
 42
0.9048
 43
1.0000
 50
0.0000
  0
INSERT
  8
18
  2
ROUNDV
 10
59.3725
 20
46.0375
 30
0.0000
 41
0.9048
 42
0.9048
 43
1.0000
 50
0.0000
  0
POLYLINE
  8
16
 66
1
 10
0.0000
 20
0.0000
 30
0.0000
 40
0.0000
 41
0.0000
 70
1
  0
VERTEX
  8
16
 10
65.8212
 20
35.9218
 30
0.0000
  0
VERTEX
  8
16
 10
64.6912
 20
35.7443
 30
0.0000
 42
1.0000
  0
VERTEX
  8
16
 10
64.8488
 20
34.7407
 30
0.0000
  0
VERTEX
  8
16
 10
65.9788
 20
34.9182
 30
0.0000
 42
1.0000
  0
SEQEND
  8
0
  0
POLYLINE
  8
16
 66
1
 10
0.0000
 20
0.0000
 30
0.0000
 40
0.0000
 41
0.0000
 70
1
  0
VERTEX
  8
16
 10
64.7700
 20
35.7505
 30
0.0000
  0
VERTEX
  8
16
 10
60.6425
 20
35.7505
 30
0.0000
 42
1.0000
  0
VERTEX
  8
16
 10
60.6425
 20
34.7345
 30
0.0000
  0
VERTEX
  8
16
 10
64.7700
 20
34.7345
 30
0.0000
 42
1.0000
  0
SEQEND
  8
0
  0
POLYLINE
  8
16
 66
1
 10
0.0000
 20
0.0000
 30
0.0000
 40
0.0000
 41
0.0000
 70
1
  0
VERTEX
  8
16
 10
60.3445
 20
35.6539
 30
0.0000
  0
VERTEX
  8
16
 10
58.1220
 20
34.0439
 30
0.0000
 42
1.0000
  0
VERTEX
  8
16
 10
58.7180
 20
33.2211
 30
0.0000
  0
VERTEX
  8
16
 10
60.9405
 20
34.8311
 30
0.0000
 42
1.0000
  0
SEQEND
  8
0
  0
POLYLINE
  8
16
 66
1
 10
0.0000
 20
0.0000
 30
0.0000
 40
0.0000
 41
0.0000
 70
1
  0
VERTEX
  8
16
 10
57.9257
 20
33.7495
 30
0.0000
  0
VERTEX
  8
16
 10
57.7807
 20
33.1370
 30
0.0000
 42
1.0000
  0
VERTEX
  8
16
 10
58.7693
 20
32.9030
 30
0.0000
  0
VERTEX
  8
16
 10
58.9143
 20
33.5155
 30
0.0000
 42
1.0000
  0
SEQEND
  8
0
  0
POLYLINE
  8
16
 66
1
 10
0.0000
 20
0.0000
 30
0.0000
 40
0.0000
 41
0.0000
 70
1
  0
VERTEX
  8
16
 10
70.8326
 20
22.5124
 30
0.0000
  0
VERTEX
  8
16
 10
67.9751
 20
19.6549
 30
0.0000
 42
1.0000
  0
VERTEX
  8
16
 10
68.5499
 20
19.0801
 30
0.0000
  0
VERTEX
  8
16
 10
71.4074
 20
21.9376
 30
0.0000
 42
1.0000
  0
SEQEND
  8
0
  0
POLYLINE
  8
16
 66
1
 10
0.0000
 20
0.0000
 30
0.0000
 40
0.0000
 41
0.0000
 70
1
  0
VERTEX
  8
16
 10
6.6114
 20
10.7950
 30
0.0000
  0
VERTEX
  8
16
 10
6.6114
 20
13.9700
 30
0.0000
 42
1.0000
  0
VERTEX
  8
16
 10
5.7986
 20
13.9700
 30
0.0000
  0
VERTEX
  8
16
 10
5.7986
 20
10.7950
 30
0.0000
 42
1.0000
  0
SEQEND
  8
0
  0
POLYLINE
  8
16
 66
1
 10
0.0000
 20
0.0000
 30
0.0000
 40
0.0000
 41
0.0000
 70
1
  0
VERTEX
  8
16
 10
5.9176
 20
7.3326
 30
0.0000
  0
VERTEX
  8
16
 10
6.0626
 20
7.1876
 30
0.0000
 42
1.0000
  0
VERTEX
  8
16
 10
6.6374
 20
7.7624
 30
0.0000
  0
VERTEX
  8
16
 10
6.4924
 20
7.9074
 30
0.0000
 42
1.0000
  0
SEQEND
  8
0
  0
POLYLINE
  8
16
 66
1
 10
0.0000
 20
0.0000
 30
0.0000
 40
0.0000
 41
0.0000
 70
1
  0
VERTEX
  8
16
 10
5.9436
 20
7.4750
 30
0.0000
  0
VERTEX
  8
16
 10
5.9436
 20
5.3975
 30
0.0000
 42
1.0000
  0
VERTEX
  8
16
 10
6.7564
 20
5.3975
 30
0.0000
  0
VERTEX
  8
16
 10
6.7564
 20
7.4750
 30
0.0000
 42
1.0000
  0
SEQEND
  8
0
  0
POLYLINE
  8
16
 66
1
 10
0.0000
 20
0.0000
 30
0.0000
 40
0.0000
 41
0.0000
 70
1
  0
VERTEX
  8
16
 10
63.9064
 20
8.5725
 30
0.0000
  0
VERTEX
  8
16
 10
63.9064
 20
16.8275
 30
0.0000
 42
1.0000
  0
VERTEX
  8
16
 10
63.0936
 20
16.8275
 30
0.0000
  0
VERTEX
  8
16
 10
63.0936
 20
8.5725
 30
0.0000
 42
1.0000
  0
SEQEND
  8
0
  0
POLYLINE
  8
16
 66
1
 10
0.0000
 20
0.0000
 30
0.0000
 40
0.0000
 41
0.0000
 70
1
  0
VERTEX
  8
16
 10
63.7874
 20
16.5401
 30
0.0000
  0
VERTEX
  8
16
 10
66.3274
 20
19.0801
 30
0.0000
 42
1.0000
  0
VERTEX
  8
16
 10
65.7526
 20
19.6549
 30
0.0000
  0
VERTEX
  8
16
 10
63.2126
 20
17.1149
 30
0.0000
 42
1.0000
  0
SEQEND
  8
0
  0
POLYLINE
  8
16
 66
1
 10
0.0000
 20
0.0000
 30
0.0000
 40
0.0000
 41
0.0000
 70
1
  0
VERTEX
  8
16
 10
66.0400
 20
18.9611
 30
0.0000
  0
VERTEX
  8
16
 10
68.2625
 20
18.9611
 30
0.0000
 42
1.0000
  0
VERTEX
  8
16
 10
68.2625
 20
19.7739
 30
0.0000
  0
VERTEX
  8
16
 10
66.0400
 20
19.7739
 30
0.0000
 42
1.0000
  0
SEQEND
  8
0
  0
POLYLINE
  8
16
 66
1
 10
0.0000
 20
0.0000
 30
0.0000
 40
0.0000
 41
0.0000
 70
1
  0
VERTEX
  8
16
 10
6.6114
 20
7.6200
 30
0.0000
  0
VERTEX
  8
16
 10
6.6114
 20
10.7950
 30
0.0000
 42
1.0000
  0
VERTEX
  8
16
 10
5.7986
 20
10.7950
 30
0.0000
  0
VERTEX
  8
16
 10
5.7986
 20
7.6200
 30
0.0000
 42
1.0000
  0
SEQEND
  8
0
  0
POLYLINE
  8
16
 66
1
 10
0.0000
 20
0.0000
 30
0.0000
 40
0.0000
 41
0.0000
 70
1
  0
VERTEX
  8
16
 10
65.9000
 20
34.9120
 30
0.0000
  0
VERTEX
  8
16
 10
65.9350
 20
34.9120
 30
0.0000
 42
1.0000
  0
VERTEX
  8
16
 10
65.9350
 20
35.9280
 30
0.0000
  0
VERTEX
  8
16
 10
65.9000
 20
35.9280
 30
0.0000
 42
1.0000
  0
SEQEND
  8
0
  0
POLYLINE
  8
16
 66
1
 10
0.0000
 20
0.0000
 30
0.0000
 40
0.0000
 41
0.0000
 70
1
  0
VERTEX
  8
16
 10
66.2942
 20
35.0608
 30
0.0000
  0
VERTEX
  8
16
 10
67.1242
 20
35.8908
 30
0.0000
 42
1.0000
  0
VERTEX
  8
16
 10
66.4058
 20
36.6092
 30
0.0000
  0
VERTEX
  8
16
 10
65.5758
 20
35.7792
 30
0.0000
 42
1.0000
  0
SEQEND
  8
0
  0
INSERT
  8
18
  2
ROUNDV
 10
71.1200
 20
22.2250
 30
0.0000
 41
0.9048
 42
0.9048
 43
1.0000
 50
0.0000
  0
INSERT
  8
18
  2
ROUNDV
 10
6.3500
 20
5.3975
 30
0.0000
 41
0.9048
 42
0.9048
 43
1.0000
 50
0.0000
  0
INSERT
  8
18
  2
ROUNDV
 10
63.5000
 20
8.5725
 30
0.0000
 41
0.9048
 42
0.9048
 43
1.0000
 50
0.0000
  0
POLYLINE
  8
16
 66
1
 10
0.0000
 20
0.0000
 30
0.0000
 40
0.0000
 41
0.0000
 70
1
  0
VERTEX
  8
16
 10
8.0250
 20
41.5670
 30
0.0000
  0
VERTEX
  8
16
 10
4.8475
 20
42.5195
 30
0.0000
 42
1.0000
  0
VERTEX
  8
16
 10
4.6725
 20
41.9355
 30
0.0000
  0
VERTEX
  8
16
 10
7.8500
 20
40.9830
 30
0.0000
 42
1.0000
  0
SEQEND
  8
0
  0
POLYLINE
  8
16
 66
1
 10
0.0000
 20
0.0000
 30
0.0000
 40
0.0000
 41
0.0000
 70
1
  0
VERTEX
  8
16
 10
18.0005
 20
37.6155
 30
0.0000
  0
VERTEX
  8
16
 10
17.3005
 20
38.3155
 30
0.0000
 42
1.0000
  0
VERTEX
  8
16
 10
16.8695
 20
37.8845
 30
0.0000
  0
VERTEX
  8
16
 10
17.5695
 20
37.1845
 30
0.0000
 42
1.0000
  0
SEQEND
  8
0
  0
POLYLINE
  8
16
 66
1
 10
0.0000
 20
0.0000
 30
0.0000
 40
0.0000
 41
0.0000
 70
1
  0
VERTEX
  8
16
 10
17.0850
 20
38.4048
 30
0.0000
  0
VERTEX
  8
16
 10
13.9700
 20
38.4048
 30
0.0000
 42
1.0000
  0
VERTEX
  8
16
 10
13.9700
 20
37.7952
 30
0.0000
  0
VERTEX
  8
16
 10
17.0850
 20
37.7952
 30
0.0000
 42
1.0000
  0
SEQEND
  8
0
  0
POLYLINE
  8
16
 66
1
 10
0.0000
 20
0.0000
 30
0.0000
 40
0.0000
 41
0.0000
 70
1
  0
VERTEX
  8
16
 10
14.1651
 20
38.3342
 30
0.0000
  0
VERTEX
  8
16
 10
10.3551
 20
41.5092
 30
0.0000
 42
1.0000
  0
VERTEX
  8
16
 10
9.9649
 20
41.0408
 30
0.0000
  0
VERTEX
  8
16
 10
13.7749
 20
37.8658
 30
0.0000
 42
1.0000
  0
SEQEND
  8
0
  0
POLYLINE
  8
16
 66
1
 10
0.0000
 20
0.0000
 30
0.0000
 40
0.0000
 41
0.0000
 70
1
  0
VERTEX
  8
16
 10
10.1600
 20
41.5798
 30
0.0000
  0
VERTEX
  8
16
 10
7.9375
 20
41.5798
 30
0.0000
 42
1.0000
  0
VERTEX
  8
16
 10
7.9375
 20
40.9702
 30
0.0000
  0
VERTEX
  8
16
 10
10.1600
 20
40.9702
 30
0.0000
 42
1.0000
  0
SEQEND
  8
0
  0
POLYLINE
  8
16
 66
1
 10
0.0000
 20
0.0000
 30
0.0000
 40
0.0000
 41
0.0000
 70
1
  0
VERTEX
  8
16
 10
80.9625
 20
41.7068
 30
0.0000
  0
VERTEX
  8
16
 10
84.4550
 20
41.7068
 30
0.0000
 42
1.0000
  0
VERTEX
  8
16
 10
84.4550
 20
42.1132
 30
0.0000
  0
VERTEX
  8
16
 10
80.9625
 20
42.1132
 30
0.0000
 42
1.0000
  0
SEQEND
  8
0
  0
POLYLINE
  8
16
 66
1
 10
0.0000
 20
0.0000
 30
0.0000
 40
0.0000
 41
0.0000
 70
1
  0
VERTEX
  8
16
 10
84.3641
 20
41.7283
 30
0.0000
  0
VERTEX
  8
16
 10
85.6341
 20
41.0933
 30
0.0000
 42
1.0000
  0
VERTEX
  8
16
 10
85.8159
 20
41.4567
 30
0.0000
  0
VERTEX
  8
16
 10
84.5459
 20
42.0917
 30
0.0000
 42
1.0000
  0
SEQEND
  8
0
  0
POLYLINE
  8
16
 66
1
 10
0.0000
 20
0.0000
 30
0.0000
 40
0.0000
 41
0.0000
 70
1
  0
VERTEX
  8
16
 10
85.7250
 20
41.0718
 30
0.0000
  0
VERTEX
  8
16
 10
87.0966
 20
41.0718
 30
0.0000
 42
1.0000
  0
VERTEX
  8
16
 10
87.0966
 20
41.4782
 30
0.0000
  0
VERTEX
  8
16
 10
85.7250
 20
41.4782
 30
0.0000
 42
1.0000
  0
SEQEND
  8
0
  0
INSERT
  8
18
  2
ROUNDV
 10
80.9625
 20
41.9100
 30
0.0000
 41
0.9048
 42
0.9048
 43
1.0000
 50
0.0000
  0
POLYLINE
  8
16
 66
1
 10
0.0000
 20
0.0000
 30
0.0000
 40
0.0000
 41
0.0000
 70
1
  0
VERTEX
  8
16
 10
8.0506
 20
44.0980
 30
0.0000
  0
VERTEX
  8
16
 10
4.8731
 20
45.3680
 30
0.0000
 42
1.0000
  0
VERTEX
  8
16
 10
4.6469
 20
44.8020
 30
0.0000
  0
VERTEX
  8
16
 10
7.8244
 20
43.5320
 30
0.0000
 42
1.0000
  0
SEQEND
  8
0
  0
POLYLINE
  8
16
 66
1
 10
0.0000
 20
0.0000
 30
0.0000
 40
0.0000
 41
0.0000
 70
1
  0
VERTEX
  8
16
 10
18.0005
 20
41.5755
 30
0.0000
  0
VERTEX
  8
16
 10
17.7680
 20
41.8080
 30
0.0000
 42
1.0000
  0
VERTEX
  8
16
 10
17.3370
 20
41.3770
 30
0.0000
  0
VERTEX
  8
16
 10
17.5695
 20
41.1445
 30
0.0000
 42
1.0000
  0
SEQEND
  8
0
  0
POLYLINE
  8
16
 66
1
 10
0.0000
 20
0.0000
 30
0.0000
 40
0.0000
 41
0.0000
 70
1
  0
VERTEX
  8
16
 10
17.5525
 20
41.8973
 30
0.0000
  0
VERTEX
  8
16
 10
13.6525
 20
41.8973
 30
0.0000
 42
1.0000
  0
VERTEX
  8
16
 10
13.6525
 20
41.2877
 30
0.0000
  0
VERTEX
  8
16
 10
17.5525
 20
41.2877
 30
0.0000
 42
1.0000
  0
SEQEND
  8
0
  0
POLYLINE
  8
16
 66
1
 10
0.0000
 20
0.0000
 30
0.0000
 40
0.0000
 41
0.0000
 70
1
  0
VERTEX
  8
16
 10
13.8396
 20
41.8331
 30
0.0000
  0
VERTEX
  8
16
 10
10.9821
 20
44.0556
 30
0.0000
 42
1.0000
  0
VERTEX
  8
16
 10
10.6079
 20
43.5744
 30
0.0000
  0
VERTEX
  8
16
 10
13.4654
 20
41.3519
 30
0.0000
 42
1.0000
  0
SEQEND
  8
0
  0
POLYLINE
  8
16
 66
1
 10
0.0000
 20
0.0000
 30
0.0000
 40
0.0000
 41
0.0000
 70
1
  0
VERTEX
  8
16
 10
10.7950
 20
44.1198
 30
0.0000
  0
VERTEX
  8
16
 10
7.9375
 20
44.1198
 30
0.0000
 42
1.0000
  0
VERTEX
  8
16
 10
7.9375
 20
43.5102
 30
0.0000
  0
VERTEX
  8
16
 10
10.7950
 20
43.5102
 30
0.0000
 42
1.0000
  0
SEQEND
  8
0
  0
POLYLINE
  8
16
 66
1
 10
0.0000
 20
0.0000
 30
0.0000
 40
0.0000
 41
0.0000
 70
1
  0
VERTEX
  8
16
 10
87.0966
 20
45.2882
 30
0.0000
  0
VERTEX
  8
16
 10
84.7725
 20
45.2882
 30
0.0000
 42
1.0000
  0
VERTEX
  8
16
 10
84.7725
 20
44.8818
 30
0.0000
  0
VERTEX
  8
16
 10
87.0966
 20
44.8818
 30
0.0000
 42
1.0000
  0
SEQEND
  8
0
  0
POLYLINE
  8
16
 66
1
 10
0.0000
 20
0.0000
 30
0.0000
 40
0.0000
 41
0.0000
 70
1
  0
VERTEX
  8
16
 10
84.6816
 20
45.2667
 30
0.0000
  0
VERTEX
  8
16
 10
84.0466
 20
44.9492
 30
0.0000
 42
1.0000
  0
VERTEX
  8
16
 10
84.2284
 20
44.5858
 30
0.0000
  0
VERTEX
  8
16
 10
84.8634
 20
44.9033
 30
0.0000
 42
1.0000
  0
SEQEND
  8
0
  0
POLYLINE
  8
16
 66
1
 10
0.0000
 20
0.0000
 30
0.0000
 40
0.0000
 41
0.0000
 70
1
  0
VERTEX
  8
16
 10
84.1375
 20
44.9707
 30
0.0000
  0
VERTEX
  8
16
 10
83.8200
 20
44.9707
 30
0.0000
 42
1.0000
  0
VERTEX
  8
16
 10
83.8200
 20
44.5643
 30
0.0000
  0
VERTEX
  8
16
 10
84.1375
 20
44.5643
 30
0.0000
 42
1.0000
  0
SEQEND
  8
0
  0
INSERT
  8
18
  2
ROUNDV
 10
83.8200
 20
44.7675
 30
0.0000
 41
0.9048
 42
0.9048
 43
1.0000
 50
0.0000
  0
POLYLINE
  8
16
 66
1
 10
0.0000
 20
0.0000
 30
0.0000
 40
0.0000
 41
0.0000
 70
1
  0
VERTEX
  8
16
 10
69.5325
 20
29.5148
 30
0.0000
  0
VERTEX
  8
16
 10
66.8050
 20
29.5148
 30
0.0000
 42
1.0000
  0
VERTEX
  8
16
 10
66.8050
 20
28.9052
 30
0.0000
  0
VERTEX
  8
16
 10
69.5325
 20
28.9052
 30
0.0000
 42
1.0000
  0
SEQEND
  8
0
  0
POLYLINE
  8
16
 66
1
 10
0.0000
 20
0.0000
 30
0.0000
 40
0.0000
 41
0.0000
 70
1
  0
VERTEX
  8
16
 10
67.0205
 20
29.4255
 30
0.0000
  0
VERTEX
  8
16
 10
66.9805
 20
29.4655
 30
0.0000
 42
1.0000
  0
VERTEX
  8
16
 10
66.5495
 20
29.0345
 30
0.0000
  0
VERTEX
  8
16
 10
66.5895
 20
28.9945
 30
0.0000
 42
1.0000
  0
SEQEND
  8
0
  0
POLYLINE
  8
16
 66
1
 10
0.0000
 20
0.0000
 30
0.0000
 40
0.0000
 41
0.0000
 70
1
  0
VERTEX
  8
16
 10
12.5237
 20
27.6187
 30
0.0000
  0
VERTEX
  8
16
 10
12.3762
 20
27.7662
 30
0.0000
 42
1.0000
  0
VERTEX
  8
16
 10
12.0888
 20
27.4788
 30
0.0000
  0
VERTEX
  8
16
 10
12.2363
 20
27.3313
 30
0.0000
 42
1.0000
  0
SEQEND
  8
0
  0
POLYLINE
  8
16
 66
1
 10
0.0000
 20
0.0000
 30
0.0000
 40
0.0000
 41
0.0000
 70
1
  0
VERTEX
  8
16
 10
12.0298
 20
27.6088
 30
0.0000
  0
VERTEX
  8
16
 10
12.1798
 20
25.3863
 30
0.0000
 42
1.0000
  0
VERTEX
  8
16
 10
12.5852
 20
25.4137
 30
0.0000
  0
VERTEX
  8
16
 10
12.4352
 20
27.6362
 30
0.0000
 42
1.0000
  0
SEQEND
  8
0
  0
POLYLINE
  8
16
 66
1
 10
0.0000
 20
0.0000
 30
0.0000
 40
0.0000
 41
0.0000
 70
1
  0
VERTEX
  8
16
 10
82.5500
 20
35.9918
 30
0.0000
  0
VERTEX
  8
16
 10
84.7750
 20
35.9918
 30
0.0000
 42
1.0000
  0
VERTEX
  8
16
 10
84.7750
 20
36.3982
 30
0.0000
  0
VERTEX
  8
16
 10
82.5500
 20
36.3982
 30
0.0000
 42
1.0000
  0
SEQEND
  8
0
  0
INSERT
  8
18
  2
ROUNDV
 10
12.3825
 20
25.4000
 30
0.0000
 41
0.9048
 42
0.9048
 43
1.0000
 50
0.0000
  0
INSERT
  8
18
  2
ROUNDV
 10
82.5500
 20
36.1950
 30
0.0000
 41
0.9048
 42
0.9048
 43
1.0000
 50
0.0000
  0
POLYLINE
  8
16
 66
1
 10
0.0000
 20
0.0000
 30
0.0000
 40
0.0000
 41
0.0000
 70
1
  0
VERTEX
  8
16
 10
86.3702
 20
36.1950
 30
0.0000
  0
VERTEX
  8
16
 10
86.3702
 20
34.9250
 30
0.0000
 42
1.0000
  0
VERTEX
  8
16
 10
86.9798
 20
34.9250
 30
0.0000
  0
VERTEX
  8
16
 10
86.9798
 20
36.1950
 30
0.0000
 42
1.0000
  0
SEQEND
  8
0
  0
POLYLINE
  8
16
 66
1
 10
0.0000
 20
0.0000
 30
0.0000
 40
0.0000
 41
0.0000
 70
1
  0
VERTEX
  8
16
 10
86.6750
 20
34.6202
 30
0.0000
  0
VERTEX
  8
16
 10
89.8550
 20
34.6202
 30
0.0000
 42
1.0000
  0
VERTEX
  8
16
 10
89.8550
 20
35.2298
 30
0.0000
  0
VERTEX
  8
16
 10
86.6750
 20
35.2298
 30
0.0000
 42
1.0000
  0
SEQEND
  8
0
  0
POLYLINE
  8
16
 66
1
 10
0.0000
 20
0.0000
 30
0.0000
 40
0.0000
 41
0.0000
 70
1
  0
VERTEX
  8
16
 10
93.2434
 20
46.5582
 30
0.0000
  0
VERTEX
  8
16
 10
91.1225
 20
46.5582
 30
0.0000
 42
1.0000
  0
VERTEX
  8
16
 10
91.1225
 20
46.1518
 30
0.0000
  0
VERTEX
  8
16
 10
93.2434
 20
46.1518
 30
0.0000
 42
1.0000
  0
SEQEND
  8
0
  0
POLYLINE
  8
16
 66
1
 10
0.0000
 20
0.0000
 30
0.0000
 40
0.0000
 41
0.0000
 70
1
  0
VERTEX
  8
16
 10
91.2948
 20
46.4627
 30
0.0000
  0
VERTEX
  8
16
 10
89.7073
 20
49.0027
 30
0.0000
 42
1.0000
  0
VERTEX
  8
16
 10
89.3627
 20
48.7873
 30
0.0000
  0
VERTEX
  8
16
 10
90.9502
 20
46.2473
 30
0.0000
 42
1.0000
  0
SEQEND
  8
0
  0
POLYLINE
  8
16
 66
1
 10
0.0000
 20
0.0000
 30
0.0000
 40
0.0000
 41
0.0000
 70
1
  0
VERTEX
  8
16
 10
89.7249
 20
48.9672
 30
0.0000
  0
VERTEX
  8
16
 10
89.4074
 20
49.8022
 30
0.0000
 42
1.0000
  0
VERTEX
  8
16
 10
89.0276
 20
49.6578
 30
0.0000
  0
VERTEX
  8
16
 10
89.3451
 20
48.8228
 30
0.0000
 42
1.0000
  0
SEQEND
  8
0
  0
POLYLINE
  8
16
 66
1
 10
0.0000
 20
0.0000
 30
0.0000
 40
0.0000
 41
0.0000
 70
1
  0
VERTEX
  8
16
 10
86.6944
 20
38.1481
 30
0.0000
  0
VERTEX
  8
16
 10
86.3744
 20
36.2456
 30
0.0000
 42
1.0000
  0
VERTEX
  8
16
 10
86.9756
 20
36.1444
 30
0.0000
  0
VERTEX
  8
16
 10
87.2956
 20
38.0469
 30
0.0000
 42
1.0000
  0
SEQEND
  8
0
  0
POLYLINE
  8
16
 66
1
 10
0.0000
 20
0.0000
 30
0.0000
 40
0.0000
 41
0.0000
 70
1
  0
VERTEX
  8
16
 10
88.2280
 20
50.1263
 30
0.0000
  0
VERTEX
  8
16
 10
89.0280
 20
49.4913
 30
0.0000
 42
1.0000
  0
VERTEX
  8
16
 10
89.4070
 20
49.9687
 30
0.0000
  0
VERTEX
  8
16
 10
88.6070
 20
50.6037
 30
0.0000
 42
1.0000
  0
SEQEND
  8
0
  0
INSERT
  8
18
  2
ROUNDV
 10
86.9950
 20
38.0975
 30
0.0000
 41
0.9048
 42
0.9048
 43
1.0000
 50
0.0000
  0
INSERT
  8
18
  2
ROUNDV
 10
88.4175
 20
50.3650
 30
0.0000
 41
0.9048
 42
0.9048
 43
1.0000
 50
0.0000
  0
POLYLINE
  8
16
 66
1
 10
0.0000
 20
0.0000
 30
0.0000
 40
0.0000
 41
0.0000
 70
1
  0
VERTEX
  8
16
 10
9.9830
 20
32.6051
 30
0.0000
  0
VERTEX
  8
16
 10
10.6180
 20
31.4801
 30
0.0000
 42
1.0000
  0
VERTEX
  8
16
 10
10.9720
 20
31.6799
 30
0.0000
  0
VERTEX
  8
16
 10
10.3370
 20
32.8049
 30
0.0000
 42
1.0000
  0
SEQEND
  8
0
  0
POLYLINE
  8
16
 66
1
 10
0.0000
 20
0.0000
 30
0.0000
 40
0.0000
 41
0.0000
 70
1
  0
VERTEX
  8
16
 10
10.6022
 20
31.5157
 30
0.0000
  0
VERTEX
  8
16
 10
11.2372
 20
29.6107
 30
0.0000
 42
1.0000
  0
VERTEX
  8
16
 10
11.6228
 20
29.7393
 30
0.0000
  0
VERTEX
  8
16
 10
10.9878
 20
31.6443
 30
0.0000
 42
1.0000
  0
SEQEND
  8
0
  0
POLYLINE
  8
16
 66
1
 10
0.0000
 20
0.0000
 30
0.0000
 40
0.0000
 41
0.0000
 70
1
  0
VERTEX
  8
16
 10
3.1750
 20
19.3675
 30
0.0000
  0
VERTEX
  8
16
 10
3.1750
 20
21.9075
 30
0.0000
 42
1.0000
  0
VERTEX
  8
16
 10
1.9050
 20
21.9075
 30
0.0000
  0
VERTEX
  8
16
 10
1.9050
 20
19.3675
 30
0.0000
 42
1.0000
  0
SEQEND
  8
0
  0
POLYLINE
  8
16
 66
1
 10
0.0000
 20
0.0000
 30
0.0000
 40
0.0000
 41
0.0000
 70
1
  0
VERTEX
  8
16
 10
6.6650
 20
35.3568
 30
0.0000
  0
VERTEX
  8
16
 10
8.2550
 20
35.3568
 30
0.0000
 42
1.0000
  0
VERTEX
  8
16
 10
8.2550
 20
35.7632
 30
0.0000
  0
VERTEX
  8
16
 10
6.6650
 20
35.7632
 30
0.0000
 42
1.0000
  0
SEQEND
  8
0
  0
POLYLINE
  8
16
 66
1
 10
0.0000
 20
0.0000
 30
0.0000
 40
0.0000
 41
0.0000
 70
1
  0
VERTEX
  8
16
 10
8.2550
 20
35.3568
 30
0.0000
  0
VERTEX
  8
16
 10
9.2050
 20
35.3568
 30
0.0000
 42
1.0000
  0
VERTEX
  8
16
 10
9.2050
 20
35.7632
 30
0.0000
  0
VERTEX
  8
16
 10
8.2550
 20
35.7632
 30
0.0000
 42
1.0000
  0
SEQEND
  8
0
  0
POLYLINE
  8
16
 66
1
 10
0.0000
 20
0.0000
 30
0.0000
 40
0.0000
 41
0.0000
 70
1
  0
VERTEX
  8
16
 10
9.0613
 20
35.4163
 30
0.0000
  0
VERTEX
  8
16
 10
10.0163
 20
34.4613
 30
0.0000
 42
1.0000
  0
VERTEX
  8
16
 10
10.3037
 20
34.7487
 30
0.0000
  0
VERTEX
  8
16
 10
9.3487
 20
35.7037
 30
0.0000
 42
1.0000
  0
SEQEND
  8
0
  0
POLYLINE
  8
16
 66
1
 10
0.0000
 20
0.0000
 30
0.0000
 40
0.0000
 41
0.0000
 70
1
  0
VERTEX
  8
16
 10
8.2296
 20
26.1112
 30
0.0000
  0
VERTEX
  8
16
 10
8.2296
 20
29.6164
 30
0.0000
 42
1.0000
  0
VERTEX
  8
16
 10
7.8232
 20
29.6164
 30
0.0000
  0
VERTEX
  8
16
 10
7.8232
 20
26.1112
 30
0.0000
 42
1.0000
  0
SEQEND
  8
0
  0
POLYLINE
  8
16
 66
1
 10
0.0000
 20
0.0000
 30
0.0000
 40
0.0000
 41
0.0000
 70
1
  0
VERTEX
  8
16
 10
8.2228
 20
29.5644
 30
0.0000
  0
VERTEX
  8
16
 10
8.4514
 20
30.4280
 30
0.0000
 42
1.0000
  0
VERTEX
  8
16
 10
8.0586
 20
30.5320
 30
0.0000
  0
VERTEX
  8
16
 10
7.8300
 20
29.6684
 30
0.0000
 42
1.0000
  0
SEQEND
  8
0
  0
POLYLINE
  8
16
 66
1
 10
0.0000
 20
0.0000
 30
0.0000
 40
0.0000
 41
0.0000
 70
1
  0
VERTEX
  8
16
 10
8.4582
 20
30.4800
 30
0.0000
  0
VERTEX
  8
16
 10
8.4582
 20
35.5600
 30
0.0000
 42
1.0000
  0
VERTEX
  8
16
 10
8.0518
 20
35.5600
 30
0.0000
  0
VERTEX
  8
16
 10
8.0518
 20
30.4800
 30
0.0000
 42
1.0000
  0
SEQEND
  8
0
  0
POLYLINE
  8
16
 66
1
 10
0.0000
 20
0.0000
 30
0.0000
 40
0.0000
 41
0.0000
 70
1
  0
VERTEX
  8
16
 10
89.0477
 20
32.4968
 30
0.0000
  0
VERTEX
  8
16
 10
91.5852
 20
32.4993
 30
0.0000
 42
1.0000
  0
VERTEX
  8
16
 10
91.5848
 20
32.9057
 30
0.0000
  0
VERTEX
  8
16
 10
89.0473
 20
32.9032
 30
0.0000
 42
1.0000
  0
SEQEND
  8
0
  0
POLYLINE
  8
16
 66
1
 10
0.0000
 20
0.0000
 30
0.0000
 40
0.0000
 41
0.0000
 70
1
  0
VERTEX
  8
16
 10
91.7876
 20
32.6870
 30
0.0000
  0
VERTEX
  8
16
 10
91.9576
 20
34.9095
 30
0.0000
 42
1.0000
  0
VERTEX
  8
16
 10
91.5524
 20
34.9405
 30
0.0000
  0
VERTEX
  8
16
 10
91.3824
 20
32.7180
 30
0.0000
 42
1.0000
  0
SEQEND
  8
0
  0
POLYLINE
  8
16
 66
1
 10
0.0000
 20
0.0000
 30
0.0000
 40
0.0000
 41
0.0000
 70
1
  0
VERTEX
  8
16
 10
10.8130
 20
20.3200
 30
0.0000
  0
VERTEX
  8
16
 10
10.8130
 20
22.0800
 30
0.0000
 42
1.0000
  0
VERTEX
  8
16
 10
9.7970
 20
22.0800
 30
0.0000
  0
VERTEX
  8
16
 10
9.7970
 20
20.3200
 30
0.0000
 42
1.0000
  0
SEQEND
  8
0
  0
POLYLINE
  8
16
 66
1
 10
0.0000
 20
0.0000
 30
0.0000
 40
0.0000
 41
0.0000
 70
1
  0
VERTEX
  8
16
 10
10.6642
 20
22.4392
 30
0.0000
  0
VERTEX
  8
16
 10
10.5192
 20
22.5842
 30
0.0000
 42
1.0000
  0
VERTEX
  8
16
 10
9.8008
 20
21.8658
 30
0.0000
  0
VERTEX
  8
16
 10
9.9458
 20
21.7208
 30
0.0000
 42
1.0000
  0
SEQEND
  8
0
  0
POLYLINE
  8
16
 66
1
 10
0.0000
 20
0.0000
 30
0.0000
 40
0.0000
 41
0.0000
 70
1
  0
VERTEX
  8
16
 10
6.2230
 20
26.1112
 30
0.0000
  0
VERTEX
  8
16
 10
6.2230
 20
31.7500
 30
0.0000
 42
1.0000
  0
VERTEX
  8
16
 10
5.2070
 20
31.7500
 30
0.0000
  0
VERTEX
  8
16
 10
5.2070
 20
26.1112
 30
0.0000
 42
1.0000
  0
SEQEND
  8
0
  0
POLYLINE
  8
16
 66
1
 10
0.0000
 20
0.0000
 30
0.0000
 40
0.0000
 41
0.0000
 70
1
  0
VERTEX
  8
16
 10
5.2070
 20
26.1112
 30
0.0000
  0
VERTEX
  8
16
 10
5.2070
 20
24.7650
 30
0.0000
 42
1.0000
  0
VERTEX
  8
16
 10
6.2230
 20
24.7650
 30
0.0000
  0
VERTEX
  8
16
 10
6.2230
 20
26.1112
 30
0.0000
 42
1.0000
  0
SEQEND
  8
0
  0
POLYLINE
  8
16
 66
1
 10
0.0000
 20
0.0000
 30
0.0000
 40
0.0000
 41
0.0000
 70
1
  0
VERTEX
  8
16
 10
5.3558
 20
24.4058
 30
0.0000
  0
VERTEX
  8
16
 10
7.8958
 20
21.8658
 30
0.0000
 42
1.0000
  0
VERTEX
  8
16
 10
8.6142
 20
22.5842
 30
0.0000
  0
VERTEX
  8
16
 10
6.0742
 20
25.1242
 30
0.0000
 42
1.0000
  0
SEQEND
  8
0
  0
POLYLINE
  8
16
 66
1
 10
0.0000
 20
0.0000
 30
0.0000
 40
0.0000
 41
0.0000
 70
1
  0
VERTEX
  8
16
 10
8.2550
 20
21.7170
 30
0.0000
  0
VERTEX
  8
16
 10
10.1600
 20
21.7170
 30
0.0000
 42
1.0000
  0
VERTEX
  8
16
 10
10.1600
 20
22.7330
 30
0.0000
  0
VERTEX
  8
16
 10
8.2550
 20
22.7330
 30
0.0000
 42
1.0000
  0
SEQEND
  8
0
  0
INSERT
  8
18
  2
ROUNDV
 10
10.1600
 20
22.2250
 30
0.0000
 41
0.9048
 42
0.9048
 43
1.0000
 50
0.0000
  0
POLYLINE
  8
16
 66
1
 10
0.0000
 20
0.0000
 30
0.0000
 40
0.0000
 41
0.0000
 70
1
  0
VERTEX
  8
16
 10
10.3050
 20
7.2136
 30
0.0000
  0
VERTEX
  8
16
 10
11.7475
 20
7.2136
 30
0.0000
 42
1.0000
  0
VERTEX
  8
16
 10
11.7475
 20
8.0264
 30
0.0000
  0
VERTEX
  8
16
 10
10.3050
 20
8.0264
 30
0.0000
 42
1.0000
  0
SEQEND
  8
0
  0
POLYLINE
  8
16
 66
1
 10
0.0000
 20
0.0000
 30
0.0000
 40
0.0000
 41
0.0000
 70
1
  0
VERTEX
  8
16
 10
11.6190
 20
7.2345
 30
0.0000
  0
VERTEX
  8
16
 10
17.3340
 20
5.3295
 30
0.0000
 42
1.0000
  0
VERTEX
  8
16
 10
17.5910
 20
6.1005
 30
0.0000
  0
VERTEX
  8
16
 10
11.8760
 20
8.0055
 30
0.0000
 42
1.0000
  0
SEQEND
  8
0
  0
POLYLINE
  8
16
 66
1
 10
0.0000
 20
0.0000
 30
0.0000
 40
0.0000
 41
0.0000
 70
1
  0
VERTEX
  8
16
 10
17.4625
 20
5.4102
 30
0.0000
  0
VERTEX
  8
16
 10
18.4150
 20
5.4102
 30
0.0000
 42
1.0000
  0
VERTEX
  8
16
 10
18.4150
 20
6.0198
 30
0.0000
  0
VERTEX
  8
16
 10
17.4625
 20
6.0198
 30
0.0000
 42
1.0000
  0
SEQEND
  8
0
  0
POLYLINE
  8
16
 66
1
 10
0.0000
 20
0.0000
 30
0.0000
 40
0.0000
 41
0.0000
 70
1
  0
VERTEX
  8
16
 10
69.5325
 20
11.4427
 30
0.0000
  0
VERTEX
  8
16
 10
72.2625
 20
11.4427
 30
0.0000
 42
1.0000
  0
VERTEX
  8
16
 10
72.2625
 20
12.0523
 30
0.0000
  0
VERTEX
  8
16
 10
69.5325
 20
12.0523
 30
0.0000
 42
1.0000
  0
SEQEND
  8
0
  0
POLYLINE
  8
16
 66
1
 10
0.0000
 20
0.0000
 30
0.0000
 40
0.0000
 41
0.0000
 70
1
  0
VERTEX
  8
16
 10
72.4780
 20
11.5320
 30
0.0000
  0
VERTEX
  8
16
 10
72.4805
 20
11.5345
 30
0.0000
 42
1.0000
  0
VERTEX
  8
16
 10
72.0495
 20
11.9655
 30
0.0000
  0
VERTEX
  8
16
 10
72.0470
 20
11.9630
 30
0.0000
 42
1.0000
  0
SEQEND
  8
0
  0
POLYLINE
  8
16
 66
1
 10
0.0000
 20
0.0000
 30
0.0000
 40
0.0000
 41
0.0000
 70
1
  0
VERTEX
  8
16
 10
10.2805
 20
10.3893
 30
0.0000
  0
VERTEX
  8
16
 10
12.9755
 20
10.2268
 30
0.0000
 42
1.0000
  0
VERTEX
  8
16
 10
13.0245
 20
11.0382
 30
0.0000
  0
VERTEX
  8
16
 10
10.3295
 20
11.2007
 30
0.0000
 42
1.0000
  0
SEQEND
  8
0
  0
POLYLINE
  8
16
 66
1
 10
0.0000
 20
0.0000
 30
0.0000
 40
0.0000
 41
0.0000
 70
1
  0
VERTEX
  8
16
 10
12.9207
 20
10.2339
 30
0.0000
  0
VERTEX
  8
16
 10
17.7057
 20
9.2814
 30
0.0000
 42
1.0000
  0
VERTEX
  8
16
 10
17.8643
 20
10.0786
 30
0.0000
  0
VERTEX
  8
16
 10
13.0793
 20
11.0311
 30
0.0000
 42
1.0000
  0
SEQEND
  8
0
  0
POLYLINE
  8
16
 66
1
 10
0.0000
 20
0.0000
 30
0.0000
 40
0.0000
 41
0.0000
 70
1
  0
VERTEX
  8
16
 10
69.5325
 20
15.5448
 30
0.0000
  0
VERTEX
  8
16
 10
66.7750
 20
15.5448
 30
0.0000
 42
1.0000
  0
VERTEX
  8
16
 10
66.7750
 20
14.9352
 30
0.0000
  0
VERTEX
  8
16
 10
69.5325
 20
14.9352
 30
0.0000
 42
1.0000
  0
SEQEND
  8
0
  0
POLYLINE
  8
16
 66
1
 10
0.0000
 20
0.0000
 30
0.0000
 40
0.0000
 41
0.0000
 70
1
  0
VERTEX
  8
16
 10
66.9905
 20
15.4555
 30
0.0000
  0
VERTEX
  8
16
 10
66.9805
 20
15.4655
 30
0.0000
 42
1.0000
  0
VERTEX
  8
16
 10
66.5495
 20
15.0345
 30
0.0000
  0
VERTEX
  8
16
 10
66.5595
 20
15.0245
 30
0.0000
 42
1.0000
  0
SEQEND
  8
0
  0
POLYLINE
  8
16
 66
1
 10
0.0000
 20
0.0000
 30
0.0000
 40
0.0000
 41
0.0000
 70
1
  0
VERTEX
  8
16
 10
10.3050
 20
13.5636
 30
0.0000
  0
VERTEX
  8
16
 10
13.0175
 20
13.5636
 30
0.0000
 42
1.0000
  0
VERTEX
  8
16
 10
13.0175
 20
14.3764
 30
0.0000
  0
VERTEX
  8
16
 10
10.3050
 20
14.3764
 30
0.0000
 42
1.0000
  0
SEQEND
  8
0
  0
POLYLINE
  8
16
 66
1
 10
0.0000
 20
0.0000
 30
0.0000
 40
0.0000
 41
0.0000
 70
1
  0
VERTEX
  8
16
 10
12.9477
 20
13.5696
 30
0.0000
  0
VERTEX
  8
16
 10
14.8402
 20
13.2396
 30
0.0000
 42
1.0000
  0
VERTEX
  8
16
 10
14.9798
 20
14.0404
 30
0.0000
  0
VERTEX
  8
16
 10
13.0873
 20
14.3704
 30
0.0000
 42
1.0000
  0
SEQEND
  8
0
  0
POLYLINE
  8
16
 66
1
 10
0.0000
 20
0.0000
 30
0.0000
 40
0.0000
 41
0.0000
 70
1
  0
VERTEX
  8
16
 10
14.9100
 20
13.2336
 30
0.0000
  0
VERTEX
  8
16
 10
17.7850
 20
13.2336
 30
0.0000
 42
1.0000
  0
VERTEX
  8
16
 10
17.7850
 20
14.0464
 30
0.0000
  0
VERTEX
  8
16
 10
14.9100
 20
14.0464
 30
0.0000
 42
1.0000
  0
SEQEND
  8
0
  0
POLYLINE
  8
16
 66
1
 10
0.0000
 20
0.0000
 30
0.0000
 40
0.0000
 41
0.0000
 70
1
  0
VERTEX
  8
16
 10
75.2475
 20
19.0373
 30
0.0000
  0
VERTEX
  8
16
 10
72.2825
 20
19.0373
 30
0.0000
 42
1.0000
  0
VERTEX
  8
16
 10
72.2825
 20
18.4277
 30
0.0000
  0
VERTEX
  8
16
 10
75.2475
 20
18.4277
 30
0.0000
 42
1.0000
  0
SEQEND
  8
0
  0
POLYLINE
  8
16
 66
1
 10
0.0000
 20
0.0000
 30
0.0000
 40
0.0000
 41
0.0000
 70
1
  0
VERTEX
  8
16
 10
72.4980
 20
18.9480
 30
0.0000
  0
VERTEX
  8
16
 10
72.4805
 20
18.9655
 30
0.0000
 42
1.0000
  0
VERTEX
  8
16
 10
72.0495
 20
18.5345
 30
0.0000
  0
VERTEX
  8
16
 10
72.0670
 20
18.5170
 30
0.0000
 42
1.0000
  0
SEQEND
  8
0
  0
POLYLINE
  8
16
 66
1
 10
0.0000
 20
0.0000
 30
0.0000
 40
0.0000
 41
0.0000
 70
1
  0
VERTEX
  8
16
 10
47.6250
 20
32.0548
 30
0.0000
  0
VERTEX
  8
16
 10
44.4500
 20
32.0548
 30
0.0000
 42
1.0000
  0
VERTEX
  8
16
 10
44.4500
 20
31.4452
 30
0.0000
  0
VERTEX
  8
16
 10
47.6250
 20
31.4452
 30
0.0000
 42
1.0000
  0
SEQEND
  8
0
  0
POLYLINE
  8
16
 66
1
 10
0.0000
 20
0.0000
 30
0.0000
 40
0.0000
 41
0.0000
 70
1
  0
VERTEX
  8
16
 10
44.4500
 20
31.6611
 30
0.0000
  0
VERTEX
  8
16
 10
32.0675
 20
31.6611
 30
0.0000
 42
1.0000
  0
VERTEX
  8
16
 10
32.0675
 20
31.2039
 30
0.0000
  0
VERTEX
  8
16
 10
44.4500
 20
31.2039
 30
0.0000
 42
1.0000
  0
SEQEND
  8
0
  0
POLYLINE
  8
16
 66
1
 10
0.0000
 20
0.0000
 30
0.0000
 40
0.0000
 41
0.0000
 70
1
  0
VERTEX
  8
16
 10
45.8597
 20
24.4450
 30
0.0000
  0
VERTEX
  8
16
 10
45.8597
 20
26.2890
 30
0.0000
 42
1.0000
  0
VERTEX
  8
16
 10
45.4533
 20
26.2890
 30
0.0000
  0
VERTEX
  8
16
 10
45.4533
 20
24.4450
 30
0.0000
 42
1.0000
  0
SEQEND
  8
0
  0
POLYLINE
  8
16
 66
1
 10
0.0000
 20
0.0000
 30
0.0000
 40
0.0000
 41
0.0000
 70
1
  0
VERTEX
  8
16
 10
44.1452
 20
31.7500
 30
0.0000
  0
VERTEX
  8
16
 10
44.1452
 20
31.4325
 30
0.0000
 42
1.0000
  0
VERTEX
  8
16
 10
44.7548
 20
31.4325
 30
0.0000
  0
VERTEX
  8
16
 10
44.7548
 20
31.7500
 30
0.0000
 42
1.0000
  0
SEQEND
  8
0
  0
POLYLINE
  8
16
 66
1
 10
0.0000
 20
0.0000
 30
0.0000
 40
0.0000
 41
0.0000
 70
1
  0
VERTEX
  8
16
 10
44.1452
 20
31.4325
 30
0.0000
  0
VERTEX
  8
16
 10
44.1452
 20
28.5750
 30
0.0000
 42
1.0000
  0
VERTEX
  8
16
 10
44.7548
 20
28.5750
 30
0.0000
  0
VERTEX
  8
16
 10
44.7548
 20
31.4325
 30
0.0000
 42
1.0000
  0
SEQEND
  8
0
  0
INSERT
  8
18
  2
ROUNDV
 10
45.6565
 20
26.2890
 30
0.0000
 41
0.9048
 42
0.9048
 43
1.0000
 50
0.0000
  0
INSERT
  8
18
  2
ROUNDV
 10
32.0675
 20
31.4325
 30
0.0000
 41
0.9048
 42
0.9048
 43
1.0000
 50
0.0000
  0
POLYLINE
  8
16
 66
1
 10
0.0000
 20
0.0000
 30
0.0000
 40
0.0000
 41
0.0000
 70
1
  0
VERTEX
  8
16
 10
45.7064
 20
22.7420
 30
0.0000
  0
VERTEX
  8
16
 10
41.9599
 20
23.6920
 30
0.0000
 42
1.0000
  0
VERTEX
  8
16
 10
41.8601
 20
23.2980
 30
0.0000
  0
VERTEX
  8
16
 10
45.6066
 20
22.3480
 30
0.0000
 42
1.0000
  0
SEQEND
  8
0
  0
POLYLINE
  8
16
 66
1
 10
0.0000
 20
0.0000
 30
0.0000
 40
0.0000
 41
0.0000
 70
1
  0
VERTEX
  8
16
 10
45.6563
 20
22.3418
 30
0.0000
  0
VERTEX
  8
16
 10
48.4503
 20
22.3393
 30
0.0000
 42
1.0000
  0
VERTEX
  8
16
 10
48.4507
 20
22.7457
 30
0.0000
  0
VERTEX
  8
16
 10
45.6567
 20
22.7482
 30
0.0000
 42
1.0000
  0
SEQEND
  8
0
  0
POLYLINE
  8
16
 66
1
 10
0.0000
 20
0.0000
 30
0.0000
 40
0.0000
 41
0.0000
 70
1
  0
VERTEX
  8
16
 10
48.2637
 20
22.4625
 30
0.0000
  0
VERTEX
  8
16
 10
49.2162
 20
20.2400
 30
0.0000
 42
1.0000
  0
VERTEX
  8
16
 10
49.5898
 20
20.4000
 30
0.0000
  0
VERTEX
  8
16
 10
48.6373
 20
22.6225
 30
0.0000
 42
1.0000
  0
SEQEND
  8
0
  0
POLYLINE
  8
16
 66
1
 10
0.0000
 20
0.0000
 30
0.0000
 40
0.0000
 41
0.0000
 70
1
  0
VERTEX
  8
16
 10
49.4030
 20
20.1168
 30
0.0000
  0
VERTEX
  8
16
 10
52.0700
 20
20.1168
 30
0.0000
 42
1.0000
  0
VERTEX
  8
16
 10
52.0700
 20
20.5232
 30
0.0000
  0
VERTEX
  8
16
 10
49.4030
 20
20.5232
 30
0.0000
 42
1.0000
  0
SEQEND
  8
0
  0
POLYLINE
  8
16
 66
1
 10
0.0000
 20
0.0000
 30
0.0000
 40
0.0000
 41
0.0000
 70
1
  0
VERTEX
  8
16
 10
51.8668
 20
20.3200
 30
0.0000
  0
VERTEX
  8
16
 10
51.8668
 20
18.4750
 30
0.0000
 42
1.0000
  0
VERTEX
  8
16
 10
52.2732
 20
18.4750
 30
0.0000
  0
VERTEX
  8
16
 10
52.2732
 20
20.3200
 30
0.0000
 42
1.0000
  0
SEQEND
  8
0
  0
POLYLINE
  8
16
 66
1
 10
0.0000
 20
0.0000
 30
0.0000
 40
0.0000
 41
0.0000
 70
1
  0
VERTEX
  8
16
 10
26.8732
 20
15.3000
 30
0.0000
  0
VERTEX
  8
16
 10
26.8732
 20
18.7325
 30
0.0000
 42
1.0000
  0
VERTEX
  8
16
 10
26.4668
 20
18.7325
 30
0.0000
  0
VERTEX
  8
16
 10
26.4668
 20
15.3000
 30
0.0000
 42
1.0000
  0
SEQEND
  8
0
  0
POLYLINE
  8
16
 66
1
 10
0.0000
 20
0.0000
 30
0.0000
 40
0.0000
 41
0.0000
 70
1
  0
VERTEX
  8
16
 10
26.7745
 20
18.5583
 30
0.0000
  0
VERTEX
  8
16
 10
31.5370
 20
21.4158
 30
0.0000
 42
1.0000
  0
VERTEX
  8
16
 10
31.3280
 20
21.7642
 30
0.0000
  0
VERTEX
  8
16
 10
26.5655
 20
18.9067
 30
0.0000
 42
1.0000
  0
SEQEND
  8
0
  0
POLYLINE
  8
16
 66
1
 10
0.0000
 20
0.0000
 30
0.0000
 40
0.0000
 41
0.0000
 70
1
  0
VERTEX
  8
16
 10
31.5001
 20
21.3984
 30
0.0000
  0
VERTEX
  8
16
 10
36.8976
 20
23.3034
 30
0.0000
 42
1.0000
  0
VERTEX
  8
16
 10
36.7624
 20
23.6866
 30
0.0000
  0
VERTEX
  8
16
 10
31.3649
 20
21.7816
 30
0.0000
 42
1.0000
  0
SEQEND
  8
0
  0
POLYLINE
  8
16
 66
1
 10
0.0000
 20
0.0000
 30
0.0000
 40
0.0000
 41
0.0000
 70
1
  0
VERTEX
  8
16
 10
36.8300
 20
23.2918
 30
0.0000
  0
VERTEX
  8
16
 10
41.9100
 20
23.2918
 30
0.0000
 42
1.0000
  0
VERTEX
  8
16
 10
41.9100
 20
23.6982
 30
0.0000
  0
VERTEX
  8
16
 10
36.8300
 20
23.6982
 30
0.0000
 42
1.0000
  0
SEQEND
  8
0
  0
POLYLINE
  8
16
 66
1
 10
0.0000
 20
0.0000
 30
0.0000
 40
0.0000
 41
0.0000
 70
1
  0
VERTEX
  8
16
 10
8.0737
 20
46.6277
 30
0.0000
  0
VERTEX
  8
16
 10
4.8962
 20
48.2152
 30
0.0000
 42
1.0000
  0
VERTEX
  8
16
 10
4.6238
 20
47.6698
 30
0.0000
  0
VERTEX
  8
16
 10
7.8013
 20
46.0823
 30
0.0000
 42
1.0000
  0
SEQEND
  8
0
  0
POLYLINE
  8
16
 66
1
 10
0.0000
 20
0.0000
 30
0.0000
 40
0.0000
 41
0.0000
 70
1
  0
VERTEX
  8
16
 10
18.0005
 20
45.5355
 30
0.0000
  0
VERTEX
  8
16
 10
17.9180
 20
45.6180
 30
0.0000
 42
1.0000
  0
VERTEX
  8
16
 10
17.4870
 20
45.1870
 30
0.0000
  0
VERTEX
  8
16
 10
17.5695
 20
45.1045
 30
0.0000
 42
1.0000
  0
SEQEND
  8
0
  0
POLYLINE
  8
16
 66
1
 10
0.0000
 20
0.0000
 30
0.0000
 40
0.0000
 41
0.0000
 70
1
  0
VERTEX
  8
16
 10
17.7025
 20
45.7073
 30
0.0000
  0
VERTEX
  8
16
 10
13.9700
 20
45.7073
 30
0.0000
 42
1.0000
  0
VERTEX
  8
16
 10
13.9700
 20
45.0977
 30
0.0000
  0
VERTEX
  8
16
 10
17.7025
 20
45.0977
 30
0.0000
 42
1.0000
  0
SEQEND
  8
0
  0
POLYLINE
  8
16
 66
1
 10
0.0000
 20
0.0000
 30
0.0000
 40
0.0000
 41
0.0000
 70
1
  0
VERTEX
  8
16
 10
14.0576
 20
45.6944
 30
0.0000
  0
VERTEX
  8
16
 10
10.8826
 20
46.6469
 30
0.0000
 42
1.0000
  0
VERTEX
  8
16
 10
10.7074
 20
46.0631
 30
0.0000
  0
VERTEX
  8
16
 10
13.8824
 20
45.1106
 30
0.0000
 42
1.0000
  0
SEQEND
  8
0
  0
POLYLINE
  8
16
 66
1
 10
0.0000
 20
0.0000
 30
0.0000
 40
0.0000
 41
0.0000
 70
1
  0
VERTEX
  8
16
 10
10.7950
 20
46.6598
 30
0.0000
  0
VERTEX
  8
16
 10
7.9375
 20
46.6598
 30
0.0000
 42
1.0000
  0
VERTEX
  8
16
 10
7.9375
 20
46.0502
 30
0.0000
  0
VERTEX
  8
16
 10
10.7950
 20
46.0502
 30
0.0000
 42
1.0000
  0
SEQEND
  8
0
  0
POLYLINE
  8
16
 66
1
 10
0.0000
 20
0.0000
 30
0.0000
 40
0.0000
 41
0.0000
 70
1
  0
VERTEX
  8
16
 10
87.0966
 20
44.0182
 30
0.0000
  0
VERTEX
  8
16
 10
84.7725
 20
44.0182
 30
0.0000
 42
1.0000
  0
VERTEX
  8
16
 10
84.7725
 20
43.6118
 30
0.0000
  0
VERTEX
  8
16
 10
87.0966
 20
43.6118
 30
0.0000
 42
1.0000
  0
SEQEND
  8
0
  0
POLYLINE
  8
16
 66
1
 10
0.0000
 20
0.0000
 30
0.0000
 40
0.0000
 41
0.0000
 70
1
  0
VERTEX
  8
16
 10
84.6816
 20
43.9967
 30
0.0000
  0
VERTEX
  8
16
 10
84.0466
 20
43.6792
 30
0.0000
 42
1.0000
  0
VERTEX
  8
16
 10
84.2284
 20
43.3158
 30
0.0000
  0
VERTEX
  8
16
 10
84.8634
 20
43.6333
 30
0.0000
 42
1.0000
  0
SEQEND
  8
0
  0
POLYLINE
  8
16
 66
1
 10
0.0000
 20
0.0000
 30
0.0000
 40
0.0000
 41
0.0000
 70
1
  0
VERTEX
  8
16
 10
84.1375
 20
43.7007
 30
0.0000
  0
VERTEX
  8
16
 10
82.5500
 20
43.7007
 30
0.0000
 42
1.0000
  0
VERTEX
  8
16
 10
82.5500
 20
43.2943
 30
0.0000
  0
VERTEX
  8
16
 10
84.1375
 20
43.2943
 30
0.0000
 42
1.0000
  0
SEQEND
  8
0
  0
POLYLINE
  8
16
 66
1
 10
0.0000
 20
0.0000
 30
0.0000
 40
0.0000
 41
0.0000
 70
1
  0
VERTEX
  8
16
 10
82.6487
 20
43.6751
 30
0.0000
  0
VERTEX
  8
16
 10
79.7912
 20
45.2626
 30
0.0000
 42
1.0000
  0
VERTEX
  8
16
 10
79.5938
 20
44.9074
 30
0.0000
  0
VERTEX
  8
16
 10
82.4513
 20
43.3199
 30
0.0000
 42
1.0000
  0
SEQEND
  8
0
  0
POLYLINE
  8
16
 66
1
 10
0.0000
 20
0.0000
 30
0.0000
 40
0.0000
 41
0.0000
 70
1
  0
VERTEX
  8
16
 10
79.8812
 20
45.1605
 30
0.0000
  0
VERTEX
  8
16
 10
79.2462
 20
46.7480
 30
0.0000
 42
1.0000
  0
VERTEX
  8
16
 10
78.8688
 20
46.5970
 30
0.0000
  0
VERTEX
  8
16
 10
79.5038
 20
45.0095
 30
0.0000
 42
1.0000
  0
SEQEND
  8
0
  0
INSERT
  8
18
  2
ROUNDV
 10
79.0575
 20
46.6725
 30
0.0000
 41
0.9048
 42
0.9048
 43
1.0000
 50
0.0000
  0
POLYLINE
  8
16
 66
1
 10
0.0000
 20
0.0000
 30
0.0000
 40
0.0000
 41
0.0000
 70
1
  0
VERTEX
  8
16
 10
86.7845
 20
28.7493
 30
0.0000
  0
VERTEX
  8
16
 10
85.1995
 20
29.6993
 30
0.0000
 42
1.0000
  0
VERTEX
  8
16
 10
84.9905
 20
29.3507
 30
0.0000
  0
VERTEX
  8
16
 10
86.5755
 20
28.4007
 30
0.0000
 42
1.0000
  0
SEQEND
  8
0
  0
POLYLINE
  8
16
 66
1
 10
0.0000
 20
0.0000
 30
0.0000
 40
0.0000
 41
0.0000
 70
1
  0
VERTEX
  8
16
 10
85.1768
 20
29.7110
 30
0.0000
  0
VERTEX
  8
16
 10
83.7318
 20
30.3460
 30
0.0000
 42
1.0000
  0
VERTEX
  8
16
 10
83.5682
 20
29.9740
 30
0.0000
  0
VERTEX
  8
16
 10
85.0132
 20
29.3390
 30
0.0000
 42
1.0000
  0
SEQEND
  8
0
  0
POLYLINE
  8
16
 66
1
 10
0.0000
 20
0.0000
 30
0.0000
 40
0.0000
 41
0.0000
 70
1
  0
VERTEX
  8
16
 10
72.3718
 20
33.2467
 30
0.0000
  0
VERTEX
  8
16
 10
69.6393
 20
33.8342
 30
0.0000
 42
1.0000
  0
VERTEX
  8
16
 10
69.4257
 20
32.8408
 30
0.0000
  0
VERTEX
  8
16
 10
72.1582
 20
32.2533
 30
0.0000
 42
1.0000
  0
SEQEND
  8
0
  0
POLYLINE
  8
16
 66
1
 10
0.0000
 20
0.0000
 30
0.0000
 40
0.0000
 41
0.0000
 70
1
  0
VERTEX
  8
16
 10
69.1733
 20
33.6967
 30
0.0000
  0
VERTEX
  8
16
 10
69.0258
 20
33.5492
 30
0.0000
 42
1.0000
  0
VERTEX
  8
16
 10
69.7442
 20
32.8308
 30
0.0000
  0
VERTEX
  8
16
 10
69.8917
 20
32.9783
 30
0.0000
 42
1.0000
  0
SEQEND
  8
0
  0
POLYLINE
  8
16
 66
1
 10
0.0000
 20
0.0000
 30
0.0000
 40
0.0000
 41
0.0000
 70
1
  0
VERTEX
  8
16
 10
69.3850
 20
33.6980
 30
0.0000
  0
VERTEX
  8
16
 10
69.0450
 20
33.6980
 30
0.0000
 42
1.0000
  0
VERTEX
  8
16
 10
69.0450
 20
32.6820
 30
0.0000
  0
VERTEX
  8
16
 10
69.3850
 20
32.6820
 30
0.0000
 42
1.0000
  0
SEQEND
  8
0
  0
POLYLINE
  8
16
 66
1
 10
0.0000
 20
0.0000
 30
0.0000
 40
0.0000
 41
0.0000
 70
1
  0
VERTEX
  8
16
 10
69.0262
 20
33.6977
 30
0.0000
  0
VERTEX
  8
16
 10
64.4337
 20
33.5277
 30
0.0000
 42
1.0000
  0
VERTEX
  8
16
 10
64.4713
 20
32.5123
 30
0.0000
  0
VERTEX
  8
16
 10
69.0638
 20
32.6823
 30
0.0000
 42
1.0000
  0
SEQEND
  8
0
  0
POLYLINE
  8
16
 66
1
 10
0.0000
 20
0.0000
 30
0.0000
 40
0.0000
 41
0.0000
 70
1
  0
VERTEX
  8
16
 10
64.4525
 20
33.5280
 30
0.0000
  0
VERTEX
  8
16
 10
62.3750
 20
33.5280
 30
0.0000
 42
1.0000
  0
VERTEX
  8
16
 10
62.3750
 20
32.5120
 30
0.0000
  0
VERTEX
  8
16
 10
64.4525
 20
32.5120
 30
0.0000
 42
1.0000
  0
SEQEND
  8
0
  0
POLYLINE
  8
16
 66
1
 10
0.0000
 20
0.0000
 30
0.0000
 40
0.0000
 41
0.0000
 70
1
  0
VERTEX
  8
16
 10
77.5600
 20
36.7580
 30
0.0000
  0
VERTEX
  8
16
 10
75.1925
 20
36.7580
 30
0.0000
 42
1.0000
  0
VERTEX
  8
16
 10
75.1925
 20
35.7420
 30
0.0000
  0
VERTEX
  8
16
 10
77.5600
 20
35.7420
 30
0.0000
 42
1.0000
  0
SEQEND
  8
0
  0
POLYLINE
  8
16
 66
1
 10
0.0000
 20
0.0000
 30
0.0000
 40
0.0000
 41
0.0000
 70
1
  0
VERTEX
  8
16
 10
75.5517
 20
36.6092
 30
0.0000
  0
VERTEX
  8
16
 10
75.2892
 20
36.8717
 30
0.0000
 42
1.0000
  0
VERTEX
  8
16
 10
74.5708
 20
36.1533
 30
0.0000
  0
VERTEX
  8
16
 10
74.8333
 20
35.8908
 30
0.0000
 42
1.0000
  0
SEQEND
  8
0
  0
POLYLINE
  8
16
 66
1
 10
0.0000
 20
0.0000
 30
0.0000
 40
0.0000
 41
0.0000
 70
1
  0
VERTEX
  8
16
 10
74.9526
 20
37.0200
 30
0.0000
  0
VERTEX
  8
16
 10
70.9651
 20
37.1975
 30
0.0000
 42
1.0000
  0
VERTEX
  8
16
 10
70.9199
 20
36.1825
 30
0.0000
  0
VERTEX
  8
16
 10
74.9074
 20
36.0050
 30
0.0000
 42
1.0000
  0
SEQEND
  8
0
  0
POLYLINE
  8
16
 66
1
 10
0.0000
 20
0.0000
 30
0.0000
 40
0.0000
 41
0.0000
 70
1
  0
VERTEX
  8
16
 10
71.2637
 20
37.0836
 30
0.0000
  0
VERTEX
  8
16
 10
69.5362
 20
38.4936
 30
0.0000
 42
1.0000
  0
VERTEX
  8
16
 10
68.8938
 20
37.7064
 30
0.0000
  0
VERTEX
  8
16
 10
70.6213
 20
36.2964
 30
0.0000
 42
1.0000
  0
SEQEND
  8
0
  0
POLYLINE
  8
16
 66
1
 10
0.0000
 20
0.0000
 30
0.0000
 40
0.0000
 41
0.0000
 70
1
  0
VERTEX
  8
16
 10
69.2150
 20
38.6080
 30
0.0000
  0
VERTEX
  8
16
 10
64.7700
 20
38.6080
 30
0.0000
 42
1.0000
  0
VERTEX
  8
16
 10
64.7700
 20
37.5920
 30
0.0000
  0
VERTEX
  8
16
 10
69.2150
 20
37.5920
 30
0.0000
 42
1.0000
  0
SEQEND
  8
0
  0
POLYLINE
  8
16
 66
1
 10
0.0000
 20
0.0000
 30
0.0000
 40
0.0000
 41
0.0000
 70
1
  0
VERTEX
  8
16
 10
64.4108
 20
38.4592
 30
0.0000
  0
VERTEX
  8
16
 10
63.1408
 20
37.1892
 30
0.0000
 42
1.0000
  0
VERTEX
  8
16
 10
63.8592
 20
36.4708
 30
0.0000
  0
VERTEX
  8
16
 10
65.1292
 20
37.7408
 30
0.0000
 42
1.0000
  0
SEQEND
  8
0
  0
POLYLINE
  8
16
 66
1
 10
0.0000
 20
0.0000
 30
0.0000
 40
0.0000
 41
0.0000
 70
1
  0
VERTEX
  8
16
 10
63.5000
 20
37.3380
 30
0.0000
  0
VERTEX
  8
16
 10
58.4200
 20
37.3380
 30
0.0000
 42
1.0000
  0
VERTEX
  8
16
 10
58.4200
 20
36.3220
 30
0.0000
  0
VERTEX
  8
16
 10
63.5000
 20
36.3220
 30
0.0000
 42
1.0000
  0
SEQEND
  8
0
  0
POLYLINE
  8
16
 66
1
 10
0.0000
 20
0.0000
 30
0.0000
 40
0.0000
 41
0.0000
 70
1
  0
VERTEX
  8
16
 10
58.8264
 20
36.8300
 30
0.0000
  0
VERTEX
  8
16
 10
58.8264
 20
39.2250
 30
0.0000
 42
1.0000
  0
VERTEX
  8
16
 10
58.0136
 20
39.2250
 30
0.0000
  0
VERTEX
  8
16
 10
58.0136
 20
36.8300
 30
0.0000
 42
1.0000
  0
SEQEND
  8
0
  0
POLYLINE
  8
16
 66
1
 10
0.0000
 20
0.0000
 30
0.0000
 40
0.0000
 41
0.0000
 70
1
  0
VERTEX
  8
16
 10
58.6355
 20
39.4405
 30
0.0000
  0
VERTEX
  8
16
 10
58.4905
 20
39.5855
 30
0.0000
 42
1.0000
  0
VERTEX
  8
16
 10
58.0595
 20
39.1545
 30
0.0000
  0
VERTEX
  8
16
 10
58.2045
 20
39.0095
 30
0.0000
 42
1.0000
  0
SEQEND
  8
0
  0
INSERT
  8
18
  2
ROUNDV
 10
58.4200
 20
36.8300
 30
0.0000
 41
1.1176
 42
1.1176
 43
1.0000
 50
0.0000
  0
POLYLINE
  8
16
 66
1
 10
0.0000
 20
0.0000
 30
0.0000
 40
0.0000
 41
0.0000
 70
1
  0
VERTEX
  8
16
 10
58.7771
 20
42.6222
 30
0.0000
  0
VERTEX
  8
16
 10
58.6271
 20
43.5972
 30
0.0000
 42
1.0000
  0
VERTEX
  8
16
 10
57.6229
 20
43.4428
 30
0.0000
  0
VERTEX
  8
16
 10
57.7729
 20
42.4678
 30
0.0000
 42
1.0000
  0
SEQEND
  8
0
  0
POLYLINE
  8
16
 66
1
 10
0.0000
 20
0.0000
 30
0.0000
 40
0.0000
 41
0.0000
 70
1
  0
VERTEX
  8
16
 10
60.6425
 20
44.5770
 30
0.0000
  0
VERTEX
  8
16
 10
68.8975
 20
44.5770
 30
0.0000
 42
1.0000
  0
VERTEX
  8
16
 10
68.8975
 20
45.5930
 30
0.0000
  0
VERTEX
  8
16
 10
60.6425
 20
45.5930
 30
0.0000
 42
1.0000
  0
SEQEND
  8
0
  0
POLYLINE
  8
16
 66
1
 10
0.0000
 20
0.0000
 30
0.0000
 40
0.0000
 41
0.0000
 70
1
  0
VERTEX
  8
16
 10
68.5008
 20
44.7677
 30
0.0000
  0
VERTEX
  8
16
 10
69.7708
 20
43.1802
 30
0.0000
 42
1.0000
  0
VERTEX
  8
16
 10
70.5642
 20
43.8148
 30
0.0000
  0
VERTEX
  8
16
 10
69.2942
 20
45.4023
 30
0.0000
 42
1.0000
  0
SEQEND
  8
0
  0
POLYLINE
  8
16
 66
1
 10
0.0000
 20
0.0000
 30
0.0000
 40
0.0000
 41
0.0000
 70
1
  0
VERTEX
  8
16
 10
70.1675
 20
42.9895
 30
0.0000
  0
VERTEX
  8
16
 10
74.6125
 20
42.9895
 30
0.0000
 42
1.0000
  0
VERTEX
  8
16
 10
74.6125
 20
44.0055
 30
0.0000
  0
VERTEX
  8
16
 10
70.1675
 20
44.0055
 30
0.0000
 42
1.0000
  0
SEQEND
  8
0
  0
POLYLINE
  8
16
 66
1
 10
0.0000
 20
0.0000
 30
0.0000
 40
0.0000
 41
0.0000
 70
1
  0
VERTEX
  8
16
 10
74.2533
 20
43.1383
 30
0.0000
  0
VERTEX
  8
16
 10
74.5708
 20
42.8208
 30
0.0000
 42
1.0000
  0
VERTEX
  8
16
 10
75.2892
 20
43.5392
 30
0.0000
  0
VERTEX
  8
16
 10
74.9717
 20
43.8567
 30
0.0000
 42
1.0000
  0
SEQEND
  8
0
  0
POLYLINE
  8
16
 66
1
 10
0.0000
 20
0.0000
 30
0.0000
 40
0.0000
 41
0.0000
 70
1
  0
VERTEX
  8
16
 10
74.9300
 20
42.6720
 30
0.0000
  0
VERTEX
  8
16
 10
76.8000
 20
42.6720
 30
0.0000
 42
1.0000
  0
VERTEX
  8
16
 10
76.8000
 20
43.6880
 30
0.0000
  0
VERTEX
  8
16
 10
74.9300
 20
43.6880
 30
0.0000
 42
1.0000
  0
SEQEND
  8
0
  0
POLYLINE
  8
16
 66
1
 10
0.0000
 20
0.0000
 30
0.0000
 40
0.0000
 41
0.0000
 70
1
  0
VERTEX
  8
16
 10
76.8466
 20
42.6741
 30
0.0000
  0
VERTEX
  8
16
 10
77.6066
 20
42.7441
 30
0.0000
 42
1.0000
  0
VERTEX
  8
16
 10
77.5134
 20
43.7559
 30
0.0000
  0
VERTEX
  8
16
 10
76.7534
 20
43.6859
 30
0.0000
 42
1.0000
  0
SEQEND
  8
0
  0
POLYLINE
  8
16
 66
1
 10
0.0000
 20
0.0000
 30
0.0000
 40
0.0000
 41
0.0000
 70
1
  0
VERTEX
  8
16
 10
58.3932
 20
43.0886
 30
0.0000
  0
VERTEX
  8
16
 10
60.9107
 20
44.6536
 30
0.0000
 42
1.0000
  0
VERTEX
  8
16
 10
60.3743
 20
45.5164
 30
0.0000
  0
VERTEX
  8
16
 10
57.8568
 20
43.9514
 30
0.0000
 42
1.0000
  0
SEQEND
  8
0
  0
POLYLINE
  8
16
 66
1
 10
0.0000
 20
0.0000
 30
0.0000
 40
0.0000
 41
0.0000
 70
1
  0
VERTEX
  8
16
 10
58.2750
 20
42.8498
 30
0.0000
  0
VERTEX
  8
16
 10
56.1975
 20
42.8498
 30
0.0000
 42
1.0000
  0
VERTEX
  8
16
 10
56.1975
 20
42.2402
 30
0.0000
  0
VERTEX
  8
16
 10
58.2750
 20
42.2402
 30
0.0000
 42
1.0000
  0
SEQEND
  8
0
  0
POLYLINE
  8
16
 66
1
 10
0.0000
 20
0.0000
 30
0.0000
 40
0.0000
 41
0.0000
 70
1
  0
VERTEX
  8
16
 10
55.8927
 20
42.5450
 30
0.0000
  0
VERTEX
  8
16
 10
55.8927
 20
35.2425
 30
0.0000
 42
1.0000
  0
VERTEX
  8
16
 10
56.5023
 20
35.2425
 30
0.0000
  0
VERTEX
  8
16
 10
56.5023
 20
42.5450
 30
0.0000
 42
1.0000
  0
SEQEND
  8
0
  0
INSERT
  8
18
  2
ROUNDV
 10
56.1975
 20
35.2425
 30
0.0000
 41
0.9048
 42
0.9048
 43
1.0000
 50
0.0000
  0
POLYLINE
  8
16
 66
1
 10
0.0000
 20
0.0000
 30
0.0000
 40
0.0000
 41
0.0000
 70
1
  0
VERTEX
  8
16
 10
63.0326
 20
39.0990
 30
0.0000
  0
VERTEX
  8
16
 10
63.8176
 20
41.0040
 30
0.0000
 42
1.0000
  0
VERTEX
  8
16
 10
62.5024
 20
41.5460
 30
0.0000
  0
VERTEX
  8
16
 10
61.7174
 20
39.6410
 30
0.0000
 42
1.0000
  0
SEQEND
  8
0
  0
POLYLINE
  8
16
 66
1
 10
0.0000
 20
0.0000
 30
0.0000
 40
0.0000
 41
0.0000
 70
1
  0
VERTEX
  8
16
 10
63.7650
 20
41.6489
 30
0.0000
  0
VERTEX
  8
16
 10
62.9800
 20
42.9189
 30
0.0000
 42
1.0000
  0
VERTEX
  8
16
 10
61.7700
 20
42.1711
 30
0.0000
  0
VERTEX
  8
16
 10
62.5550
 20
40.9011
 30
0.0000
 42
1.0000
  0
SEQEND
  8
0
  0
POLYLINE
  8
16
 66
1
 10
0.0000
 20
0.0000
 30
0.0000
 40
0.0000
 41
0.0000
 70
1
  0
VERTEX
  8
16
 10
82.9344
 20
40.2422
 30
0.0000
  0
VERTEX
  8
16
 10
80.2019
 20
39.5447
 30
0.0000
 42
1.0000
  0
VERTEX
  8
16
 10
80.4531
 20
38.5603
 30
0.0000
  0
VERTEX
  8
16
 10
83.1856
 20
39.2578
 30
0.0000
 42
1.0000
  0
SEQEND
  8
0
  0
POLYLINE
  8
16
 66
1
 10
0.0000
 20
0.0000
 30
0.0000
 40
0.0000
 41
0.0000
 70
1
  0
VERTEX
  8
16
 10
80.3412
 20
39.5603
 30
0.0000
  0
VERTEX
  8
16
 10
77.9917
 20
39.6238
 30
0.0000
 42
1.0000
  0
VERTEX
  8
16
 10
77.9643
 20
38.6082
 30
0.0000
  0
VERTEX
  8
16
 10
80.3138
 20
38.5447
 30
0.0000
 42
1.0000
  0
SEQEND
  8
0
  0
POLYLINE
  8
16
 66
1
 10
0.0000
 20
0.0000
 30
0.0000
 40
0.0000
 41
0.0000
 70
1
  0
VERTEX
  8
16
 10
78.3372
 20
39.4752
 30
0.0000
  0
VERTEX
  8
16
 10
76.9457
 20
40.8667
 30
0.0000
 42
1.0000
  0
VERTEX
  8
16
 10
76.2273
 20
40.1483
 30
0.0000
  0
VERTEX
  8
16
 10
77.6188
 20
38.7568
 30
0.0000
 42
1.0000
  0
SEQEND
  8
0
  0
POLYLINE
  8
16
 66
1
 10
0.0000
 20
0.0000
 30
0.0000
 40
0.0000
 41
0.0000
 70
1
  0
VERTEX
  8
16
 10
76.8312
 20
40.9527
 30
0.0000
  0
VERTEX
  8
16
 10
74.8572
 20
42.0377
 30
0.0000
 42
1.0000
  0
VERTEX
  8
16
 10
74.3678
 20
41.1473
 30
0.0000
  0
VERTEX
  8
16
 10
76.3418
 20
40.0623
 30
0.0000
 42
1.0000
  0
SEQEND
  8
0
  0
POLYLINE
  8
16
 66
1
 10
0.0000
 20
0.0000
 30
0.0000
 40
0.0000
 41
0.0000
 70
1
  0
VERTEX
  8
16
 10
74.6125
 20
42.1005
 30
0.0000
  0
VERTEX
  8
16
 10
69.8500
 20
42.1005
 30
0.0000
 42
1.0000
  0
VERTEX
  8
16
 10
69.8500
 20
41.0845
 30
0.0000
  0
VERTEX
  8
16
 10
74.6125
 20
41.0845
 30
0.0000
 42
1.0000
  0
SEQEND
  8
0
  0
POLYLINE
  8
16
 66
1
 10
0.0000
 20
0.0000
 30
0.0000
 40
0.0000
 41
0.0000
 70
1
  0
VERTEX
  8
16
 10
69.4908
 20
41.9517
 30
0.0000
  0
VERTEX
  8
16
 10
69.1733
 20
41.6342
 30
0.0000
 42
1.0000
  0
VERTEX
  8
16
 10
69.8917
 20
40.9158
 30
0.0000
  0
VERTEX
  8
16
 10
70.2092
 20
41.2333
 30
0.0000
 42
1.0000
  0
SEQEND
  8
0
  0
POLYLINE
  8
16
 66
1
 10
0.0000
 20
0.0000
 30
0.0000
 40
0.0000
 41
0.0000
 70
1
  0
VERTEX
  8
16
 10
69.5325
 20
41.7830
 30
0.0000
  0
VERTEX
  8
16
 10
63.1600
 20
41.7830
 30
0.0000
 42
1.0000
  0
VERTEX
  8
16
 10
63.1600
 20
40.7670
 30
0.0000
  0
VERTEX
  8
16
 10
69.5325
 20
40.7670
 30
0.0000
 42
1.0000
  0
SEQEND
  8
0
  0
POLYLINE
  8
16
 66
1
 10
0.0000
 20
0.0000
 30
0.0000
 40
0.0000
 41
0.0000
 70
1
  0
VERTEX
  8
16
 10
33.2080
 20
5.5118
 30
0.0000
  0
VERTEX
  8
16
 10
33.6550
 20
5.5118
 30
0.0000
 42
1.0000
  0
VERTEX
  8
16
 10
33.6550
 20
5.9182
 30
0.0000
  0
VERTEX
  8
16
 10
33.2080
 20
5.9182
 30
0.0000
 42
1.0000
  0
SEQEND
  8
0
  0
POLYLINE
  8
16
 66
1
 10
0.0000
 20
0.0000
 30
0.0000
 40
0.0000
 41
0.0000
 70
1
  0
VERTEX
  8
16
 10
33.8074
 20
5.5806
 30
0.0000
  0
VERTEX
  8
16
 10
35.7124
 20
7.7396
 30
0.0000
 42
1.0000
  0
VERTEX
  8
16
 10
35.4076
 20
8.0084
 30
0.0000
  0
VERTEX
  8
16
 10
33.5026
 20
5.8494
 30
0.0000
 42
1.0000
  0
SEQEND
  8
0
  0
POLYLINE
  8
16
 66
1
 10
0.0000
 20
0.0000
 30
0.0000
 40
0.0000
 41
0.0000
 70
1
  0
VERTEX
  8
16
 10
35.7632
 20
7.8740
 30
0.0000
  0
VERTEX
  8
16
 10
35.7632
 20
10.7950
 30
0.0000
 42
1.0000
  0
VERTEX
  8
16
 10
35.3568
 20
10.7950
 30
0.0000
  0
VERTEX
  8
16
 10
35.3568
 20
7.8740
 30
0.0000
 42
1.0000
  0
SEQEND
  8
0
  0
POLYLINE
  8
16
 66
1
 10
0.0000
 20
0.0000
 30
0.0000
 40
0.0000
 41
0.0000
 70
1
  0
VERTEX
  8
16
 10
35.7755
 20
10.5795
 30
0.0000
  0
VERTEX
  8
16
 10
37.9980
 20
12.8020
 30
0.0000
 42
1.0000
  0
VERTEX
  8
16
 10
37.5670
 20
13.2330
 30
0.0000
  0
VERTEX
  8
16
 10
35.3445
 20
11.0105
 30
0.0000
 42
1.0000
  0
SEQEND
  8
0
  0
POLYLINE
  8
16
 66
1
 10
0.0000
 20
0.0000
 30
0.0000
 40
0.0000
 41
0.0000
 70
1
  0
VERTEX
  8
16
 10
37.7825
 20
12.8143
 30
0.0000
  0
VERTEX
  8
16
 10
38.8625
 20
12.8143
 30
0.0000
 42
1.0000
  0
VERTEX
  8
16
 10
38.8625
 20
13.2207
 30
0.0000
  0
VERTEX
  8
16
 10
37.7825
 20
13.2207
 30
0.0000
 42
1.0000
  0
SEQEND
  8
0
  0
POLYLINE
  8
16
 66
1
 10
0.0000
 20
0.0000
 30
0.0000
 40
0.0000
 41
0.0000
 70
1
  0
VERTEX
  8
16
 10
39.0062
 20
12.8738
 30
0.0000
  0
VERTEX
  8
16
 10
39.6287
 20
13.4963
 30
0.0000
 42
1.0000
  0
VERTEX
  8
16
 10
39.3413
 20
13.7837
 30
0.0000
  0
VERTEX
  8
16
 10
38.7188
 20
13.1612
 30
0.0000
 42
1.0000
  0
SEQEND
  8
0
  0
POLYLINE
  8
16
 66
1
 10
0.0000
 20
0.0000
 30
0.0000
 40
0.0000
 41
0.0000
 70
1
  0
VERTEX
  8
16
 10
26.4669
 20
10.0941
 30
0.0000
  0
VERTEX
  8
16
 10
26.5969
 20
5.6491
 30
0.0000
 42
1.0000
  0
VERTEX
  8
16
 10
27.0031
 20
5.6609
 30
0.0000
  0
VERTEX
  8
16
 10
26.8731
 20
10.1059
 30
0.0000
 42
1.0000
  0
SEQEND
  8
0
  0
POLYLINE
  8
16
 66
1
 10
0.0000
 20
0.0000
 30
0.0000
 40
0.0000
 41
0.0000
 70
1
  0
VERTEX
  8
16
 10
26.8191
 20
5.8573
 30
0.0000
  0
VERTEX
  8
16
 10
26.1841
 20
5.9173
 30
0.0000
 42
1.0000
  0
VERTEX
  8
16
 10
26.1459
 20
5.5127
 30
0.0000
  0
VERTEX
  8
16
 10
26.7809
 20
5.4527
 30
0.0000
 42
1.0000
  0
SEQEND
  8
0
  0
POLYLINE
  8
16
 66
1
 10
0.0000
 20
0.0000
 30
0.0000
 40
0.0000
 41
0.0000
 70
1
  0
VERTEX
  8
16
 10
26.1650
 20
5.5118
 30
0.0000
  0
VERTEX
  8
16
 10
28.5750
 20
5.5118
 30
0.0000
 42
1.0000
  0
VERTEX
  8
16
 10
28.5750
 20
5.9182
 30
0.0000
  0
VERTEX
  8
16
 10
26.1650
 20
5.9182
 30
0.0000
 42
1.0000
  0
SEQEND
  8
0
  0
POLYLINE
  8
16
 66
1
 10
0.0000
 20
0.0000
 30
0.0000
 40
0.0000
 41
0.0000
 70
1
  0
VERTEX
  8
16
 10
28.5750
 20
5.5118
 30
0.0000
  0
VERTEX
  8
16
 10
28.8925
 20
5.5118
 30
0.0000
 42
1.0000
  0
VERTEX
  8
16
 10
28.8925
 20
5.9182
 30
0.0000
  0
VERTEX
  8
16
 10
28.5750
 20
5.9182
 30
0.0000
 42
1.0000
  0
SEQEND
  8
0
  0
POLYLINE
  8
16
 66
1
 10
0.0000
 20
0.0000
 30
0.0000
 40
0.0000
 41
0.0000
 70
1
  0
VERTEX
  8
16
 10
28.8016
 20
5.8967
 30
0.0000
  0
VERTEX
  8
16
 10
28.1666
 20
5.5792
 30
0.0000
 42
1.0000
  0
VERTEX
  8
16
 10
28.3484
 20
5.2158
 30
0.0000
  0
VERTEX
  8
16
 10
28.9834
 20
5.5333
 30
0.0000
 42
1.0000
  0
SEQEND
  8
0
  0
POLYLINE
  8
16
 66
1
 10
0.0000
 20
0.0000
 30
0.0000
 40
0.0000
 41
0.0000
 70
1
  0
VERTEX
  8
16
 10
28.4012
 20
5.2538
 30
0.0000
  0
VERTEX
  8
16
 10
28.7187
 20
5.5713
 30
0.0000
 42
1.0000
  0
VERTEX
  8
16
 10
28.4313
 20
5.8587
 30
0.0000
  0
VERTEX
  8
16
 10
28.1138
 20
5.5412
 30
0.0000
 42
1.0000
  0
SEQEND
  8
0
  0
POLYLINE
  8
16
 66
1
 10
0.0000
 20
0.0000
 30
0.0000
 40
0.0000
 41
0.0000
 70
1
  0
VERTEX
  8
16
 10
28.8925
 20
5.5118
 30
0.0000
  0
VERTEX
  8
16
 10
31.3080
 20
5.5118
 30
0.0000
 42
1.0000
  0
VERTEX
  8
16
 10
31.3080
 20
5.9182
 30
0.0000
  0
VERTEX
  8
16
 10
28.8925
 20
5.9182
 30
0.0000
 42
1.0000
  0
SEQEND
  8
0
  0
POLYLINE
  8
16
 66
1
 10
0.0000
 20
0.0000
 30
0.0000
 40
0.0000
 41
0.0000
 70
1
  0
VERTEX
  8
16
 10
28.1395
 20
10.1385
 30
0.0000
  0
VERTEX
  8
16
 10
27.8220
 20
11.7860
 30
0.0000
 42
1.0000
  0
VERTEX
  8
16
 10
27.4230
 20
11.7090
 30
0.0000
  0
VERTEX
  8
16
 10
27.7405
 20
10.0615
 30
0.0000
 42
1.0000
  0
SEQEND
  8
0
  0
POLYLINE
  8
16
 66
1
 10
0.0000
 20
0.0000
 30
0.0000
 40
0.0000
 41
0.0000
 70
1
  0
VERTEX
  8
16
 10
27.7668
 20
11.8906
 30
0.0000
  0
VERTEX
  8
16
 10
27.4518
 20
12.2081
 30
0.0000
 42
1.0000
  0
VERTEX
  8
16
 10
27.1632
 20
11.9219
 30
0.0000
  0
VERTEX
  8
16
 10
27.4782
 20
11.6044
 30
0.0000
 42
1.0000
  0
SEQEND
  8
0
  0
POLYLINE
  8
16
 66
1
 10
0.0000
 20
0.0000
 30
0.0000
 40
0.0000
 41
0.0000
 70
1
  0
VERTEX
  8
16
 10
27.3074
 20
12.2682
 30
0.0000
  0
VERTEX
  8
16
 10
22.8599
 20
12.2657
 30
0.0000
 42
1.0000
  0
VERTEX
  8
16
 10
22.8601
 20
11.8593
 30
0.0000
  0
VERTEX
  8
16
 10
27.3076
 20
11.8618
 30
0.0000
 42
1.0000
  0
SEQEND
  8
0
  0
POLYLINE
  8
16
 66
1
 10
0.0000
 20
0.0000
 30
0.0000
 40
0.0000
 41
0.0000
 70
1
  0
VERTEX
  8
16
 10
34.7550
 20
17.5768
 30
0.0000
  0
VERTEX
  8
16
 10
37.4000
 20
17.5768
 30
0.0000
 42
1.0000
  0
VERTEX
  8
16
 10
37.4000
 20
17.9832
 30
0.0000
  0
VERTEX
  8
16
 10
34.7550
 20
17.9832
 30
0.0000
 42
1.0000
  0
SEQEND
  8
0
  0
POLYLINE
  8
16
 66
1
 10
0.0000
 20
0.0000
 30
0.0000
 40
0.0000
 41
0.0000
 70
1
  0
VERTEX
  8
16
 10
37.3825
 20
17.5776
 30
0.0000
  0
VERTEX
  8
16
 10
39.4675
 20
17.3976
 30
0.0000
 42
1.0000
  0
VERTEX
  8
16
 10
39.5025
 20
17.8024
 30
0.0000
  0
VERTEX
  8
16
 10
37.4175
 20
17.9824
 30
0.0000
 42
1.0000
  0
SEQEND
  8
0
  0
POLYLINE
  8
16
 66
1
 10
0.0000
 20
0.0000
 30
0.0000
 40
0.0000
 41
0.0000
 70
1
  0
VERTEX
  8
16
 10
75.3447
 20
34.0410
 30
0.0000
  0
VERTEX
  8
16
 10
73.5032
 20
35.1840
 30
0.0000
 42
1.0000
  0
VERTEX
  8
16
 10
73.1818
 20
34.6660
 30
0.0000
  0
VERTEX
  8
16
 10
75.0233
 20
33.5230
 30
0.0000
 42
1.0000
  0
SEQEND
  8
0
  0
POLYLINE
  8
16
 66
1
 10
0.0000
 20
0.0000
 30
0.0000
 40
0.0000
 41
0.0000
 70
1
  0
VERTEX
  8
16
 10
73.3425
 20
35.2298
 30
0.0000
  0
VERTEX
  8
16
 10
72.3900
 20
35.2298
 30
0.0000
 42
1.0000
  0
VERTEX
  8
16
 10
72.3900
 20
34.6202
 30
0.0000
  0
VERTEX
  8
16
 10
73.3425
 20
34.6202
 30
0.0000
 42
1.0000
  0
SEQEND
  8
0
  0
INSERT
  8
18
  2
ROUNDV
 10
72.3900
 20
34.9250
 30
0.0000
 41
0.9048
 42
0.9048
 43
1.0000
 50
0.0000
  0
POLYLINE
  8
16
 66
1
 10
0.0000
 20
0.0000
 30
0.0000
 40
0.0000
 41
0.0000
 70
1
  0
VERTEX
  8
16
 10
29.2100
 20
9.8968
 30
0.0000
  0
VERTEX
  8
16
 10
29.7850
 20
9.8968
 30
0.0000
 42
1.0000
  0
VERTEX
  8
16
 10
29.7850
 20
10.3032
 30
0.0000
  0
VERTEX
  8
16
 10
29.2100
 20
10.3032
 30
0.0000
 42
1.0000
  0
SEQEND
  8
0
  0
POLYLINE
  8
16
 66
1
 10
0.0000
 20
0.0000
 30
0.0000
 40
0.0000
 41
0.0000
 70
1
  0
VERTEX
  8
16
 10
29.6151
 20
9.9885
 30
0.0000
  0
VERTEX
  8
16
 10
29.9926
 20
9.4135
 30
0.0000
 42
1.0000
  0
VERTEX
  8
16
 10
30.3324
 20
9.6365
 30
0.0000
  0
VERTEX
  8
16
 10
29.9549
 20
10.2115
 30
0.0000
 42
1.0000
  0
SEQEND
  8
0
  0
POLYLINE
  8
16
 66
1
 10
0.0000
 20
0.0000
 30
0.0000
 40
0.0000
 41
0.0000
 70
1
  0
VERTEX
  8
16
 10
30.1291
 20
9.3246
 30
0.0000
  0
VERTEX
  8
16
 10
32.0366
 20
9.0071
 30
0.0000
 42
1.0000
  0
VERTEX
  8
16
 10
32.1034
 20
9.4079
 30
0.0000
  0
VERTEX
  8
16
 10
30.1959
 20
9.7254
 30
0.0000
 42
1.0000
  0
SEQEND
  8
0
  0
POLYLINE
  8
16
 66
1
 10
0.0000
 20
0.0000
 30
0.0000
 40
0.0000
 41
0.0000
 70
1
  0
VERTEX
  8
16
 10
34.1732
 20
13.0172
 30
0.0000
  0
VERTEX
  8
16
 10
34.1757
 20
14.6022
 30
0.0000
 42
1.0000
  0
VERTEX
  8
16
 10
33.7693
 20
14.6028
 30
0.0000
  0
VERTEX
  8
16
 10
33.7668
 20
13.0178
 30
0.0000
 42
1.0000
  0
SEQEND
  8
0
  0
POLYLINE
  8
16
 66
1
 10
0.0000
 20
0.0000
 30
0.0000
 40
0.0000
 41
0.0000
 70
1
  0
VERTEX
  8
16
 10
33.7693
 20
14.6026
 30
0.0000
  0
VERTEX
  8
16
 10
33.7668
 20
9.2076
 30
0.0000
 42
1.0000
  0
VERTEX
  8
16
 10
34.1732
 20
9.2074
 30
0.0000
  0
VERTEX
  8
16
 10
34.1757
 20
14.6024
 30
0.0000
 42
1.0000
  0
SEQEND
  8
0
  0
POLYLINE
  8
16
 66
1
 10
0.0000
 20
0.0000
 30
0.0000
 40
0.0000
 41
0.0000
 70
1
  0
VERTEX
  8
16
 10
32.3518
 20
16.8300
 30
0.0000
  0
VERTEX
  8
16
 10
32.3518
 20
15.3875
 30
0.0000
 42
1.0000
  0
VERTEX
  8
16
 10
32.7582
 20
15.3875
 30
0.0000
  0
VERTEX
  8
16
 10
32.7582
 20
16.8300
 30
0.0000
 42
1.0000
  0
SEQEND
  8
0
  0
POLYLINE
  8
16
 66
1
 10
0.0000
 20
0.0000
 30
0.0000
 40
0.0000
 41
0.0000
 70
1
  0
VERTEX
  8
16
 10
32.4113
 20
15.2438
 30
0.0000
  0
VERTEX
  8
16
 10
32.5588
 20
15.0963
 30
0.0000
 42
1.0000
  0
VERTEX
  8
16
 10
32.8462
 20
15.3837
 30
0.0000
  0
VERTEX
  8
16
 10
32.6987
 20
15.5312
 30
0.0000
 42
1.0000
  0
SEQEND
  8
0
  0
POLYLINE
  8
16
 66
1
 10
0.0000
 20
0.0000
 30
0.0000
 40
0.0000
 41
0.0000
 70
1
  0
VERTEX
  8
16
 10
32.6113
 20
15.0584
 30
0.0000
  0
VERTEX
  8
16
 10
33.8813
 20
14.4209
 30
0.0000
 42
1.0000
  0
VERTEX
  8
16
 10
34.0637
 20
14.7841
 30
0.0000
  0
VERTEX
  8
16
 10
32.7937
 20
15.4216
 30
0.0000
 42
1.0000
  0
SEQEND
  8
0
  0
POLYLINE
  8
16
 66
1
 10
0.0000
 20
0.0000
 30
0.0000
 40
0.0000
 41
0.0000
 70
1
  0
VERTEX
  8
16
 10
54.6100
 20
28.8798
 30
0.0000
  0
VERTEX
  8
16
 10
51.7525
 20
28.8798
 30
0.0000
 42
1.0000
  0
VERTEX
  8
16
 10
51.7525
 20
28.2702
 30
0.0000
  0
VERTEX
  8
16
 10
54.6100
 20
28.2702
 30
0.0000
 42
1.0000
  0
SEQEND
  8
0
  0
POLYLINE
  8
16
 66
1
 10
0.0000
 20
0.0000
 30
0.0000
 40
0.0000
 41
0.0000
 70
1
  0
VERTEX
  8
16
 10
51.9093
 20
28.8364
 30
0.0000
  0
VERTEX
  8
16
 10
50.3218
 20
29.7889
 30
0.0000
 42
1.0000
  0
VERTEX
  8
16
 10
50.0082
 20
29.2661
 30
0.0000
  0
VERTEX
  8
16
 10
51.5957
 20
28.3136
 30
0.0000
 42
1.0000
  0
SEQEND
  8
0
  0
POLYLINE
  8
16
 66
1
 10
0.0000
 20
0.0000
 30
0.0000
 40
0.0000
 41
0.0000
 70
1
  0
VERTEX
  8
16
 10
50.4698
 20
29.5275
 30
0.0000
  0
VERTEX
  8
16
 10
50.4698
 20
31.7500
 30
0.0000
 42
1.0000
  0
VERTEX
  8
16
 10
49.8602
 20
31.7500
 30
0.0000
  0
VERTEX
  8
16
 10
49.8602
 20
29.5275
 30
0.0000
 42
1.0000
  0
SEQEND
  8
0
  0
POLYLINE
  8
16
 66
1
 10
0.0000
 20
0.0000
 30
0.0000
 40
0.0000
 41
0.0000
 70
1
  0
VERTEX
  8
16
 10
54.6100
 20
22.7482
 30
0.0000
  0
VERTEX
  8
16
 10
53.3400
 20
22.7482
 30
0.0000
 42
1.0000
  0
VERTEX
  8
16
 10
53.3400
 20
22.3418
 30
0.0000
  0
VERTEX
  8
16
 10
54.6100
 20
22.3418
 30
0.0000
 42
1.0000
  0
SEQEND
  8
0
  0
POLYLINE
  8
16
 66
1
 10
0.0000
 20
0.0000
 30
0.0000
 40
0.0000
 41
0.0000
 70
1
  0
VERTEX
  8
16
 10
53.3400
 20
22.7482
 30
0.0000
  0
VERTEX
  8
16
 10
50.8000
 20
22.7482
 30
0.0000
 42
1.0000
  0
VERTEX
  8
16
 10
50.8000
 20
22.3418
 30
0.0000
  0
VERTEX
  8
16
 10
53.3400
 20
22.3418
 30
0.0000
 42
1.0000
  0
SEQEND
  8
0
  0
POLYLINE
  8
16
 66
1
 10
0.0000
 20
0.0000
 30
0.0000
 40
0.0000
 41
0.0000
 70
1
  0
VERTEX
  8
16
 10
53.5432
 20
18.4750
 30
0.0000
  0
VERTEX
  8
16
 10
53.5432
 20
22.5450
 30
0.0000
 42
1.0000
  0
VERTEX
  8
16
 10
53.1368
 20
22.5450
 30
0.0000
  0
VERTEX
  8
16
 10
53.1368
 20
18.4750
 30
0.0000
 42
1.0000
  0
SEQEND
  8
0
  0
POLYLINE
  8
16
 66
1
 10
0.0000
 20
0.0000
 30
0.0000
 40
0.0000
 41
0.0000
 70
1
  0
VERTEX
  8
16
 10
54.8132
 20
18.4750
 30
0.0000
  0
VERTEX
  8
16
 10
54.8132
 20
20.0025
 30
0.0000
 42
1.0000
  0
VERTEX
  8
16
 10
54.4068
 20
20.0025
 30
0.0000
  0
VERTEX
  8
16
 10
54.4068
 20
18.4750
 30
0.0000
 42
1.0000
  0
SEQEND
  8
0
  0
POLYLINE
  8
16
 66
1
 10
0.0000
 20
0.0000
 30
0.0000
 40
0.0000
 41
0.0000
 70
1
  0
VERTEX
  8
16
 10
54.7754
 20
19.8844
 30
0.0000
  0
VERTEX
  8
16
 10
55.4104
 20
20.7734
 30
0.0000
 42
1.0000
  0
VERTEX
  8
16
 10
55.0796
 20
21.0096
 30
0.0000
  0
VERTEX
  8
16
 10
54.4446
 20
20.1206
 30
0.0000
 42
1.0000
  0
SEQEND
  8
0
  0
POLYLINE
  8
16
 66
1
 10
0.0000
 20
0.0000
 30
0.0000
 40
0.0000
 41
0.0000
 70
1
  0
VERTEX
  8
16
 10
55.2450
 20
20.6883
 30
0.0000
  0
VERTEX
  8
16
 10
55.8800
 20
20.6883
 30
0.0000
 42
1.0000
  0
VERTEX
  8
16
 10
55.8800
 20
21.0947
 30
0.0000
  0
VERTEX
  8
16
 10
55.2450
 20
21.0947
 30
0.0000
 42
1.0000
  0
SEQEND
  8
0
  0
POLYLINE
  8
16
 66
1
 10
0.0000
 20
0.0000
 30
0.0000
 40
0.0000
 41
0.0000
 70
1
  0
VERTEX
  8
16
 10
56.0237
 20
20.7478
 30
0.0000
  0
VERTEX
  8
16
 10
56.6587
 20
21.3828
 30
0.0000
 42
1.0000
  0
VERTEX
  8
16
 10
56.3713
 20
21.6702
 30
0.0000
  0
VERTEX
  8
16
 10
55.7363
 20
21.0352
 30
0.0000
 42
1.0000
  0
SEQEND
  8
0
  0
POLYLINE
  8
16
 66
1
 10
0.0000
 20
0.0000
 30
0.0000
 40
0.0000
 41
0.0000
 70
1
  0
VERTEX
  8
16
 10
56.7182
 20
21.5265
 30
0.0000
  0
VERTEX
  8
16
 10
56.7182
 20
23.3585
 30
0.0000
 42
1.0000
  0
VERTEX
  8
16
 10
56.3118
 20
23.3585
 30
0.0000
  0
VERTEX
  8
16
 10
56.3118
 20
21.5265
 30
0.0000
 42
1.0000
  0
SEQEND
  8
0
  0
POLYLINE
  8
16
 66
1
 10
0.0000
 20
0.0000
 30
0.0000
 40
0.0000
 41
0.0000
 70
1
  0
VERTEX
  8
16
 10
22.6552
 20
34.1209
 30
0.0000
  0
VERTEX
  8
16
 10
23.6077
 20
34.7559
 30
0.0000
 42
1.0000
  0
VERTEX
  8
16
 10
23.3823
 20
35.0941
 30
0.0000
  0
VERTEX
  8
16
 10
22.4298
 20
34.4591
 30
0.0000
 42
1.0000
  0
SEQEND
  8
0
  0
POLYLINE
  8
16
 66
1
 10
0.0000
 20
0.0000
 30
0.0000
 40
0.0000
 41
0.0000
 70
1
  0
VERTEX
  8
16
 10
23.6982
 20
34.9250
 30
0.0000
  0
VERTEX
  8
16
 10
23.6982
 20
35.8800
 30
0.0000
 42
1.0000
  0
VERTEX
  8
16
 10
23.2918
 20
35.8800
 30
0.0000
  0
VERTEX
  8
16
 10
23.2918
 20
34.9250
 30
0.0000
 42
1.0000
  0
SEQEND
  8
0
  0
INSERT
  8
18
  2
ROUNDV
 10
56.5150
 20
23.3585
 30
0.0000
 41
0.9048
 42
0.9048
 43
1.0000
 50
0.0000
  0
INSERT
  8
18
  2
ROUNDV
 10
22.5425
 20
34.2900
 30
0.0000
 41
0.9048
 42
0.9048
 43
1.0000
 50
0.0000
  0
POLYLINE
  8
16
 66
1
 10
0.0000
 20
0.0000
 30
0.0000
 40
0.0000
 41
0.0000
 70
1
  0
VERTEX
  8
16
 10
26.8732
 20
42.8600
 30
0.0000
  0
VERTEX
  8
16
 10
26.8732
 20
44.4500
 30
0.0000
 42
1.0000
  0
VERTEX
  8
16
 10
26.4668
 20
44.4500
 30
0.0000
  0
VERTEX
  8
16
 10
26.4668
 20
42.8600
 30
0.0000
 42
1.0000
  0
SEQEND
  8
0
  0
POLYLINE
  8
16
 66
1
 10
0.0000
 20
0.0000
 30
0.0000
 40
0.0000
 41
0.0000
 70
1
  0
VERTEX
  8
16
 10
26.8137
 20
44.3063
 30
0.0000
  0
VERTEX
  8
16
 10
27.4487
 20
44.9413
 30
0.0000
 42
1.0000
  0
VERTEX
  8
16
 10
27.1613
 20
45.2287
 30
0.0000
  0
VERTEX
  8
16
 10
26.5263
 20
44.5937
 30
0.0000
 42
1.0000
  0
SEQEND
  8
0
  0
POLYLINE
  8
16
 66
1
 10
0.0000
 20
0.0000
 30
0.0000
 40
0.0000
 41
0.0000
 70
1
  0
VERTEX
  8
16
 10
27.5082
 20
45.0850
 30
0.0000
  0
VERTEX
  8
16
 10
27.5082
 20
47.4550
 30
0.0000
 42
1.0000
  0
VERTEX
  8
16
 10
27.1018
 20
47.4550
 30
0.0000
  0
VERTEX
  8
16
 10
27.1018
 20
45.0850
 30
0.0000
 42
1.0000
  0
SEQEND
  8
0
  0
POLYLINE
  8
16
 66
1
 10
0.0000
 20
0.0000
 30
0.0000
 40
0.0000
 41
0.0000
 70
1
  0
VERTEX
  8
16
 10
27.5205
 20
47.6705
 30
0.0000
  0
VERTEX
  8
16
 10
27.3505
 20
47.8405
 30
0.0000
 42
1.0000
  0
VERTEX
  8
16
 10
26.9195
 20
47.4095
 30
0.0000
  0
VERTEX
  8
16
 10
27.0895
 20
47.2395
 30
0.0000
 42
1.0000
  0
SEQEND
  8
0
  0
POLYLINE
  8
16
 66
1
 10
0.0000
 20
0.0000
 30
0.0000
 40
0.0000
 41
0.0000
 70
1
  0
VERTEX
  8
16
 10
88.1380
 20
8.5852
 30
0.0000
  0
VERTEX
  8
16
 10
88.9000
 20
8.5852
 30
0.0000
 42
1.0000
  0
VERTEX
  8
16
 10
88.9000
 20
9.1948
 30
0.0000
  0
VERTEX
  8
16
 10
88.1380
 20
9.1948
 30
0.0000
 42
1.0000
  0
SEQEND
  8
0
  0
POLYLINE
  8
16
 66
1
 10
0.0000
 20
0.0000
 30
0.0000
 40
0.0000
 41
0.0000
 70
1
  0
VERTEX
  8
16
 10
88.6845
 20
8.6745
 30
0.0000
  0
VERTEX
  8
16
 10
89.4465
 20
7.9125
 30
0.0000
 42
1.0000
  0
VERTEX
  8
16
 10
89.8775
 20
8.3435
 30
0.0000
  0
VERTEX
  8
16
 10
89.1155
 20
9.1055
 30
0.0000
 42
1.0000
  0
SEQEND
  8
0
  0
POLYLINE
  8
16
 66
1
 10
0.0000
 20
0.0000
 30
0.0000
 40
0.0000
 41
0.0000
 70
1
  0
VERTEX
  8
16
 10
24.9316
 20
46.4718
 30
0.0000
  0
VERTEX
  8
16
 10
25.0791
 20
46.4693
 30
0.0000
 42
1.0000
  0
VERTEX
  8
16
 10
25.0859
 20
46.8757
 30
0.0000
  0
VERTEX
  8
16
 10
24.9384
 20
46.8782
 30
0.0000
 42
1.0000
  0
SEQEND
  8
0
  0
POLYLINE
  8
16
 66
1
 10
0.0000
 20
0.0000
 30
0.0000
 40
0.0000
 41
0.0000
 70
1
  0
VERTEX
  8
16
 10
24.8793
 20
46.6725
 30
0.0000
  0
VERTEX
  8
16
 10
24.8793
 20
39.3725
 30
0.0000
 42
1.0000
  0
VERTEX
  8
16
 10
25.2857
 20
39.3725
 30
0.0000
  0
VERTEX
  8
16
 10
25.2857
 20
46.6725
 30
0.0000
 42
1.0000
  0
SEQEND
  8
0
  0
POLYLINE
  8
16
 66
1
 10
0.0000
 20
0.0000
 30
0.0000
 40
0.0000
 41
0.0000
 70
1
  0
VERTEX
  8
16
 10
25.0825
 20
39.5757
 30
0.0000
  0
VERTEX
  8
16
 10
23.4950
 20
39.5757
 30
0.0000
 42
1.0000
  0
VERTEX
  8
16
 10
23.4950
 20
39.1693
 30
0.0000
  0
VERTEX
  8
16
 10
25.0825
 20
39.1693
 30
0.0000
 42
1.0000
  0
SEQEND
  8
0
  0
POLYLINE
  8
16
 66
1
 10
0.0000
 20
0.0000
 30
0.0000
 40
0.0000
 41
0.0000
 70
1
  0
VERTEX
  8
16
 10
23.6982
 20
39.3725
 30
0.0000
  0
VERTEX
  8
16
 10
23.6982
 20
40.9600
 30
0.0000
 42
1.0000
  0
VERTEX
  8
16
 10
23.2918
 20
40.9600
 30
0.0000
  0
VERTEX
  8
16
 10
23.2918
 20
39.3725
 30
0.0000
 42
1.0000
  0
SEQEND
  8
0
  0
POLYLINE
  8
16
 66
1
 10
0.0000
 20
0.0000
 30
0.0000
 40
0.0000
 41
0.0000
 70
1
  0
VERTEX
  8
16
 10
23.6982
 20
37.7800
 30
0.0000
  0
VERTEX
  8
16
 10
23.6982
 20
39.3725
 30
0.0000
 42
1.0000
  0
VERTEX
  8
16
 10
23.2918
 20
39.3725
 30
0.0000
  0
VERTEX
  8
16
 10
23.2918
 20
37.7800
 30
0.0000
 42
1.0000
  0
SEQEND
  8
0
  0
POLYLINE
  8
16
 66
1
 10
0.0000
 20
0.0000
 30
0.0000
 40
0.0000
 41
0.0000
 70
1
  0
VERTEX
  8
16
 10
31.7627
 20
43.1038
 30
0.0000
  0
VERTEX
  8
16
 10
31.7627
 20
36.8300
 30
0.0000
 42
1.0000
  0
VERTEX
  8
16
 10
32.3723
 20
36.8300
 30
0.0000
  0
VERTEX
  8
16
 10
32.3723
 20
43.1038
 30
0.0000
 42
1.0000
  0
SEQEND
  8
0
  0
POLYLINE
  8
16
 66
1
 10
0.0000
 20
0.0000
 30
0.0000
 40
0.0000
 41
0.0000
 70
1
  0
VERTEX
  8
16
 10
32.3723
 20
43.1038
 30
0.0000
  0
VERTEX
  8
16
 10
32.3723
 20
45.4000
 30
0.0000
 42
1.0000
  0
VERTEX
  8
16
 10
31.7627
 20
45.4000
 30
0.0000
  0
VERTEX
  8
16
 10
31.7627
 20
43.1038
 30
0.0000
 42
1.0000
  0
SEQEND
  8
0
  0
POLYLINE
  8
16
 66
1
 10
0.0000
 20
0.0000
 30
0.0000
 40
0.0000
 41
0.0000
 70
1
  0
VERTEX
  8
16
 10
32.2680
 20
45.4331
 30
0.0000
  0
VERTEX
  8
16
 10
31.9530
 20
47.3406
 30
0.0000
 42
1.0000
  0
VERTEX
  8
16
 10
31.5520
 20
47.2744
 30
0.0000
  0
VERTEX
  8
16
 10
31.8670
 20
45.3669
 30
0.0000
 42
1.0000
  0
SEQEND
  8
0
  0
POLYLINE
  8
16
 66
1
 10
0.0000
 20
0.0000
 30
0.0000
 40
0.0000
 41
0.0000
 70
1
  0
VERTEX
  8
16
 10
32.0675
 20
36.4236
 30
0.0000
  0
VERTEX
  8
16
 10
33.3375
 20
36.4236
 30
0.0000
 42
1.0000
  0
VERTEX
  8
16
 10
33.3375
 20
37.2364
 30
0.0000
  0
VERTEX
  8
16
 10
32.0675
 20
37.2364
 30
0.0000
 42
1.0000
  0
SEQEND
  8
0
  0
POLYLINE
  8
16
 66
1
 10
0.0000
 20
0.0000
 30
0.0000
 40
0.0000
 41
0.0000
 70
1
  0
VERTEX
  8
16
 10
32.9311
 20
36.8300
 30
0.0000
  0
VERTEX
  8
16
 10
32.9311
 20
34.9250
 30
0.0000
 42
1.0000
  0
VERTEX
  8
16
 10
33.7439
 20
34.9250
 30
0.0000
  0
VERTEX
  8
16
 10
33.7439
 20
36.8300
 30
0.0000
 42
1.0000
  0
SEQEND
  8
0
  0
INSERT
  8
18
  2
ROUNDV
 10
33.3375
 20
34.9250
 30
0.0000
 41
0.9048
 42
0.9048
 43
1.0000
 50
0.0000
  0
POLYLINE
  8
16
 66
1
 10
0.0000
 20
0.0000
 30
0.0000
 40
0.0000
 41
0.0000
 70
1
  0
VERTEX
  8
16
 10
29.4513
 20
43.1038
 30
0.0000
  0
VERTEX
  8
16
 10
29.4513
 20
39.5986
 30
0.0000
 42
1.0000
  0
VERTEX
  8
16
 10
30.0609
 20
39.5986
 30
0.0000
  0
VERTEX
  8
16
 10
30.0609
 20
43.1038
 30
0.0000
 42
1.0000
  0
SEQEND
  8
0
  0
POLYLINE
  8
16
 66
1
 10
0.0000
 20
0.0000
 30
0.0000
 40
0.0000
 41
0.0000
 70
1
  0
VERTEX
  8
16
 10
29.6124
 20
39.7423
 30
0.0000
  0
VERTEX
  8
16
 10
29.3838
 20
39.5137
 30
0.0000
 42
1.0000
  0
VERTEX
  8
16
 10
29.6712
 20
39.2263
 30
0.0000
  0
VERTEX
  8
16
 10
29.8998
 20
39.4549
 30
0.0000
 42
1.0000
  0
SEQEND
  8
0
  0
POLYLINE
  8
16
 66
1
 10
0.0000
 20
0.0000
 30
0.0000
 40
0.0000
 41
0.0000
 70
1
  0
VERTEX
  8
16
 10
29.5275
 20
39.5732
 30
0.0000
  0
VERTEX
  8
16
 10
26.6700
 20
39.5732
 30
0.0000
 42
1.0000
  0
VERTEX
  8
16
 10
26.6700
 20
39.1668
 30
0.0000
  0
VERTEX
  8
16
 10
29.5275
 20
39.1668
 30
0.0000
 42
1.0000
  0
SEQEND
  8
0
  0
POLYLINE
  8
16
 66
1
 10
0.0000
 20
0.0000
 30
0.0000
 40
0.0000
 41
0.0000
 70
1
  0
VERTEX
  8
16
 10
26.8732
 20
39.3700
 30
0.0000
  0
VERTEX
  8
16
 10
26.8732
 20
40.9600
 30
0.0000
 42
1.0000
  0
VERTEX
  8
16
 10
26.4668
 20
40.9600
 30
0.0000
  0
VERTEX
  8
16
 10
26.4668
 20
39.3700
 30
0.0000
 42
1.0000
  0
SEQEND
  8
0
  0
POLYLINE
  8
16
 66
1
 10
0.0000
 20
0.0000
 30
0.0000
 40
0.0000
 41
0.0000
 70
1
  0
VERTEX
  8
16
 10
26.4668
 20
40.9600
 30
0.0000
  0
VERTEX
  8
16
 10
26.4668
 20
37.7800
 30
0.0000
 42
1.0000
  0
VERTEX
  8
16
 10
26.8732
 20
37.7800
 30
0.0000
  0
VERTEX
  8
16
 10
26.8732
 20
40.9600
 30
0.0000
 42
1.0000
  0
SEQEND
  8
0
  0
POLYLINE
  8
16
 66
1
 10
0.0000
 20
0.0000
 30
0.0000
 40
0.0000
 41
0.0000
 70
1
  0
VERTEX
  8
16
 10
88.5800
 20
13.9827
 30
0.0000
  0
VERTEX
  8
16
 10
90.4875
 20
13.9827
 30
0.0000
 42
1.0000
  0
VERTEX
  8
16
 10
90.4875
 20
14.5923
 30
0.0000
  0
VERTEX
  8
16
 10
88.5800
 20
14.5923
 30
0.0000
 42
1.0000
  0
SEQEND
  8
0
  0
POLYLINE
  8
16
 66
1
 10
0.0000
 20
0.0000
 30
0.0000
 40
0.0000
 41
0.0000
 70
1
  0
VERTEX
  8
16
 10
89.1032
 20
38.7350
 30
0.0000
  0
VERTEX
  8
16
 10
89.1032
 20
45.7200
 30
0.0000
 42
1.0000
  0
VERTEX
  8
16
 10
88.6968
 20
45.7200
 30
0.0000
  0
VERTEX
  8
16
 10
88.6968
 20
38.7350
 30
0.0000
 42
1.0000
  0
SEQEND
  8
0
  0
POLYLINE
  8
16
 66
1
 10
0.0000
 20
0.0000
 30
0.0000
 40
0.0000
 41
0.0000
 70
1
  0
VERTEX
  8
16
 10
89.0437
 20
45.8637
 30
0.0000
  0
VERTEX
  8
16
 10
88.4087
 20
46.4987
 30
0.0000
 42
1.0000
  0
VERTEX
  8
16
 10
88.1213
 20
46.2113
 30
0.0000
  0
VERTEX
  8
16
 10
88.7563
 20
45.5763
 30
0.0000
 42
1.0000
  0
SEQEND
  8
0
  0
POLYLINE
  8
16
 66
1
 10
0.0000
 20
0.0000
 30
0.0000
 40
0.0000
 41
0.0000
 70
1
  0
VERTEX
  8
16
 10
88.2650
 20
46.5582
 30
0.0000
  0
VERTEX
  8
16
 10
87.0966
 20
46.5582
 30
0.0000
 42
1.0000
  0
VERTEX
  8
16
 10
87.0966
 20
46.1518
 30
0.0000
  0
VERTEX
  8
16
 10
88.2650
 20
46.1518
 30
0.0000
 42
1.0000
  0
SEQEND
  8
0
  0
INSERT
  8
18
  2
ROUNDV
 10
90.4875
 20
14.2875
 30
0.0000
 41
1.1176
 42
1.1176
 43
1.0000
 50
0.0000
  0
INSERT
  8
18
  2
ROUNDV
 10
88.9000
 20
38.7350
 30
0.0000
 41
0.9048
 42
0.9048
 43
1.0000
 50
0.0000
  0
POLYLINE
  8
16
 66
1
 10
0.0000
 20
0.0000
 30
0.0000
 40
0.0000
 41
0.0000
 70
1
  0
VERTEX
  8
16
 10
93.2434
 20
47.8282
 30
0.0000
  0
VERTEX
  8
16
 10
91.7575
 20
47.8282
 30
0.0000
 42
1.0000
  0
VERTEX
  8
16
 10
91.7575
 20
47.4218
 30
0.0000
  0
VERTEX
  8
16
 10
93.2434
 20
47.4218
 30
0.0000
 42
1.0000
  0
SEQEND
  8
0
  0
POLYLINE
  8
16
 66
1
 10
0.0000
 20
0.0000
 30
0.0000
 40
0.0000
 41
0.0000
 70
1
  0
VERTEX
  8
16
 10
91.9392
 20
47.7159
 30
0.0000
  0
VERTEX
  8
16
 10
90.9867
 20
49.6209
 30
0.0000
 42
1.0000
  0
VERTEX
  8
16
 10
90.6233
 20
49.4391
 30
0.0000
  0
VERTEX
  8
16
 10
91.5758
 20
47.5341
 30
0.0000
 42
1.0000
  0
SEQEND
  8
0
  0
POLYLINE
  8
16
 66
1
 10
0.0000
 20
0.0000
 30
0.0000
 40
0.0000
 41
0.0000
 70
1
  0
VERTEX
  8
16
 10
93.0723
 20
20.7737
 30
0.0000
  0
VERTEX
  8
16
 10
92.1198
 20
18.8662
 30
0.0000
 42
1.0000
  0
VERTEX
  8
16
 10
92.6652
 20
18.5938
 30
0.0000
  0
VERTEX
  8
16
 10
93.6177
 20
20.5013
 30
0.0000
 42
1.0000
  0
SEQEND
  8
0
  0
INSERT
  8
18
  2
ROUNDV
 10
90.8050
 20
49.5300
 30
0.0000
 41
0.9048
 42
0.9048
 43
1.0000
 50
0.0000
  0
INSERT
  8
18
  2
ROUNDV
 10
93.3450
 20
20.6375
 30
0.0000
 41
1.1176
 42
1.1176
 43
1.0000
 50
0.0000
  0
POLYLINE
  8
16
 66
1
 10
0.0000
 20
0.0000
 30
0.0000
 40
0.0000
 41
0.0000
 70
1
  0
VERTEX
  8
16
 10
81.1377
 20
22.4281
 30
0.0000
  0
VERTEX
  8
16
 10
80.1602
 20
22.4531
 30
0.0000
 42
1.0000
  0
VERTEX
  8
16
 10
80.1498
 20
22.0469
 30
0.0000
  0
VERTEX
  8
16
 10
81.1273
 20
22.0219
 30
0.0000
 42
1.0000
  0
SEQEND
  8
0
  0
POLYLINE
  8
16
 66
1
 10
0.0000
 20
0.0000
 30
0.0000
 40
0.0000
 41
0.0000
 70
1
  0
VERTEX
  8
16
 10
80.1550
 20
22.4532
 30
0.0000
  0
VERTEX
  8
16
 10
77.5600
 20
22.4532
 30
0.0000
 42
1.0000
  0
VERTEX
  8
16
 10
77.5600
 20
22.0468
 30
0.0000
  0
VERTEX
  8
16
 10
80.1550
 20
22.0468
 30
0.0000
 42
1.0000
  0
SEQEND
  8
0
  0
POLYLINE
  8
16
 66
1
 10
0.0000
 20
0.0000
 30
0.0000
 40
0.0000
 41
0.0000
 70
1
  0
VERTEX
  8
16
 10
77.8648
 20
22.2500
 30
0.0000
  0
VERTEX
  8
16
 10
77.8648
 20
23.9025
 30
0.0000
 42
1.0000
  0
VERTEX
  8
16
 10
77.2552
 20
23.9025
 30
0.0000
  0
VERTEX
  8
16
 10
77.2552
 20
22.2500
 30
0.0000
 42
1.0000
  0
SEQEND
  8
0
  0
POLYLINE
  8
16
 66
1
 10
0.0000
 20
0.0000
 30
0.0000
 40
0.0000
 41
0.0000
 70
1
  0
VERTEX
  8
16
 10
77.7755
 20
23.6870
 30
0.0000
  0
VERTEX
  8
16
 10
78.0030
 20
23.9145
 30
0.0000
 42
1.0000
  0
VERTEX
  8
16
 10
77.5720
 20
24.3455
 30
0.0000
  0
VERTEX
  8
16
 10
77.3445
 20
24.1180
 30
0.0000
 42
1.0000
  0
SEQEND
  8
0
  0
POLYLINE
  8
16
 66
1
 10
0.0000
 20
0.0000
 30
0.0000
 40
0.0000
 41
0.0000
 70
1
  0
VERTEX
  8
16
 10
58.6232
 20
23.4925
 30
0.0000
  0
VERTEX
  8
16
 10
58.6232
 20
24.6825
 30
0.0000
 42
1.0000
  0
VERTEX
  8
16
 10
58.2168
 20
24.6825
 30
0.0000
  0
VERTEX
  8
16
 10
58.2168
 20
23.4925
 30
0.0000
 42
1.0000
  0
SEQEND
  8
0
  0
POLYLINE
  8
16
 66
1
 10
0.0000
 20
0.0000
 30
0.0000
 40
0.0000
 41
0.0000
 70
1
  0
VERTEX
  8
16
 10
58.4200
 20
24.8857
 30
0.0000
  0
VERTEX
  8
16
 10
55.2475
 20
24.8857
 30
0.0000
 42
1.0000
  0
VERTEX
  8
16
 10
55.2475
 20
24.4793
 30
0.0000
  0
VERTEX
  8
16
 10
58.4200
 20
24.4793
 30
0.0000
 42
1.0000
  0
SEQEND
  8
0
  0
POLYLINE
  8
16
 66
1
 10
0.0000
 20
0.0000
 30
0.0000
 40
0.0000
 41
0.0000
 70
1
  0
VERTEX
  8
16
 10
55.1766
 20
24.8729
 30
0.0000
  0
VERTEX
  8
16
 10
54.5391
 20
24.6354
 30
0.0000
 42
1.0000
  0
VERTEX
  8
16
 10
54.6809
 20
24.2546
 30
0.0000
  0
VERTEX
  8
16
 10
55.3184
 20
24.4921
 30
0.0000
 42
1.0000
  0
SEQEND
  8
0
  0
POLYLINE
  8
16
 66
1
 10
0.0000
 20
0.0000
 30
0.0000
 40
0.0000
 41
0.0000
 70
1
  0
VERTEX
  8
16
 10
25.6032
 20
15.3000
 30
0.0000
  0
VERTEX
  8
16
 10
25.6032
 20
19.3675
 30
0.0000
 42
1.0000
  0
VERTEX
  8
16
 10
25.1968
 20
19.3675
 30
0.0000
  0
VERTEX
  8
16
 10
25.1968
 20
15.3000
 30
0.0000
 42
1.0000
  0
SEQEND
  8
0
  0
POLYLINE
  8
16
 66
1
 10
0.0000
 20
0.0000
 30
0.0000
 40
0.0000
 41
0.0000
 70
1
  0
VERTEX
  8
16
 10
25.4987
 20
19.1899
 30
0.0000
  0
VERTEX
  8
16
 10
28.3562
 20
20.7774
 30
0.0000
 42
1.0000
  0
VERTEX
  8
16
 10
28.1588
 20
21.1326
 30
0.0000
  0
VERTEX
  8
16
 10
25.3013
 20
19.5451
 30
0.0000
 42
1.0000
  0
SEQEND
  8
0
  0
POLYLINE
  8
16
 66
1
 10
0.0000
 20
0.0000
 30
0.0000
 40
0.0000
 41
0.0000
 70
1
  0
VERTEX
  8
16
 10
28.3484
 20
20.7733
 30
0.0000
  0
VERTEX
  8
16
 10
34.0634
 20
23.6308
 30
0.0000
 42
1.0000
  0
VERTEX
  8
16
 10
33.8816
 20
23.9942
 30
0.0000
  0
VERTEX
  8
16
 10
28.1666
 20
21.1367
 30
0.0000
 42
1.0000
  0
SEQEND
  8
0
  0
POLYLINE
  8
16
 66
1
 10
0.0000
 20
0.0000
 30
0.0000
 40
0.0000
 41
0.0000
 70
1
  0
VERTEX
  8
16
 10
34.1393
 20
23.6965
 30
0.0000
  0
VERTEX
  8
16
 10
36.6793
 20
27.3477
 30
0.0000
 42
1.0000
  0
VERTEX
  8
16
 10
36.3457
 20
27.5798
 30
0.0000
  0
VERTEX
  8
16
 10
33.8057
 20
23.9285
 30
0.0000
 42
1.0000
  0
SEQEND
  8
0
  0
POLYLINE
  8
16
 66
1
 10
0.0000
 20
0.0000
 30
0.0000
 40
0.0000
 41
0.0000
 70
1
  0
VERTEX
  8
16
 10
42.2275
 20
27.6669
 30
0.0000
  0
VERTEX
  8
16
 10
36.5125
 20
27.6669
 30
0.0000
 42
1.0000
  0
VERTEX
  8
16
 10
36.5125
 20
27.2606
 30
0.0000
  0
VERTEX
  8
16
 10
42.2275
 20
27.2606
 30
0.0000
 42
1.0000
  0
SEQEND
  8
0
  0
POLYLINE
  8
16
 66
1
 10
0.0000
 20
0.0000
 30
0.0000
 40
0.0000
 41
0.0000
 70
1
  0
VERTEX
  8
16
 10
54.6103
 20
24.6482
 30
0.0000
  0
VERTEX
  8
16
 10
52.7053
 20
24.6507
 30
0.0000
 42
1.0000
  0
VERTEX
  8
16
 10
52.7047
 20
24.2443
 30
0.0000
  0
VERTEX
  8
16
 10
54.6097
 20
24.2418
 30
0.0000
 42
1.0000
  0
SEQEND
  8
0
  0
POLYLINE
  8
16
 66
1
 10
0.0000
 20
0.0000
 30
0.0000
 40
0.0000
 41
0.0000
 70
1
  0
VERTEX
  8
16
 10
43.7007
 20
25.4000
 30
0.0000
  0
VERTEX
  8
16
 10
43.7007
 20
25.8763
 30
0.0000
 42
1.0000
  0
VERTEX
  8
16
 10
43.2943
 20
25.8763
 30
0.0000
  0
VERTEX
  8
16
 10
43.2943
 20
25.4000
 30
0.0000
 42
1.0000
  0
SEQEND
  8
0
  0
POLYLINE
  8
16
 66
1
 10
0.0000
 20
0.0000
 30
0.0000
 40
0.0000
 41
0.0000
 70
1
  0
VERTEX
  8
16
 10
43.6562
 20
26.0032
 30
0.0000
  0
VERTEX
  8
16
 10
42.3862
 20
27.5907
 30
0.0000
 42
1.0000
  0
VERTEX
  8
16
 10
42.0688
 20
27.3368
 30
0.0000
  0
VERTEX
  8
16
 10
43.3388
 20
25.7493
 30
0.0000
 42
1.0000
  0
SEQEND
  8
0
  0
INSERT
  8
18
  2
ROUNDV
 10
52.7050
 20
24.4475
 30
0.0000
 41
0.9048
 42
0.9048
 43
1.0000
 50
0.0000
  0
INSERT
  8
18
  2
ROUNDV
 10
43.4975
 20
25.4000
 30
0.0000
 41
0.9048
 42
0.9048
 43
1.0000
 50
0.0000
  0
POLYLINE
  8
16
 66
1
 10
0.0000
 20
0.0000
 30
0.0000
 40
0.0000
 41
0.0000
 70
1
  0
VERTEX
  8
16
 10
43.8175
 20
16.0782
 30
0.0000
  0
VERTEX
  8
16
 10
43.8150
 20
16.0782
 30
0.0000
 42
1.0000
  0
VERTEX
  8
16
 10
43.8150
 20
15.6718
 30
0.0000
  0
VERTEX
  8
16
 10
43.8175
 20
15.6718
 30
0.0000
 42
1.0000
  0
SEQEND
  8
0
  0
POLYLINE
  8
16
 66
1
 10
0.0000
 20
0.0000
 30
0.0000
 40
0.0000
 41
0.0000
 70
1
  0
VERTEX
  8
16
 10
43.7948
 20
16.0772
 30
0.0000
  0
VERTEX
  8
16
 10
42.2073
 20
15.9184
 30
0.0000
 42
1.0000
  0
VERTEX
  8
16
 10
42.2477
 20
15.5141
 30
0.0000
  0
VERTEX
  8
16
 10
43.8352
 20
15.6728
 30
0.0000
 42
1.0000
  0
SEQEND
  8
0
  0
POLYLINE
  8
16
 66
1
 10
0.0000
 20
0.0000
 30
0.0000
 40
0.0000
 41
0.0000
 70
1
  0
VERTEX
  8
16
 10
42.2275
 20
15.9195
 30
0.0000
  0
VERTEX
  8
16
 10
34.6075
 20
15.9195
 30
0.0000
 42
1.0000
  0
VERTEX
  8
16
 10
34.6075
 20
15.5130
 30
0.0000
  0
VERTEX
  8
16
 10
42.2275
 20
15.5130
 30
0.0000
 42
1.0000
  0
SEQEND
  8
0
  0
POLYLINE
  8
16
 66
1
 10
0.0000
 20
0.0000
 30
0.0000
 40
0.0000
 41
0.0000
 70
1
  0
VERTEX
  8
16
 10
27.7368
 20
17.7800
 30
0.0000
  0
VERTEX
  8
16
 10
27.7368
 20
15.3000
 30
0.0000
 42
1.0000
  0
VERTEX
  8
16
 10
28.1432
 20
15.3000
 30
0.0000
  0
VERTEX
  8
16
 10
28.1432
 20
17.7800
 30
0.0000
 42
1.0000
  0
SEQEND
  8
0
  0
INSERT
  8
18
  2
ROUNDV
 10
34.6075
 20
15.7163
 30
0.0000
 41
0.9048
 42
0.9048
 43
1.0000
 50
0.0000
  0
INSERT
  8
18
  2
ROUNDV
 10
27.9400
 20
17.7800
 30
0.0000
 41
0.9048
 42
0.9048
 43
1.0000
 50
0.0000
  0
POLYLINE
  8
16
 66
1
 10
0.0000
 20
0.0000
 30
0.0000
 40
0.0000
 41
0.0000
 70
1
  0
VERTEX
  8
16
 10
55.6768
 20
13.2750
 30
0.0000
  0
VERTEX
  8
16
 10
55.6768
 20
10.4775
 30
0.0000
 42
1.0000
  0
VERTEX
  8
16
 10
56.0832
 20
10.4775
 30
0.0000
  0
VERTEX
  8
16
 10
56.0832
 20
13.2750
 30
0.0000
 42
1.0000
  0
SEQEND
  8
0
  0
POLYLINE
  8
16
 66
1
 10
0.0000
 20
0.0000
 30
0.0000
 40
0.0000
 41
0.0000
 70
1
  0
VERTEX
  8
16
 10
55.8797
 20
10.2743
 30
0.0000
  0
VERTEX
  8
16
 10
57.7847
 20
10.2718
 30
0.0000
 42
1.0000
  0
VERTEX
  8
16
 10
57.7853
 20
10.6782
 30
0.0000
  0
VERTEX
  8
16
 10
55.8803
 20
10.6807
 30
0.0000
 42
1.0000
  0
SEQEND
  8
0
  0
POLYLINE
  8
16
 66
1
 10
0.0000
 20
0.0000
 30
0.0000
 40
0.0000
 41
0.0000
 70
1
  0
VERTEX
  8
16
 10
54.0633
 20
3.9457
 30
0.0000
  0
VERTEX
  8
16
 10
55.9708
 20
4.8982
 30
0.0000
 42
1.0000
  0
VERTEX
  8
16
 10
55.7892
 20
5.2618
 30
0.0000
  0
VERTEX
  8
16
 10
53.8817
 20
4.3093
 30
0.0000
 42
1.0000
  0
SEQEND
  8
0
  0
POLYLINE
  8
16
 66
1
 10
0.0000
 20
0.0000
 30
0.0000
 40
0.0000
 41
0.0000
 70
1
  0
VERTEX
  8
16
 10
56.0832
 20
5.0800
 30
0.0000
  0
VERTEX
  8
16
 10
56.0832
 20
10.4775
 30
0.0000
 42
1.0000
  0
VERTEX
  8
16
 10
55.6768
 20
10.4775
 30
0.0000
  0
VERTEX
  8
16
 10
55.6768
 20
5.0800
 30
0.0000
 42
1.0000
  0
SEQEND
  8
0
  0
POLYLINE
  8
16
 66
1
 10
0.0000
 20
0.0000
 30
0.0000
 40
0.0000
 41
0.0000
 70
1
  0
VERTEX
  8
16
 10
46.1338
 20
3.4849
 30
0.0000
  0
VERTEX
  8
16
 10
48.6763
 20
4.8999
 30
0.0000
 42
1.0000
  0
VERTEX
  8
16
 10
48.4787
 20
5.2551
 30
0.0000
  0
VERTEX
  8
16
 10
45.9362
 20
3.8401
 30
0.0000
 42
1.0000
  0
SEQEND
  8
0
  0
POLYLINE
  8
16
 66
1
 10
0.0000
 20
0.0000
 30
0.0000
 40
0.0000
 41
0.0000
 70
1
  0
VERTEX
  8
16
 10
48.5064
 20
4.8872
 30
0.0000
  0
VERTEX
  8
16
 10
51.0489
 20
3.9372
 30
0.0000
 42
1.0000
  0
VERTEX
  8
16
 10
51.1911
 20
4.3178
 30
0.0000
  0
VERTEX
  8
16
 10
48.6486
 20
5.2678
 30
0.0000
 42
1.0000
  0
SEQEND
  8
0
  0
POLYLINE
  8
16
 66
1
 10
0.0000
 20
0.0000
 30
0.0000
 40
0.0000
 41
0.0000
 70
1
  0
VERTEX
  8
16
 10
51.1200
 20
3.9243
 30
0.0000
  0
VERTEX
  8
16
 10
52.0725
 20
3.9243
 30
0.0000
 42
1.0000
  0
VERTEX
  8
16
 10
52.0725
 20
4.3307
 30
0.0000
  0
VERTEX
  8
16
 10
51.1200
 20
4.3307
 30
0.0000
 42
1.0000
  0
SEQEND
  8
0
  0
POLYLINE
  8
16
 66
1
 10
0.0000
 20
0.0000
 30
0.0000
 40
0.0000
 41
0.0000
 70
1
  0
VERTEX
  8
16
 10
48.8953
 20
17.3457
 30
0.0000
  0
VERTEX
  8
16
 10
46.9903
 20
17.3482
 30
0.0000
 42
1.0000
  0
VERTEX
  8
16
 10
46.9897
 20
16.9418
 30
0.0000
  0
VERTEX
  8
16
 10
48.8947
 20
16.9393
 30
0.0000
 42
1.0000
  0
SEQEND
  8
0
  0
POLYLINE
  8
16
 66
1
 10
0.0000
 20
0.0000
 30
0.0000
 40
0.0000
 41
0.0000
 70
1
  0
VERTEX
  8
16
 10
46.8463
 20
17.2887
 30
0.0000
  0
VERTEX
  8
16
 10
45.5763
 20
16.0187
 30
0.0000
 42
1.0000
  0
VERTEX
  8
16
 10
45.8637
 20
15.7313
 30
0.0000
  0
VERTEX
  8
16
 10
47.1337
 20
17.0013
 30
0.0000
 42
1.0000
  0
SEQEND
  8
0
  0
POLYLINE
  8
16
 66
1
 10
0.0000
 20
0.0000
 30
0.0000
 40
0.0000
 41
0.0000
 70
1
  0
VERTEX
  8
16
 10
45.7200
 20
16.0782
 30
0.0000
  0
VERTEX
  8
16
 10
45.7175
 20
16.0782
 30
0.0000
 42
1.0000
  0
VERTEX
  8
16
 10
45.7175
 20
15.6718
 30
0.0000
  0
VERTEX
  8
16
 10
45.7200
 20
15.6718
 30
0.0000
 42
1.0000
  0
SEQEND
  8
0
  0
POLYLINE
  8
16
 66
1
 10
0.0000
 20
0.0000
 30
0.0000
 40
0.0000
 41
0.0000
 70
1
  0
VERTEX
  8
16
 10
44.9201
 20
11.8434
 30
0.0000
  0
VERTEX
  8
16
 10
45.5551
 20
12.5659
 30
0.0000
 42
1.0000
  0
VERTEX
  8
16
 10
45.2499
 20
12.8341
 30
0.0000
  0
VERTEX
  8
16
 10
44.6149
 20
12.1116
 30
0.0000
 42
1.0000
  0
SEQEND
  8
0
  0
POLYLINE
  8
16
 66
1
 10
0.0000
 20
0.0000
 30
0.0000
 40
0.0000
 41
0.0000
 70
1
  0
VERTEX
  8
16
 10
45.5953
 20
12.6357
 30
0.0000
  0
VERTEX
  8
16
 10
45.9128
 20
13.5882
 30
0.0000
 42
1.0000
  0
VERTEX
  8
16
 10
45.5272
 20
13.7168
 30
0.0000
  0
VERTEX
  8
16
 10
45.2097
 20
12.7643
 30
0.0000
 42
1.0000
  0
SEQEND
  8
0
  0
POLYLINE
  8
16
 66
1
 10
0.0000
 20
0.0000
 30
0.0000
 40
0.0000
 41
0.0000
 70
1
  0
VERTEX
  8
16
 10
45.9232
 20
13.6525
 30
0.0000
  0
VERTEX
  8
16
 10
45.9232
 20
13.6550
 30
0.0000
 42
1.0000
  0
VERTEX
  8
16
 10
45.5168
 20
13.6550
 30
0.0000
  0
VERTEX
  8
16
 10
45.5168
 20
13.6525
 30
0.0000
 42
1.0000
  0
SEQEND
  8
0
  0
POLYLINE
  8
16
 66
1
 10
0.0000
 20
0.0000
 30
0.0000
 40
0.0000
 41
0.0000
 70
1
  0
VERTEX
  8
16
 10
45.9232
 20
13.6552
 30
0.0000
  0
VERTEX
  8
16
 10
45.9207
 20
15.8752
 30
0.0000
 42
1.0000
  0
VERTEX
  8
16
 10
45.5143
 20
15.8748
 30
0.0000
  0
VERTEX
  8
16
 10
45.5168
 20
13.6548
 30
0.0000
 42
1.0000
  0
SEQEND
  8
0
  0
POLYLINE
  8
16
 66
1
 10
0.0000
 20
0.0000
 30
0.0000
 40
0.0000
 41
0.0000
 70
1
  0
VERTEX
  8
16
 10
53.5432
 20
13.2750
 30
0.0000
  0
VERTEX
  8
16
 10
53.5432
 20
15.2400
 30
0.0000
 42
1.0000
  0
VERTEX
  8
16
 10
53.1368
 20
15.2400
 30
0.0000
  0
VERTEX
  8
16
 10
53.1368
 20
13.2750
 30
0.0000
 42
1.0000
  0
SEQEND
  8
0
  0
POLYLINE
  8
16
 66
1
 10
0.0000
 20
0.0000
 30
0.0000
 40
0.0000
 41
0.0000
 70
1
  0
VERTEX
  8
16
 10
53.3401
 20
15.4432
 30
0.0000
  0
VERTEX
  8
16
 10
48.8951
 20
15.4457
 30
0.0000
 42
1.0000
  0
VERTEX
  8
16
 10
48.8949
 20
15.0393
 30
0.0000
  0
VERTEX
  8
16
 10
53.3399
 20
15.0368
 30
0.0000
 42
1.0000
  0
SEQEND
  8
0
  0
POLYLINE
  8
16
 66
1
 10
0.0000
 20
0.0000
 30
0.0000
 40
0.0000
 41
0.0000
 70
1
  0
VERTEX
  8
16
 10
48.8950
 20
15.4457
 30
0.0000
  0
VERTEX
  8
16
 10
48.8925
 20
15.4457
 30
0.0000
 42
1.0000
  0
VERTEX
  8
16
 10
48.8925
 20
15.0393
 30
0.0000
  0
VERTEX
  8
16
 10
48.8950
 20
15.0393
 30
0.0000
 42
1.0000
  0
SEQEND
  8
0
  0
POLYLINE
  8
16
 66
1
 10
0.0000
 20
0.0000
 30
0.0000
 40
0.0000
 41
0.0000
 70
1
  0
VERTEX
  8
16
 10
48.6893
 20
15.2423
 30
0.0000
  0
VERTEX
  8
16
 10
48.6918
 20
12.3823
 30
0.0000
 42
1.0000
  0
VERTEX
  8
16
 10
49.0982
 20
12.3827
 30
0.0000
  0
VERTEX
  8
16
 10
49.0957
 20
15.2427
 30
0.0000
 42
1.0000
  0
SEQEND
  8
0
  0
POLYLINE
  8
16
 66
1
 10
0.0000
 20
0.0000
 30
0.0000
 40
0.0000
 41
0.0000
 70
1
  0
VERTEX
  8
16
 10
48.7807
 20
11.9775
 30
0.0000
  0
VERTEX
  8
16
 10
48.7807
 20
12.0650
 30
0.0000
 42
1.0000
  0
VERTEX
  8
16
 10
48.3743
 20
12.0650
 30
0.0000
  0
VERTEX
  8
16
 10
48.3743
 20
11.9775
 30
0.0000
 42
1.0000
  0
SEQEND
  8
0
  0
POLYLINE
  8
16
 66
1
 10
0.0000
 20
0.0000
 30
0.0000
 40
0.0000
 41
0.0000
 70
1
  0
VERTEX
  8
16
 10
48.7212
 20
11.9213
 30
0.0000
  0
VERTEX
  8
16
 10
49.0387
 20
12.2388
 30
0.0000
 42
1.0000
  0
VERTEX
  8
16
 10
48.7513
 20
12.5262
 30
0.0000
  0
VERTEX
  8
16
 10
48.4338
 20
12.2087
 30
0.0000
 42
1.0000
  0
SEQEND
  8
0
  0
POLYLINE
  8
16
 66
1
 10
0.0000
 20
0.0000
 30
0.0000
 40
0.0000
 41
0.0000
 70
1
  0
VERTEX
  8
16
 10
54.8132
 20
13.2750
 30
0.0000
  0
VERTEX
  8
16
 10
54.8132
 20
15.2400
 30
0.0000
 42
1.0000
  0
VERTEX
  8
16
 10
54.4068
 20
15.2400
 30
0.0000
  0
VERTEX
  8
16
 10
54.4068
 20
13.2750
 30
0.0000
 42
1.0000
  0
SEQEND
  8
0
  0
POLYLINE
  8
16
 66
1
 10
0.0000
 20
0.0000
 30
0.0000
 40
0.0000
 41
0.0000
 70
1
  0
VERTEX
  8
16
 10
54.6100
 20
15.0368
 30
0.0000
  0
VERTEX
  8
16
 10
58.4200
 20
15.0368
 30
0.0000
 42
1.0000
  0
VERTEX
  8
16
 10
58.4200
 20
15.4432
 30
0.0000
  0
VERTEX
  8
16
 10
54.6100
 20
15.4432
 30
0.0000
 42
1.0000
  0
SEQEND
  8
0
  0
POLYLINE
  8
16
 66
1
 10
0.0000
 20
0.0000
 30
0.0000
 40
0.0000
 41
0.0000
 70
1
  0
VERTEX
  8
16
 10
58.6232
 20
15.2400
 30
0.0000
  0
VERTEX
  8
16
 10
58.6232
 20
16.1950
 30
0.0000
 42
1.0000
  0
VERTEX
  8
16
 10
58.2168
 20
16.1950
 30
0.0000
  0
VERTEX
  8
16
 10
58.2168
 20
15.2400
 30
0.0000
 42
1.0000
  0
SEQEND
  8
0
  0
POLYLINE
  8
16
 66
1
 10
0.0000
 20
0.0000
 30
0.0000
 40
0.0000
 41
0.0000
 70
1
  0
VERTEX
  8
16
 10
54.1757
 20
6.9848
 30
0.0000
  0
VERTEX
  8
16
 10
54.1782
 20
9.8423
 30
0.0000
 42
1.0000
  0
VERTEX
  8
16
 10
53.7718
 20
9.8427
 30
0.0000
  0
VERTEX
  8
16
 10
53.7693
 20
6.9852
 30
0.0000
 42
1.0000
  0
SEQEND
  8
0
  0
POLYLINE
  8
16
 66
1
 10
0.0000
 20
0.0000
 30
0.0000
 40
0.0000
 41
0.0000
 70
1
  0
VERTEX
  8
16
 10
54.1637
 20
9.7670
 30
0.0000
  0
VERTEX
  8
16
 10
54.7987
 20
11.3545
 30
0.0000
 42
1.0000
  0
VERTEX
  8
16
 10
54.4213
 20
11.5055
 30
0.0000
  0
VERTEX
  8
16
 10
53.7863
 20
9.9180
 30
0.0000
 42
1.0000
  0
SEQEND
  8
0
  0
POLYLINE
  8
16
 66
1
 10
0.0000
 20
0.0000
 30
0.0000
 40
0.0000
 41
0.0000
 70
1
  0
VERTEX
  8
16
 10
54.8132
 20
11.4300
 30
0.0000
  0
VERTEX
  8
16
 10
54.8132
 20
13.2750
 30
0.0000
 42
1.0000
  0
VERTEX
  8
16
 10
54.4068
 20
13.2750
 30
0.0000
  0
VERTEX
  8
16
 10
54.4068
 20
11.4300
 30
0.0000
 42
1.0000
  0
SEQEND
  8
0
  0
POLYLINE
  8
16
 66
1
 10
0.0000
 20
0.0000
 30
0.0000
 40
0.0000
 41
0.0000
 70
1
  0
VERTEX
  8
16
 10
57.9882
 20
5.3950
 30
0.0000
  0
VERTEX
  8
16
 10
57.9882
 20
8.5750
 30
0.0000
 42
1.0000
  0
VERTEX
  8
16
 10
57.5818
 20
8.5750
 30
0.0000
  0
VERTEX
  8
16
 10
57.5818
 20
5.3950
 30
0.0000
 42
1.0000
  0
SEQEND
  8
0
  0
POLYLINE
  8
16
 66
1
 10
0.0000
 20
0.0000
 30
0.0000
 40
0.0000
 41
0.0000
 70
1
  0
VERTEX
  8
16
 10
57.7849
 20
8.3718
 30
0.0000
  0
VERTEX
  8
16
 10
61.2774
 20
8.3693
 30
0.0000
 42
1.0000
  0
VERTEX
  8
16
 10
61.2776
 20
8.7757
 30
0.0000
  0
VERTEX
  8
16
 10
57.7851
 20
8.7782
 30
0.0000
 42
1.0000
  0
SEQEND
  8
0
  0
POLYLINE
  8
16
 66
1
 10
0.0000
 20
0.0000
 30
0.0000
 40
0.0000
 41
0.0000
 70
1
  0
VERTEX
  8
16
 10
61.4807
 20
8.5725
 30
0.0000
  0
VERTEX
  8
16
 10
61.4807
 20
19.5175
 30
0.0000
 42
1.0000
  0
VERTEX
  8
16
 10
61.0743
 20
19.5175
 30
0.0000
  0
VERTEX
  8
16
 10
61.0743
 20
8.5725
 30
0.0000
 42
1.0000
  0
SEQEND
  8
0
  0
POLYLINE
  8
16
 66
1
 10
0.0000
 20
0.0000
 30
0.0000
 40
0.0000
 41
0.0000
 70
1
  0
VERTEX
  8
16
 10
61.4494
 20
19.4092
 30
0.0000
  0
VERTEX
  8
16
 10
63.3544
 20
22.4342
 30
0.0000
 42
1.0000
  0
VERTEX
  8
16
 10
63.0106
 20
22.6508
 30
0.0000
  0
VERTEX
  8
16
 10
61.1056
 20
19.6258
 30
0.0000
 42
1.0000
  0
SEQEND
  8
0
  0
POLYLINE
  8
16
 66
1
 10
0.0000
 20
0.0000
 30
0.0000
 40
0.0000
 41
0.0000
 70
1
  0
VERTEX
  8
16
 10
63.3478
 20
22.4244
 30
0.0000
  0
VERTEX
  8
16
 10
64.9378
 20
24.6494
 30
0.0000
 42
1.0000
  0
VERTEX
  8
16
 10
64.6072
 20
24.8856
 30
0.0000
  0
VERTEX
  8
16
 10
63.0172
 20
22.6606
 30
0.0000
 42
1.0000
  0
SEQEND
  8
0
  0
POLYLINE
  8
16
 66
1
 10
0.0000
 20
0.0000
 30
0.0000
 40
0.0000
 41
0.0000
 70
1
  0
VERTEX
  8
16
 10
64.7725
 20
24.5643
 30
0.0000
  0
VERTEX
  8
16
 10
65.8925
 20
24.5643
 30
0.0000
 42
1.0000
  0
VERTEX
  8
16
 10
65.8925
 20
24.9707
 30
0.0000
  0
VERTEX
  8
16
 10
64.7725
 20
24.9707
 30
0.0000
 42
1.0000
  0
SEQEND
  8
0
  0
POLYLINE
  8
16
 66
1
 10
0.0000
 20
0.0000
 30
0.0000
 40
0.0000
 41
0.0000
 70
1
  0
VERTEX
  8
16
 10
45.0850
 20
5.6593
 30
0.0000
  0
VERTEX
  8
16
 10
45.8675
 20
5.6593
 30
0.0000
 42
1.0000
  0
VERTEX
  8
16
 10
45.8675
 20
6.0657
 30
0.0000
  0
VERTEX
  8
16
 10
45.0850
 20
6.0657
 30
0.0000
 42
1.0000
  0
SEQEND
  8
0
  0
POLYLINE
  8
16
 66
1
 10
0.0000
 20
0.0000
 30
0.0000
 40
0.0000
 41
0.0000
 70
1
  0
VERTEX
  8
16
 10
46.0112
 20
5.7188
 30
0.0000
  0
VERTEX
  8
16
 10
46.8162
 20
6.5238
 30
0.0000
 42
1.0000
  0
VERTEX
  8
16
 10
46.5288
 20
6.8112
 30
0.0000
  0
VERTEX
  8
16
 10
45.7238
 20
6.0062
 30
0.0000
 42
1.0000
  0
SEQEND
  8
0
  0
POLYLINE
  8
16
 66
1
 10
0.0000
 20
0.0000
 30
0.0000
 40
0.0000
 41
0.0000
 70
1
  0
VERTEX
  8
16
 10
46.6779
 20
6.4644
 30
0.0000
  0
VERTEX
  8
16
 10
52.2204
 20
6.6119
 30
0.0000
 42
1.0000
  0
VERTEX
  8
16
 10
52.2096
 20
7.0181
 30
0.0000
  0
VERTEX
  8
16
 10
46.6671
 20
6.8706
 30
0.0000
 42
1.0000
  0
SEQEND
  8
0
  0
POLYLINE
  8
16
 66
1
 10
0.0000
 20
0.0000
 30
0.0000
 40
0.0000
 41
0.0000
 70
1
  0
VERTEX
  8
16
 10
52.3707
 20
6.9455
 30
0.0000
  0
VERTEX
  8
16
 10
52.2282
 20
7.1155
 30
0.0000
 42
1.0000
  0
VERTEX
  8
16
 10
51.9168
 20
6.8545
 30
0.0000
  0
VERTEX
  8
16
 10
52.0593
 20
6.6845
 30
0.0000
 42
1.0000
  0
SEQEND
  8
0
  0
POLYLINE
  8
16
 66
1
 10
0.0000
 20
0.0000
 30
0.0000
 40
0.0000
 41
0.0000
 70
1
  0
VERTEX
  8
16
 10
86.9202
 20
24.9548
 30
0.0000
  0
VERTEX
  8
16
 10
84.3477
 20
25.9398
 30
0.0000
 42
1.0000
  0
VERTEX
  8
16
 10
84.2023
 20
25.5602
 30
0.0000
  0
VERTEX
  8
16
 10
86.7748
 20
24.5752
 30
0.0000
 42
1.0000
  0
SEQEND
  8
0
  0
POLYLINE
  8
16
 66
1
 10
0.0000
 20
0.0000
 30
0.0000
 40
0.0000
 41
0.0000
 70
1
  0
VERTEX
  8
16
 10
84.2750
 20
25.9532
 30
0.0000
  0
VERTEX
  8
16
 10
83.0600
 20
25.9532
 30
0.0000
 42
1.0000
  0
VERTEX
  8
16
 10
83.0600
 20
25.5468
 30
0.0000
  0
VERTEX
  8
16
 10
84.2750
 20
25.5468
 30
0.0000
 42
1.0000
  0
SEQEND
  8
0
  0
POLYLINE
  8
16
 66
1
 10
0.0000
 20
0.0000
 30
0.0000
 40
0.0000
 41
0.0000
 70
1
  0
VERTEX
  8
16
 10
80.3275
 20
25.4127
 30
0.0000
  0
VERTEX
  8
16
 10
83.0275
 20
25.4127
 30
0.0000
 42
1.0000
  0
VERTEX
  8
16
 10
83.0275
 20
26.0223
 30
0.0000
  0
VERTEX
  8
16
 10
80.3275
 20
26.0223
 30
0.0000
 42
1.0000
  0
SEQEND
  8
0
  0
POLYLINE
  8
16
 66
1
 10
0.0000
 20
0.0000
 30
0.0000
 40
0.0000
 41
0.0000
 70
1
  0
VERTEX
  8
16
 10
83.2430
 20
25.5020
 30
0.0000
  0
VERTEX
  8
16
 10
83.2755
 20
25.5345
 30
0.0000
 42
1.0000
  0
VERTEX
  8
16
 10
82.8445
 20
25.9655
 30
0.0000
  0
VERTEX
  8
16
 10
82.8120
 20
25.9330
 30
0.0000
 42
1.0000
  0
SEQEND
  8
0
  0
POLYLINE
  8
16
 66
1
 10
0.0000
 20
0.0000
 30
0.0000
 40
0.0000
 41
0.0000
 70
1
  0
VERTEX
  8
16
 10
86.7845
 20
21.7643
 30
0.0000
  0
VERTEX
  8
16
 10
85.1995
 20
22.7143
 30
0.0000
 42
1.0000
  0
VERTEX
  8
16
 10
84.9905
 20
22.3657
 30
0.0000
  0
VERTEX
  8
16
 10
86.5755
 20
21.4157
 30
0.0000
 42
1.0000
  0
SEQEND
  8
0
  0
POLYLINE
  8
16
 66
1
 10
0.0000
 20
0.0000
 30
0.0000
 40
0.0000
 41
0.0000
 70
1
  0
VERTEX
  8
16
 10
85.1639
 20
22.7312
 30
0.0000
  0
VERTEX
  8
16
 10
83.4014
 20
23.3662
 30
0.0000
 42
1.0000
  0
VERTEX
  8
16
 10
83.2636
 20
22.9838
 30
0.0000
  0
VERTEX
  8
16
 10
85.0261
 20
22.3488
 30
0.0000
 42
1.0000
  0
SEQEND
  8
0
  0
POLYLINE
  8
16
 66
1
 10
0.0000
 20
0.0000
 30
0.0000
 40
0.0000
 41
0.0000
 70
1
  0
VERTEX
  8
16
 10
82.9163
 20
32.6063
 30
0.0000
  0
VERTEX
  8
16
 10
82.9638
 20
32.5588
 30
0.0000
 42
1.0000
  0
VERTEX
  8
16
 10
83.2512
 20
32.8462
 30
0.0000
  0
VERTEX
  8
16
 10
83.2037
 20
32.8937
 30
0.0000
 42
1.0000
  0
SEQEND
  8
0
  0
POLYLINE
  8
16
 66
1
 10
0.0000
 20
0.0000
 30
0.0000
 40
0.0000
 41
0.0000
 70
1
  0
VERTEX
  8
16
 10
83.1075
 20
32.4993
 30
0.0000
  0
VERTEX
  8
16
 10
85.0900
 20
32.4993
 30
0.0000
 42
1.0000
  0
VERTEX
  8
16
 10
85.0900
 20
32.9057
 30
0.0000
  0
VERTEX
  8
16
 10
83.1075
 20
32.9057
 30
0.0000
 42
1.0000
  0
SEQEND
  8
0
  0
POLYLINE
  8
16
 66
1
 10
0.0000
 20
0.0000
 30
0.0000
 40
0.0000
 41
0.0000
 70
1
  0
VERTEX
  8
16
 10
85.0312
 20
32.5080
 30
0.0000
  0
VERTEX
  8
16
 10
85.5187
 20
32.3605
 30
0.0000
 42
1.0000
  0
VERTEX
  8
16
 10
85.6363
 20
32.7495
 30
0.0000
  0
VERTEX
  8
16
 10
85.1488
 20
32.8970
 30
0.0000
 42
1.0000
  0
SEQEND
  8
0
  0
POLYLINE
  8
16
 66
1
 10
0.0000
 20
0.0000
 30
0.0000
 40
0.0000
 41
0.0000
 70
1
  0
VERTEX
  8
16
 10
85.4687
 20
32.3834
 30
0.0000
  0
VERTEX
  8
16
 10
86.7387
 20
31.5784
 30
0.0000
 42
1.0000
  0
VERTEX
  8
16
 10
86.9563
 20
31.9216
 30
0.0000
  0
VERTEX
  8
16
 10
85.6863
 20
32.7266
 30
0.0000
 42
1.0000
  0
SEQEND
  8
0
  0
POLYLINE
  8
16
 66
1
 10
0.0000
 20
0.0000
 30
0.0000
 40
0.0000
 41
0.0000
 70
1
  0
VERTEX
  8
16
 10
80.3275
 20
32.3977
 30
0.0000
  0
VERTEX
  8
16
 10
83.0125
 20
32.3977
 30
0.0000
 42
1.0000
  0
VERTEX
  8
16
 10
83.0125
 20
33.0073
 30
0.0000
  0
VERTEX
  8
16
 10
80.3275
 20
33.0073
 30
0.0000
 42
1.0000
  0
SEQEND
  8
0
  0
POLYLINE
  8
16
 66
1
 10
0.0000
 20
0.0000
 30
0.0000
 40
0.0000
 41
0.0000
 70
1
  0
VERTEX
  8
16
 10
83.2280
 20
32.4870
 30
0.0000
  0
VERTEX
  8
16
 10
83.2755
 20
32.5345
 30
0.0000
 42
1.0000
  0
VERTEX
  8
16
 10
82.8445
 20
32.9655
 30
0.0000
  0
VERTEX
  8
16
 10
82.7970
 20
32.9180
 30
0.0000
 42
1.0000
  0
SEQEND
  8
0
  0
POLYLINE
  8
16
 66
1
 10
0.0000
 20
0.0000
 30
0.0000
 40
0.0000
 41
0.0000
 70
1
  0
VERTEX
  8
16
 10
74.9236
 20
39.4789
 30
0.0000
  0
VERTEX
  8
16
 10
72.2596
 20
39.9869
 30
0.0000
 42
1.0000
  0
VERTEX
  8
16
 10
72.1454
 20
39.3881
 30
0.0000
  0
VERTEX
  8
16
 10
74.8094
 20
38.8801
 30
0.0000
 42
1.0000
  0
SEQEND
  8
0
  0
POLYLINE
  8
16
 66
1
 10
0.0000
 20
0.0000
 30
0.0000
 40
0.0000
 41
0.0000
 70
1
  0
VERTEX
  8
16
 10
65.4050
 20
39.2811
 30
0.0000
  0
VERTEX
  8
16
 10
72.2025
 20
39.2811
 30
0.0000
 42
1.0000
  0
VERTEX
  8
16
 10
72.2025
 20
40.0939
 30
0.0000
  0
VERTEX
  8
16
 10
65.4050
 20
40.0939
 30
0.0000
 42
1.0000
  0
SEQEND
  8
0
  0
POLYLINE
  8
16
 66
1
 10
0.0000
 20
0.0000
 30
0.0000
 40
0.0000
 41
0.0000
 70
1
  0
VERTEX
  8
16
 10
72.4899
 20
39.4001
 30
0.0000
  0
VERTEX
  8
16
 10
72.5524
 20
39.4626
 30
0.0000
 42
1.0000
  0
VERTEX
  8
16
 10
71.9776
 20
40.0374
 30
0.0000
  0
VERTEX
  8
16
 10
71.9151
 20
39.9749
 30
0.0000
 42
1.0000
  0
SEQEND
  8
0
  0
INSERT
  8
18
  2
ROUNDV
 10
65.4050
 20
39.6875
 30
0.0000
 41
0.9048
 42
0.9048
 43
1.0000
 50
0.0000
  0
POLYLINE
  8
16
 66
1
 10
0.0000
 20
0.0000
 30
0.0000
 40
0.0000
 41
0.0000
 70
1
  0
VERTEX
  8
16
 10
6.1459
 20
17.6496
 30
0.0000
  0
VERTEX
  8
16
 10
3.4334
 20
17.3321
 30
0.0000
 42
1.0000
  0
VERTEX
  8
16
 10
3.5516
 20
16.3229
 30
0.0000
  0
VERTEX
  8
16
 10
6.2641
 20
16.6404
 30
0.0000
 42
1.0000
  0
SEQEND
  8
0
  0
POLYLINE
  8
16
 66
1
 10
0.0000
 20
0.0000
 30
0.0000
 40
0.0000
 41
0.0000
 70
1
  0
VERTEX
  8
16
 10
2.8901
 20
17.0283
 30
0.0000
  0
VERTEX
  8
16
 10
1.9376
 20
14.1708
 30
0.0000
 42
1.0000
  0
VERTEX
  8
16
 10
3.1424
 20
13.7692
 30
0.0000
  0
VERTEX
  8
16
 10
4.0949
 20
16.6267
 30
0.0000
 42
1.0000
  0
SEQEND
  8
0
  0
POLYLINE
  8
16
 66
1
 10
0.0000
 20
0.0000
 30
0.0000
 40
0.0000
 41
0.0000
 70
1
  0
VERTEX
  8
16
 10
1.9050
 20
13.9700
 30
0.0000
  0
VERTEX
  8
16
 10
1.9050
 20
1.5875
 30
0.0000
 42
1.0000
  0
VERTEX
  8
16
 10
3.1750
 20
1.5875
 30
0.0000
  0
VERTEX
  8
16
 10
3.1750
 20
13.9700
 30
0.0000
 42
1.0000
  0
SEQEND
  8
0
  0
POLYLINE
  8
16
 66
1
 10
0.0000
 20
0.0000
 30
0.0000
 40
0.0000
 41
0.0000
 70
1
  0
VERTEX
  8
16
 10
10.3050
 20
16.7386
 30
0.0000
  0
VERTEX
  8
16
 10
17.7850
 20
16.7386
 30
0.0000
 42
1.0000
  0
VERTEX
  8
16
 10
17.7850
 20
17.5514
 30
0.0000
  0
VERTEX
  8
16
 10
10.3050
 20
17.5514
 30
0.0000
 42
1.0000
  0
SEQEND
  8
0
  0
POLYLINE
  8
16
 66
1
 10
0.0000
 20
0.0000
 30
0.0000
 40
0.0000
 41
0.0000
 70
1
  0
VERTEX
  8
16
 10
18.1914
 20
17.1450
 30
0.0000
  0
VERTEX
  8
16
 10
18.1914
 20
17.6000
 30
0.0000
 42
1.0000
  0
VERTEX
  8
16
 10
17.3786
 20
17.6000
 30
0.0000
  0
VERTEX
  8
16
 10
17.3786
 20
17.1450
 30
0.0000
 42
1.0000
  0
SEQEND
  8
0
  0
POLYLINE
  8
16
 66
1
 10
0.0000
 20
0.0000
 30
0.0000
 40
0.0000
 41
0.0000
 70
1
  0
VERTEX
  8
16
 10
64.4398
 20
21.2725
 30
0.0000
  0
VERTEX
  8
16
 10
64.4398
 20
21.3610
 30
0.0000
 42
1.0000
  0
VERTEX
  8
16
 10
63.8302
 20
21.3610
 30
0.0000
  0
VERTEX
  8
16
 10
63.8302
 20
21.2725
 30
0.0000
 42
1.0000
  0
SEQEND
  8
0
  0
POLYLINE
  8
16
 66
1
 10
0.0000
 20
0.0000
 30
0.0000
 40
0.0000
 41
0.0000
 70
1
  0
VERTEX
  8
16
 10
64.3505
 20
21.1455
 30
0.0000
  0
VERTEX
  8
16
 10
65.2395
 20
22.0345
 30
0.0000
 42
1.0000
  0
VERTEX
  8
16
 10
64.8085
 20
22.4655
 30
0.0000
  0
VERTEX
  8
16
 10
63.9195
 20
21.5765
 30
0.0000
 42
1.0000
  0
SEQEND
  8
0
  0
POLYLINE
  8
16
 66
1
 10
0.0000
 20
0.0000
 30
0.0000
 40
0.0000
 41
0.0000
 70
1
  0
VERTEX
  8
16
 10
65.0240
 20
21.9452
 30
0.0000
  0
VERTEX
  8
16
 10
66.7650
 20
21.9452
 30
0.0000
 42
1.0000
  0
VERTEX
  8
16
 10
66.7650
 20
22.5548
 30
0.0000
  0
VERTEX
  8
16
 10
65.0240
 20
22.5548
 30
0.0000
 42
1.0000
  0
SEQEND
  8
0
  0
POLYLINE
  8
16
 66
1
 10
0.0000
 20
0.0000
 30
0.0000
 40
0.0000
 41
0.0000
 70
1
  0
VERTEX
  8
16
 10
92.4911
 20
24.3102
 30
0.0000
  0
VERTEX
  8
16
 10
89.6386
 20
25.8927
 30
0.0000
 42
1.0000
  0
VERTEX
  8
16
 10
89.4414
 20
25.5373
 30
0.0000
  0
VERTEX
  8
16
 10
92.2939
 20
23.9548
 30
0.0000
 42
1.0000
  0
SEQEND
  8
0
  0
POLYLINE
  8
16
 66
1
 10
0.0000
 20
0.0000
 30
0.0000
 40
0.0000
 41
0.0000
 70
1
  0
VERTEX
  8
16
 10
89.5400
 20
25.9182
 30
0.0000
  0
VERTEX
  8
16
 10
89.0475
 20
25.9182
 30
0.0000
 42
1.0000
  0
VERTEX
  8
16
 10
89.0475
 20
25.5118
 30
0.0000
  0
VERTEX
  8
16
 10
89.5400
 20
25.5118
 30
0.0000
 42
1.0000
  0
SEQEND
  8
0
  0
POLYLINE
  8
16
 66
1
 10
0.0000
 20
0.0000
 30
0.0000
 40
0.0000
 41
0.0000
 70
1
  0
VERTEX
  8
16
 10
92.4320
 20
17.0293
 30
0.0000
  0
VERTEX
  8
16
 10
90.8445
 20
17.3443
 30
0.0000
 42
1.0000
  0
VERTEX
  8
16
 10
90.7655
 20
16.9457
 30
0.0000
  0
VERTEX
  8
16
 10
92.3530
 20
16.6307
 30
0.0000
 42
1.0000
  0
SEQEND
  8
0
  0
POLYLINE
  8
16
 66
1
 10
0.0000
 20
0.0000
 30
0.0000
 40
0.0000
 41
0.0000
 70
1
  0
VERTEX
  8
16
 10
91.0055
 20
17.1779
 30
0.0000
  0
VERTEX
  8
16
 10
90.6930
 20
19.0804
 30
0.0000
 42
1.0000
  0
VERTEX
  8
16
 10
90.2920
 20
19.0146
 30
0.0000
  0
VERTEX
  8
16
 10
90.6045
 20
17.1121
 30
0.0000
 42
1.0000
  0
SEQEND
  8
0
  0
POLYLINE
  8
16
 66
1
 10
0.0000
 20
0.0000
 30
0.0000
 40
0.0000
 41
0.0000
 70
1
  0
VERTEX
  8
16
 10
90.4925
 20
19.2507
 30
0.0000
  0
VERTEX
  8
16
 10
89.0475
 20
19.2507
 30
0.0000
 42
1.0000
  0
VERTEX
  8
16
 10
89.0475
 20
18.8443
 30
0.0000
  0
VERTEX
  8
16
 10
90.4925
 20
18.8443
 30
0.0000
 42
1.0000
  0
SEQEND
  8
0
  0
POLYLINE
  8
16
 66
1
 10
0.0000
 20
0.0000
 30
0.0000
 40
0.0000
 41
0.0000
 70
1
  0
VERTEX
  8
16
 10
81.0387
 20
3.8227
 30
0.0000
  0
VERTEX
  8
16
 10
83.8200
 20
3.8227
 30
0.0000
 42
1.0000
  0
VERTEX
  8
16
 10
83.8200
 20
4.4323
 30
0.0000
  0
VERTEX
  8
16
 10
81.0387
 20
4.4323
 30
0.0000
 42
1.0000
  0
SEQEND
  8
0
  0
POLYLINE
  8
16
 66
1
 10
0.0000
 20
0.0000
 30
0.0000
 40
0.0000
 41
0.0000
 70
1
  0
VERTEX
  8
16
 10
83.8200
 20
3.8227
 30
0.0000
  0
VERTEX
  8
16
 10
86.6775
 20
3.8227
 30
0.0000
 42
1.0000
  0
VERTEX
  8
16
 10
86.6775
 20
4.4323
 30
0.0000
  0
VERTEX
  8
16
 10
83.8200
 20
4.4323
 30
0.0000
 42
1.0000
  0
SEQEND
  8
0
  0
POLYLINE
  8
16
 66
1
 10
0.0000
 20
0.0000
 30
0.0000
 40
0.0000
 41
0.0000
 70
1
  0
VERTEX
  8
16
 10
82.9705
 20
11.4586
 30
0.0000
  0
VERTEX
  8
16
 10
83.6055
 20
11.2636
 30
0.0000
 42
1.0000
  0
VERTEX
  8
16
 10
83.7845
 20
11.8464
 30
0.0000
  0
VERTEX
  8
16
 10
83.1495
 20
12.0414
 30
0.0000
 42
1.0000
  0
SEQEND
  8
0
  0
POLYLINE
  8
16
 66
1
 10
0.0000
 20
0.0000
 30
0.0000
 40
0.0000
 41
0.0000
 70
1
  0
VERTEX
  8
16
 10
83.3902
 20
11.5550
 30
0.0000
  0
VERTEX
  8
16
 10
83.3902
 20
10.9200
 30
0.0000
 42
1.0000
  0
VERTEX
  8
16
 10
83.9998
 20
10.9200
 30
0.0000
  0
VERTEX
  8
16
 10
83.9998
 20
11.5550
 30
0.0000
 42
1.0000
  0
SEQEND
  8
0
  0
POLYLINE
  8
16
 66
1
 10
0.0000
 20
0.0000
 30
0.0000
 40
0.0000
 41
0.0000
 70
1
  0
VERTEX
  8
16
 10
83.3908
 20
10.9013
 30
0.0000
  0
VERTEX
  8
16
 10
83.5158
 20
8.8713
 30
0.0000
 42
1.0000
  0
VERTEX
  8
16
 10
84.1242
 20
8.9087
 30
0.0000
  0
VERTEX
  8
16
 10
83.9992
 20
10.9387
 30
0.0000
 42
1.0000
  0
SEQEND
  8
0
  0
POLYLINE
  8
16
 66
1
 10
0.0000
 20
0.0000
 30
0.0000
 40
0.0000
 41
0.0000
 70
1
  0
VERTEX
  8
16
 10
83.5152
 20
8.8900
 30
0.0000
  0
VERTEX
  8
16
 10
83.5152
 20
4.1275
 30
0.0000
 42
1.0000
  0
VERTEX
  8
16
 10
84.1248
 20
4.1275
 30
0.0000
  0
VERTEX
  8
16
 10
84.1248
 20
8.8900
 30
0.0000
 42
1.0000
  0
SEQEND
  8
0
  0
POLYLINE
  8
16
 66
1
 10
0.0000
 20
0.0000
 30
0.0000
 40
0.0000
 41
0.0000
 70
1
  0
VERTEX
  8
16
 10
72.2650
 20
25.9532
 30
0.0000
  0
VERTEX
  8
16
 10
68.7600
 20
25.9532
 30
0.0000
 42
1.0000
  0
VERTEX
  8
16
 10
68.7600
 20
25.5468
 30
0.0000
  0
VERTEX
  8
16
 10
72.2650
 20
25.5468
 30
0.0000
 42
1.0000
  0
SEQEND
  8
0
  0
POLYLINE
  8
16
 66
1
 10
0.0000
 20
0.0000
 30
0.0000
 40
0.0000
 41
0.0000
 70
1
  0
VERTEX
  8
16
 10
68.7501
 20
25.9530
 30
0.0000
  0
VERTEX
  8
16
 10
68.0826
 20
25.9205
 30
0.0000
 42
1.0000
  0
VERTEX
  8
16
 10
68.1024
 20
25.5145
 30
0.0000
  0
VERTEX
  8
16
 10
68.7699
 20
25.5470
 30
0.0000
 42
1.0000
  0
SEQEND
  8
0
  0
POLYLINE
  8
16
 66
1
 10
0.0000
 20
0.0000
 30
0.0000
 40
0.0000
 41
0.0000
 70
1
  0
VERTEX
  8
16
 10
74.9300
 20
26.0223
 30
0.0000
  0
VERTEX
  8
16
 10
72.2975
 20
26.0223
 30
0.0000
 42
1.0000
  0
VERTEX
  8
16
 10
72.2975
 20
25.4127
 30
0.0000
  0
VERTEX
  8
16
 10
74.9300
 20
25.4127
 30
0.0000
 42
1.0000
  0
SEQEND
  8
0
  0
POLYLINE
  8
16
 66
1
 10
0.0000
 20
0.0000
 30
0.0000
 40
0.0000
 41
0.0000
 70
1
  0
VERTEX
  8
16
 10
72.5130
 20
25.9330
 30
0.0000
  0
VERTEX
  8
16
 10
72.4805
 20
25.9655
 30
0.0000
 42
1.0000
  0
VERTEX
  8
16
 10
72.0495
 20
25.5345
 30
0.0000
  0
VERTEX
  8
16
 10
72.0820
 20
25.5020
 30
0.0000
 42
1.0000
  0
SEQEND
  8
0
  0
POLYLINE
  8
16
 66
1
 10
0.0000
 20
0.0000
 30
0.0000
 40
0.0000
 41
0.0000
 70
1
  0
VERTEX
  8
16
 10
88.7077
 20
28.2982
 30
0.0000
  0
VERTEX
  8
16
 10
92.8377
 20
30.2032
 30
0.0000
 42
1.0000
  0
VERTEX
  8
16
 10
92.5823
 20
30.7568
 30
0.0000
  0
VERTEX
  8
16
 10
88.4523
 20
28.8518
 30
0.0000
 42
1.0000
  0
SEQEND
  8
0
  0
POLYLINE
  8
16
 66
1
 10
0.0000
 20
0.0000
 30
0.0000
 40
0.0000
 41
0.0000
 70
1
  0
VERTEX
  8
16
 10
92.9255
 20
30.2645
 30
0.0000
  0
VERTEX
  8
16
 10
93.5605
 20
30.8995
 30
0.0000
 42
1.0000
  0
VERTEX
  8
16
 10
93.1295
 20
31.3305
 30
0.0000
  0
VERTEX
  8
16
 10
92.4945
 20
30.6955
 30
0.0000
 42
1.0000
  0
SEQEND
  8
0
  0
POLYLINE
  8
16
 66
1
 10
0.0000
 20
0.0000
 30
0.0000
 40
0.0000
 41
0.0000
 70
1
  0
VERTEX
  8
16
 10
93.5267
 20
31.0241
 30
0.0000
  0
VERTEX
  8
16
 10
93.8442
 20
31.6591
 30
0.0000
 42
1.0000
  0
VERTEX
  8
16
 10
93.4808
 20
31.8409
 30
0.0000
  0
VERTEX
  8
16
 10
93.1633
 20
31.2059
 30
0.0000
 42
1.0000
  0
SEQEND
  8
0
  0
POLYLINE
  8
16
 66
1
 10
0.0000
 20
0.0000
 30
0.0000
 40
0.0000
 41
0.0000
 70
1
  0
VERTEX
  8
16
 10
93.8657
 20
31.7500
 30
0.0000
  0
VERTEX
  8
16
 10
93.8657
 20
36.1950
 30
0.0000
 42
1.0000
  0
VERTEX
  8
16
 10
93.4593
 20
36.1950
 30
0.0000
  0
VERTEX
  8
16
 10
93.4593
 20
31.7500
 30
0.0000
 42
1.0000
  0
SEQEND
  8
0
  0
POLYLINE
  8
16
 66
1
 10
0.0000
 20
0.0000
 30
0.0000
 40
0.0000
 41
0.0000
 70
1
  0
VERTEX
  8
16
 10
93.8062
 20
36.3387
 30
0.0000
  0
VERTEX
  8
16
 10
91.5837
 20
38.5612
 30
0.0000
 42
1.0000
  0
VERTEX
  8
16
 10
91.2963
 20
38.2738
 30
0.0000
  0
VERTEX
  8
16
 10
93.5188
 20
36.0513
 30
0.0000
 42
1.0000
  0
SEQEND
  8
0
  0
POLYLINE
  8
16
 66
1
 10
0.0000
 20
0.0000
 30
0.0000
 40
0.0000
 41
0.0000
 70
1
  0
VERTEX
  8
16
 10
91.6432
 20
38.4175
 30
0.0000
  0
VERTEX
  8
16
 10
91.6432
 20
42.5450
 30
0.0000
 42
1.0000
  0
VERTEX
  8
16
 10
91.2368
 20
42.5450
 30
0.0000
  0
VERTEX
  8
16
 10
91.2368
 20
38.4175
 30
0.0000
 42
1.0000
  0
SEQEND
  8
0
  0
POLYLINE
  8
16
 66
1
 10
0.0000
 20
0.0000
 30
0.0000
 40
0.0000
 41
0.0000
 70
1
  0
VERTEX
  8
16
 10
91.4400
 20
42.3418
 30
0.0000
  0
VERTEX
  8
16
 10
93.2434
 20
42.3418
 30
0.0000
 42
1.0000
  0
VERTEX
  8
16
 10
93.2434
 20
42.7482
 30
0.0000
  0
VERTEX
  8
16
 10
91.4400
 20
42.7482
 30
0.0000
 42
1.0000
  0
SEQEND
  8
0
  0
INSERT
  8
18
  2
ROUNDV
 10
92.7100
 20
30.4800
 30
0.0000
 41
1.1176
 42
1.1176
 43
1.0000
 50
0.0000
  0
POLYLINE
  8
16
 66
1
 10
0.0000
 20
0.0000
 30
0.0000
 40
0.0000
 41
0.0000
 70
1
  0
VERTEX
  8
16
 10
86.8101
 20
14.4436
 30
0.0000
  0
VERTEX
  8
16
 10
84.9076
 20
16.0286
 30
0.0000
 42
1.0000
  0
VERTEX
  8
16
 10
84.6474
 20
15.7164
 30
0.0000
  0
VERTEX
  8
16
 10
86.5499
 20
14.1314
 30
0.0000
 42
1.0000
  0
SEQEND
  8
0
  0
POLYLINE
  8
16
 66
1
 10
0.0000
 20
0.0000
 30
0.0000
 40
0.0000
 41
0.0000
 70
1
  0
VERTEX
  8
16
 10
84.8326
 20
16.0681
 30
0.0000
  0
VERTEX
  8
16
 10
83.7051
 20
16.3856
 30
0.0000
 42
1.0000
  0
VERTEX
  8
16
 10
83.5949
 20
15.9944
 30
0.0000
  0
VERTEX
  8
16
 10
84.7224
 20
15.6769
 30
0.0000
 42
1.0000
  0
SEQEND
  8
0
  0
POLYLINE
  8
16
 66
1
 10
0.0000
 20
0.0000
 30
0.0000
 40
0.0000
 41
0.0000
 70
1
  0
VERTEX
  8
16
 10
81.4620
 20
29.4128
 30
0.0000
  0
VERTEX
  8
16
 10
80.7870
 20
29.4528
 30
0.0000
 42
1.0000
  0
VERTEX
  8
16
 10
80.7630
 20
29.0472
 30
0.0000
  0
VERTEX
  8
16
 10
81.4380
 20
29.0072
 30
0.0000
 42
1.0000
  0
SEQEND
  8
0
  0
POLYLINE
  8
16
 66
1
 10
0.0000
 20
0.0000
 30
0.0000
 40
0.0000
 41
0.0000
 70
1
  0
VERTEX
  8
16
 10
80.7750
 20
29.4532
 30
0.0000
  0
VERTEX
  8
16
 10
77.5600
 20
29.4532
 30
0.0000
 42
1.0000
  0
VERTEX
  8
16
 10
77.5600
 20
29.0468
 30
0.0000
  0
VERTEX
  8
16
 10
80.7750
 20
29.0468
 30
0.0000
 42
1.0000
  0
SEQEND
  8
0
  0
POLYLINE
  8
16
 66
1
 10
0.0000
 20
0.0000
 30
0.0000
 40
0.0000
 41
0.0000
 70
1
  0
VERTEX
  8
16
 10
77.1652
 20
31.4325
 30
0.0000
  0
VERTEX
  8
16
 10
77.1652
 20
29.3400
 30
0.0000
 42
1.0000
  0
VERTEX
  8
16
 10
77.7748
 20
29.3400
 30
0.0000
  0
VERTEX
  8
16
 10
77.7748
 20
31.4325
 30
0.0000
 42
1.0000
  0
SEQEND
  8
0
  0
POLYLINE
  8
16
 66
1
 10
0.0000
 20
0.0000
 30
0.0000
 40
0.0000
 41
0.0000
 70
1
  0
VERTEX
  8
16
 10
77.2545
 20
29.1245
 30
0.0000
  0
VERTEX
  8
16
 10
77.3445
 20
29.0345
 30
0.0000
 42
1.0000
  0
VERTEX
  8
16
 10
77.7755
 20
29.4655
 30
0.0000
  0
VERTEX
  8
16
 10
77.6855
 20
29.5555
 30
0.0000
 42
1.0000
  0
SEQEND
  8
0
  0
POLYLINE
  8
16
 66
1
 10
0.0000
 20
0.0000
 30
0.0000
 40
0.0000
 41
0.0000
 70
1
  0
VERTEX
  8
16
 10
92.6973
 20
26.0325
 30
0.0000
  0
VERTEX
  8
16
 10
92.6973
 20
27.9400
 30
0.0000
 42
1.0000
  0
VERTEX
  8
16
 10
92.0877
 20
27.9400
 30
0.0000
  0
VERTEX
  8
16
 10
92.0877
 20
26.0325
 30
0.0000
 42
1.0000
  0
SEQEND
  8
0
  0
POLYLINE
  8
16
 66
1
 10
0.0000
 20
0.0000
 30
0.0000
 40
0.0000
 41
0.0000
 70
1
  0
VERTEX
  8
16
 10
92.4052
 20
50.8000
 30
0.0000
  0
VERTEX
  8
16
 10
92.4052
 20
48.8950
 30
0.0000
 42
1.0000
  0
VERTEX
  8
16
 10
93.0148
 20
48.8950
 30
0.0000
  0
VERTEX
  8
16
 10
93.0148
 20
50.8000
 30
0.0000
 42
1.0000
  0
SEQEND
  8
0
  0
POLYLINE
  8
16
 66
1
 10
0.0000
 20
0.0000
 30
0.0000
 40
0.0000
 41
0.0000
 70
1
  0
VERTEX
  8
16
 10
92.7100
 20
48.5902
 30
0.0000
  0
VERTEX
  8
16
 10
93.2434
 20
48.5902
 30
0.0000
 42
1.0000
  0
VERTEX
  8
16
 10
93.2434
 20
49.1998
 30
0.0000
  0
VERTEX
  8
16
 10
92.7100
 20
49.1998
 30
0.0000
 42
1.0000
  0
SEQEND
  8
0
  0
INSERT
  8
18
  2
ROUNDV
 10
92.3925
 20
27.9400
 30
0.0000
 41
1.1176
 42
1.1176
 43
1.0000
 50
0.0000
  0
INSERT
  8
18
  2
ROUNDV
 10
92.7100
 20
50.8000
 30
0.0000
 41
0.9048
 42
0.9048
 43
1.0000
 50
0.0000
  0
POLYLINE
  8
16
 66
1
 10
0.0000
 20
0.0000
 30
0.0000
 40
0.0000
 41
0.0000
 70
1
  0
VERTEX
  8
16
 10
88.5800
 20
21.2852
 30
0.0000
  0
VERTEX
  8
16
 10
91.4400
 20
21.2852
 30
0.0000
 42
1.0000
  0
VERTEX
  8
16
 10
91.4400
 20
21.8948
 30
0.0000
  0
VERTEX
  8
16
 10
88.5800
 20
21.8948
 30
0.0000
 42
1.0000
  0
SEQEND
  8
0
  0
POLYLINE
  8
16
 66
1
 10
0.0000
 20
0.0000
 30
0.0000
 40
0.0000
 41
0.0000
 70
1
  0
VERTEX
  8
16
 10
90.3732
 20
37.4650
 30
0.0000
  0
VERTEX
  8
16
 10
90.3732
 20
45.7200
 30
0.0000
 42
1.0000
  0
VERTEX
  8
16
 10
89.9668
 20
45.7200
 30
0.0000
  0
VERTEX
  8
16
 10
89.9668
 20
37.4650
 30
0.0000
 42
1.0000
  0
SEQEND
  8
0
  0
POLYLINE
  8
16
 66
1
 10
0.0000
 20
0.0000
 30
0.0000
 40
0.0000
 41
0.0000
 70
1
  0
VERTEX
  8
16
 10
90.3391
 20
45.8327
 30
0.0000
  0
VERTEX
  8
16
 10
89.0691
 20
47.7377
 30
0.0000
 42
1.0000
  0
VERTEX
  8
16
 10
88.7309
 20
47.5123
 30
0.0000
  0
VERTEX
  8
16
 10
90.0009
 20
45.6073
 30
0.0000
 42
1.0000
  0
SEQEND
  8
0
  0
POLYLINE
  8
16
 66
1
 10
0.0000
 20
0.0000
 30
0.0000
 40
0.0000
 41
0.0000
 70
1
  0
VERTEX
  8
16
 10
88.9000
 20
47.8282
 30
0.0000
  0
VERTEX
  8
16
 10
87.0966
 20
47.8282
 30
0.0000
 42
1.0000
  0
VERTEX
  8
16
 10
87.0966
 20
47.4218
 30
0.0000
  0
VERTEX
  8
16
 10
88.9000
 20
47.4218
 30
0.0000
 42
1.0000
  0
SEQEND
  8
0
  0
INSERT
  8
18
  2
ROUNDV
 10
91.4400
 20
21.5900
 30
0.0000
 41
1.1176
 42
1.1176
 43
1.0000
 50
0.0000
  0
INSERT
  8
18
  2
ROUNDV
 10
90.1700
 20
37.4650
 30
0.0000
 41
0.9048
 42
0.9048
 43
1.0000
 50
0.0000
  0
POLYLINE
  8
16
 66
1
 10
0.0000
 20
0.0000
 30
0.0000
 40
0.0000
 41
0.0000
 70
1
  0
VERTEX
  8
16
 10
86.9128
 20
18.2899
 30
0.0000
  0
VERTEX
  8
16
 10
84.9903
 20
18.9424
 30
0.0000
 42
1.0000
  0
VERTEX
  8
16
 10
84.8597
 20
18.5576
 30
0.0000
  0
VERTEX
  8
16
 10
86.7822
 20
17.9051
 30
0.0000
 42
1.0000
  0
SEQEND
  8
0
  0
POLYLINE
  8
16
 66
1
 10
0.0000
 20
0.0000
 30
0.0000
 40
0.0000
 41
0.0000
 70
1
  0
VERTEX
  8
16
 10
84.9250
 20
18.9532
 30
0.0000
  0
VERTEX
  8
16
 10
83.0600
 20
18.9532
 30
0.0000
 42
1.0000
  0
VERTEX
  8
16
 10
83.0600
 20
18.5468
 30
0.0000
  0
VERTEX
  8
16
 10
84.9250
 20
18.5468
 30
0.0000
 42
1.0000
  0
SEQEND
  8
0
  0
POLYLINE
  8
16
 66
1
 10
0.0000
 20
0.0000
 30
0.0000
 40
0.0000
 41
0.0000
 70
1
  0
VERTEX
  8
16
 10
80.3275
 20
18.4277
 30
0.0000
  0
VERTEX
  8
16
 10
83.0425
 20
18.4277
 30
0.0000
 42
1.0000
  0
VERTEX
  8
16
 10
83.0425
 20
19.0373
 30
0.0000
  0
VERTEX
  8
16
 10
80.3275
 20
19.0373
 30
0.0000
 42
1.0000
  0
SEQEND
  8
0
  0
POLYLINE
  8
16
 66
1
 10
0.0000
 20
0.0000
 30
0.0000
 40
0.0000
 41
0.0000
 70
1
  0
VERTEX
  8
16
 10
83.2580
 20
18.5170
 30
0.0000
  0
VERTEX
  8
16
 10
83.2755
 20
18.5345
 30
0.0000
 42
1.0000
  0
VERTEX
  8
16
 10
82.8445
 20
18.9655
 30
0.0000
  0
VERTEX
  8
16
 10
82.8270
 20
18.9480
 30
0.0000
 42
1.0000
  0
SEQEND
  8
0
  0
POLYLINE
  8
16
 66
1
 10
0.0000
 20
0.0000
 30
0.0000
 40
0.0000
 41
0.0000
 70
1
  0
VERTEX
  8
16
 10
81.4516
 20
15.4432
 30
0.0000
  0
VERTEX
  8
16
 10
80.1716
 20
15.4532
 30
0.0000
 42
1.0000
  0
VERTEX
  8
16
 10
80.1684
 20
15.0468
 30
0.0000
  0
VERTEX
  8
16
 10
81.4484
 20
15.0368
 30
0.0000
 42
1.0000
  0
SEQEND
  8
0
  0
POLYLINE
  8
16
 66
1
 10
0.0000
 20
0.0000
 30
0.0000
 40
0.0000
 41
0.0000
 70
1
  0
VERTEX
  8
16
 10
80.1700
 20
15.4532
 30
0.0000
  0
VERTEX
  8
16
 10
77.5600
 20
15.4532
 30
0.0000
 42
1.0000
  0
VERTEX
  8
16
 10
77.5600
 20
15.0468
 30
0.0000
  0
VERTEX
  8
16
 10
80.1700
 20
15.0468
 30
0.0000
 42
1.0000
  0
SEQEND
  8
0
  0
POLYLINE
  8
16
 66
1
 10
0.0000
 20
0.0000
 30
0.0000
 40
0.0000
 41
0.0000
 70
1
  0
VERTEX
  8
16
 10
78.0923
 20
13.3350
 30
0.0000
  0
VERTEX
  8
16
 10
78.0923
 20
15.0225
 30
0.0000
 42
1.0000
  0
VERTEX
  8
16
 10
77.4827
 20
15.0225
 30
0.0000
  0
VERTEX
  8
16
 10
77.4827
 20
13.3350
 30
0.0000
 42
1.0000
  0
SEQEND
  8
0
  0
POLYLINE
  8
16
 66
1
 10
0.0000
 20
0.0000
 30
0.0000
 40
0.0000
 41
0.0000
 70
1
  0
VERTEX
  8
16
 10
78.0030
 20
15.2380
 30
0.0000
  0
VERTEX
  8
16
 10
77.7755
 20
15.4655
 30
0.0000
 42
1.0000
  0
VERTEX
  8
16
 10
77.3445
 20
15.0345
 30
0.0000
  0
VERTEX
  8
16
 10
77.5720
 20
14.8070
 30
0.0000
 42
1.0000
  0
SEQEND
  8
0
  0
POLYLINE
  8
16
 66
1
 10
0.0000
 20
0.0000
 30
0.0000
 40
0.0000
 41
0.0000
 70
1
  0
VERTEX
  8
16
 10
69.7149
 20
1.5964
 30
0.0000
  0
VERTEX
  8
16
 10
70.0451
 20
1.2789
 30
0.0000
 42
1.0000
  0
VERTEX
  8
16
 10
70.4677
 20
1.7183
 30
0.0000
  0
VERTEX
  8
16
 10
70.1375
 20
2.0358
 30
0.0000
 42
1.0000
  0
SEQEND
  8
0
  0
POLYLINE
  8
16
 66
1
 10
0.0000
 20
0.0000
 30
0.0000
 40
0.0000
 41
0.0000
 70
1
  0
VERTEX
  8
16
 10
80.7081
 20
1.0545
 30
0.0000
  0
VERTEX
  8
16
 10
81.2542
 20
1.6006
 30
0.0000
 42
1.0000
  0
VERTEX
  8
16
 10
80.8232
 20
2.0316
 30
0.0000
  0
VERTEX
  8
16
 10
80.2771
 20
1.4855
 30
0.0000
 42
1.0000
  0
SEQEND
  8
0
  0
POLYLINE
  8
16
 66
1
 10
0.0000
 20
0.0000
 30
0.0000
 40
0.0000
 41
0.0000
 70
1
  0
VERTEX
  8
16
 10
80.9002
 20
2.0876
 30
0.0000
  0
VERTEX
  8
16
 10
80.2779
 20
1.7701
 30
0.0000
 42
1.0000
  0
VERTEX
  8
16
 10
80.5549
 20
1.2271
 30
0.0000
  0
VERTEX
  8
16
 10
81.1772
 20
1.5446
 30
0.0000
 42
1.0000
  0
SEQEND
  8
0
  0
POLYLINE
  8
16
 66
1
 10
0.0000
 20
0.0000
 30
0.0000
 40
0.0000
 41
0.0000
 70
1
  0
VERTEX
  8
16
 10
80.2009
 20
1.2831
 30
0.0000
  0
VERTEX
  8
16
 10
80.4295
 20
1.0545
 30
0.0000
 42
1.0000
  0
VERTEX
  8
16
 10
80.8605
 20
1.4855
 30
0.0000
  0
VERTEX
  8
16
 10
80.6319
 20
1.7141
 30
0.0000
 42
1.0000
  0
SEQEND
  8
0
  0
POLYLINE
  8
16
 66
1
 10
0.0000
 20
0.0000
 30
0.0000
 40
0.0000
 41
0.0000
 70
1
  0
VERTEX
  8
16
 10
80.6472
 20
0.9652
 30
0.0000
  0
VERTEX
  8
16
 10
89.5372
 20
1.0287
 30
0.0000
 42
1.0000
  0
VERTEX
  8
16
 10
89.5328
 20
1.6383
 30
0.0000
  0
VERTEX
  8
16
 10
80.6428
 20
1.5748
 30
0.0000
 42
1.0000
  0
SEQEND
  8
0
  0
POLYLINE
  8
16
 66
1
 10
0.0000
 20
0.0000
 30
0.0000
 40
0.0000
 41
0.0000
 70
1
  0
VERTEX
  8
16
 10
89.8398
 20
1.3335
 30
0.0000
  0
VERTEX
  8
16
 10
89.8398
 20
8.2550
 30
0.0000
 42
1.0000
  0
VERTEX
  8
16
 10
89.2302
 20
8.2550
 30
0.0000
  0
VERTEX
  8
16
 10
89.2302
 20
1.3335
 30
0.0000
 42
1.0000
  0
SEQEND
  8
0
  0
POLYLINE
  8
16
 66
1
 10
0.0000
 20
0.0000
 30
0.0000
 40
0.0000
 41
0.0000
 70
1
  0
VERTEX
  8
16
 10
89.5350
 20
7.9502
 30
0.0000
  0
VERTEX
  8
16
 10
91.4400
 20
7.9502
 30
0.0000
 42
1.0000
  0
VERTEX
  8
16
 10
91.4400
 20
8.5598
 30
0.0000
  0
VERTEX
  8
16
 10
89.5350
 20
8.5598
 30
0.0000
 42
1.0000
  0
SEQEND
  8
0
  0
POLYLINE
  8
16
 66
1
 10
0.0000
 20
0.0000
 30
0.0000
 40
0.0000
 41
0.0000
 70
1
  0
VERTEX
  8
16
 10
91.6555
 20
8.0395
 30
0.0000
  0
VERTEX
  8
16
 10
92.2905
 20
8.6745
 30
0.0000
 42
1.0000
  0
VERTEX
  8
16
 10
91.8595
 20
9.1055
 30
0.0000
  0
VERTEX
  8
16
 10
91.2245
 20
8.4705
 30
0.0000
 42
1.0000
  0
SEQEND
  8
0
  0
POLYLINE
  8
16
 66
1
 10
0.0000
 20
0.0000
 30
0.0000
 40
0.0000
 41
0.0000
 70
1
  0
VERTEX
  8
16
 10
92.3696
 20
8.8117
 30
0.0000
  0
VERTEX
  8
16
 10
92.6236
 20
9.7667
 30
0.0000
 42
1.0000
  0
VERTEX
  8
16
 10
92.0344
 20
9.9233
 30
0.0000
  0
VERTEX
  8
16
 10
91.7804
 20
8.9683
 30
0.0000
 42
1.0000
  0
SEQEND
  8
0
  0
POLYLINE
  8
16
 66
1
 10
0.0000
 20
0.0000
 30
0.0000
 40
0.0000
 41
0.0000
 70
1
  0
VERTEX
  8
16
 10
69.9262
 20
3.8227
 30
0.0000
  0
VERTEX
  8
16
 10
76.2000
 20
3.8227
 30
0.0000
 42
1.0000
  0
VERTEX
  8
16
 10
76.2000
 20
4.4323
 30
0.0000
  0
VERTEX
  8
16
 10
69.9262
 20
4.4323
 30
0.0000
 42
1.0000
  0
SEQEND
  8
0
  0
POLYLINE
  8
16
 66
1
 10
0.0000
 20
0.0000
 30
0.0000
 40
0.0000
 41
0.0000
 70
1
  0
VERTEX
  8
16
 10
80.4926
 20
1.5748
 30
0.0000
  0
VERTEX
  8
16
 10
76.2000
 20
1.5748
 30
0.0000
 42
1.0000
  0
VERTEX
  8
16
 10
76.2000
 20
0.9652
 30
0.0000
  0
VERTEX
  8
16
 10
80.4926
 20
0.9652
 30
0.0000
 42
1.0000
  0
SEQEND
  8
0
  0
POLYLINE
  8
16
 66
1
 10
0.0000
 20
0.0000
 30
0.0000
 40
0.0000
 41
0.0000
 70
1
  0
VERTEX
  8
16
 10
76.2000
 20
1.5748
 30
0.0000
  0
VERTEX
  8
16
 10
70.1548
 20
1.5748
 30
0.0000
 42
1.0000
  0
VERTEX
  8
16
 10
70.1548
 20
0.9652
 30
0.0000
  0
VERTEX
  8
16
 10
76.2000
 20
0.9652
 30
0.0000
 42
1.0000
  0
SEQEND
  8
0
  0
POLYLINE
  8
16
 66
1
 10
0.0000
 20
0.0000
 30
0.0000
 40
0.0000
 41
0.0000
 70
1
  0
VERTEX
  8
16
 10
70.4360
 20
1.3877
 30
0.0000
  0
VERTEX
  8
16
 10
70.2074
 20
1.9338
 30
0.0000
 42
1.0000
  0
VERTEX
  8
16
 10
69.6450
 20
1.6984
 30
0.0000
  0
VERTEX
  8
16
 10
69.8736
 20
1.1523
 30
0.0000
 42
1.0000
  0
SEQEND
  8
0
  0
POLYLINE
  8
16
 66
1
 10
0.0000
 20
0.0000
 30
0.0000
 40
0.0000
 41
0.0000
 70
1
  0
VERTEX
  8
16
 10
70.2310
 20
1.8161
 30
0.0000
  0
VERTEX
  8
16
 10
70.2310
 20
4.1275
 30
0.0000
 42
1.0000
  0
VERTEX
  8
16
 10
69.6214
 20
4.1275
 30
0.0000
  0
VERTEX
  8
16
 10
69.6214
 20
1.8161
 30
0.0000
 42
1.0000
  0
SEQEND
  8
0
  0
POLYLINE
  8
16
 66
1
 10
0.0000
 20
0.0000
 30
0.0000
 40
0.0000
 41
0.0000
 70
1
  0
VERTEX
  8
16
 10
76.5048
 20
1.2700
 30
0.0000
  0
VERTEX
  8
16
 10
76.5048
 20
3.1750
 30
0.0000
 42
1.0000
  0
VERTEX
  8
16
 10
75.8952
 20
3.1750
 30
0.0000
  0
VERTEX
  8
16
 10
75.8952
 20
1.2700
 30
0.0000
 42
1.0000
  0
SEQEND
  8
0
  0
POLYLINE
  8
16
 66
1
 10
0.0000
 20
0.0000
 30
0.0000
 40
0.0000
 41
0.0000
 70
1
  0
VERTEX
  8
16
 10
8.4165
 20
2.9165
 30
0.0000
  0
VERTEX
  8
16
 10
10.9565
 20
4.5040
 30
0.0000
 42
1.0000
  0
VERTEX
  8
16
 10
10.6335
 20
5.0210
 30
0.0000
  0
VERTEX
  8
16
 10
8.0935
 20
3.4335
 30
0.0000
 42
1.0000
  0
SEQEND
  8
0
  0
POLYLINE
  8
16
 66
1
 10
0.0000
 20
0.0000
 30
0.0000
 40
0.0000
 41
0.0000
 70
1
  0
VERTEX
  8
16
 10
10.7950
 20
4.4577
 30
0.0000
  0
VERTEX
  8
16
 10
12.3825
 20
4.4577
 30
0.0000
 42
1.0000
  0
VERTEX
  8
16
 10
12.3825
 20
5.0673
 30
0.0000
  0
VERTEX
  8
16
 10
10.7950
 20
5.0673
 30
0.0000
 42
1.0000
  0
SEQEND
  8
0
  0
POLYLINE
  8
16
 66
1
 10
0.0000
 20
0.0000
 30
0.0000
 40
0.0000
 41
0.0000
 70
1
  0
VERTEX
  8
16
 10
12.1996
 20
4.5187
 30
0.0000
  0
VERTEX
  8
16
 10
13.4696
 20
3.5662
 30
0.0000
 42
1.0000
  0
VERTEX
  8
16
 10
13.8354
 20
4.0538
 30
0.0000
  0
VERTEX
  8
16
 10
12.5654
 20
5.0063
 30
0.0000
 42
1.0000
  0
SEQEND
  8
0
  0
POLYLINE
  8
16
 66
1
 10
0.0000
 20
0.0000
 30
0.0000
 40
0.0000
 41
0.0000
 70
1
  0
VERTEX
  8
16
 10
13.3989
 20
3.6409
 30
0.0000
  0
VERTEX
  8
16
 10
14.6689
 20
1.7359
 30
0.0000
 42
1.0000
  0
VERTEX
  8
16
 10
15.1761
 20
2.0741
 30
0.0000
  0
VERTEX
  8
16
 10
13.9061
 20
3.9791
 30
0.0000
 42
1.0000
  0
SEQEND
  8
0
  0
POLYLINE
  8
16
 66
1
 10
0.0000
 20
0.0000
 30
0.0000
 40
0.0000
 41
0.0000
 70
1
  0
VERTEX
  8
16
 10
74.9300
 20
7.9502
 30
0.0000
  0
VERTEX
  8
16
 10
77.5550
 20
7.9502
 30
0.0000
 42
1.0000
  0
VERTEX
  8
16
 10
77.5550
 20
8.5598
 30
0.0000
  0
VERTEX
  8
16
 10
74.9300
 20
8.5598
 30
0.0000
 42
1.0000
  0
SEQEND
  8
0
  0
POLYLINE
  8
16
 66
1
 10
0.0000
 20
0.0000
 30
0.0000
 40
0.0000
 41
0.0000
 70
1
  0
VERTEX
  8
16
 10
77.3395
 20
8.0395
 30
0.0000
  0
VERTEX
  8
16
 10
77.3445
 20
8.0345
 30
0.0000
 42
1.0000
  0
VERTEX
  8
16
 10
77.7755
 20
8.4655
 30
0.0000
  0
VERTEX
  8
16
 10
77.7705
 20
8.4705
 30
0.0000
 42
1.0000
  0
SEQEND
  8
0
  0
INSERT
  8
18
  2
ROUNDV
 10
14.9225
 20
1.9050
 30
0.0000
 41
0.9048
 42
0.9048
 43
1.0000
 50
0.0000
  0
INSERT
  8
18
  2
ROUNDV
 10
8.2550
 20
3.1750
 30
0.0000
 41
0.9048
 42
0.9048
 43
1.0000
 50
0.0000
  0
POLYLINE
  8
16
 66
1
 10
0.0000
 20
0.0000
 30
0.0000
 40
0.0000
 41
0.0000
 70
1
  0
VERTEX
  8
16
 10
34.7472
 20
47.2440
 30
0.0000
  0
VERTEX
  8
16
 10
34.7472
 20
45.9740
 30
0.0000
 42
1.0000
  0
VERTEX
  8
16
 10
35.3568
 20
45.9740
 30
0.0000
  0
VERTEX
  8
16
 10
35.3568
 20
47.2440
 30
0.0000
 42
1.0000
  0
SEQEND
  8
0
  0
POLYLINE
  8
16
 66
1
 10
0.0000
 20
0.0000
 30
0.0000
 40
0.0000
 41
0.0000
 70
1
  0
VERTEX
  8
16
 10
34.8365
 20
46.1895
 30
0.0000
  0
VERTEX
  8
16
 10
34.3285
 20
45.6815
 30
0.0000
 42
1.0000
  0
VERTEX
  8
16
 10
34.7595
 20
45.2505
 30
0.0000
  0
VERTEX
  8
16
 10
35.2675
 20
45.7585
 30
0.0000
 42
1.0000
  0
SEQEND
  8
0
  0
POLYLINE
  8
16
 66
1
 10
0.0000
 20
0.0000
 30
0.0000
 40
0.0000
 41
0.0000
 70
1
  0
VERTEX
  8
16
 10
69.9262
 20
6.7437
 30
0.0000
  0
VERTEX
  8
16
 10
68.9229
 20
6.7437
 30
0.0000
 42
1.0000
  0
VERTEX
  8
16
 10
68.9229
 20
6.1341
 30
0.0000
  0
VERTEX
  8
16
 10
69.9262
 20
6.1341
 30
0.0000
 42
1.0000
  0
SEQEND
  8
0
  0
POLYLINE
  8
16
 66
1
 10
0.0000
 20
0.0000
 30
0.0000
 40
0.0000
 41
0.0000
 70
1
  0
VERTEX
  8
16
 10
68.7074
 20
6.6544
 30
0.0000
  0
VERTEX
  8
16
 10
67.8565
 20
5.8035
 30
0.0000
 42
1.0000
  0
VERTEX
  8
16
 10
68.2875
 20
5.3725
 30
0.0000
  0
VERTEX
  8
16
 10
69.1384
 20
6.2234
 30
0.0000
 42
1.0000
  0
SEQEND
  8
0
  0
POLYLINE
  8
16
 66
1
 10
0.0000
 20
0.0000
 30
0.0000
 40
0.0000
 41
0.0000
 70
1
  0
VERTEX
  8
16
 10
68.0720
 20
5.8928
 30
0.0000
  0
VERTEX
  8
16
 10
67.2440
 20
5.8928
 30
0.0000
 42
1.0000
  0
VERTEX
  8
16
 10
67.2440
 20
5.2832
 30
0.0000
  0
VERTEX
  8
16
 10
68.0720
 20
5.2832
 30
0.0000
 42
1.0000
  0
SEQEND
  8
0
  0
POLYLINE
  8
16
 66
1
 10
0.0000
 20
0.0000
 30
0.0000
 40
0.0000
 41
0.0000
 70
1
  0
VERTEX
  8
16
 10
81.3435
 20
6.4389
 30
0.0000
  0
VERTEX
  8
16
 10
81.3435
 20
9.3193
 30
0.0000
 42
1.0000
  0
VERTEX
  8
16
 10
80.7339
 20
9.3193
 30
0.0000
  0
VERTEX
  8
16
 10
80.7339
 20
6.4389
 30
0.0000
 42
1.0000
  0
SEQEND
  8
0
  0
POLYLINE
  8
16
 66
1
 10
0.0000
 20
0.0000
 30
0.0000
 40
0.0000
 41
0.0000
 70
1
  0
VERTEX
  8
16
 10
81.2542
 20
9.5348
 30
0.0000
  0
VERTEX
  8
16
 10
79.6515
 20
11.1375
 30
0.0000
 42
1.0000
  0
VERTEX
  8
16
 10
79.2205
 20
10.7065
 30
0.0000
  0
VERTEX
  8
16
 10
80.8232
 20
9.1038
 30
0.0000
 42
1.0000
  0
SEQEND
  8
0
  0
POLYLINE
  8
16
 66
1
 10
0.0000
 20
0.0000
 30
0.0000
 40
0.0000
 41
0.0000
 70
1
  0
VERTEX
  8
16
 10
58.6232
 20
18.0950
 30
0.0000
  0
VERTEX
  8
16
 10
58.6232
 20
19.1770
 30
0.0000
 42
1.0000
  0
VERTEX
  8
16
 10
58.2168
 20
19.1770
 30
0.0000
  0
VERTEX
  8
16
 10
58.2168
 20
18.0950
 30
0.0000
 42
1.0000
  0
SEQEND
  8
0
  0
POLYLINE
  8
16
 66
1
 10
0.0000
 20
0.0000
 30
0.0000
 40
0.0000
 41
0.0000
 70
1
  0
VERTEX
  8
16
 10
58.6232
 20
19.1770
 30
0.0000
  0
VERTEX
  8
16
 10
58.6232
 20
20.1930
 30
0.0000
 42
1.0000
  0
VERTEX
  8
16
 10
58.2168
 20
20.1930
 30
0.0000
  0
VERTEX
  8
16
 10
58.2168
 20
19.1770
 30
0.0000
 42
1.0000
  0
SEQEND
  8
0
  0
POLYLINE
  8
16
 66
1
 10
0.0000
 20
0.0000
 30
0.0000
 40
0.0000
 41
0.0000
 70
1
  0
VERTEX
  8
16
 10
58.6232
 20
20.4470
 30
0.0000
  0
VERTEX
  8
16
 10
58.6232
 20
21.5925
 30
0.0000
 42
1.0000
  0
VERTEX
  8
16
 10
58.2168
 20
21.5925
 30
0.0000
  0
VERTEX
  8
16
 10
58.2168
 20
20.4470
 30
0.0000
 42
1.0000
  0
SEQEND
  8
0
  0
POLYLINE
  8
16
 66
1
 10
0.0000
 20
0.0000
 30
0.0000
 40
0.0000
 41
0.0000
 70
1
  0
VERTEX
  8
16
 10
58.4195
 20
21.3893
 30
0.0000
  0
VERTEX
  8
16
 10
59.3720
 20
21.3868
 30
0.0000
 42
1.0000
  0
VERTEX
  8
16
 10
59.3730
 20
21.7932
 30
0.0000
  0
VERTEX
  8
16
 10
58.4205
 20
21.7957
 30
0.0000
 42
1.0000
  0
SEQEND
  8
0
  0
POLYLINE
  8
16
 66
1
 10
0.0000
 20
0.0000
 30
0.0000
 40
0.0000
 41
0.0000
 70
1
  0
VERTEX
  8
16
 10
59.5351
 20
21.4681
 30
0.0000
  0
VERTEX
  8
16
 10
60.4876
 20
22.7381
 30
0.0000
 42
1.0000
  0
VERTEX
  8
16
 10
60.1624
 20
22.9819
 30
0.0000
  0
VERTEX
  8
16
 10
59.2099
 20
21.7119
 30
0.0000
 42
1.0000
  0
SEQEND
  8
0
  0
POLYLINE
  8
16
 66
1
 10
0.0000
 20
0.0000
 30
0.0000
 40
0.0000
 41
0.0000
 70
1
  0
VERTEX
  8
16
 10
60.5282
 20
22.8584
 30
0.0000
  0
VERTEX
  8
16
 10
60.5307
 20
23.1784
 30
0.0000
 42
1.0000
  0
VERTEX
  8
16
 10
60.1243
 20
23.1816
 30
0.0000
  0
VERTEX
  8
16
 10
60.1218
 20
22.8616
 30
0.0000
 42
1.0000
  0
SEQEND
  8
0
  0
POLYLINE
  8
16
 66
1
 10
0.0000
 20
0.0000
 30
0.0000
 40
0.0000
 41
0.0000
 70
1
  0
VERTEX
  8
16
 10
60.5307
 20
23.1802
 30
0.0000
  0
VERTEX
  8
16
 10
60.5282
 20
25.4002
 30
0.0000
 42
1.0000
  0
VERTEX
  8
16
 10
60.1218
 20
25.3998
 30
0.0000
  0
VERTEX
  8
16
 10
60.1243
 20
23.1798
 30
0.0000
 42
1.0000
  0
SEQEND
  8
0
  0
POLYLINE
  8
16
 66
1
 10
0.0000
 20
0.0000
 30
0.0000
 40
0.0000
 41
0.0000
 70
1
  0
VERTEX
  8
16
 10
60.4377
 20
25.2309
 30
0.0000
  0
VERTEX
  8
16
 10
62.3427
 20
26.5009
 30
0.0000
 42
1.0000
  0
VERTEX
  8
16
 10
62.1173
 20
26.8391
 30
0.0000
  0
VERTEX
  8
16
 10
60.2123
 20
25.5691
 30
0.0000
 42
1.0000
  0
SEQEND
  8
0
  0
POLYLINE
  8
16
 66
1
 10
0.0000
 20
0.0000
 30
0.0000
 40
0.0000
 41
0.0000
 70
1
  0
VERTEX
  8
16
 10
62.0605
 20
26.9233
 30
0.0000
  0
VERTEX
  8
16
 10
61.1080
 20
26.2858
 30
0.0000
 42
1.0000
  0
VERTEX
  8
16
 10
61.4470
 20
25.7792
 30
0.0000
  0
VERTEX
  8
16
 10
62.3995
 20
26.4167
 30
0.0000
 42
1.0000
  0
SEQEND
  8
0
  0
POLYLINE
  8
16
 66
1
 10
0.0000
 20
0.0000
 30
0.0000
 40
0.0000
 41
0.0000
 70
1
  0
VERTEX
  8
16
 10
61.2775
 20
26.2357
 30
0.0000
  0
VERTEX
  8
16
 10
59.0575
 20
26.2357
 30
0.0000
 42
1.0000
  0
VERTEX
  8
16
 10
59.0575
 20
25.8293
 30
0.0000
  0
VERTEX
  8
16
 10
61.2775
 20
25.8293
 30
0.0000
 42
1.0000
  0
SEQEND
  8
0
  0
POLYLINE
  8
16
 66
1
 10
0.0000
 20
0.0000
 30
0.0000
 40
0.0000
 41
0.0000
 70
1
  0
VERTEX
  8
16
 10
59.2012
 20
26.1762
 30
0.0000
  0
VERTEX
  8
16
 10
58.5637
 20
26.8137
 30
0.0000
 42
1.0000
  0
VERTEX
  8
16
 10
58.2763
 20
26.5263
 30
0.0000
  0
VERTEX
  8
16
 10
58.9138
 20
25.8888
 30
0.0000
 42
1.0000
  0
SEQEND
  8
0
  0
POLYLINE
  8
16
 66
1
 10
0.0000
 20
0.0000
 30
0.0000
 40
0.0000
 41
0.0000
 70
1
  0
VERTEX
  8
16
 10
58.3508
 20
26.8611
 30
0.0000
  0
VERTEX
  8
16
 10
57.7158
 20
26.6311
 30
0.0000
 42
1.0000
  0
VERTEX
  8
16
 10
57.8542
 20
26.2489
 30
0.0000
  0
VERTEX
  8
16
 10
58.4892
 20
26.4789
 30
0.0000
 42
1.0000
  0
SEQEND
  8
0
  0
POLYLINE
  8
16
 66
1
 10
0.0000
 20
0.0000
 30
0.0000
 40
0.0000
 41
0.0000
 70
1
  0
VERTEX
  8
16
 10
56.6420
 20
16.7132
 30
0.0000
  0
VERTEX
  8
16
 10
51.4350
 20
16.7132
 30
0.0000
 42
1.0000
  0
VERTEX
  8
16
 10
51.4350
 20
16.3068
 30
0.0000
  0
VERTEX
  8
16
 10
56.6420
 20
16.3068
 30
0.0000
 42
1.0000
  0
SEQEND
  8
0
  0
POLYLINE
  8
16
 66
1
 10
0.0000
 20
0.0000
 30
0.0000
 40
0.0000
 41
0.0000
 70
1
  0
VERTEX
  8
16
 10
51.5259
 20
16.6917
 30
0.0000
  0
VERTEX
  8
16
 10
50.8909
 20
17.0092
 30
0.0000
 42
1.0000
  0
VERTEX
  8
16
 10
50.7091
 20
16.6458
 30
0.0000
  0
VERTEX
  8
16
 10
51.3441
 20
16.3283
 30
0.0000
 42
1.0000
  0
SEQEND
  8
0
  0
POLYLINE
  8
16
 66
1
 10
0.0000
 20
0.0000
 30
0.0000
 40
0.0000
 41
0.0000
 70
1
  0
VERTEX
  8
16
 10
51.0032
 20
16.8275
 30
0.0000
  0
VERTEX
  8
16
 10
51.0032
 20
18.4150
 30
0.0000
 42
1.0000
  0
VERTEX
  8
16
 10
50.5968
 20
18.4150
 30
0.0000
  0
VERTEX
  8
16
 10
50.5968
 20
16.8275
 30
0.0000
 42
1.0000
  0
SEQEND
  8
0
  0
POLYLINE
  8
16
 66
1
 10
0.0000
 20
0.0000
 30
0.0000
 40
0.0000
 41
0.0000
 70
1
  0
VERTEX
  8
16
 10
50.9437
 20
18.5587
 30
0.0000
  0
VERTEX
  8
16
 10
50.3087
 20
19.1937
 30
0.0000
 42
1.0000
  0
VERTEX
  8
16
 10
50.0213
 20
18.9063
 30
0.0000
  0
VERTEX
  8
16
 10
50.6563
 20
18.2713
 30
0.0000
 42
1.0000
  0
SEQEND
  8
0
  0
POLYLINE
  8
16
 66
1
 10
0.0000
 20
0.0000
 30
0.0000
 40
0.0000
 41
0.0000
 70
1
  0
VERTEX
  8
16
 10
50.1650
 20
19.2532
 30
0.0000
  0
VERTEX
  8
16
 10
42.8625
 20
19.2532
 30
0.0000
 42
1.0000
  0
VERTEX
  8
16
 10
42.8625
 20
18.8468
 30
0.0000
  0
VERTEX
  8
16
 10
50.1650
 20
18.8468
 30
0.0000
 42
1.0000
  0
SEQEND
  8
0
  0
POLYLINE
  8
16
 66
1
 10
0.0000
 20
0.0000
 30
0.0000
 40
0.0000
 41
0.0000
 70
1
  0
VERTEX
  8
16
 10
42.9534
 20
19.2317
 30
0.0000
  0
VERTEX
  8
16
 10
42.0009
 20
19.7080
 30
0.0000
 42
1.0000
  0
VERTEX
  8
16
 10
41.8191
 20
19.3445
 30
0.0000
  0
VERTEX
  8
16
 10
42.7716
 20
18.8683
 30
0.0000
 42
1.0000
  0
SEQEND
  8
0
  0
POLYLINE
  8
16
 66
1
 10
0.0000
 20
0.0000
 30
0.0000
 40
0.0000
 41
0.0000
 70
1
  0
VERTEX
  8
16
 10
41.9100
 20
19.7294
 30
0.0000
  0
VERTEX
  8
16
 10
35.2425
 20
19.7294
 30
0.0000
 42
1.0000
  0
VERTEX
  8
16
 10
35.2425
 20
19.3231
 30
0.0000
  0
VERTEX
  8
16
 10
41.9100
 20
19.3231
 30
0.0000
 42
1.0000
  0
SEQEND
  8
0
  0
POLYLINE
  8
16
 66
1
 10
0.0000
 20
0.0000
 30
0.0000
 40
0.0000
 41
0.0000
 70
1
  0
VERTEX
  8
16
 10
35.3763
 20
19.6792
 30
0.0000
  0
VERTEX
  8
16
 10
34.1063
 20
20.7904
 30
0.0000
 42
1.0000
  0
VERTEX
  8
16
 10
33.8387
 20
20.4846
 30
0.0000
  0
VERTEX
  8
16
 10
35.1087
 20
19.3733
 30
0.0000
 42
1.0000
  0
SEQEND
  8
0
  0
POLYLINE
  8
16
 66
1
 10
0.0000
 20
0.0000
 30
0.0000
 40
0.0000
 41
0.0000
 70
1
  0
VERTEX
  8
16
 10
33.9725
 20
20.8407
 30
0.0000
  0
VERTEX
  8
16
 10
31.4325
 20
20.8407
 30
0.0000
 42
1.0000
  0
VERTEX
  8
16
 10
31.4325
 20
20.4343
 30
0.0000
  0
VERTEX
  8
16
 10
33.9725
 20
20.4343
 30
0.0000
 42
1.0000
  0
SEQEND
  8
0
  0
POLYLINE
  8
16
 66
1
 10
0.0000
 20
0.0000
 30
0.0000
 40
0.0000
 41
0.0000
 70
1
  0
VERTEX
  8
16
 10
31.2660
 20
20.7540
 30
0.0000
  0
VERTEX
  8
16
 10
29.0435
 20
17.5790
 30
0.0000
 42
1.0000
  0
VERTEX
  8
16
 10
29.3765
 20
17.3460
 30
0.0000
  0
VERTEX
  8
16
 10
31.5990
 20
20.5210
 30
0.0000
 42
1.0000
  0
SEQEND
  8
0
  0
POLYLINE
  8
16
 66
1
 10
0.0000
 20
0.0000
 30
0.0000
 40
0.0000
 41
0.0000
 70
1
  0
VERTEX
  8
16
 10
29.0068
 20
17.4625
 30
0.0000
  0
VERTEX
  8
16
 10
29.0068
 20
15.3000
 30
0.0000
 42
1.0000
  0
VERTEX
  8
16
 10
29.4132
 20
15.3000
 30
0.0000
  0
VERTEX
  8
16
 10
29.4132
 20
17.4625
 30
0.0000
 42
1.0000
  0
SEQEND
  8
0
  0
POLYLINE
  8
16
 66
1
 10
0.0000
 20
0.0000
 30
0.0000
 40
0.0000
 41
0.0000
 70
1
  0
VERTEX
  8
16
 10
58.8395
 20
25.8195
 30
0.0000
  0
VERTEX
  8
16
 10
60.1095
 20
24.5495
 30
0.0000
 42
1.0000
  0
VERTEX
  8
16
 10
60.5405
 20
24.9805
 30
0.0000
  0
VERTEX
  8
16
 10
59.2705
 20
26.2505
 30
0.0000
 42
1.0000
  0
SEQEND
  8
0
  0
POLYLINE
  8
16
 66
1
 10
0.0000
 20
0.0000
 30
0.0000
 40
0.0000
 41
0.0000
 70
1
  0
VERTEX
  8
16
 10
59.3725
 20
25.4127
 30
0.0000
  0
VERTEX
  8
16
 10
60.3250
 20
25.4127
 30
0.0000
 42
1.0000
  0
VERTEX
  8
16
 10
60.3250
 20
26.0223
 30
0.0000
  0
VERTEX
  8
16
 10
59.3725
 20
26.0223
 30
0.0000
 42
1.0000
  0
SEQEND
  8
0
  0
POLYLINE
  8
16
 66
1
 10
0.0000
 20
0.0000
 30
0.0000
 40
0.0000
 41
0.0000
 70
1
  0
VERTEX
  8
16
 10
56.8452
 20
16.5100
 30
0.0000
  0
VERTEX
  8
16
 10
56.8452
 20
19.1770
 30
0.0000
 42
1.0000
  0
VERTEX
  8
16
 10
56.4388
 20
19.1770
 30
0.0000
  0
VERTEX
  8
16
 10
56.4388
 20
16.5100
 30
0.0000
 42
1.0000
  0
SEQEND
  8
0
  0
POLYLINE
  8
16
 66
1
 10
0.0000
 20
0.0000
 30
0.0000
 40
0.0000
 41
0.0000
 70
1
  0
VERTEX
  8
16
 10
56.6420
 20
18.9738
 30
0.0000
  0
VERTEX
  8
16
 10
58.4200
 20
18.9738
 30
0.0000
 42
1.0000
  0
VERTEX
  8
16
 10
58.4200
 20
19.3802
 30
0.0000
  0
VERTEX
  8
16
 10
56.6420
 20
19.3802
 30
0.0000
 42
1.0000
  0
SEQEND
  8
0
  0
POLYLINE
  8
16
 66
1
 10
0.0000
 20
0.0000
 30
0.0000
 40
0.0000
 41
0.0000
 70
1
  0
VERTEX
  8
16
 10
56.0832
 20
18.4750
 30
0.0000
  0
VERTEX
  8
16
 10
56.0832
 20
19.9390
 30
0.0000
 42
1.0000
  0
VERTEX
  8
16
 10
55.6768
 20
19.9390
 30
0.0000
  0
VERTEX
  8
16
 10
55.6768
 20
18.4750
 30
0.0000
 42
1.0000
  0
SEQEND
  8
0
  0
POLYLINE
  8
16
 66
1
 10
0.0000
 20
0.0000
 30
0.0000
 40
0.0000
 41
0.0000
 70
1
  0
VERTEX
  8
16
 10
55.8800
 20
19.7358
 30
0.0000
  0
VERTEX
  8
16
 10
57.1500
 20
19.7358
 30
0.0000
 42
1.0000
  0
VERTEX
  8
16
 10
57.1500
 20
20.1422
 30
0.0000
  0
VERTEX
  8
16
 10
55.8800
 20
20.1422
 30
0.0000
 42
1.0000
  0
SEQEND
  8
0
  0
POLYLINE
  8
16
 66
1
 10
0.0000
 20
0.0000
 30
0.0000
 40
0.0000
 41
0.0000
 70
1
  0
VERTEX
  8
16
 10
57.5564
 20
19.9390
 30
0.0000
  0
VERTEX
  8
16
 10
57.5564
 20
20.4470
 30
0.0000
 42
1.0000
  0
VERTEX
  8
16
 10
56.7436
 20
20.4470
 30
0.0000
  0
VERTEX
  8
16
 10
56.7436
 20
19.9390
 30
0.0000
 42
1.0000
  0
SEQEND
  8
0
  0
POLYLINE
  8
16
 66
1
 10
0.0000
 20
0.0000
 30
0.0000
 40
0.0000
 41
0.0000
 70
1
  0
VERTEX
  8
16
 10
57.1500
 20
20.2438
 30
0.0000
  0
VERTEX
  8
16
 10
58.4200
 20
20.2438
 30
0.0000
 42
1.0000
  0
VERTEX
  8
16
 10
58.4200
 20
20.6502
 30
0.0000
  0
VERTEX
  8
16
 10
57.1500
 20
20.6502
 30
0.0000
 42
1.0000
  0
SEQEND
  8
0
  0
POLYLINE
  8
16
 66
1
 10
0.0000
 20
0.0000
 30
0.0000
 40
0.0000
 41
0.0000
 70
1
  0
VERTEX
  8
16
 10
58.2168
 20
20.4470
 30
0.0000
  0
VERTEX
  8
16
 10
58.2168
 20
20.1930
 30
0.0000
 42
1.0000
  0
VERTEX
  8
16
 10
58.6232
 20
20.1930
 30
0.0000
  0
VERTEX
  8
16
 10
58.6232
 20
20.4470
 30
0.0000
 42
1.0000
  0
SEQEND
  8
0
  0
ENDSEC
  0
EOF
